id,ra,dec,separation_arcmin,total_flux_mjy,spectral_index,spectral_curvature,bmaj,bmin,pa,redshift,radioclass
4943,242.60736083984375,55.08000564575195,2.089552369312757,290.1678258938788,-0.5976281220661211,-0.005663832304781869,-100.0,-100.0,-100.0,0.24774138629436493,6
6647,242.1952362060547,54.84638214111328,17.990777839607365,196.21067312446604,-1.0602241917783763,-0.45690208055102877,-100.0,-100.0,-100.0,0.30472734570503235,6
8395,241.6568603515625,54.83833312988281,34.24210616275931,130.5697346517366,-2.2014373497369037,-2.0866462700062716,-100.0,-100.0,-100.0,0.3727837800979614,4
3310,243.00172424316406,55.14866256713867,15.655056950588044,105.00342569384384,-1.2152630094064292,-0.3395971034971156,-100.0,-100.0,-100.0,0.18221594393253326,6
15096,242.83018493652344,55.621009826660156,35.3759354109911,104.20219138609714,-3.423396530604172,-2.2832821777795003,-100.0,-100.0,-100.0,0.5429530739784241,6
27148,242.37388610839844,54.77803039550781,17.7381691599759,100.42705095856535,-1.098436531845161,-0.44324302682706457,-100.0,-100.0,-100.0,1.1765958070755005,6
27192,242.4631805419922,54.73664855957031,19.159832536521336,70.09606200250717,-1.3116860149667902,-0.5236184352457097,-100.0,-100.0,-100.0,1.2343318462371826,6
18988,242.85855102539062,55.15412139892578,11.449489732209608,68.938474108341,-1.1084641231757508,-0.17691465788579555,-100.0,-100.0,-100.0,0.6930854320526123,6
37418,243.2599639892578,54.54322814941406,38.37320564327091,35.44725229538205,-3.2528299506483234,-2.89114606262002,-100.0,-100.0,-100.0,2.469733238220215,6
18987,243.2344970703125,55.29814910888672,26.946985258937058,27.66826239935765,-2.0707852882538145,-1.135493793305162,-100.0,-100.0,-100.0,0.7246481776237488,6
20076,242.7466278076172,55.574913024902344,32.07412021429563,27.23980548462715,-2.4181823086858825,-1.7525438285741164,-100.0,-100.0,-100.0,0.7749364972114563,5
17813,242.47361755371094,55.03286361694336,3.7947117839379736,25.176686424994397,-0.7915332444904866,-0.01890426173773692,-100.0,-100.0,-100.0,0.6295462846755981,6
24976,242.2902374267578,54.81199645996094,17.37600524952061,25.00572142411579,-1.443198241440243,-0.4239592987546039,-100.0,-100.0,-100.0,1.0358803272247314,6
36282,242.62254333496094,55.3016357421875,15.239957362008976,23.675029389499883,-0.7800778971648406,-0.3208470779169216,-100.0,-100.0,-100.0,2.247563362121582,6
27146,242.49949645996094,54.60884094238281,26.54398932802951,22.032566590757796,-1.8313587780063756,-1.0953228071786698,-100.0,-100.0,-100.0,1.286584734916687,6
24796,243.0059356689453,55.13331985473633,15.465409874531744,21.161407732178677,-0.8516111815006681,-0.3309381587334071,-100.0,-100.0,-100.0,1.0349857807159424,6
30746,242.83657836914062,55.25006103515625,14.932400193902868,19.851632083649488,-0.8751810440732295,-0.307376642850585,-100.0,-100.0,-100.0,1.513558268547058,6
33060,243.00534057617188,55.281429290771484,20.17223560286553,19.429889101755986,-1.3664813379343255,-0.5861175193081596,-100.0,-100.0,-100.0,1.8412684202194214,6
23170,241.79042053222656,54.77656936645508,31.767205640062063,18.779266497982874,-2.2294839671125737,-1.7091859881433182,-100.0,-100.0,-100.0,0.8934860825538635,6
28463,242.1083526611328,54.665470123291016,28.191473398429466,18.211212891054764,-1.7097891283635755,-1.2662275058667936,-100.0,-100.0,-100.0,1.470903992652893,6
32919,242.67141723632812,54.32341384887695,43.6359944019451,17.526574258909193,-3.778470163163784,-4.39182492776328,-100.0,-100.0,-100.0,1.7619704008102417,6
30702,241.51303100585938,55.355247497558594,40.91374101072274,17.330337846563268,-3.6276542334536694,-3.5320439618021657,-100.0,-100.0,-100.0,1.5343760251998901,6
34636,241.9446258544922,55.41895294189453,31.08884301208332,17.29880020526278,-1.9194103646562861,-1.6166540146543875,-100.0,-100.0,-100.0,1.9183622598648071,4
17786,241.64199829101562,54.777976989746094,36.21490280343278,16.249660013727418,-2.6547390492365923,-2.439727293424702,-100.0,-100.0,-100.0,0.631221354007721,6
32885,243.12892150878906,55.46460723876953,31.212479570538434,15.589831437800878,-2.0917912168906247,-1.6332513283682346,-100.0,-100.0,-100.0,1.7637819051742554,6
30872,242.50787353515625,55.3974494934082,21.067258900114833,14.964901029179517,-1.3841180857223863,-0.6451225767932379,-100.0,-100.0,-100.0,1.6665430068969727,6
16590,242.8090057373047,55.34782409667969,19.57563347154594,13.60854209651928,-0.9563201444671442,-0.5487823455376694,-100.0,-100.0,-100.0,0.60126131772995,6
21247,241.93515014648438,55.211097717285156,24.183228851457052,13.602520990467013,-1.025299671993971,-0.8810468720331319,-100.0,-100.0,-100.0,0.8235347270965576,6
22085,242.1072998046875,55.03593444824219,16.284059692253773,12.92447440189636,-1.044785605493194,-0.36920807607045913,-100.0,-100.0,-100.0,0.8667441010475159,6
32730,242.66189575195312,55.40290451049805,21.42970398142847,12.368054002963488,-1.354292848191855,-0.6701466917661438,-100.0,-100.0,-100.0,1.705154538154602,4
11973,242.66030883789062,55.51397705078125,28.045121891904877,12.334966333130756,-1.6962029564007806,-1.25023538572515,-100.0,-100.0,-100.0,0.444547176361084,6
32725,242.1374969482422,54.53439712524414,34.457090380006434,9.444125469365606,-1.9641673057721112,-2.12271170064639,-100.0,-100.0,-100.0,1.7894269227981567,4
146,243.0290985107422,55.21661376953125,18.391129039319992,9.34848548026878,-1.0235495177005902,-0.5729106967287778,19.953577041625977,4.398859977722168,309.50469970703125,0.02395493909716606,1
24865,241.83132934570312,55.21989059448242,27.669163978601805,8.802912155130603,-1.8566124883070827,-1.2099659123562332,-100.0,-100.0,-100.0,0.9980069398880005,6
13616,243.32887268066406,55.0471076965332,25.726163012726822,8.705593559453918,-1.4554302516222395,-1.0172617874876508,-100.0,-100.0,-100.0,0.49924352765083313,6
3271,241.6066131591797,55.00300598144531,33.60446357302345,8.518897020024829,-2.2994070373617674,-2.0792681875440095,7.292745590209961,6.665802001953125,107.47470092773438,0.1604030579328537,1
13632,241.65866088867188,54.918739318847656,32.68036692170676,8.494295821889086,-2.427512921311494,-1.8408904214743675,-100.0,-100.0,-100.0,0.4780101478099823,6
34813,241.7617645263672,55.2121696472168,29.744590377269603,7.589434106222465,-2.06609631316522,-1.445527456630329,-100.0,-100.0,-100.0,1.9241093397140503,6
36362,242.9815216064453,55.420188903808594,26.170613131438653,6.943374326927731,-1.9832863767654278,-1.059210868491021,-100.0,-100.0,-100.0,2.105963706970215,6
23073,242.9542236328125,54.86662292480469,16.889792903353143,6.829580453605769,-0.7690440193264041,-0.3990244238777721,-100.0,-100.0,-100.0,0.9149507284164429,6
26683,241.99411010742188,54.723106384277344,28.129980728062566,6.821040098173374,-1.623299040452321,-1.2594845858176826,-100.0,-100.0,-100.0,1.2260264158248901,4
40019,242.343505859375,55.535404205322266,30.298888096809772,6.799972601874088,-2.154824113447869,-1.514183076440133,-100.0,-100.0,-100.0,3.9581823348999023,4
34848,241.48777770996094,55.2475700378418,39.317011860759315,6.698792590296005,-3.0493195260593646,-3.113885013434993,-100.0,-100.0,-100.0,1.9191807508468628,6
21221,242.916748046875,55.2263069152832,15.700148935702137,6.464291682101167,-0.8292633859809222,-0.3416798208891259,-100.0,-100.0,-100.0,0.7754199504852295,6
26815,243.19712829589844,55.457393646240234,32.33894434263087,6.122405548095547,-3.109810084115567,-1.7906757554751003,-100.0,-100.0,-100.0,1.234752893447876,6
3265,242.46633911132812,54.90523147583008,9.466613920477258,5.831773701586254,-0.7085715205815267,-0.2150624159841078,6.99370813369751,6.286972522735596,103.09673309326172,0.13481634855270386,1
33022,242.0828857421875,55.041751861572266,17.109077233410083,5.745806091096329,-0.9383210380849404,-0.4101407498458454,-100.0,-100.0,-100.0,1.852216362953186,6
137,242.67088317871094,55.325077056884766,16.864980076186164,5.6084086467736975,-0.9471435902440268,-0.49130396222531636,16.919248580932617,16.418981552124023,86.82992553710938,0.020963558927178383,1
11961,242.9079132080078,55.04311752319336,11.261932761824891,5.4498297381898135,-1.0578985536277543,-0.1710403542846536,-100.0,-100.0,-100.0,0.4416484832763672,6
24940,242.9464569091797,54.53227996826172,33.4766140093161,5.262257558960175,-2.495541452575765,-1.9627734867807465,-100.0,-100.0,-100.0,1.0092800855636597,6
34814,242.78536987304688,55.65622329711914,37.11105105535778,5.099020020334715,-2.7320145487924017,-2.6180997381110256,-100.0,-100.0,-100.0,1.9924448728561401,6
26727,242.84213256835938,54.659912109375,25.02140112318324,4.989024261855103,-1.301636601158056,-0.953311875939093,-100.0,-100.0,-100.0,1.133349895477295,5
28688,242.0934295654297,55.642208099365234,39.29175911905268,4.664680059726176,-3.5627844322018776,-3.1076647206353973,-100.0,-100.0,-100.0,1.3331308364868164,6
28259,242.9826202392578,54.52364730834961,34.44328974390428,4.415459665120863,-2.052371956194148,-2.1203739811628437,-100.0,-100.0,-100.0,1.4668450355529785,5
38910,243.0325164794922,54.71710968017578,25.287691949502452,4.218468931190577,-1.6113388219584026,-0.9771056705368789,-100.0,-100.0,-100.0,2.865488290786743,6
4909,242.64527893066406,54.700050354003906,21.04296199885914,4.191962789425106,-1.0886584294907877,-0.6434842574485595,-100.0,-100.0,-100.0,0.27045583724975586,6
23112,243.52969360351562,55.419639587402344,39.368235238595084,4.074059219196354,-3.1536723916079263,-3.1264157146067815,-100.0,-100.0,-100.0,0.8943191766738892,6
692,242.57861328125,54.85701370239258,11.505960000798156,4.065028529409736,-0.7451967285971761,-0.2728805817813833,7.929995536804199,4.533761978149414,162.0701446533203,0.060966167598962784,1
34843,242.66282653808594,54.816162109375,14.24288591368599,4.058241467461986,-1.1032775428241768,-0.27836270398984125,-100.0,-100.0,-100.0,1.9969429969787598,6
38918,242.50497436523438,54.3582763671875,41.5125538070765,4.0138004729436325,-3.295478144684514,-3.703932200018574,-100.0,-100.0,-100.0,2.841822624206543,6
32953,242.78594970703125,54.653812408447266,24.738178771218195,3.9984874214910326,-1.2949849501168953,-0.9283837251425048,-100.0,-100.0,-100.0,1.8752702474594116,6
714,242.6262969970703,55.67396545410156,37.54389712276355,3.9443982383150296,-2.793203511375473,-2.8035068312755467,5.202088356018066,5.166098594665527,157.7670135498047,0.06150995194911957,1
694,243.1689910888672,54.903114318847656,22.070816198995804,3.8991351703939023,-1.2453788324154929,-0.8099700196471263,26.564895629882812,6.331520080566406,146.18699645996094,0.035853710025548935,1
37504,242.64695739746094,54.422237396240234,37.66290639660521,3.8621651600394578,-3.2576121291882845,-2.734198443625315,-100.0,-100.0,-100.0,2.4702467918395996,6
38935,241.9353790283203,54.399600982666016,44.90785984842827,3.6618137449819863,-4.247923872282443,-4.872836847194125,-100.0,-100.0,-100.0,2.7302677631378174,6
23140,242.00137329101562,54.87123107910156,22.61442267961973,3.633864022847336,-1.526756824534903,-0.7561096880680983,-100.0,-100.0,-100.0,0.9217777848243713,6
10200,241.69647216796875,55.58904266357422,44.28902346296033,3.519305027093669,-4.024029803073435,-4.7281013910597744,11.692800521850586,4.94704008102417,230.30279541015625,0.3679982125759125,1
24862,241.9124755859375,55.14828872680664,23.695805347640523,3.5009806762411513,-1.4237155064170919,-0.8407902465137714,-100.0,-100.0,-100.0,1.0187928676605225,6
16536,243.1558837890625,54.59544372558594,33.69694968561494,3.476870427808602,-2.369587376983715,-2.0936755533989984,4.646632194519043,3.745859384536743,28.103199005126953,0.5547724366188049,1
17750,242.51028442382812,54.82915115356445,13.397576331691575,3.4170426581529503,-0.8962137110436155,-0.34010081538567355,5.965573787689209,4.310021877288818,272.7128601074219,0.6180489659309387,1
18919,243.17898559570312,55.207618713378906,22.63665434799514,3.4163606965391464,-1.9747784631321932,-0.7577361112315756,-100.0,-100.0,-100.0,0.6878537535667419,6
16589,242.56495666503906,55.811038970947266,45.738767587399906,3.301694739141983,-4.759819496164505,-5.220448143376914,-100.0,-100.0,-100.0,0.6189624667167664,6
17836,242.71766662597656,54.79154586791992,16.14293235157607,3.3009845781115006,-1.3883301702684308,-0.3624222995477466,-100.0,-100.0,-100.0,0.6389248371124268,6
705,243.51104736328125,55.018760681152344,32.049785147379765,3.292981469589738,-2.100069741658862,-1.8433816072383509,12.013238906860352,8.14761734008789,188.66323852539062,0.049383725970983505,1
39630,242.46221923828125,54.82477951049805,14.044042733063105,3.244220677844213,-1.1957919005612387,-0.27031503468325746,-100.0,-100.0,-100.0,3.274622917175293,6
24794,242.7017059326172,55.58081817626953,32.18985423453444,3.2364022627266418,-2.0499312647297914,-1.7691256229597183,-100.0,-100.0,-100.0,1.0195574760437012,6
39280,243.18856811523438,54.85713577270508,23.900472112744055,3.137241530962406,-1.623366344792329,-0.948757775176545,2.2290844917297363,1.767639398574829,136.5545654296875,2.748364210128784,3
4883,242.3468780517578,55.20884323120117,12.507278171491556,3.1086476362983397,-0.8066127913401524,-0.3073125234715263,9.749887466430664,8.630071640014648,226.99411010742188,0.18200784921646118,1
34925,243.17393493652344,54.52781295776367,37.39797663723033,3.108420687543877,-3.0744201060681213,-2.6777817907024457,-100.0,-100.0,-100.0,2.0672249794006348,6
1804,243.47869873046875,54.79153060913086,34.60681953687141,3.070859726074898,-2.409217773112547,-2.243122552177288,7.76240348815918,3.3083131313323975,301.22125244140625,0.08541589975357056,1
28354,243.2523193359375,55.4205322265625,32.02978666048378,3.055397558960515,-1.995721303661804,-1.7462119875622537,-100.0,-100.0,-100.0,1.4340310096740723,6
30977,242.2358856201172,55.59693145751953,34.92915881104046,2.9865675619427265,-2.533014402439744,-2.203897624865655,-100.0,-100.0,-100.0,1.6476694345474243,6
701,242.31973266601562,55.56865310668945,32.43821430711907,2.8095974601047113,-2.1425945530116133,-1.899313255389196,7.33729887008667,5.904891014099121,43.22544860839844,0.07305553555488586,1
39388,242.18724060058594,55.11157989501953,14.02069257262227,2.792603381101568,-0.7717291032505009,-0.26929788264028004,-100.0,-100.0,-100.0,2.916346311569214,6
21130,242.6642608642578,55.31108093261719,15.998072351387824,2.743215104577783,-1.5770267757144152,-0.35553941854897675,-100.0,-100.0,-100.0,0.7793638110160828,6
8450,242.47003173828125,55.15025329589844,7.172000728044683,2.738481153758454,-0.5031425546662726,-0.06821711729496964,-100.0,-100.0,-100.0,0.36492854356765747,6
12058,242.34518432617188,55.43833923339844,24.720159047186407,2.6885734436949473,-1.7306623800643566,-0.9268528361604029,-100.0,-100.0,-100.0,0.4342970848083496,6
132,241.8871307373047,55.16033172607422,24.721083697085177,2.6634492730071253,-1.4225059902162975,-1.0201558182214312,13.0743408203125,10.520180702209473,83.89632415771484,0.0186002254486084,1
27035,242.1597900390625,54.564674377441406,32.484815911113444,2.5608165897929185,-2.1143814739701194,-1.8119449321791277,-100.0,-100.0,-100.0,1.2689969539642334,6
30698,241.9204559326172,54.438053131103516,43.187970717730394,2.558561692805095,-3.708918998211257,-4.235462700825537,-100.0,-100.0,-100.0,1.6594904661178589,6
17918,241.6495361328125,54.62184524536133,41.12075388567052,2.53030333426714,-3.5150465493547305,-3.5904800240892927,-100.0,-100.0,-100.0,0.6438979506492615,6
139,242.8240203857422,54.464439392089844,36.060203499974946,2.484804089260106,-2.578268083989278,-2.5037079549587133,7.098728179931641,7.071497440338135,29.89208221435547,0.025079665705561638,1
34645,243.57720947265625,55.2818717956543,36.91335763493838,2.404494404945611,-2.8889498987180384,-2.577749680275746,-100.0,-100.0,-100.0,2.064606189727783,4
1772,242.30712890625,55.3117561340332,18.347939044563713,2.378836555066676,-1.0377386105481867,-0.5710646447166581,5.670274257659912,4.212226390838623,15.284042358398438,0.09174372255802155,1
698,242.57681274414062,55.66338348388672,36.876607629131634,2.365982845479878,-2.697480291935519,-2.6646130157592154,6.81937837600708,6.4765825271606445,279.8455505371094,0.06852006167173386,1
1801,242.9126739501953,55.60789489746094,35.41172908417481,2.3440346726692236,-2.5108330385976663,-2.384557132707422,14.062546730041504,5.023801803588867,222.45803833007812,0.09395428746938705,1
10244,241.5593719482422,54.90469741821289,36.2069058238828,2.342666636450389,-3.331772315825311,-2.438238880090957,-100.0,-100.0,-100.0,0.40671825408935547,6
23143,243.7207794189453,54.934539794921875,39.84581984119849,2.3185730416707715,-3.269457393687361,-3.246292134881164,-100.0,-100.0,-100.0,0.9220457673072815,6
4874,242.42405700683594,54.97257614135742,7.060720976748588,2.2948943759040996,-0.6626006766080755,-0.1606479686676343,7.729146480560303,6.168426990509033,203.78085327148438,0.204584002494812,1
15213,243.02749633789062,55.10721206665039,15.750379760883497,2.278807764203169,-1.4524181511514458,-0.3439329433425409,-100.0,-100.0,-100.0,0.5304008722305298,6
15062,243.12612915039062,54.97365951538086,19.307649668720224,2.2748011958590437,-1.153073436587387,-0.6274751638218414,4.289981842041016,4.279863357543945,77.57274627685547,0.5143028497695923,1
38307,242.7193603515625,55.569637298583984,31.60960706396863,2.2692810491649222,-2.376078438422933,-1.6872971648692718,-100.0,-100.0,-100.0,2.6351912021636963,6
30873,241.5792999267578,55.5308723449707,44.79489521987961,2.2491287009441594,-3.7660980995118845,-4.827762035022292,-100.0,-100.0,-100.0,1.6035279035568237,6
22188,242.5667266845703,54.64826965332031,24.035101217815814,2.225658566296028,-1.7287470852851416,-0.8686284900822233,-100.0,-100.0,-100.0,0.8387218117713928,6
39642,242.5826416015625,55.169315338134766,7.232704399125292,2.2213494123630104,-0.4851970556492858,-0.06931478677198268,-100.0,-100.0,-100.0,3.1660802364349365,6
19,243.23391723632812,55.636878967285156,41.73975536594981,2.212447760368703,-3.460438429233605,-3.8643084707603634,24.48637580871582,16.353717803955078,79.34223175048828,0.008579449728131294,1
24972,241.67176818847656,54.867088317871094,33.14798147794688,2.1783330754792876,-2.525714060800557,-1.9116003867323264,-100.0,-100.0,-100.0,0.9795884490013123,6
4884,243.31980895996094,54.95017623901367,26.123838757495847,2.108934646245599,-1.5683087642285576,-1.149527278588117,7.756491184234619,6.674901485443115,170.17332458496094,0.1760968267917633,1
32832,241.80836486816406,54.896236419677734,28.119925933146604,2.0281756104556634,-1.8683265285386002,-1.2583806796034382,-100.0,-100.0,-100.0,1.8998411893844604,6
650,242.7340545654297,55.19511795043945,10.240771037578677,2.0219691255477206,-0.7070612899811198,-0.234391795728019,8.91513442993164,4.325176239013672,172.34356689453125,0.04441902041435242,1
8444,242.35581970214844,55.768070220947266,43.83055654671493,2.0014931925233466,-4.37293135780015,-4.461801035244419,-100.0,-100.0,-100.0,0.3520437180995941,6
16538,242.247314453125,54.62391662597656,27.970089291862767,1.9924696235342827,-1.4060104639101385,-1.2421487088866807,-100.0,-100.0,-100.0,0.5908176302909851,4
37465,243.13693237304688,54.446372985839844,40.96066146600227,1.9863986758354801,-3.8632052735715705,-3.545193687793357,-100.0,-100.0,-100.0,2.4515392780303955,6
3334,243.26248168945312,55.139461517333984,24.04068201541386,1.9479984301568545,-1.5580673014413629,-0.8690219601297254,-100.0,-100.0,-100.0,0.22358284890651703,6
39609,242.30474853515625,54.96355056762695,10.77689922738952,1.930697397511793,-0.28702489403946396,-0.15622592482848677,-100.0,-100.0,-100.0,3.150395631790161,4
24903,243.25030517578125,54.71900177001953,30.430428083733926,1.9264330985802842,-2.2214114127373144,-1.5308757376870616,-100.0,-100.0,-100.0,1.0892839431762695,6
8383,241.93707275390625,55.52314758300781,35.96302233814048,1.8946666048300695,-2.6181342620320005,-2.4870715389994773,12.477581024169922,7.631420612335205,1.586151123046875,0.29610368609428406,1
28629,242.86819458007812,55.52579879760742,30.262846842329864,1.8875201732216866,-2.0170731393903374,-1.5096189963847575,-100.0,-100.0,-100.0,1.3341706991195679,6
8377,242.99041748046875,55.07831573486328,14.197762221984467,1.8832713911300887,-0.8835655391928661,-0.3710845724767158,2.937577724456787,2.9120359420776367,202.01385498046875,0.2920630872249603,1
4893,243.5148468017578,55.47460174560547,40.90646636735256,1.8790567287475632,-3.353246515171989,-3.6252348314302605,7.831340312957764,6.540693283081055,132.20741271972656,0.1903514266014099,1
30619,242.1161651611328,55.68577194213867,41.36856128686304,1.8252388399286634,-3.0351722470778357,-3.661788276637597,-100.0,-100.0,-100.0,1.5718662738800049,4
1748,242.70481872558594,55.29013442993164,15.095659206984894,1.8243858990805013,-0.8848985975613302,-0.40851480211471103,3.1608939170837402,3.0954861640930176,25.950136184692383,0.09981879591941833,1
24937,242.20779418945312,54.41990661621094,39.879308170021645,1.801384223180755,-3.3914306741137072,-3.2549250428912324,-100.0,-100.0,-100.0,1.0595225095748901,6
34844,241.70126342773438,54.72557067871094,36.00903239846091,1.795104872860489,-2.994576953334133,-2.400392727811257,-100.0,-100.0,-100.0,1.9941339492797852,6
27078,241.72801208496094,55.33980178833008,34.017058091006106,1.7676791576323767,-2.891000726841242,-2.049575228999946,-100.0,-100.0,-100.0,1.1000393629074097,6
3257,242.43545532226562,55.65159225463867,36.50552134882945,1.723939463984382,-2.665988637200611,-2.59127645019959,6.102928638458252,5.830657958984375,235.03274536132812,0.1363852471113205,1
34609,242.67828369140625,55.21275329589844,10.395262108686158,1.7238593969601503,-0.9022621156618278,-0.23569481793739275,4.626407146453857,3.7593045234680176,16.725053787231445,1.8843505382537842,2
3266,243.63314819335938,55.37797546386719,41.09309296037057,1.7229864819884306,-3.376617631519384,-3.6775959632439155,17.593175888061523,3.737704277038574,67.47004699707031,0.1402740627527237,1
32880,241.7538299560547,54.64060592651367,37.62013378024566,1.7008670894619413,-2.6260389261629093,-2.7249872727672484,-100.0,-100.0,-100.0,1.7935560941696167,6
32833,243.468994140625,55.5103874206543,41.09898983274074,1.682970091691934,-3.3004784504516276,-3.5842296412565076,-100.0,-100.0,-100.0,1.7303850650787354,6
27219,242.03009033203125,54.915618896484375,20.5639840879767,1.6672692516292202,-1.549731842424688,-0.6115278180515847,-100.0,-100.0,-100.0,1.1140919923782349,6
27186,241.97747802734375,55.042213439941406,20.73094646686473,1.6403573529523283,-1.18313388981405,-0.6225339612885715,-100.0,-100.0,-100.0,1.2977182865142822,6
20063,241.9875946044922,55.293582916259766,25.06912122595546,1.639858572695037,-1.5545845449520184,-1.0519895182176686,3.0618350505828857,2.7401766777038574,137.74142456054688,0.6778333783149719,1
13548,242.75677490234375,54.97455596923828,7.525629793662478,1.6265361383038062,-0.7086149595757872,-0.16927370921508247,5.006618976593018,3.1330738067626953,95.02220916748047,0.4298703968524933,1
21195,243.5767364501953,55.2054557800293,35.447201420086074,1.619212062516827,-2.605554777036355,-2.2961918306238336,-100.0,-100.0,-100.0,0.8187679052352905,6
6636,242.1457061767578,55.080909729003906,15.061000161464015,1.5989816126595013,-0.7151805869536502,-0.3129728327549884,-100.0,-100.0,-100.0,0.315634161233902,6
34921,243.11473083496094,55.016380310058594,18.474836201399178,1.596861760850521,-1.2129391339771136,-0.4839559251816772,-100.0,-100.0,-100.0,2.085646867752075,6
3200,242.65110778808594,54.930484771728516,7.502794232882016,1.5861556253206943,-0.6612725211976466,-0.16870940173118373,3.5094382762908936,1.8743261098861694,219.71017456054688,0.14833350479602814,1
4889,243.3877410888672,55.38605499267578,34.24951557626007,1.56309239511687,-2.3822038018929783,-2.1827289206584424,4.140581130981445,3.6138224601745605,221.1790771484375,0.18081997334957123,1
10225,242.6398162841797,55.12325668334961,4.911947732867841,1.5576713090608525,-1.025025671881924,-0.031781212363538834,-100.0,-100.0,-100.0,0.3825327455997467,6
39643,241.77041625976562,55.3440055847168,32.91306428107204,1.548247660546652,-2.01042940898506,-1.875765306117228,-100.0,-100.0,-100.0,3.1363093852996826,6
4872,243.30401611328125,55.079368591308594,24.929217817667876,1.5469129533077457,-1.4741591633582212,-1.039781101407514,1.7432103157043457,1.7100316286087036,311.5672912597656,0.1955811083316803,1
13614,241.59066772460938,55.40035629272461,39.90291488817553,1.537411565009748,-3.264976666591938,-3.260948139464965,-100.0,-100.0,-100.0,0.5138963460922241,6
1802,241.34555053710938,55.15700912475586,42.8832205643183,1.5356285802372305,-3.6960340275349237,-4.227631895485878,9.933465003967285,7.661853313446045,253.09994506835938,0.08652954548597336,1
12057,242.25599670410156,54.84598922729492,16.523952990092717,1.5146703283938998,-0.7359461566571011,-0.3808781149104032,-100.0,-100.0,-100.0,0.4603608548641205,6
24965,242.6714324951172,54.93959426879883,7.261070548998721,1.4978734429637777,-1.1144710989220399,-0.06998087675728971,-100.0,-100.0,-100.0,1.0012050867080688,6
32980,242.94326782226562,55.21213912963867,15.842071222859577,1.4844281429632362,-1.4573901613909848,-0.34827497366324395,-100.0,-100.0,-100.0,1.8923076391220093,6
30973,242.9999237060547,55.15098571777344,15.651672161778308,1.4780622018526817,-0.8848718539638045,-0.33940874455996245,-100.0,-100.0,-100.0,1.560894250869751,6
8373,242.11561584472656,54.977081298828125,16.56013520310384,1.467367082669659,-0.9840238018842316,-0.4771545479986368,7.7592973709106445,1.947969675064087,286.9400634765625,0.2860109806060791,1
130,242.66529846191406,54.63139343261719,25.21403670666924,1.4639843835432802,-1.4593649002710651,-1.063414560802394,15.803694725036621,3.2116873264312744,268.23291015625,0.019326137378811836,1
3263,243.21722412109375,54.45073318481445,42.116216788250284,1.460405399556623,-3.5606899617003216,-3.981569494287673,5.333586692810059,1.2006707191467285,39.26530838012695,0.15994147956371307,1
24821,242.50852966308594,55.65788269042969,36.62857976860044,1.4593560940964314,-2.7164741090762368,-2.5205523623690684,-100.0,-100.0,-100.0,1.028427243232727,6
18878,242.3523712158203,55.33438491821289,18.83288448875143,1.456330726860963,-0.8804230556704776,-0.5044216828734671,-100.0,-100.0,-100.0,0.7247564196586609,4
3268,243.4892578125,54.53898620605469,43.86130068388749,1.4543700675159592,-3.9001185503102738,-4.567977117487832,11.986891746520996,7.890324592590332,322.0428466796875,0.1491706222295761,1
33094,242.69439697265625,55.10664749145508,5.2322374816622235,1.395711255336206,-0.6609080773504804,-0.03609983017976372,-100.0,-100.0,-100.0,1.7795724868774414,6
34766,241.38497924804688,55.20374298095703,42.052040243654055,1.3938367505883613,-3.685579158025439,-3.8665762506406423,-100.0,-100.0,-100.0,2.0294740200042725,6
24864,241.8289794921875,54.486663818359375,42.591255949395375,1.3671538172958082,-3.5463603143978353,-4.037074126201265,-100.0,-100.0,-100.0,1.0045479536056519,6
10183,242.6804656982422,54.93191909790039,7.81122138386375,1.3607825496646315,-0.6996808311584812,-0.1750178394204985,1.7728906869888306,1.731050729751587,330.4658203125,0.34251609444618225,1
18981,243.80584716796875,54.88352966308594,43.35560270370594,1.3602759679224956,-4.0383723434153715,-4.293230890234795,-100.0,-100.0,-100.0,0.7237160205841064,6
40100,243.09361267089844,55.54562759399414,34.5827166152944,1.3552778946535515,-2.723047350423454,-2.144028439571512,-100.0,-100.0,-100.0,5.573781490325928,4
13602,242.64169311523438,54.93424987792969,7.187777061907986,1.3498421014557116,-0.7464875115887109,-0.06847155663147722,-100.0,-100.0,-100.0,0.5019140243530273,6
11929,242.2052001953125,55.138824462890625,13.970620759230664,1.3396637059765806,-0.8882702619292573,-0.36135916394050305,3.8689675331115723,2.1859076023101807,140.29747009277344,0.42021769285202026,1
34881,242.76138305664062,54.32008361816406,44.16967430290985,1.3270913580544845,-4.16504549934123,-4.586626824195439,-100.0,-100.0,-100.0,1.9650160074234009,6
6598,242.2445068359375,54.92304229736328,13.808179448036778,1.314828960942608,-1.0025285101663615,-0.26088854396973504,-100.0,-100.0,-100.0,0.3115597069263458,6
17754,242.6720428466797,55.048309326171875,3.1486619088842205,1.3075834911450932,-0.279232969245007,-0.01298391655365776,-100.0,-100.0,-100.0,0.6380463242530823,4
3308,242.00631713867188,54.931724548339844,20.97384872967112,1.2913684314988698,-1.7047617924634768,-0.6387974783513392,-100.0,-100.0,-100.0,0.19552384316921234,6
3216,242.30882263183594,55.27695083618164,16.555917884124938,1.2833184401446511,-0.9581534565119401,-0.47651101521191297,4.071211338043213,2.6835110187530518,287.2807312011719,0.13465504348278046,1
1861,242.330322265625,54.81523513793945,16.45281737036366,1.2789762774964268,-1.4348426307722597,-0.3773742233633344,-100.0,-100.0,-100.0,0.12720046937465668,6
32827,242.44142150878906,55.2056999206543,10.554366300883677,1.2743789992736454,-0.961874650913099,-0.14971173282219746,-100.0,-100.0,-100.0,1.7104636430740356,6
635,242.95523071289062,54.70366287231445,24.416360473366943,1.2563429051260873,-1.4065463415833617,-0.9942770540934137,9.902528762817383,5.336409568786621,201.76966857910156,0.04527529701590538,1
21079,241.6914520263672,54.95972442626953,31.053929744432686,1.2458135542916842,-2.0964694260689103,-1.7062837669743882,3.5978615283966064,2.2526919841766357,11.391963958740234,0.7690575122833252,1
17784,242.45008850097656,54.3092155456543,44.60346529600455,1.2441663463722694,-4.172371779022577,-4.752399357239893,-100.0,-100.0,-100.0,0.6311535835266113,6
124,242.41685485839844,55.325927734375,17.547774539740473,1.2297039041885602,-0.9777548522505959,-0.5255517523532259,6.303936004638672,1.9847090244293213,8.831205368041992,0.022793259471654892,1
38907,243.41748046875,54.9738655090332,29.14660986877749,1.2283781476398914,-2.0456129124221265,-1.374289160548693,-100.0,-100.0,-100.0,2.854581356048584,6
21133,241.39523315429688,54.943702697753906,41.276125565398374,1.2094386685541996,-3.7582251631277317,-3.6350552001506475,-100.0,-100.0,-100.0,0.8217657804489136,6
36171,243.01687622070312,54.804866790771484,20.990037264086165,1.2052282035359612,-1.1027300754500418,-0.6398835648562627,-100.0,-100.0,-100.0,2.148642063140869,4
636,242.11666870117188,54.693843841552734,26.64374113995842,1.203556692901654,-1.581470684972203,-1.1989385857717465,10.244186401367188,7.210259914398193,303.1133117675781,0.03984502702951431,1
11930,242.45321655273438,55.404876708984375,21.805038397989524,1.1975819213569476,-1.2864387926715775,-0.7909395182072034,2.702308416366577,0.8493635654449463,340.7613830566406,0.3999076187610626,1
27188,243.64195251464844,55.065101623535156,36.4923229692658,1.1940048847875735,-2.7903312575272112,-2.493708987832196,-100.0,-100.0,-100.0,1.277994990348816,6
686,241.38320922851562,55.1042594909668,41.25770854375738,1.1869161943319921,-3.385321385616404,-3.7238314221686073,4.028908729553223,1.8131399154663086,129.34762573242188,0.07210362702608109,1
36203,242.9051971435547,55.28672409057617,18.102262553677445,1.1839653741045222,-0.7080599409549015,-0.4630357793040374,-100.0,-100.0,-100.0,2.1247973442077637,4
32723,242.46542358398438,54.842899322509766,12.973002859798253,1.16179921315099,-0.7575197541515541,-0.22908198087437054,-100.0,-100.0,-100.0,1.8765815496444702,4
38342,241.46768188476562,55.287254333496094,40.730161915845564,1.150432386055592,-2.904360448391699,-3.48111363021617,-100.0,-100.0,-100.0,2.6328978538513184,6
23985,243.6914825439453,54.91074752807617,39.14095823446005,1.1325759169416916,-3.1034588225300674,-3.0710078285443556,-100.0,-100.0,-100.0,0.9589018225669861,6
11915,242.5475311279297,54.82451248168945,13.503597879689021,1.094407030172743,-0.8700780785454366,-0.34277632515499057,4.042344093322754,1.0748924016952515,239.21270751953125,0.40405452251434326,1
30535,242.92762756347656,54.88676834106445,15.410259124871002,1.0868915252466236,-1.0497163184402063,-0.42004327151709103,2.508310556411743,2.4835643768310547,289.0687561035156,1.4086618423461914,2
26733,242.2801513671875,55.250579833984375,15.893753106113829,1.0764784487334227,-1.3433848813014686,-0.3506043895391888,-100.0,-100.0,-100.0,1.2131341695785522,5
25011,242.960205078125,54.542537689208984,33.09293728309203,1.0707027364309891,-3.0056751506505814,-1.9030934487559708,-100.0,-100.0,-100.0,1.0433381795883179,6
32938,242.54000854492188,54.736515045166016,18.787587907172778,1.0639745897964465,-1.099282227551739,-0.5018297426544783,-100.0,-100.0,-100.0,1.7043342590332031,6
4885,243.7235565185547,55.06959915161133,39.30112429588971,1.0548990101940656,-3.0862022785161347,-3.2046925633018044,5.326146602630615,2.817307949066162,264.18084716796875,0.1994398683309555,1
28686,242.53468322753906,55.70699691772461,39.52399980589008,1.0518262557491156,-2.864344122157355,-3.165004406375556,-100.0,-100.0,-100.0,1.355447769165039,6
3141,242.40054321289062,55.12276077270508,7.60737028375012,1.0470850530423876,-0.6629018056195431,-0.17056863695815824,3.0432071685791016,0.9704688191413879,13.060340881347656,0.16323892772197723,1
4862,241.83534240722656,54.807926177978516,29.473699909504777,1.041269380515688,-1.8628617029903225,-1.5072272269948568,6.517988204956055,1.6946065425872803,94.80720520019531,0.2223070114850998,1
28302,243.61376953125,55.36588668823242,40.1687817005784,1.038323071784696,-3.148197447101928,-3.3300008047618563,-100.0,-100.0,-100.0,1.3535293340682983,6
15208,242.94883728027344,55.105472564697266,13.102992046604832,1.0376032864306979,-1.0524381250465729,-0.23387671102531316,-100.0,-100.0,-100.0,0.5624241828918457,6
18978,242.1658477783203,54.713069915771484,24.708325947904104,1.0356556288611283,-1.3817683149901077,-0.9258134078610653,-100.0,-100.0,-100.0,0.6972613334655762,6
26626,242.69305419921875,55.51885223388672,28.46579709449833,1.032733474215958,-1.8685192889819076,-1.389664960631093,1.9857263565063477,1.7223176956176758,94.10759735107422,1.0752912759780884,1
3186,242.66627502441406,55.391563415527344,20.775923012965297,1.0274532148650186,-1.1819079200664377,-0.7194397711537741,3.6275157928466797,2.3188412189483643,213.07211303710938,0.15329284965991974,1
12054,242.0006866455078,55.32408905029297,25.831210650363143,1.018079527955821,-2.2391789454740914,-1.0270230255727306,-100.0,-100.0,-100.0,0.4528876841068268,6
3206,242.43865966796875,55.47329330444336,25.928170941051338,1.0172973012979356,-1.5426969243723798,-1.130455893485537,3.121265411376953,2.187113046646118,218.81443786621094,0.12622052431106567,1
39655,242.95384216308594,54.98037338256836,13.485390017854746,1.0111731620933981,-0.7278811242843155,-0.24834097085140056,-100.0,-100.0,-100.0,3.106538772583008,6
30736,243.43679809570312,55.0115966796875,29.533094790906613,1.0039365632988972,-1.8214584708930954,-1.4199701588192637,-100.0,-100.0,-100.0,1.6904613971710205,6
3140,242.74021911621094,55.007450103759766,6.028329970769258,1.0015150525205636,-0.6342685422851678,-0.14172642980711747,4.067358493804932,3.9623923301696777,33.20119857788086,0.1271493136882782,1
30531,242.9679718017578,54.8648567199707,17.321166504966634,0.9971267959339922,-1.136734353258614,-0.5125654545761329,1.3856582641601562,1.3852711915969849,79.25674438476562,1.3652782440185547,2
28496,242.8633575439453,55.56848907470703,32.6450520757159,0.9920632972167004,-2.100913174607494,-1.8355479718548369,-100.0,-100.0,-100.0,1.3308780193328857,6
11942,241.97027587890625,55.517333984375,35.00111178348204,0.9896051330635901,-2.3983125476123437,-2.216467336783045,-100.0,-100.0,-100.0,0.4505763351917267,4
17743,242.80166625976562,55.02186965942383,7.776017531332336,0.9895668909089201,-0.731928730524018,-0.17371876324641075,3.4156973361968994,2.7370963096618652,182.09573364257812,0.5897702574729919,1
32825,242.4331817626953,55.26129913330078,13.714308192148874,0.9892925435839637,-1.1117977804294361,-0.2571723155197027,-100.0,-100.0,-100.0,1.7072359323501587,6
638,242.64427185058594,54.529293060302734,31.24714235461479,0.9850023956856129,-2.0124647829812274,-1.7315266988617308,7.119246006011963,3.505108118057251,68.6241226196289,0.07287745922803879,1
38308,241.37466430664062,55.121891021728516,41.63927960228659,0.9832410818554623,-3.684935238549143,-3.7414753200076203,-100.0,-100.0,-100.0,2.6200156211853027,6
3143,242.58657836914062,54.894710540771484,9.246390988904107,0.9799333070474601,-0.699718738928877,-0.2079888387720925,4.947311878204346,3.1793487071990967,140.45144653320312,0.15914994478225708,1
18975,242.6768035888672,55.35173797607422,18.474711223568487,0.9584111126255626,-0.9005329339691006,-0.4839221904721067,-100.0,-100.0,-100.0,0.6911965012550354,6
30870,243.6909942626953,54.801143646240234,41.07167908531587,0.9498993815042496,-3.083874641660909,-3.57646232720311,-100.0,-100.0,-100.0,1.574303150177002,6
4819,242.34938049316406,55.282737731933594,16.11727116211072,0.9418462239645564,-0.9465093069359904,-0.4551934440928847,2.561713457107544,2.4966509342193604,43.223907470703125,0.22415412962436676,1
30906,243.35650634765625,55.38261413574219,33.26920747482769,0.9407770126197582,-2.12683890111532,-1.9303592584955935,-100.0,-100.0,-100.0,1.6175466775894165,6
33095,242.83900451660156,55.616294860839844,35.17585670200134,0.9371994930684618,-2.8095446230670396,-2.247382198811552,-100.0,-100.0,-100.0,1.8456037044525146,6
26734,242.17726135253906,55.49087905883789,29.89261545356785,0.927912072114129,-1.434531803997397,-1.463567355822185,-100.0,-100.0,-100.0,1.1936391592025757,5
6560,243.09490966796875,54.49346160888672,37.77810192692828,0.9160270872553142,-2.8620593755310297,-2.8536617614703528,4.760568618774414,1.1262931823730469,162.31930541992188,0.2690836489200592,1
27183,243.64724731445312,55.01795959472656,36.72928144407537,0.8998481966480388,-3.0922719870412667,-2.5405731518919623,-100.0,-100.0,-100.0,1.201706886291504,6
18,241.56649780273438,55.44162368774414,41.93202962771247,0.895717207280776,-3.494347646685778,-3.922108407767708,10.783539772033691,2.653333902359009,314.35943603515625,0.01435170229524374,1
12055,242.98500061035156,54.90351486206055,16.432698689163338,0.8920590601667039,-0.8529437496895685,-0.37643092047205257,-100.0,-100.0,-100.0,0.47287580370903015,6
38966,241.94403076171875,54.812644958496094,26.116502297785825,0.8876067564259879,-2.209749282244692,-1.0540073148049187,-100.0,-100.0,-100.0,2.819639205932617,6
745,241.6434326171875,54.54291915893555,44.40273678538848,0.8833752551187293,-3.707089065405659,-4.674824521779614,-100.0,-100.0,-100.0,0.09398714452981949,6
11916,241.9289093017578,55.12376022338867,22.821800565113175,0.8803778138453988,-1.35215991512539,-0.8656384809109984,2.925610065460205,0.7991586327552795,328.6202087402344,0.40340906381607056,1
6466,242.55941772460938,54.926231384277344,7.388267542128198,0.8751877242923624,-0.6756916384791317,-0.16636366474315295,5.432282447814941,1.2299894094467163,338.4856872558594,0.22688353061676025,1
25014,242.5827178955078,55.627532958984375,34.72545492872904,0.8740671153184253,-2.4631503847541008,-2.1685616916244426,-100.0,-100.0,-100.0,1.0618151426315308,6
16527,242.7122344970703,54.78799819946289,16.293381782552917,0.8726171586155338,-1.0044582329870464,-0.4630450760126607,3.1801958084106445,2.7688939571380615,180.90921020507812,0.5374221801757812,1
28583,242.89089965820312,55.74226379394531,42.93278890826997,0.8666701105700084,-3.8708360303584617,-4.1493737873082415,-100.0,-100.0,-100.0,1.426537036895752,6
3226,243.38699340820312,55.34962463378906,32.99434749062752,0.866325809310233,-2.2238532576054864,-1.9823992959716301,3.6882078647613525,2.926311492919922,47.64444351196289,0.13355706632137299,1
15044,242.7246856689453,55.029396057128906,5.093704573685982,0.8571577872826682,-0.6733746672325667,-0.12769196956172338,7.4154839515686035,2.1431972980499268,229.95999145507812,0.49691998958587646,1
4803,242.95167541503906,55.2139778137207,16.136929317911896,0.851923361196772,-0.9471349279585488,-0.4560213797679456,2.1718826293945312,1.6959984302520752,50.307167053222656,0.21451114118099213,1
8363,243.2693328857422,55.260833740234375,26.825447704300874,0.8442173779702544,-1.6405777655221958,-1.217440274979673,7.481649398803711,7.218170166015625,238.85006713867188,0.3145064413547516,1
4822,242.93621826171875,54.83466339111328,17.759115589473428,0.8420372468756422,-1.0239309594964057,-0.5381911969484899,5.079677104949951,4.025698184967041,35.936363220214844,0.19148489832878113,1
746,242.22994995117188,55.51760482788086,30.573134758883736,0.8383971120948832,-1.7729480336903882,-1.549145616340709,-100.0,-100.0,-100.0,0.11549098789691925,6
13660,242.5085906982422,55.195125579833984,9.120424901529354,0.8342502431725239,-0.3363410227957093,-0.11108701374842388,-100.0,-100.0,-100.0,0.488620787858963,6
1638,242.4879913330078,55.27052307128906,13.676976949129603,0.8284623065137462,-0.8277515131615558,-0.3493248994945491,6.800871849060059,3.841909646987915,220.71730041503906,0.09117607027292252,1
24676,241.65444946289062,54.99147033691406,32.036524387879076,0.8276884458622175,-1.6400199398154065,-1.7471801461603598,-100.0,-100.0,-100.0,1.0146077871322632,4
32776,241.9612274169922,54.65544509887695,31.849801472493557,0.8275966601535231,-1.998278982203583,-1.720749292809145,-100.0,-100.0,-100.0,1.8427151441574097,5
6551,241.63267517089844,55.11470413208008,32.789775907378754,0.8267783073791826,-2.217494723277863,-1.9515496932363752,4.5257744789123535,3.225867986679077,223.29290771484375,0.22878506779670715,1
34578,242.45504760742188,54.922386169433594,8.726108877500941,0.8262108170504464,-0.8565714286885361,-0.19073747943511993,1.6912338733673096,1.6822924613952637,108.74207305908203,1.8138712644577026,2
6626,242.0676727294922,55.38062286376953,26.542640042306736,0.820832028905382,-1.4129610539722417,-1.095263488623253,-100.0,-100.0,-100.0,0.27616187930107117,6
1878,243.3646240234375,54.49740982055664,42.78941737108813,0.81979839523561,-3.7333043469679215,-4.101739781075051,-100.0,-100.0,-100.0,0.166866734623909,6
651,243.41604614257812,54.679256439208984,36.38824026771233,0.8180958496038072,-2.6286296718263915,-2.5669417483840333,12.960943222045898,2.822439432144165,18.393430709838867,0.0373411551117897,1
629,243.25437927246094,55.34850311279297,29.257503810934253,0.817554644767365,-1.813336289969851,-1.4807226951983021,4.399382591247559,3.0125865936279297,81.3843994140625,0.06656350940465927,1
37330,242.028564453125,54.49403381347656,38.37551770863544,0.8164988410767663,-3.1319429499206297,-2.9824523965563383,3.838754415512085,3.2871038913726807,151.43263244628906,2.224332332611084,3
31014,242.76768493652344,54.44417953491211,36.85081075460027,0.8145904189324871,-2.683045396982592,-2.5650602981955286,-100.0,-100.0,-100.0,1.5461487770080566,6
34724,242.75088500976562,55.04037857055664,5.880780096940507,0.8119517375708188,-0.9371863321175113,-0.0456610411021449,-100.0,-100.0,-100.0,1.9330848455429077,6
8327,242.26309204101562,55.049949645996094,10.908295618748957,0.8089154930690491,-0.768941737314169,-0.2537965499788237,3.529914140701294,2.620720624923706,152.06005859375,0.281552255153656,1
16528,243.07838439941406,55.27456283569336,21.79023916782188,0.8052018890805587,-1.3040829034149544,-0.7890612275285066,3.360619068145752,3.0483438968658447,342.3507080078125,0.5611763000488281,1
8504,241.86038208007812,55.4516716003418,34.50760512005869,0.8035099068938617,-2.534569992631798,-2.1312780001670384,-100.0,-100.0,-100.0,0.3355043828487396,6
37313,242.96664428710938,55.21299362182617,16.509932613466272,0.8012426219574061,-1.1488484085993018,-0.4680052867279092,2.058511734008789,2.0580508708953857,356.7059020996094,2.113121747970581,2
1731,242.04605102539062,54.55575942993164,34.879577092474634,0.796581496159734,-2.4413136764255907,-2.2893178072260842,23.852373123168945,5.449629306793213,274.0458984375,0.07640814781188965,1
1654,242.990478515625,54.83673858642578,19.014429836017875,0.7911523188492332,-1.071626479646823,-0.6087061095069483,3.5505919456481934,3.059951066970825,287.3819274902344,0.08928384631872177,1
3086,242.60179138183594,54.904788970947266,8.670488945905005,0.790732613170997,-0.6857740921413622,-0.1938717017083114,4.716737270355225,1.8735899925231934,76.65281677246094,0.12887275218963623,1
10192,241.53952026367188,55.252498626708984,37.72309213475306,0.7906513623286083,-2.8698035948633387,-2.8419200695761764,5.757140159606934,4.03522253036499,270.10308837890625,0.36389198899269104,1
6488,242.84420776367188,54.97199249267578,10.1774361597989,0.7901787905869823,-0.7403862972809926,-0.23260599265956572,4.992900371551514,1.1730239391326904,5.687313079833984,0.2638384997844696,1
28299,243.1441650390625,55.01701736450195,19.47771503376628,0.7846624632346724,-1.1884421189330723,-0.5428047906296843,-100.0,-100.0,-100.0,1.4994579553604126,6
13532,242.68484497070312,54.67247772216797,22.86399458801799,0.7837151856497652,-1.362088068836597,-0.868925591110479,2.674314498901367,2.6742124557495117,243.0095977783203,0.45041337609291077,1
27102,242.48216247558594,54.7982292175293,15.410069741647481,0.7820577290374703,-1.03206447039407,-0.3284821168818171,-100.0,-100.0,-100.0,1.1752161979675293,6
3332,242.22796630859375,55.451786041259766,27.018643482252457,0.7810429020345383,-1.9426234615634288,-1.142722938742796,-100.0,-100.0,-100.0,0.21241730451583862,6
32790,243.07591247558594,55.282047271728516,22.00554752633008,0.778805118373848,-1.1662729868583022,-0.7109516588148896,-100.0,-100.0,-100.0,1.8314346075057983,5
6509,241.9786376953125,55.11085891723633,21.002560357710884,0.7772596122491887,-1.2127047196819654,-0.734860393497263,2.6620266437530518,2.6620051860809326,136.0914306640625,0.25603264570236206,1
23916,241.80215454101562,55.200103759765625,28.202680798955573,0.7719401088383868,-1.6127093993608659,-1.267519932287397,-100.0,-100.0,-100.0,0.9335042834281921,6
37409,242.8974609375,54.55386734008789,31.653924812546727,0.7706919775992023,-2.0911716714786044,-1.693425084753556,-100.0,-100.0,-100.0,2.488288640975952,6
24855,243.2264404296875,54.57960510253906,35.93395586313316,0.7705858983134888,-3.1307632241406957,-2.3862822417981366,-100.0,-100.0,-100.0,1.0418530702590942,6
22121,242.83901977539062,55.01183319091797,9.164181204087164,0.7686840339820834,-1.155855777778401,-0.11216083378175365,-100.0,-100.0,-100.0,0.8301286101341248,6
6559,241.4835662841797,55.134803771972656,38.013808319328504,0.7624970086702143,-2.896464238519326,-2.905091496766238,3.0228915214538574,2.593966007232666,79.8191909790039,0.255206435918808,1
13535,242.29776000976562,54.76974868774414,19.374041577980258,0.7570718030793651,-1.145463066276513,-0.6295483179022527,1.940532922744751,0.8833112716674805,112.85697174072266,0.455323725938797,1
4746,242.48675537109375,55.001827239990234,4.2799474202365095,0.7536140274386283,-0.6185502026777405,-0.11767677200279685,4.189584732055664,2.2058894634246826,86.75920104980469,0.177439883351326,1
36195,243.24961853027344,55.45566177368164,33.46153146706803,0.7446386602562824,-2.247685219281943,-1.9604045111762718,-100.0,-100.0,-100.0,2.173964500427246,4
4785,242.51025390625,55.287662506103516,14.533576939529956,0.744342921360406,-0.8789133724669415,-0.38414458060667556,3.0757124423980713,0.7003911137580872,233.52529907226562,0.2063812017440796,1
3203,243.24241638183594,54.61211395263672,34.78211673135219,0.7430471169561652,-2.438525902188809,-2.272585682349028,4.267613410949707,4.1098504066467285,194.77078247070312,0.1568266749382019,1
6538,241.79095458984375,55.212486267089844,28.807524259695864,0.7425868451728077,-1.8073310550018435,-1.4291398726996176,10.471835136413574,4.679745674133301,80.83534240722656,0.25666722655296326,1
30940,241.80384826660156,54.94257354736328,27.477993206842648,0.7414313842925966,-1.7788387030802317,-1.1899555001191435,-100.0,-100.0,-100.0,1.6040048599243164,6
22030,243.10433959960938,55.74077606201172,45.19473959483206,0.7365009577070565,-4.507881803529315,-4.989683728058523,-100.0,-100.0,-100.0,0.8490979075431824,4
33052,242.1623992919922,54.69739532470703,25.54944585096694,0.7301381069352965,-1.3553358297920899,-1.000903547075456,-100.0,-100.0,-100.0,1.732898473739624,6
1749,243.13182067871094,55.61865234375,39.028133706791536,0.7275584082656743,-3.024470783820576,-3.1381039207399484,3.376176595687866,2.4124505519866943,184.15316772460938,0.07715195417404175,1
595,242.46315002441406,55.38985061645508,20.85446604288791,0.7241816223960089,-1.166693401385719,-0.7239434575861284,2.196380376815796,1.6798194646835327,356.3733215332031,0.048692598938941956,1
11922,242.2701873779297,54.54887390136719,31.8558559284668,0.7236074998199122,-2.1362555786199775,-1.8157323915164956,2.7900712490081787,2.013373374938965,91.10420989990234,0.4236800968647003,1
38306,243.49594116210938,55.593318939208984,45.21315920945834,0.7207941582508047,-4.362081855968946,-4.997363829774318,-100.0,-100.0,-100.0,2.577192783355713,6
3211,242.56712341308594,54.47572326660156,34.386305088068134,0.7150062608451621,-2.3888351408513255,-2.204882112324536,3.2892158031463623,1.6712349653244019,280.01678466796875,0.15978564321994781,1
4795,242.1905975341797,55.10301971435547,13.780799784195526,0.7056713302722023,-0.8493828805396461,-0.35348816068247896,1.7206825017929077,1.5517396926879883,141.41111755371094,0.22368596494197845,1
30540,241.74417114257812,55.07582473754883,28.78087649149221,0.7032750028502524,-1.9298846143372828,-1.4231956165118935,2.339648723602295,1.196640968322754,293.5254211425781,1.3769099712371826,2
18941,243.04148864746094,54.99660110473633,16.163724547660635,0.6937879748516912,-1.3900393835680964,-0.36341973910811215,-100.0,-100.0,-100.0,0.7223489284515381,6
34602,242.19024658203125,55.4788818359375,29.050209726478567,0.6921156099747847,-1.9831132791818173,-1.452758434201897,3.780895471572876,2.243962049484253,4.439764022827148,1.8734050989151,2
20105,241.89247131347656,54.997642517089844,23.86055089804631,0.6915116753883574,-1.3879444878233065,-0.8541642153887337,-100.0,-100.0,-100.0,0.7726628184318542,6
22076,242.26107788085938,54.519439697265625,33.627460597037135,0.6909180551389278,-2.1595296665112116,-1.9866793707346206,-100.0,-100.0,-100.0,0.8560706973075867,6
38828,242.5266876220703,55.01285171508789,2.83961329264866,0.6885026282772316,-0.8093591538591677,-0.09600609009861673,3.7796506881713867,3.779615879058838,246.07066345214844,2.6969385147094727,2
36360,243.1241455078125,55.4388313293457,29.892556956316177,0.6827923496738061,-1.8829279708892737,-1.4636195247164014,-100.0,-100.0,-100.0,2.209024429321289,6
3142,243.3949737548828,54.99078369140625,28.23297359690977,0.68184788888779,-1.738244710153123,-1.3648706530166546,7.826666831970215,1.9651447534561157,265.46197509765625,0.12573333084583282,1
1676,242.64903259277344,54.585716247558594,27.884632710238144,0.6815295464914829,-1.697240577700191,-1.3266890982791828,7.5559587478637695,3.477385997772217,319.4855041503906,0.1194656491279602,1
8311,242.33209228515625,55.297855377197266,17.19775247641639,0.6748814671172517,-1.0120499804373055,-0.5083662571799398,4.635246276855469,1.5170842409133911,135.78981018066406,0.3041415810585022,1
23982,243.30792236328125,54.594886779785156,37.067481207174225,0.6736434642859145,-2.8147390488748876,-2.6091141577087518,-100.0,-100.0,-100.0,0.9707571864128113,6
13513,242.82810974121094,54.8943977355957,12.591589862304279,0.6697537048906071,-0.8429555904770776,-0.30827851824038943,1.3397334814071655,1.1789124011993408,292.854736328125,0.43319305777549744,1
6424,242.1978302001953,55.10804748535156,13.614382176116585,0.6613793261815933,-0.8513470752322378,-0.346930296661058,1.8146405220031738,1.6509541273117065,101.99715423583984,0.23136870563030243,1
13,243.11505126953125,54.87774658203125,21.081249612903548,0.6589349464650421,-1.1688774962010355,-0.7376043502486469,18.644729614257812,18.641244888305664,26.780977249145508,0.0032077860087156296,1
3049,242.177001953125,54.897281646728516,16.602825913474625,0.6541234252593183,-0.9595112280466933,-0.478415742389493,4.681106090545654,4.258603572845459,104.25373077392578,0.12635190784931183,1
4846,241.88345336914062,54.65679931640625,33.65547308512729,0.6529133955381111,-2.309093630147616,-2.0852253052471736,4.529763221740723,1.2263332605361938,287.8470458984375,0.18589064478874207,1
39311,242.81869506835938,54.59366989135742,28.521335814395375,0.65078933108795,-1.4525742093508012,-1.3027985537723914,-100.0,-100.0,-100.0,2.916395902633667,4
40037,241.57154846191406,55.38786315917969,40.07874362286046,0.6487109867150372,-3.1458863559786594,-3.306388600648459,-100.0,-100.0,-100.0,4.2578444480896,4
6514,243.3660125732422,55.06890869140625,27.022234484982746,0.6430133651560945,-1.6485378970264077,-1.2368439495490204,3.5383341312408447,2.873696804046631,15.036592483520508,0.23416690528392792,1
23016,243.09268188476562,54.912498474121094,19.440138787016366,0.6386423302437474,-1.1961172868886485,-0.6326236539438038,3.8189260959625244,1.1752499341964722,359.8570861816406,0.8293355703353882,1
21218,243.67816162109375,55.27023696899414,39.90391729147533,0.6370438911963099,-2.9205776145577818,-3.2611389625292966,-100.0,-100.0,-100.0,0.8226785063743591,6
33018,241.48135375976562,54.81637191772461,40.37227260095146,0.6342666432158813,-3.5275555746300835,-3.3838944756192664,-100.0,-100.0,-100.0,1.7971038818359375,6
39912,242.56190490722656,55.05595779418945,0.7691679548805004,0.6334838573496172,-0.5987204064632381,-0.0008493001304490423,-100.0,-100.0,-100.0,3.6953606605529785,6
1578,242.5537872314453,55.266021728515625,13.066683317815757,0.6327025747497311,-0.8052432423529474,-0.32604460473404195,4.4641499519348145,2.6327364444732666,92.74349212646484,0.11011264473199844,1
4768,242.76251220703125,55.27176284790039,14.763085917806109,0.6323888952333347,-0.8878045442989799,-0.3937144077456868,6.501225471496582,1.6644082069396973,41.667449951171875,0.18895690143108368,1
30733,242.5936737060547,55.3870849609375,20.303538680468783,0.6321020119408484,-1.0622139036713745,-0.5945921857113013,-100.0,-100.0,-100.0,1.5095276832580566,6
1669,242.06430053710938,54.64653396606445,30.006402728178944,0.628767534207611,-1.8958024361578671,-1.5714848694994434,2.6452178955078125,2.620755434036255,101.1864013671875,0.12148357927799225,1
568,243.037109375,55.1831169128418,17.62195931684701,0.6276255330185584,-0.9887510132741922,-0.5301634025323304,7.075442790985107,2.24186110496521,104.36737060546875,0.058707401156425476,1
1589,243.0055694580078,54.93021011352539,16.271829765843158,0.6271952214101165,-0.9346320149011056,-0.4620127223395782,6.835657119750977,1.367705225944519,60.638179779052734,0.08238734304904938,1
6552,241.4307861328125,55.00661087036133,39.61807809097746,0.6237804352896297,-3.1441379183362423,-3.282911304114568,2.7825188636779785,2.004875659942627,244.42330932617188,0.2263806313276291,1
1548,242.54074096679688,55.13862228393555,5.560407534201388,0.6219700953099927,-0.6173941113843217,-0.13421032860626467,2.984307050704956,1.970348596572876,305.7315673828125,0.1214907318353653,1
30575,242.10919189453125,55.34093475341797,23.827440865907146,0.6212180232670197,-1.2292858470209735,-0.851524047655768,-100.0,-100.0,-100.0,1.5876590013504028,4
23917,241.65386962890625,54.525970458984375,44.850034789710115,0.6210946393589883,-4.326551525212815,-4.849658543942776,-100.0,-100.0,-100.0,0.9747031927108765,6
17803,243.0772247314453,55.26997375488281,21.589542241844423,0.6201447322850697,-1.3649920708779375,-0.6812423862966013,-100.0,-100.0,-100.0,0.6595881581306458,6
34727,241.6940155029297,55.22222900390625,32.134549165230844,0.6165570624344475,-2.167284325707568,-1.7611781982175436,-100.0,-100.0,-100.0,1.9846851825714111,6
26893,242.78955078125,54.99871063232422,7.794215502486385,0.6135529037713493,-0.6534694064664687,-0.08067655553944922,-100.0,-100.0,-100.0,1.11784029006958,6
32775,242.80252075195312,55.30204772949219,16.994881926875514,0.6091195201727816,-1.1198334946650093,-0.4043613041886044,-100.0,-100.0,-100.0,1.8416587114334106,5
598,241.88241577148438,54.80168533325195,28.266740197122225,0.6077170963814544,-1.720925661505991,-1.367717190911035,2.0454928874969482,1.814947247505188,182.41725158691406,0.07355719804763794,1
634,242.62257385253906,54.38017272949219,40.14280967374774,0.6042743981245097,-3.1931327919704997,-3.4167339783124038,7.693414688110352,5.0762038230896,261.4815673828125,0.06986299902200699,1
524,242.68997192382812,54.959110260009766,6.568843051419722,0.6027437829265625,-0.6231076760236456,-0.1501343958801304,3.140256881713867,3.0444176197052,53.192195892333984,0.07165645807981491,1
1655,241.80616760253906,55.29420471191406,30.34463504949715,0.6012927123301204,-1.9297585975409608,-1.6139039141307154,6.457921981811523,5.160681247711182,268.52166748046875,0.07709360122680664,1
10127,242.42323303222656,54.80963897705078,15.337784177504144,0.6001876820721712,-0.9341885491788894,-0.4183690437764083,2.6205832958221436,1.6771680116653442,151.00115966796875,0.3331080377101898,1
10093,242.59854125976562,54.9239501953125,7.515467195700472,0.6000106789030796,-0.6920236580744945,-0.16824230373807952,4.040022850036621,2.319127082824707,218.27224731445312,0.3295295834541321,1
36135,243.3777313232422,55.05418395996094,27.40488151581492,0.5994989610522451,-1.8460005968517765,-1.2708257490919297,3.497225761413574,3.0429036617279053,129.8700714111328,1.994556188583374,2
3028,242.82972717285156,55.32359313964844,18.568849319655598,0.5974559795901215,-1.0566716478516816,-0.5828918568089193,3.851480007171631,1.5231208801269531,52.90354919433594,0.13322564959526062,1
4794,243.06874084472656,55.2640266418457,21.142061019795012,0.5967409470060555,-1.2124320095155972,-0.743988989839246,6.936960697174072,2.29882550239563,107.47074890136719,0.18162056803703308,1
22073,242.65655517578125,55.297481536865234,15.148475074205319,0.5963987749728058,-0.8514155583233769,-0.3168749802263938,-100.0,-100.0,-100.0,0.8642244338989258,6
1628,242.7541961669922,55.45428466796875,25.04553869391769,0.5952343630962215,-1.4630560763875287,-1.0489427053678113,4.057170391082764,4.02989387512207,20.608978271484375,0.11220794171094894,1
37463,242.228515625,54.50914764404297,34.59214724317995,0.5896755106506426,-2.5415700004667827,-2.1456212865504614,-100.0,-100.0,-100.0,2.341987371444702,6
15036,242.53683471679688,54.67341613769531,22.571934072506412,0.5836780457118789,-1.3479708944954272,-0.8461055597118847,2.8922348022460938,2.128098249435425,235.80995178222656,0.47634148597717285,1
1754,243.72898864746094,54.77796936035156,42.81433589077163,0.5836640102573009,-3.6816504680344044,-4.204366930514146,11.080414772033691,10.074646949768066,140.38278198242188,0.07916497439146042,1
34879,242.9416961669922,55.55649185180664,32.86665539624232,0.5830245556902333,-2.2620933467509268,-1.8688264531019538,-100.0,-100.0,-100.0,2.0097079277038574,6
8317,241.98797607421875,54.921058654785156,21.789090536140787,0.5828584140578846,-1.2689949014966486,-0.7891166453107382,4.123549938201904,0.8793229460716248,101.99209594726562,0.28452059626579285,1
8294,242.7348175048828,54.83395004272461,13.944504601028898,0.5823751296573546,-0.8703881207325704,-0.3594424551391805,1.7787024974822998,1.640257716178894,143.12010192871094,0.32040515542030334,1
19012,243.1135711669922,54.65856170654297,29.786525729280278,0.5809563549220346,-1.632761524184131,-1.450550294073124,-100.0,-100.0,-100.0,0.7095613479614258,6
6635,242.06649780273438,55.38614273071289,26.81753666141929,0.5794592023195764,-1.2865745149371108,-1.122498637370039,-100.0,-100.0,-100.0,0.30144599080085754,6
6515,241.77273559570312,54.79443359375,31.7578153350944,0.5719852036115973,-2.102887598178331,-1.8020109293959417,8.106668472290039,2.4435718059539795,1.3538932800292969,0.23227231204509735,1
6476,243.27894592285156,55.101470947265625,24.20094111038459,0.5700630581810262,-1.4256555076798902,-0.9759950905134896,2.4761998653411865,2.470731735229492,152.02090454101562,0.25189271569252014,1
27184,243.7327423095703,54.7071418762207,44.74670248026033,0.5697652827687679,-4.366272119278327,-4.808671708068453,-100.0,-100.0,-100.0,1.293212652206421,6
1698,242.73980712890625,55.61573028564453,34.44924539190928,0.5686726003065612,-2.3869874360805916,-2.215222226843677,7.176774501800537,5.565110683441162,44.166412353515625,0.07585682719945908,1
28195,243.4273681640625,54.84123229980469,31.731749233775503,0.5682243643731395,-2.140542909317539,-1.7042177138727914,-100.0,-100.0,-100.0,1.4758636951446533,4
8371,243.6560821533203,54.84699630737305,38.99238916538619,0.5681230558950162,-3.0529498476053303,-3.1297744294289473,2.9963912963867188,2.851135015487671,25.768003463745117,0.3024594485759735,1
36382,242.54966735839844,55.4116325378418,21.796795374265287,0.5665188643978881,-1.2410026176735836,-0.6959791621127628,-100.0,-100.0,-100.0,2.287642240524292,6
10124,242.40760803222656,54.742156982421875,19.339594843685443,0.5660226382003131,-1.1300773131707802,-0.62790034112098,2.609544515609741,1.7131778001785278,252.4603271484375,0.3304445743560791,1
15046,241.88674926757812,54.94976043701172,24.601628045177264,0.5643841502393727,-1.490881609476606,-1.0096671320004682,9.608430862426758,2.664665460586548,238.9556427001953,0.47650548815727234,1
36074,242.41615295410156,54.95588684082031,7.938930774802483,0.5630142547277731,-0.8494984800338448,-0.1713057068647039,5.762400150299072,2.881368637084961,315.3909606933594,1.9894638061523438,2
6427,242.80543518066406,55.36148452758789,20.282271834731134,0.5620408802160585,-1.1690777454288157,-0.6870352286118395,3.01371431350708,2.6590218544006348,240.9310302734375,0.23107312619686127,1
37405,242.82907104492188,55.50497817993164,28.660625685757708,0.55935938750347,-2.0192438184556334,-1.3184218477821839,-100.0,-100.0,-100.0,2.337437152862549,6
15091,241.94593811035156,54.66648483276367,31.722588207067197,0.5544295402285421,-2.297811138264172,-1.702905573563869,-100.0,-100.0,-100.0,0.5617377161979675,6
6471,242.59300231933594,54.65190505981445,23.816256973175452,0.554180296813761,-1.398082267103442,-0.9442365926857914,4.042338848114014,3.355607032775879,69.44088745117188,0.2613568902015686,1
10191,241.3732147216797,54.90411376953125,42.466572273678906,0.5539736628408917,-3.6573483143207937,-4.0915573838701045,5.538552761077881,3.166728973388672,265.51251220703125,0.3668406903743744,1
556,243.14605712890625,55.22715759277344,22.15497892288523,0.5526327336055776,-1.2482102980734955,-0.8149476969265328,3.75885009765625,2.2507829666137695,5.7602691650390625,0.038609981536865234,1
38863,243.03443908691406,54.536678314208984,34.50661381425388,0.5519145092837509,-2.3629387972129914,-2.1310621879615805,-100.0,-100.0,-100.0,2.781391143798828,4
15043,242.254150390625,54.66984176635742,25.375342162544385,0.5499610808215774,-1.5508720845398334,-1.078595453013769,3.496415853500366,3.2502551078796387,261.8045349121094,0.5177962183952332,1
6356,242.73455810546875,54.86115646362305,12.446613906809976,0.5471890163864559,-0.8095495309758856,-0.3038587535635474,4.131625652313232,1.4894756078720093,300.4720458984375,0.2523661255836487,1
10099,242.5934295654297,54.807655334472656,14.47421498214911,0.5454984687711636,-0.8988421274563585,-0.38111117994201205,2.6199703216552734,2.1701605319976807,13.946800231933594,0.3564402759075165,1
16535,243.70632934570312,55.03937530517578,38.70800615673134,0.543428441110628,-3.043295152033741,-3.0621952121009337,4.898971080780029,2.40339994430542,20.11467933654785,0.542455792427063,1
28425,243.15057373046875,54.473976135253906,39.73615497380542,0.5427432871329481,-2.8643359257522456,-3.2183373533621578,-100.0,-100.0,-100.0,1.3631553649902344,6
1742,243.81320190429688,55.157711029052734,42.816837188964236,0.5423404616842668,-3.6818038442700196,-4.2050737909686955,4.823911666870117,1.8769348859786987,114.16416931152344,0.10513144731521606,1
32656,242.10403442382812,55.31298065185547,22.752528074122726,0.5420533289053124,-1.4625687746978766,-0.8559924728129579,3.0651967525482178,1.6115578413009644,155.9634552001953,1.541614294052124,2
10090,242.8139190673828,55.31064224243164,17.630843847830885,0.542020717442558,-1.0401008503773908,-0.5307947270082899,1.3389415740966797,1.2569336891174316,27.831802368164062,0.3740392327308655,1
6360,242.51712036132812,55.09876251220703,3.70492638784791,0.5408571068770772,-0.6200629788011991,-0.11128066432854901,3.549997091293335,1.4479320049285889,77.11861419677734,0.25190651416778564,1
3015,242.6715850830078,55.315372467041016,16.29762513749893,0.5398814517382897,-0.9449430302835935,-0.4633075626774239,3.630528688430786,3.4843480587005615,40.37595748901367,0.15947049856185913,1
6410,242.17039489746094,55.08511734008789,14.255809768021267,0.5392776441994516,-0.875002905327918,-0.37221457508795847,2.5273702144622803,1.7511340379714966,227.43243408203125,0.22535592317581177,1
4777,243.18667602539062,55.28072738647461,25.007607821396036,0.5376265534197593,-1.4779405826317857,-1.0457107895508697,5.132200717926025,4.910012245178223,15.06551742553711,0.19132624566555023,1
15060,241.76968383789062,55.576786041259766,42.07153282621378,0.5361895482643533,-3.6048029127999683,-3.967284247826109,3.2360963821411133,2.3040947914123535,168.445556640625,0.4754297137260437,1
4670,242.61190795898438,54.86811828613281,10.89357512007862,0.5320173220494556,-0.752001263098514,-0.2531944755222116,2.295931577682495,0.889868438243866,283.72491455078125,0.22422847151756287,1
16500,242.81198120117188,55.292999267578125,16.663519718403393,0.5310768363937477,-1.0199737392944495,-0.4803395187435927,4.624173641204834,2.2402937412261963,358.03961181640625,0.5374944806098938,1
537,242.46087646484375,54.784423828125,16.388387205425932,0.5229604265885265,-0.9292692039925063,-0.46700668003208207,7.819349765777588,4.5214738845825195,324.5761413574219,0.038007888942956924,1
16633,242.20237731933594,54.85551834106445,17.439728994625014,0.5224676145402012,-0.8722259382849689,-0.4273757512080077,-100.0,-100.0,-100.0,0.5989434719085693,6
14998,242.3251495361328,55.18246841430664,11.878147557809509,0.5162281354064697,-0.8258775791701306,-0.2837801699832779,3.102541446685791,1.2178709506988525,78.25724792480469,0.4992811977863312,1
642,243.77035522460938,55.21223831176758,41.978207114085414,0.5158626101050326,-3.5134065482974344,-3.9374417813352216,3.2284750938415527,2.699211359024048,354.68511962890625,0.05259731411933899,1
32636,242.38526916503906,54.735923767089844,19.942787779902574,0.5158458469029873,-1.287356559842811,-0.6610253401236589,1.4732496738433838,1.4660402536392212,326.1488952636719,1.5358048677444458,2
39749,242.5833282470703,54.891605377197266,9.430810022181063,0.5143472352477421,-0.9423007186283824,-0.20160486343049996,2.1097772121429443,1.622082233428955,312.5086669921875,3.251182794570923,2
3199,241.5678253173828,55.34650421142578,39.007180343155866,0.5103253637891917,-3.029993733650029,-3.1330660303543096,5.427105903625488,4.187267780303955,319.55133056640625,0.1346314400434494,1
15092,243.22523498535156,55.35750198364258,28.818999665127883,0.5098856142843549,-1.9624876334290842,-1.3364258983119588,-100.0,-100.0,-100.0,0.5749568939208984,6
38207,242.54112243652344,55.12628936767578,4.842800284456607,0.5061055269079907,-0.8171532795153785,-0.11595004319323292,1.4219038486480713,1.4187296628952026,77.34803771972656,2.4431228637695312,2
13481,242.49740600585938,55.31061553955078,15.965823993854496,0.5054049035796282,-0.975730300225946,-0.44722083652995615,2.4028713703155518,2.4020397663116455,204.60397338867188,0.46719545125961304,1
17806,242.1618194580078,55.56025314331055,33.85541184622299,0.5050826159781888,-2.1850816469764798,-2.023236595096443,-100.0,-100.0,-100.0,0.6560235619544983,6
4930,243.38201904296875,55.62680435180664,44.1696404347679,0.5048634153773016,-3.8745669837670005,-4.586670248855229,-100.0,-100.0,-100.0,0.23440012335777283,6
37500,242.95147705078125,55.19159698486328,15.34603184599822,0.5034121597527307,-0.7968259736228644,-0.32561510575251396,-100.0,-100.0,-100.0,2.36476993560791,6
26763,242.64512634277344,54.82649612426758,13.521905851426832,0.502593579520955,-0.8835331796442734,-0.249744452952423,-100.0,-100.0,-100.0,1.121948480606079,6
572,242.49368286132812,55.51982498168945,28.41794571030612,0.49738603225144457,-1.734512706287445,-1.38438153367541,1.7817981243133545,1.4031617641448975,94.29557037353516,0.05364879593253136,1
23167,242.9699249267578,54.62095642089844,28.983550332506297,0.4970310795449202,-1.76264793461313,-1.3553030827033827,-100.0,-100.0,-100.0,0.8805327415466309,6
3099,241.93905639648438,54.73786163330078,28.944899977971676,0.49603715514837937,-1.8027913847598331,-1.444594459813788,3.690429925918579,2.007035255432129,36.900672912597656,0.14913730323314667,1
4622,242.68141174316406,55.01496505737305,4.021262795750386,0.495272524958245,-0.6148415781221405,-0.11445322943223939,3.3624870777130127,3.343893527984619,316.22015380859375,0.18142521381378174,1
21181,242.5811767578125,55.0493278503418,0.04157235951449145,0.4949277097621832,-0.727860239706084,-1.5039979283795834e-05,-100.0,-100.0,-100.0,0.7826066613197327,6
15038,241.89199829101562,55.19491195678711,25.195303788852264,0.4931906078975197,-1.5360582144484631,-1.061980127008714,4.432616710662842,1.5459785461425781,86.37065124511719,0.48711898922920227,1
8265,242.0469970703125,54.95193862915039,19.255645640450997,0.49277578604325667,-1.1173724217276315,-0.622582756460867,3.977306604385376,1.8528400659561157,210.32174682617188,0.2988240718841553,1
4788,242.89874267578125,55.48194122314453,28.17582544489415,0.49207548893456865,-1.7408525515135542,-1.3582784822274119,2.2669315338134766,2.223939895629883,28.912067413330078,0.20279774069786072,1
12021,243.34292602539062,55.343441009521484,31.534126887564327,0.49046891394980086,-2.209121006965676,-1.6769008651858461,-100.0,-100.0,-100.0,0.4488157629966736,6
28146,242.61500549316406,55.08229064941406,2.335288567712584,0.48955255614908416,-0.7157314460070469,-0.09715538799183816,2.0005035400390625,1.424968957901001,305.70074462890625,1.1865016222000122,1
6429,243.05850219726562,54.78091049194336,23.024514245128533,0.48858986255741677,-1.3423425280224297,-0.8809295589939395,2.5338594913482666,2.385793924331665,16.42756462097168,0.2351856678724289,1
10000,242.57972717285156,55.13686752319336,5.285499287265695,0.48572651293034064,-0.6541739206627473,-0.1300757549038767,3.1570422649383545,1.8313441276550293,221.15469360351562,0.35020744800567627,1
6481,242.0322265625,55.39936447143555,28.1860400484602,0.48563096596646266,-1.7502174791357747,-1.359525997832705,2.1520936489105225,2.1331844329833984,96.4293212890625,0.22606278955936432,1
36275,243.2985382080078,55.43951416015625,33.95463910894896,0.48549561448513595,-2.5412532788221487,-2.039253043261738,-100.0,-100.0,-100.0,2.26273775100708,6
18852,242.36337280273438,55.33153533935547,18.52312584914721,0.48414977309793134,-1.1245029829154902,-0.5792271286386558,2.602358102798462,0.9445460438728333,166.15843200683594,0.6403509974479675,1
6492,241.72225952148438,54.926692962646484,30.43741329650411,0.4834839980098756,-1.9642204611393492,-1.6254108808632115,7.657766342163086,2.6904828548431396,157.4623260498047,0.23729364573955536,1
1534,242.84005737304688,54.72735595703125,21.264770240490726,0.48341564147346017,-1.201550461123969,-0.751975515925483,4.89877986907959,4.879667282104492,169.73886108398438,0.07683075964450836,1
1561,241.99119567871094,55.023719787597656,20.316037798349893,0.48302486460570343,-1.1445508226071175,-0.6887715667236296,6.429742813110352,1.7159483432769775,33.058204650878906,0.08342873305082321,1
8255,242.60345458984375,54.6851921081543,21.829546897035378,0.4821449752021193,-1.2710018335722086,-0.791742762080359,3.4065964221954346,3.0654358863830566,149.62152099609375,0.30297836661338806,1
22110,242.50486755371094,55.234893798828125,11.463822935188572,0.4815097556426955,-1.0600950665452604,-0.17742806969720687,-100.0,-100.0,-100.0,0.8362082242965698,6
32634,243.14707946777344,54.88999557495117,21.716562985657728,0.4812555549317236,-1.3940790234182674,-0.779465690584502,2.1705477237701416,2.1704890727996826,240.55123901367188,1.5062198638916016,2
564,243.32907104492188,54.99910354614258,25.920120153343507,0.48118933751117876,-1.5206674156495001,-1.1283444511926923,2.5667340755462646,1.616877555847168,193.85032653808594,0.07356315106153488,1
3026,242.76690673828125,55.35002517700195,19.169536399114527,0.4805654935506693,-1.088411381606182,-0.6176600738139846,3.2443320751190186,2.2660932540893555,121.91099548339844,0.13007615506649017,1
30970,241.98377990722656,54.66482162475586,30.908883200031482,0.47979302161728477,-1.9420867509611772,-1.5927812479527508,-100.0,-100.0,-100.0,1.6496186256408691,6
10172,242.88336181640625,54.44460678100586,37.73752800887475,0.47941369149600044,-2.8702555562530296,-2.8442983618943942,2.876119375228882,1.9070014953613281,193.61859130859375,0.3384608030319214,1
39347,242.371826171875,55.39768600463867,22.118462506079865,0.4779069945457812,-1.1103501187515334,-0.7192473577889069,-100.0,-100.0,-100.0,3.0928471088409424,6
4769,242.42442321777344,55.449615478515625,24.635129596388765,0.47661182804556035,-1.4492861489770452,-1.0129047048564526,2.333207607269287,2.142747640609741,106.24423217773438,0.19103124737739563,1
10154,241.678466796875,54.82669448852539,33.82421434677282,0.47619474571132175,-2.35247672261805,-2.1121806507234933,3.949477434158325,3.8703927993774414,146.86428833007812,0.32789769768714905,1
1652,241.7491455078125,54.74650955200195,33.934257740215465,0.4759177283831196,-2.324099109363679,-2.1297414563368204,6.221735954284668,4.730172157287598,120.8880615234375,0.07583504170179367,1
38203,242.6991424560547,54.99553298950195,5.184036718656751,0.47457354262038537,-0.8208243282617284,-0.12012084730407172,1.2758210897445679,1.0167797803878784,154.345458984375,2.4665863513946533,2
32781,243.6045684814453,55.491363525390625,43.93877232011561,0.4724413578223492,-3.9098231678348743,-4.501218660806561,-100.0,-100.0,-100.0,1.8615354299545288,5
30534,242.555419921875,55.643489837646484,35.6929918100119,0.46922408864626175,-2.695743571468489,-2.4320861901968547,3.5025014877319336,2.7478880882263184,176.98631286621094,1.3627066612243652,2
8346,241.6468963623047,55.23870849609375,33.97999527390376,0.4684024201488768,-2.363441462269743,-2.137360439712096,3.3736050128936768,2.3051509857177734,184.20870971679688,0.3028188943862915,1
3051,242.8649139404297,55.42875671386719,24.78882884279577,0.4680991795002695,-1.452531837635723,-1.0263467825842154,7.247972011566162,6.396361827850342,131.74795532226562,0.13281506299972534,1
15126,242.17239379882812,55.10368728637695,14.398153833916517,0.46696774077644193,-1.1914209141949492,-0.284667303723189,-100.0,-100.0,-100.0,0.5344051718711853,6
16572,242.7684783935547,54.385738372802734,40.31247430793917,0.4663221663135439,-2.9341172048320154,-3.3680025373949047,-100.0,-100.0,-100.0,0.6047027707099915,6
37302,242.2502899169922,54.74671936035156,21.405905680280462,0.46588150781015564,-1.4111296818610903,-0.755056452336191,3.382267951965332,1.7103419303894043,75.0724105834961,2.1038360595703125,2
24740,242.75306701660156,55.04054260253906,5.954680289339771,0.4645386900963488,-0.7980995339735928,-0.04685131593410116,-100.0,-100.0,-100.0,1.0941269397735596,6
574,242.91542053222656,55.498634338378906,29.319278767668177,0.46392595353237465,-1.8185383185209925,-1.4877458330758475,2.3602402210235596,2.095698118209839,20.758495330810547,0.06363874673843384,1
593,242.076171875,55.52041244506836,33.1312205549965,0.4638344659239704,-2.219205696610065,-2.0023310052804715,6.682680130004883,6.635509490966797,258.6408996582031,0.046871308237314224,1
21037,242.96485900878906,55.105403900146484,13.63417349620443,0.4636221302771886,-0.9155179891142721,-0.34582337375651995,1.5083351135253906,0.891859233379364,359.71014404296875,0.7464783787727356,1
4781,243.05307006835938,54.626190185546875,30.15925034277328,0.4623972594778612,-1.9285446519012903,-1.5905107318648524,6.3143310546875,2.1607587337493896,119.59768676757812,0.18685829639434814,1
32623,241.86585998535156,55.023834228515625,24.615264949971593,0.4599517411636319,-1.5941460005663026,-1.006849869765153,1.9291757345199585,1.1957852840423584,308.39154052734375,1.6446020603179932,2
32546,242.65794372558594,54.90591049194336,8.977776310523705,0.4575305633940342,-0.8451246295248682,-0.19571245870162451,2.6846606731414795,1.3811856508255005,112.63423919677734,1.5900342464447021,2
38824,242.7448272705078,55.154903411865234,8.50809670954878,0.45698476866364574,-0.8892737426716518,-0.17939960767275298,2.600884199142456,2.040342092514038,111.4681396484375,2.5259647369384766,2
6414,242.0857391357422,54.897789001464844,19.295240327293627,0.4568899122129959,-1.1115094885404115,-0.6249632447671593,3.5575525760650635,0.9840598702430725,99.16697692871094,0.2481709122657776,1
24970,241.63572692871094,54.81453323364258,35.47028034810057,0.45405991028061315,-2.6434560786942174,-2.300403812091879,-100.0,-100.0,-100.0,1.0582118034362793,6
32666,242.87718200683594,54.57851028442383,30.02324993660585,0.44927879486380295,-2.0609690629873394,-1.5690435846803525,1.8681479692459106,1.4126834869384766,212.85494995117188,1.5550445318222046,2
26573,242.8030548095703,55.009361267089844,8.01248261179017,0.4483771064488801,-0.7762108769747463,-0.1762833262292167,3.480285406112671,1.440646767616272,317.3894348144531,1.0031739473342896,1
6311,242.36692810058594,55.00576400756836,7.783359462427361,0.44788074074236783,-0.6816942892173935,-0.17356230644040524,2.094493865966797,1.4973043203353882,106.09042358398438,0.2724332809448242,1
1718,241.51646423339844,55.36388397216797,41.04134134273525,0.4476574663173215,-3.356105816601862,-3.661814593059409,6.221845626831055,5.370020389556885,267.0344543457031,0.10737016797065735,1
628,243.17807006835938,55.62856674194336,40.32384714757132,0.44765082424784397,-3.2229142810033933,-3.464497889863874,3.904024124145508,2.1132853031158447,304.22808837890625,0.06090255826711655,1
6297,242.75856018066406,55.12739181518555,7.723908144279203,0.44749424131743953,-0.6808992418174015,-0.1725432019832367,3.437798500061035,2.3198447227478027,82.13370513916016,0.22558395564556122,1
34666,242.07789611816406,54.59473419189453,32.3097679749495,0.44721359776914704,-2.2310193933761537,-1.7863381850549416,-100.0,-100.0,-100.0,1.9363799095153809,4
601,242.13023376464844,55.585960388183594,35.7084284725548,0.44638821444250154,-2.5366588430314274,-2.437318698719359,3.332336902618408,2.626206874847412,204.413330078125,0.03692049905657768,1
23977,243.09422302246094,54.55182647705078,34.71010597516118,0.4460146522219696,-2.4250467752713067,-2.1658158540277967,-100.0,-100.0,-100.0,0.9322971701622009,6
30263,242.5858612060547,54.889408111572266,9.563942978642638,0.4457433362970637,-0.8448123470403286,-0.21112664882407767,3.0302720069885254,1.9192029237747192,53.82038879394531,1.3418118953704834,2
4693,242.75485229492188,54.787288665771484,16.80259197924833,0.44445198893115134,-0.9763533216741329,-0.48798421427348065,2.249291181564331,0.6092596650123596,248.8332061767578,0.2170068621635437,1
27211,242.58224487304688,54.93284225463867,6.956350413851857,0.4417677616953877,-0.8675799875202206,-0.0640894589331409,-100.0,-100.0,-100.0,1.2573742866516113,6
21057,242.74411010742188,54.63350296020508,25.550035651741055,0.44070625065857943,-1.5930127787588246,-1.093421215395645,2.6722445487976074,2.645428419113159,279.5751037597656,0.74253910779953,1
13500,242.95716857910156,54.71758270263672,23.747531013506343,0.44017816950373323,-1.4211904208886847,-0.9378290078831728,3.1365671157836914,2.4297988414764404,37.45899963378906,0.4299319088459015,1
11816,242.6412353515625,54.88207244873047,10.219088305908038,0.43999457172504436,-0.7625068396335754,-0.232947005524259,1.6925671100616455,1.4275115728378296,71.48983764648438,0.4240494966506958,1
27214,242.76385498046875,54.85971450805664,12.985097085112379,0.4399676625069488,-1.153102129388747,-0.22954566743945926,-100.0,-100.0,-100.0,1.2239012718200684,6
6458,243.1278533935547,54.70210647583008,28.10246814484972,0.43899544473092744,-1.7419609017912248,-1.3500391665845806,3.7749080657958984,3.4621317386627197,198.39137268066406,0.26410526037216187,1
26670,242.98399353027344,54.98322296142578,14.428877918042634,0.4383251850558973,-1.0478595908806623,-0.28596644615439126,-100.0,-100.0,-100.0,1.2423839569091797,4
40087,242.00543212890625,55.0699577331543,19.800255369608337,0.4378327206159787,-0.8187997854336184,-0.5626593998879831,-100.0,-100.0,-100.0,4.943021297454834,4
8300,242.99952697753906,54.631343841552734,28.930347630632696,0.4377313115427255,-1.8261932388787971,-1.4430090153987654,5.187067031860352,1.1234570741653442,98.118896484375,0.32424837350845337,1
37280,243.08131408691406,55.16069030761719,18.456958665255822,0.43568241838084576,-1.2416315683676697,-0.5693807878475273,3.63946270942688,1.8229612112045288,229.88153076171875,2.283533811569214,2
2988,242.13307189941406,54.87398910522461,18.640740363403886,0.43389488442074153,-1.0602614756923125,-0.5868642577833934,2.8839845657348633,2.307358980178833,100.96564483642578,0.13327430188655853,1
14988,242.097412109375,55.13430404663086,17.361073584031413,0.43348179940071013,-1.046835192646062,-0.5160396497302708,1.9550426006317139,1.0071266889572144,129.30221557617188,0.484681099653244,1
3201,241.5067596435547,55.39730453491211,42.277802382111496,0.43281097435846216,-3.5886138469221933,-4.031195681798912,2.3484363555908203,2.3482847213745117,149.45741271972656,0.13150237500667572,1
34758,241.5264434814453,55.194419860839844,37.20338798790446,0.42984039972889837,-3.087646261951807,-2.63719460623082,-100.0,-100.0,-100.0,2.0769574642181396,6
1667,241.89596557617188,54.55503463745117,37.92040217615722,0.42960987223285363,-2.8552102193700573,-2.8838292131019765,3.581920862197876,1.7410774230957031,245.7650146484375,0.10233756899833679,1
24818,242.39593505859375,55.73658752441406,41.74481731372742,0.427631561842911,-3.674572596986428,-3.7730077318207544,-100.0,-100.0,-100.0,1.0218141078948975,6
3192,241.3597412109375,55.074134826660156,41.9726382140753,0.4259292336302954,-3.5317974130697647,-3.9361838541901406,3.844522714614868,3.477684259414673,254.83140563964844,0.13881060481071472,1
30348,242.53350830078125,54.74473571777344,18.314202756339085,0.4254546482960211,-1.1825242381891299,-0.5643712085714846,1.4874192476272583,1.478505253791809,215.2859344482422,1.3975830078125,2
9968,242.66513061523438,55.210018157958984,10.101233512995034,0.425296188159345,-0.751986339063058,-0.22970579910796635,0.9868559241294861,0.8988480567932129,117.5925064086914,0.3638893961906433,1
20059,243.09893798828125,54.499576568603516,37.52074499324755,0.4237366801847512,-2.8833547160285997,-2.797113721431343,2.936568260192871,2.405534029006958,291.6799011230469,0.6866761445999146,1
626,241.95843505859375,55.63894271850586,41.28218963220877,0.42169939950275104,-3.3876105596019173,-3.7301005189328538,6.5672173500061035,4.158762454986572,144.06861877441406,0.05423591658473015,1
17746,242.66192626953125,54.39065170288086,39.588333948610114,0.4215599003200186,-3.187977278950824,-3.2750714778084467,2.5563390254974365,1.2359157800674438,180.5540313720703,0.5838357210159302,1
4688,242.05287170410156,55.19676208496094,20.161008178901152,0.4204361234142841,-1.152751893901908,-0.6787764865845102,5.980030536651611,2.296671152114868,30.685672760009766,0.1816246658563614,1
34491,242.3599090576172,55.42917251586914,24.03827174596853,0.4198688578183345,-1.5654989889689863,-0.9574493422964421,2.934739112854004,1.8731266260147095,296.4324951171875,1.73074471950531,2
36050,242.8590545654297,55.17438507080078,12.174667397851945,0.41930776599434555,-0.9619518846617748,-0.2874495061762741,2.7686543464660645,1.7850453853607178,15.187225341796875,2.0354952812194824,2
1512,242.53102111816406,55.36094665527344,18.80647114373661,0.4192018205752448,-1.0591303209254685,-0.5960281486781321,3.6967599391937256,0.7550502419471741,77.44880676269531,0.1020718589425087,1
4764,242.8959197998047,55.49666213989258,28.955731853102733,0.4187667794642264,-1.811950449342384,-1.4457123207861562,6.285763263702393,1.4846032857894897,6.645441055297852,0.1868886947631836,1
3113,243.5082550048828,55.288909912109375,34.907490340397544,0.41728856604102826,-2.452789015806189,-2.293775608699897,3.091602087020874,2.317063093185425,148.53781127929688,0.1556999236345291,1
6478,242.57350158691406,55.596065521240234,32.83817700223653,0.41722483380097647,-2.2215885173178807,-1.9582030621115247,6.167891025543213,4.406986236572266,237.74061584472656,0.254317045211792,1
21061,242.4097900390625,55.52482223510742,29.15179824522255,0.41602742966420664,-1.9030265564143314,-1.4669735283441818,1.9488639831542969,1.9419974088668823,76.93571472167969,0.7484127283096313,1
37318,241.6096649169922,55.432838439941406,40.419591820700155,0.415139922933203,-3.4545166757038124,-3.4858333616965145,3.4800021648406982,2.751500368118286,276.9005432128906,2.2534046173095703,2
491,242.1282958984375,55.0755729675293,15.619289330498502,0.4149413531170885,-0.8946120008084528,-0.4305742898296249,3.619363784790039,2.5544872283935547,103.11295318603516,0.04203600063920021,1
6500,243.4956512451172,55.31282424926758,35.12929360442989,0.41284112524440336,-2.497702263745852,-2.3328386970533495,3.1162126064300537,3.107879877090454,263.331298828125,0.2478150874376297,1
23030,242.50732421875,55.29304122924805,14.868507775596767,0.41260517191041807,-0.6277604984164278,-0.30460258120027217,-100.0,-100.0,-100.0,0.8977528810501099,4
36094,242.05718994140625,55.36908721923828,26.272553058280707,0.4124054263685817,-1.7482797696952717,-1.1561892881909768,1.4046392440795898,1.0680317878723145,336.928955078125,2.026362180709839,2
11787,242.4691925048828,54.92015075683594,8.615725283357463,0.412146731666192,-0.7222653732897916,-0.19186617967089165,2.361877918243408,0.559771716594696,67.3736572265625,0.4169197380542755,1
27100,242.16441345214844,54.53330993652344,34.112470480863635,0.4120666164544259,-2.8137486718379705,-2.065230731811795,-100.0,-100.0,-100.0,1.1461892127990723,6
1651,241.9834442138672,55.5460090637207,36.13741700991938,0.4109261532254119,-2.603756042449504,-2.5184319225979865,3.3736135959625244,3.3049981594085693,198.88858032226562,0.08497905731201172,1
8279,242.4248046875,54.58043670654297,28.61095177930211,0.4109015133298199,-1.7958649072268185,-1.4063114025969932,2.2929794788360596,1.048920750617981,3.034543991088867,0.30205482244491577,1
17711,242.52732849121094,55.37948226928711,19.92545065890791,0.4089301461795648,-1.1947791384818054,-0.6628678409124141,0.8915624022483826,0.8438160419464111,294.3997802734375,0.6025699973106384,1
4643,242.6830596923828,54.81746292114258,14.322533022176483,0.40875680010822973,-0.8691124993981899,-0.37482217528084083,3.9226818084716797,2.5034213066101074,138.48704528808594,0.21197080612182617,1
11893,242.7627716064453,55.55958557128906,31.274698178246542,0.40859465121048877,-2.072434179808705,-1.7349357557034253,3.6084091663360596,1.2541078329086304,46.20283126831055,0.39566323161125183,1
16459,242.43630981445312,55.307525634765625,16.29139142572965,0.4061315081636561,-1.0020943716291886,-0.4619203133701565,0.9341028332710266,0.859972357749939,196.7791290283203,0.5251871943473816,1
34529,242.20236206054688,54.66270065307617,26.591551037035195,0.40458558297677555,-1.7633685204465208,-1.1885627828302543,1.5295830965042114,1.4520927667617798,73.01642608642578,1.8127636909484863,2
37285,242.10658264160156,54.880516052246094,19.191936960836873,0.404391418248533,-1.2790569953001543,-0.6111761244217945,1.1417230367660522,1.133854627609253,222.81809997558594,2.2026607990264893,2
6310,242.27554321289062,55.2308349609375,15.12145842044563,0.40399851706631884,-0.9094646708524124,-0.408686485624294,2.4974615573883057,2.462141752243042,30.700607299804688,0.26261964440345764,1
4818,243.22653198242188,55.548091888427734,37.20965171936806,0.40354801218607894,-2.7701989515912606,-2.732402259399188,2.9899098873138428,2.604207754135132,53.915748596191406,0.18592539429664612,1
24650,242.98516845703125,54.7778205871582,21.427541665517687,0.4034393741448469,-1.3226256915594174,-0.7613547244406738,1.966713309288025,1.965024471282959,160.24966430664062,0.9436680674552917,1
38221,242.49598693847656,55.47500991821289,25.736478482154283,0.40325514819368513,-1.7282149143417465,-1.1043179219843993,3.188185214996338,1.5943690538406372,271.1952819824219,2.353752613067627,2
4730,241.98233032226562,55.327171325683594,26.43354059384924,0.4024418605168764,-1.5901652944734745,-1.1779686172523447,2.626255989074707,1.8417835235595703,176.98065185546875,0.1923731565475464,1
23165,242.6891326904297,55.0482292175293,3.7361130801444182,0.4022332699408767,-0.6876933748778548,-0.018387692264909862,-100.0,-100.0,-100.0,0.9187711477279663,6
30198,242.66915893554688,55.05393600463867,3.064866630110492,0.40215130844062164,-0.7364580593224549,-0.10142170618870082,2.032519817352295,1.2067090272903442,332.02734375,1.3544399738311768,2
36048,242.9936065673828,54.895790100097656,16.932542555184828,0.40206051962137546,-1.1532664038330525,-0.4880535745939169,2.63449764251709,2.1667299270629883,305.3681640625,2.0714633464813232,2
27130,242.38059997558594,54.882686614990234,12.1115838189726,0.40083947835657946,-0.8690781571503603,-0.19865226183160112,-100.0,-100.0,-100.0,1.2879137992858887,6
9963,242.8708038330078,54.889469146728516,13.833652640659455,0.40067572293310416,-0.873213532645727,-0.3547685031230923,3.128843069076538,1.2094895839691162,236.43316650390625,0.349936842918396,1
10013,242.8289337158203,54.735687255859375,20.649780026961825,0.3998021448278007,-1.2050177120098469,-0.7104648579761902,1.2006521224975586,1.007694959640503,21.842365264892578,0.3277238607406616,1
3020,242.46499633789062,54.60249328613281,27.07268802756996,0.3996874530065829,-1.6351298967605692,-1.24159686892566,4.29831600189209,2.4879844188690186,186.17173767089844,0.14711640775203705,1
8178,242.68399047851562,55.297794342041016,15.356562161835374,0.3992634074610994,-0.9272506111085537,-0.4191611512456947,2.3854520320892334,0.6921852231025696,0.43292999267578125,0.2888363301753998,1
16470,243.0205535888672,54.941253662109375,16.464620988553865,0.39806421622863153,-1.0095455903414516,-0.47012391159650785,2.1539387702941895,0.7382209897041321,359.0370788574219,0.5334110856056213,1
561,243.09727478027344,54.65022277832031,29.842407136886813,0.39802672977868253,-1.8685542696956006,-1.5504261257041114,5.1668009757995605,2.1720423698425293,81.69862365722656,0.061009541153907776,1
39772,243.17286682128906,54.7244873046875,28.22411095912218,0.39682998045252765,-1.6334660504379723,-1.2698170044216845,-100.0,-100.0,-100.0,3.3517038822174072,4
26941,242.36415100097656,54.636329650878906,25.850466875392392,0.3963806360645901,-1.3570257836760016,-1.028858570911706,-100.0,-100.0,-100.0,1.2847968339920044,6
20023,243.3021240234375,55.13536834716797,25.31799281463556,0.39591034869768155,-1.5694173872093928,-1.0724697633851987,1.9316037893295288,0.8900324702262878,260.058837890625,0.6910443902015686,1
519,243.03131103515625,55.31480026245117,22.211314318619042,0.39571365650594553,-1.251147184585468,-0.8187895491971231,4.022817134857178,3.684858560562134,49.524478912353516,0.07276523858308792,1
20045,241.72398376464844,55.01586151123047,29.51691538891068,0.3951817248149523,-1.932722605540862,-1.5104994065295079,1.9686081409454346,1.5961992740631104,20.0555419921875,0.6971246600151062,1
39575,242.90203857421875,55.43732833862305,25.778007537658112,0.3912638334618488,-1.7594660440677063,-1.1057441216513118,2.2534303665161133,1.6150091886520386,73.14439392089844,2.9644033908843994,2
23910,243.51385498046875,54.750091552734375,36.8537121158003,0.3911788011237736,-3.1151763958983625,-2.565581917632386,-100.0,-100.0,-100.0,0.9354113936424255,6
22119,242.8329315185547,54.62638854980469,26.802901496784017,0.3909239729849778,-1.7964495591950138,-1.1209757311116135,-100.0,-100.0,-100.0,0.8346617817878723,6
32677,242.4075164794922,55.6247444152832,35.05824712215437,0.3906812850268326,-2.6284590382736774,-2.3167336198198782,2.652412176132202,2.5496156215667725,188.1839599609375,1.559509038925171,2
6350,243.07420349121094,55.11664581298828,17.439538320940322,0.39067072221390253,-1.0150724474598702,-0.5206027752022169,4.198758125305176,0.8991273045539856,299.48541259765625,0.2454906404018402,1
8205,243.07569885253906,54.76915740966797,23.943374881941203,0.39063177278207317,-1.4146132581845516,-0.9544250589583849,4.245510101318359,2.5314066410064697,61.42481994628906,0.31304582953453064,1
21052,241.8292236328125,54.92340850830078,26.933448401672024,0.39033955563927647,-1.7052905218509047,-1.2264239997412816,1.5618958473205566,1.4531816244125366,157.2685089111328,0.7495265007019043,1
34438,242.40074157714844,55.32511901855469,17.686262375818544,0.3893570969149845,-1.1765607968895668,-0.5275984114393972,1.7813668251037598,1.7309030294418335,239.8184051513672,1.7998740673065186,2
123,243.812255859375,55.23332977294922,43.66967501925648,0.38905315235540633,-3.8314193845597204,-4.496523339517262,2.776336669921875,2.1742441654205322,315.8974609375,0.029302936047315598,1
32498,242.64926147460938,54.91344451904297,8.458587311383512,0.388807139122929,-0.8321168820033623,-0.18303005040369502,1.3208410739898682,1.0968823432922363,289.81787109375,1.6259212493896484,2
1624,243.36048889160156,55.398372650146484,33.949798295118796,0.3887259016619236,-2.32519762549212,-2.1319838933452564,4.052412986755371,3.378904342651367,253.4136505126953,0.08815407752990723,1
30256,242.8703155517578,55.07074737548828,10.047801403977916,0.38841315483611916,-0.8580859819925523,-0.22439354592116686,1.10438871383667,0.5755985379219055,301.9945983886719,1.4990516901016235,2
743,241.38931274414062,54.738468170166016,45.12053805491505,0.3881491817511237,-4.3738304972656366,-4.959147487809688,-100.0,-100.0,-100.0,0.09487173706293106,6
4682,243.1879119873047,55.170654296875,22.09374525404195,0.38730542720195166,-1.2716889727566583,-0.8107267779435305,3.2925193309783936,2.0615956783294678,23.824968338012695,0.21308325231075287,1
38173,242.23545837402344,55.1357536315918,12.943809299710932,0.3870609477835829,-1.008022367585634,-0.3120587491463758,1.582489013671875,1.1669319868087769,83.74199676513672,2.3342835903167725,2
32722,242.65138244628906,55.660396575927734,36.77686761347995,0.38692162702443444,-2.664374213170852,-2.5501180165489785,-100.0,-100.0,-100.0,1.7978318929672241,4
28458,242.57679748535156,54.6516227722168,23.829575818908232,0.3848448173511072,-1.112428091674328,-0.8516453642925779,-100.0,-100.0,-100.0,1.3716517686843872,6
30966,243.17218017578125,54.701866149902344,29.16376232952525,0.38419901673720425,-1.9455540228753876,-1.376263075879526,-100.0,-100.0,-100.0,1.6261003017425537,6
11785,242.916259765625,54.91233825683594,14.167152646376104,0.3839380069091548,-0.8936163117870563,-0.3682927059756331,2.124689817428589,0.8141263723373413,97.45954895019531,0.39103177189826965,1
26601,243.04893493652344,54.857688903808594,19.79912130587589,0.38350947767515725,-1.2296501082148954,-0.6536522509367216,0.9393216371536255,0.9199854731559753,213.21775817871094,1.0862644910812378,1
3041,241.83926391601562,54.75086212158203,31.19892977388134,0.38286164253979055,-2.0254540728716317,-1.7249274555426448,0.8634652495384216,0.8622501492500305,230.1596221923828,0.1703450232744217,1
18918,243.26858520507812,54.52273178100586,39.53494970649791,0.38273863687698434,-2.9863545004257985,-3.167748846756837,-100.0,-100.0,-100.0,0.6964830756187439,6
3184,243.75863647460938,54.816585540771484,42.937302123359814,0.3826813749334982,-3.7138740489290156,-4.245016756880258,3.414924383163452,3.4095802307128906,213.76605224609375,0.15040604770183563,1
4836,241.70970153808594,54.617183685302734,39.698853628614316,0.3822573136986989,-3.1480287886459517,-3.302879219284154,4.594565391540527,4.460096836090088,281.66070556640625,0.22464652359485626,1
30514,242.39630126953125,54.44631576538086,36.70581690022909,0.38167556083994114,-2.833235803836959,-2.6271326391338956,2.0287344455718994,1.2646914720535278,71.1373291015625,1.3976796865463257,2
20030,241.83718872070312,54.982765197753906,25.873566767804668,0.3815985334068896,-1.6124107420103142,-1.1233395971102162,1.5829038619995117,1.4920659065246582,64.94129943847656,0.7002089619636536,1
482,242.45358276367188,55.04615783691406,4.363523480735187,0.3810609496716153,-0.5903885570765149,-0.1176432409757735,1.0543675422668457,0.9034827351570129,69.20579528808594,0.07194679975509644,1
4718,242.8249969482422,55.50229263305664,28.46566851431688,0.3792366162492707,-1.7665881437087116,-1.3900768037806772,4.444915771484375,1.5509028434753418,242.89483642578125,0.18887794017791748,1
3066,243.19190979003906,55.42896270751953,30.94983230559024,0.37739482212547,-1.9996190678631536,-1.6917699819195358,4.010505199432373,3.179081678390503,61.1634635925293,0.1331503689289093,1
16463,242.28021240234375,55.33910369873047,20.22788363427245,0.3770449239629683,-1.2061015637640844,-0.6821747750146412,2.5599236488342285,0.9055456519126892,162.0326385498047,0.5575705766677856,1
10236,241.4318389892578,55.4010124206543,44.627467696138716,0.3769210791775136,-4.351584824264115,-4.761779306702839,-100.0,-100.0,-100.0,0.4221631586551666,6
18834,242.521728515625,55.453758239746094,24.38170766817868,0.37660041714487824,-1.4922802958539643,-0.9902021162537122,3.6636507511138916,0.8237047791481018,273.3436279296875,0.6360101103782654,1
3291,242.15115356445312,55.69607162475586,41.50388347263816,0.3765907412791841,-4.034744308011461,-3.701377866991683,-100.0,-100.0,-100.0,0.21567820012569427,6
32649,243.4102783203125,54.74876022338867,33.81885506710514,0.37657981074687846,-2.4756148924019707,-2.1074838424715203,1.8343229293823242,0.9534775614738464,64.96035766601562,1.6638391017913818,2
14992,241.94906616210938,55.11600112915039,22.05580925229651,0.37424736632209704,-1.3126024056555206,-0.8072934336196129,2.103163003921509,1.2349491119384766,272.08251953125,0.49030351638793945,1
1715,243.65040588378906,55.46009826660156,44.13288735580241,0.3740790445683261,-3.9443702939759526,-4.666816781204924,6.388354301452637,4.018918991088867,46.60014343261719,0.1083257794380188,1
30478,243.55763244628906,55.170352935791016,34.321468451833695,0.3735103340998205,-2.5219905488431746,-2.190896904619699,2.459402561187744,1.7801576852798462,133.8113250732422,1.3602778911590576,2
22996,242.6642303466797,55.2982063293457,15.238663499366726,0.3724908669600486,-0.9890263300707456,-0.41201251766424973,4.488391399383545,1.2589918375015259,28.959274291992188,0.838225781917572,1
11879,241.66275024414062,55.057498931884766,31.544305009771517,0.3717859631934845,-2.1016091727725397,-1.771956897265751,4.337242603302002,0.9134091138839722,75.96282196044922,0.3940669894218445,1
23163,242.2643280029297,55.26346206665039,16.833123408895016,0.37173917550779223,-1.2892888398752047,-0.3961468181491195,-100.0,-100.0,-100.0,0.8961038589477539,6
17684,242.5947265625,55.27812957763672,13.769869942326265,0.37050614605256704,-0.9031340271571249,-0.35140882617524266,1.7139949798583984,0.9160378575325012,58.99409484863281,0.6177634000778198,1
18811,242.86854553222656,54.776519775390625,19.12010380936254,0.36922226759371896,-1.155463999478197,-0.6134699518343865,1.241157054901123,1.1917709112167358,227.3519287109375,0.6312840580940247,1
1431,243.03387451171875,55.1243896484375,16.218368797632653,0.36915855724241453,-0.9318192825455883,-0.45924791266251747,3.517667055130005,1.9238581657409668,299.10028076171875,0.10497492551803589,1
30491,241.9651641845703,54.56145477294922,36.16130904260161,0.36902988614846394,-2.7582674133954836,-2.5203366907062428,1.4832789897918701,1.2953100204467773,282.0483093261719,1.3767186403274536,2
13657,243.54257202148438,55.30116271972656,36.27792795595247,0.36894363154958165,-2.642646393849578,-2.451823296185742,-100.0,-100.0,-100.0,0.49759024381637573,6
16431,242.26182556152344,55.163795471191406,12.93142892747186,0.3684721998818832,-0.8671671432750162,-0.3200623321350277,1.7572340965270996,1.295068383216858,167.814697265625,0.5662144422531128,1
30314,243.0709686279297,54.91408920288086,18.72281894170608,0.3683416399173177,-1.202957292794299,-0.5871880748485715,1.481889247894287,1.3590013980865479,37.278587341308594,1.4464521408081055,2
39887,243.1833953857422,55.23334503173828,23.455950610955416,0.36774000380839816,-1.6738673280073244,-0.821522540444105,-100.0,-100.0,-100.0,3.657996416091919,4
15185,242.22488403320312,55.137393951416016,13.315634917640326,0.36760256146813475,-0.9623665616801849,-0.241814179942851,-100.0,-100.0,-100.0,0.5274834036827087,6
32626,242.92568969726562,54.57960891723633,30.57613609801897,0.36740059213976095,-2.116119413825431,-1.6387496953110647,2.099008083343506,1.107340693473816,217.88282775878906,1.6131398677825928,2
23004,242.75982666015625,54.608646392822266,27.125790534643873,0.3673404031701345,-1.731517719837159,-1.2453267073528038,2.063742160797119,1.6397799253463745,259.8738708496094,0.8745083808898926,1
16467,243.2278594970703,54.95978546142578,22.909013291329597,0.3673017598835643,-1.3763854457067126,-0.8714502344363875,1.1934620141983032,1.1629570722579956,168.83746337890625,0.5336626768112183,1
28385,242.7111358642578,54.346405029296875,42.38522558168272,0.3671542817841139,-3.7863304713955253,-3.9709287958542,-100.0,-100.0,-100.0,1.4411128759384155,6
32628,242.88351440429688,54.60771179199219,28.461424972657877,0.36715285867474845,-1.9121798039895752,-1.3851119459113954,0.9886990189552307,0.9680629968643188,234.59234619140625,1.6023586988449097,2
26767,243.5584259033203,54.936283111572266,34.33281748966385,0.3662736074633161,-2.469135798591226,-2.1018231193789267,-100.0,-100.0,-100.0,1.1612166166305542,6
28534,242.92135620117188,55.58890914916992,34.434459943321784,0.3655865204987603,-2.7400221533596048,-2.1188944125632996,-100.0,-100.0,-100.0,1.3433711528778076,6
1417,242.29067993164062,55.30977249145508,18.54133330551152,0.36448439997995663,-1.0452624054192783,-0.5808367805090382,5.173412799835205,4.95991849899292,227.6626434326172,0.11553262919187546,1
32721,242.052734375,55.152286529541016,19.150333017970894,0.36358719484453766,-0.8503319883349155,-0.5231194804764067,-100.0,-100.0,-100.0,1.8119033575057983,4
36114,241.70945739746094,54.83092498779297,32.741533599300475,0.3632747651907187,-2.373979209260088,-1.9377009510499992,1.9040340185165405,1.7852914333343506,350.35968017578125,1.9758039712905884,2
28163,243.25604248046875,55.487911224365234,35.036581269061266,0.363272906775928,-2.5948688651442953,-2.3142377571108503,3.3433902263641357,1.7278231382369995,236.06460571289062,1.1458566188812256,1
14957,242.22097778320312,55.289974212646484,19.004730870221955,0.3632042186246504,-1.1308283162820354,-0.6069950369325083,2.0883002281188965,1.6461591720581055,221.2112579345703,0.5119489431381226,1
24668,243.7957305908203,55.0513916015625,41.77114156458599,0.3615412173523523,-3.5985858215040567,-3.8737779187955375,3.639035701751709,2.4905364513397217,120.08442687988281,0.9274668097496033,1
21238,242.00787353515625,55.07770538330078,19.750048083448025,0.3614255924314868,-1.4365227117904618,-0.5595382853719222,-100.0,-100.0,-100.0,0.7958234548568726,6
14947,243.01687622070312,54.97017288208008,15.739290142981066,0.3599963259942349,-0.9707836585387287,-0.4357742070215936,7.03485107421875,1.5389362573623657,157.3201904296875,0.47766005992889404,1
30205,242.91122436523438,55.04803466796875,11.370023059448934,0.3599848855578238,-0.8944037934688501,-0.2626771502965717,2.175450086593628,1.101891040802002,185.26278686523438,1.4883098602294922,2
21083,242.8894805908203,55.473289489746094,27.575308656400484,0.3597800012619378,-1.79572057815616,-1.2001497262358058,-100.0,-100.0,-100.0,0.7759376168251038,4
37480,242.19448852539062,55.49630355834961,29.91710699589243,0.3591998923186866,-2.177304709295015,-1.4666241441072294,-100.0,-100.0,-100.0,2.404357671737671,6
8192,243.13262939453125,54.91913604736328,20.54053430012561,0.3565045053529183,-1.1906932950001539,-0.703123992118147,1.1941527128219604,1.0042496919631958,62.87501525878906,0.3238280117511749,1
2870,242.0421600341797,54.98916244506836,18.858311202975997,0.35596742563504175,-1.0711182300081858,-0.5991348310632338,5.347225666046143,3.1510348320007324,105.44926452636719,0.136980339884758,1
26566,242.0000762939453,54.93670654296875,21.07797198909116,0.3559466189703908,-1.305435040795282,-0.7370214919112955,2.079841136932373,2.0797007083892822,318.3283386230469,1.016633152961731,1
6265,242.45233154296875,55.33251953125,17.580941470644483,0.355671331156773,-1.0211629443021513,-0.5276690902340851,1.3820875883102417,1.2595793008804321,264.248046875,0.22709515690803528,1
38787,242.61111450195312,55.212562561035156,9.883301561346537,0.35485031249758325,-0.9250516580233824,-0.21479336737874183,1.7049826383590698,0.8609618544578552,298.92681884765625,2.5014607906341553,2
30728,241.91334533691406,54.89864730834961,24.67570012314938,0.35465707821385456,-1.3098644938089783,-0.9229429141222726,-100.0,-100.0,-100.0,1.6166328191757202,6
8422,242.49781799316406,54.54621887207031,30.288597902715665,0.3543927894546032,-1.5582846664029182,-1.5129066338269879,-100.0,-100.0,-100.0,0.33584901690483093,6
4521,242.58984375,54.90146255493164,8.844781555372574,0.35318824943082044,-0.6970686171871565,-0.19739952024131255,6.894538879394531,1.8653826713562012,182.0372772216797,0.180230513215065,1
30504,243.2826690673828,54.59016799926758,36.69371450436213,0.35313913608752356,-2.829759530566074,-2.6239332412372627,1.7958142757415771,1.3849005699157715,115.86911010742188,1.353176474571228,2
33047,242.5531463623047,55.09416961669922,2.880484117502375,0.3529796990809959,-0.5188791951464105,-0.010876575719915708,-100.0,-100.0,-100.0,1.7957122325897217,6
14925,242.47964477539062,54.79007339477539,15.906623714560926,0.35240726184471505,-0.9783378328258703,-0.4436515071015689,3.973093032836914,3.4143359661102295,324.57647705078125,0.48508256673812866,1
39741,242.19448852539062,54.962684631347656,14.249770252928565,0.3514816197901789,-1.0946822446622742,-0.36025452357246057,1.9612174034118652,1.7805778980255127,126.4306640625,3.1163599491119385,2
16455,242.594482421875,54.7341194152832,18.885658797226142,0.35018082406049544,-1.1303638083196224,-0.5997314902251739,1.834314227104187,0.5053113698959351,176.07496643066406,0.5507397651672363,1
30515,242.6835174560547,55.665992736816406,37.19943770336256,0.34941648153284,-2.9000067696006924,-2.7265208664880625,1.5262401103973389,1.5039058923721313,45.276031494140625,1.3729839324951172,2
32477,242.39151000976562,54.79273223876953,16.686978667573676,0.3489000510554571,-1.1152730909976338,-0.4769289982043184,1.6055829524993896,1.5873183012008667,165.04391479492188,1.6966979503631592,2
30605,242.8885955810547,54.52140808105469,33.38995639634231,0.34862948110640196,-2.201990694039216,-1.9491415393636424,-100.0,-100.0,-100.0,1.5151413679122925,4
10139,243.60533142089844,55.054988861083984,35.2271209422743,0.3477549065854333,-2.5257207881185373,-2.3502495954421856,3.789546251296997,3.62165904045105,355.0843811035156,0.3417973518371582,1
32541,242.78880310058594,54.71864318847656,21.073026714163817,0.3471792970602618,-1.3506453062394164,-0.733223047245135,1.0411852598190308,0.9974641799926758,318.4178771972656,1.5404928922653198,2
11735,242.35992431640625,55.091339111328125,7.994657348561114,0.3471355770227821,-0.7079343781129084,-0.17767764796899568,2.0722544193267822,1.0104035139083862,222.7344970703125,0.4188811480998993,1
32939,241.55616760253906,55.24478530883789,37.03727690388626,0.34709300933317117,-2.591071639003503,-2.602984927523595,-100.0,-100.0,-100.0,1.8475369215011597,6
32483,242.1085968017578,54.863155364990234,19.705366812992082,0.34669812404385275,-1.2716950312985105,-0.6451756687798209,1.5124444961547852,1.2360297441482544,59.15433883666992,1.5277811288833618,2
3153,243.15890502929688,54.455570220947266,40.84120754588899,0.345380936130738,-3.330447581275045,-3.605712036572093,2.766420602798462,2.405496597290039,269.62689208984375,0.17079201340675354,1
1688,242.4380340576172,55.75959014892578,42.923823422267,0.34392111224909205,-3.701757002881882,-4.2403051703976145,4.400481224060059,4.386098384857178,126.60266876220703,0.11675883829593658,1
36031,242.12612915039062,55.33346176147461,23.10600997776098,0.3437724161392696,-1.5101321263163914,-0.8807063131008864,1.2744139432907104,1.2647775411605835,229.4896240234375,2.0119569301605225,2
36000,242.0948944091797,55.01075744628906,16.8526378206474,0.3436395242665442,-1.1477625474030275,-0.48326698778209465,1.6230624914169312,0.9172240495681763,301.29754638671875,2.0878546237945557,2
1436,242.0182342529297,55.27339553833008,23.51546555721623,0.3435303900444383,-1.3499282594268505,-0.9193462051865812,3.2658064365386963,0.9960477352142334,128.03106689453125,0.08063068240880966,1
28485,242.15122985839844,55.449710845947266,28.180987164917923,0.34346010819294726,-2.331317670196055,-1.2650390783123826,-100.0,-100.0,-100.0,1.457305669784546,6
30330,243.22377014160156,55.29094314575195,26.40335326610144,0.3433576542143298,-1.7178252054015881,-1.1707862832945017,1.3054050207138062,1.305237054824829,264.3442687988281,1.376901626586914,2
11854,242.53433227539062,54.64241409301758,24.433746787360516,0.3433512451676592,-1.4644589239120938,-0.9951517781995375,3.275547742843628,2.490983724594116,213.7884521484375,0.3824942409992218,1
36043,243.18951416015625,54.89512634277344,22.912009809493796,0.3422419199681547,-1.4964112161884375,-0.8654620705481286,1.5902894735336304,1.388380765914917,90.1754379272461,2.0325076580047607,2
34552,241.95730590820312,54.606388092041016,34.181500618794786,0.34215949125465767,-2.531295356587732,-2.1653618382150417,2.082989454269409,1.7599316835403442,321.0871887207031,1.7309727668762207,2
2826,242.17935180664062,55.09918975830078,14.106036782432723,0.3420044108778516,-0.8518979889718837,-0.3659108529960674,2.988203763961792,0.9469138383865356,256.2885437011719,0.15444014966487885,1
570,241.81288146972656,54.715213775634766,33.202530485435084,0.3400679195708285,-2.2267567516443654,-2.0130270054767707,3.593890428543091,1.5886212587356567,289.4585876464844,0.06423662602901459,1
34907,242.523193359375,55.18343734741211,8.315036353632324,0.33996900635330807,-1.0425898844749786,-0.092062508580223,-100.0,-100.0,-100.0,1.9277442693710327,6
30393,241.8660430908203,55.32047653198242,29.404859830550308,0.33909685814233254,-1.9849705262175577,-1.4941266018562076,2.0630481243133545,1.888134241104126,267.4992370605469,1.3414795398712158,2
32773,243.3349151611328,54.86650085449219,28.199186930356763,0.3389250287820198,-1.6344055126233088,-1.2670916416677536,-100.0,-100.0,-100.0,1.7410597801208496,4
39879,242.36439514160156,55.00469970703125,7.88687180147245,0.33865765957424865,-0.4134903874741891,-0.0826758734056269,-100.0,-100.0,-100.0,3.668504476547241,4
13493,241.7279815673828,55.18775939941406,30.415800464229086,0.33834857442161664,-1.9908143727723613,-1.6222083542063956,3.7049877643585205,2.913074016571045,354.9642333984375,0.47010788321495056,1
24638,242.62171936035156,55.22415542602539,10.617514960857537,0.33820979702184234,-0.8345053602249821,-0.24171770562325004,3.7058234214782715,1.6607439517974854,247.794921875,0.9580902457237244,1
11851,242.3540802001953,55.48747634887695,27.435769553388564,0.33820106462864813,-1.7050592349372529,-1.2786403868179053,2.208540201187134,2.065931558609009,329.10052490234375,0.38179975748062134,1
14846,242.8162078857422,55.02264404296875,8.256751066120902,0.3378059512847108,-0.7268377197142806,-0.18314944155100285,2.1410410404205322,0.5334970951080322,269.1742248535156,0.4755702018737793,1
15189,241.53404235839844,55.04360580444336,35.97099161151141,0.3362974466138321,-2.7429789925324775,-2.39323216950152,-100.0,-100.0,-100.0,0.5589423179626465,6
26648,242.66323852539062,55.343528747558594,17.910966423347706,0.33605111134677046,-0.8712584700661097,-0.4525636401972229,-100.0,-100.0,-100.0,1.2789206504821777,4
34788,242.3629913330078,55.404151916503906,22.583617113129556,0.3349584751888799,-1.5417736978566765,-0.7537704209872216,-100.0,-100.0,-100.0,1.9027392864227295,6
1413,242.00592041015625,54.93386459350586,20.9436002059371,0.33467847799564665,-1.181299670409715,-0.729883229620964,2.5318710803985596,1.5921142101287842,62.86977767944336,0.1096309944987297,1
2948,242.61280822753906,54.65751266479492,23.502449948256707,0.33464221469241,-1.3585435793299248,-0.9185926394841076,2.3646626472473145,2.338827133178711,214.29339599609375,0.15777336061000824,1
2969,241.7510986328125,55.110652923583984,28.725566761088217,0.33461634746261154,-1.7815418990192415,-1.4191045018747548,3.350217580795288,2.4090044498443604,248.77630615234375,0.1564561128616333,1
11,241.9280242919922,55.3801383972168,29.90002168364012,0.3345673928001605,-1.8614643283160595,-1.5553924343337637,7.717666149139404,6.014376163482666,51.943016052246094,0.01040483545511961,1
2783,242.28109741210938,55.02389144897461,10.400270878955823,0.3342632518654408,-0.7284412916262296,-0.2382631650641613,5.0066423416137695,1.1533703804016113,135.33482360839844,0.1251663714647293,1
3181,243.34207153320312,55.65867614746094,44.87760923453729,0.33390152235228265,-4.112217560855528,-4.9549162075701,4.055700778961182,2.520490884780884,7.4329376220703125,0.13701419532299042,1
34400,243.04087829589844,55.25599670410156,20.093809325282507,0.3335956908562819,-1.3066842178580629,-0.6685264957780402,1.7481772899627686,1.592949390411377,153.00119018554688,1.8137423992156982,2
11700,242.3289031982422,55.10622024536133,9.302004571173823,0.33280182694796967,-0.7382864600545387,-0.2083500690946506,1.1324656009674072,1.1219544410705566,321.1205139160156,0.39238685369491577,1
4783,241.8235321044922,54.62667465209961,36.40630233128252,0.33269776425904124,-2.6581337376824763,-2.570576473337999,3.874926805496216,3.756103992462158,24.156103134155273,0.20360229909420013,1
36332,243.64439392089844,55.44143295288086,43.35104409114942,0.332571515977996,-3.5721179040001516,-4.2916295688169095,-100.0,-100.0,-100.0,2.105520486831665,6
20050,243.4921112060547,55.38139724731445,37.04168670985308,0.33243357974146515,-2.813498120081827,-2.6964085822166552,1.8724026679992676,1.0111075639724731,168.72793579101562,0.712152361869812,1
7974,242.5735321044922,55.1260986328125,4.6453753915626015,0.33184003579366433,-0.6371817305754827,-0.1212434282631523,4.367759704589844,1.005953073501587,109.83092498779297,0.31462547183036804,1
8035,242.95755004882812,55.1401252746582,14.059682781492192,0.3308780165299612,-0.8745813754434375,-0.3639821743377349,2.021441698074341,1.423995018005371,39.449241638183594,0.28297194838523865,1
17911,242.13742065429688,54.90742874145508,17.453703944641468,0.32872848583497766,-0.8728813729914502,-0.4280162110661363,-100.0,-100.0,-100.0,0.6623829007148743,6
32583,243.3760528564453,54.879207611083984,29.23256452937232,0.328727201703465,-1.9838281383774186,-1.473347926898947,1.5587682723999023,1.164595365524292,225.08523559570312,1.545989990234375,2
10029,243.18873596191406,54.79581832885742,25.889867921669072,0.32846485950992993,-1.5693150970356065,-1.1256596001387185,1.5015850067138672,1.1371828317642212,252.14816284179688,0.36468324065208435,1
8056,242.91404724121094,55.03794479370117,11.486811809165564,0.32832774028947087,-0.7845695346706613,-0.270960720079279,4.233476161956787,0.9436901211738586,293.00958251953125,0.2994808256626129,1
28672,241.9825897216797,54.62255096435547,32.87533900851224,0.32823917947124287,-2.4884198091913015,-1.8700658850452794,-100.0,-100.0,-100.0,1.4529452323913574,6
16440,242.5035400390625,54.75708770751953,17.701283882222608,0.328032579422034,-1.0690342178231604,-0.5335087348407245,1.2459338903427124,1.095153570175171,206.8151397705078,0.5656080842018127,1
18831,241.8739471435547,55.060264587402344,24.290405533055694,0.3278708071883949,-1.4852236758372048,-0.9823036302566496,4.312973976135254,3.0455009937286377,304.46075439453125,0.6580862998962402,1
1828,242.05140686035156,55.086246490478516,18.314393137855653,0.3278319659680019,-1.1338116379241447,-0.4748445421209831,-100.0,-100.0,-100.0,0.1461772620677948,6
28160,243.5277557373047,55.18687057495117,33.54462777546141,0.3276863558112702,-2.4106561227505803,-2.0643502825830975,2.6564619541168213,1.391281008720398,350.5064392089844,1.2238761186599731,1
14912,242.41192626953125,54.74420928955078,19.176748940312812,0.32766580235223597,-1.1401315684028892,-0.6171788353143097,2.4403533935546875,2.433622121810913,158.5672149658203,0.5235477089881897,1
6337,242.23794555664062,55.40049743652344,24.13961973426457,0.32752918216382676,-1.4200281189516288,-0.9703151221526085,2.364488124847412,0.7575563192367554,314.1126708984375,0.24793364107608795,1
19949,242.39340209960938,55.01331329345703,6.774791837500792,0.32751777430486634,-0.7202109753685039,-0.1521760619908472,1.8085306882858276,1.738560676574707,145.25469970703125,0.6855635046958923,1
6530,242.8491668701172,54.365108489990234,42.064458080187805,0.3264014275364059,-3.5654190446915837,-3.964468484519826,1.2819037437438965,1.0691640377044678,6.527252197265625,0.25141677260398865,1
1531,241.67440795898438,55.18539810180664,32.15202123625808,0.32625624887782645,-2.118472983696255,-1.8570286830783134,1.7992995977401733,1.7895616292953491,288.8598327636719,0.1032106876373291,1
36137,242.02024841308594,54.419647216796875,42.44377938792135,0.3251170052709834,-3.801349715627322,-4.078467001859254,2.8971004486083984,1.4495584964752197,203.84255981445312,1.9831924438476562,2
28532,243.0657196044922,54.600685119628906,31.68860808635525,0.3247927127454016,-2.1664108514419866,-1.6981620985354855,-100.0,-100.0,-100.0,1.4531341791152954,6
36209,241.78713989257812,55.60658264160156,43.04981638773469,0.32410518290770796,-3.687108809049888,-4.188601013934916,-100.0,-100.0,-100.0,2.1172854900360107,4
9985,243.2396240234375,55.14495849609375,23.35473121485031,0.3232432429297198,-1.3797418788582363,-0.9064788181956688,2.1609256267547607,1.591385006904602,91.26334381103516,0.3431079089641571,1
34801,243.42799377441406,54.80204391479492,32.75790680068105,0.3229756317621767,-2.011063280421252,-1.852414988809649,-100.0,-100.0,-100.0,2.038299798965454,6
33012,242.77792358398438,54.8498649597168,13.738339461483031,0.32251369869718804,-0.829963108095331,-0.2581581663461289,-100.0,-100.0,-100.0,1.7642078399658203,6
28671,242.4644775390625,55.56946563720703,31.491305781169753,0.3224599597252577,-2.3182939657391506,-1.6710169777142894,-100.0,-100.0,-100.0,1.471230387687683,6
1327,242.89222717285156,54.94236755371094,12.486729251709477,0.32168542997657695,-0.7837918048073421,-0.30464256167932907,4.359933853149414,0.8794277310371399,10.92616081237793,0.10131198167800903,1
11730,242.1884002685547,54.992149353027344,13.906545219124157,0.32142773976055466,-0.8822973627539887,-0.3573128985587306,1.4213265180587769,0.5228660106658936,39.45525360107422,0.4038487672805786,1
34496,242.24185180664062,55.45969009399414,27.2381551593596,0.32083376071222475,-1.8159260739217014,-1.2526949086556858,2.2163970470428467,1.51926589012146,206.43490600585938,1.841712236404419,2
11848,243.08905029296875,55.39311218261719,27.015461261113234,0.3207854841569399,-1.6691180055548853,-1.235390586159638,1.4522429704666138,1.4012340307235718,199.2921600341797,0.4245167076587677,1
30203,242.1058349609375,54.94422912597656,17.497873793228464,0.32043600793003724,-1.1391796659781375,-0.5191200334260898,1.7773703336715698,1.540363073348999,154.2337188720703,1.3940397500991821,2
10089,243.03236389160156,55.50127410888672,31.23584977968021,0.32019897363618904,-2.0610446779447176,-1.7296672879652397,3.1510534286499023,0.6302857398986816,199.14007568359375,0.3444220721721649,1
13441,242.11679077148438,55.379920959472656,25.429265504088637,0.3195761469130474,-1.546912684343483,-1.0829433876361838,1.877399206161499,1.6599452495574951,176.85430908203125,0.4577207863330841,1
4456,242.38865661621094,54.93950271606445,9.303930497077301,0.3189702984300752,-0.7080732268597023,-0.2086708506759601,2.077531337738037,0.4156647026538849,232.51422119140625,0.2132297307252884,1
16462,242.78269958496094,54.65382385253906,24.70554029079844,0.3189294294030295,-1.5035664720340496,-1.0179216260989983,4.359272480010986,0.9546990990638733,82.32527923583984,0.5722286701202393,1
11874,242.8256072998047,54.547393798828125,31.25518265014825,0.3187105126734961,-2.0699740171801606,-1.7320506902577275,2.130819797515869,1.3111401796340942,187.321533203125,0.4182678461074829,1
30283,243.045166015625,55.340843200683594,23.672506669943605,0.3185966872329601,-1.5097538366343115,-0.9281991740949994,2.4404656887054443,2.423309087753296,69.81648254394531,1.300911545753479,2
10128,242.19656372070312,54.472476959228516,37.04382179190992,0.3182311270295353,-2.769781953208325,-2.697877918915517,3.534694194793701,3.156806707382202,237.77821350097656,0.3302687108516693,1
36023,243.21414184570312,55.19191360473633,23.377558919983677,0.31811456065387167,-1.5290617611985422,-0.9021197823239886,2.6354968547821045,1.8363760709762573,214.23159790039062,2.0675110816955566,2
36029,242.73300170898438,55.39118957519531,21.197872366305194,0.31808108091911746,-1.3840460704484256,-0.7401793328749798,2.4565796852111816,1.3524476289749146,22.232465744018555,2.052480697631836,2
1386,242.0579376220703,54.94757843017578,18.98002373836977,0.31757269866289217,-1.0688044715600633,-0.6063155205790993,6.258749961853027,1.596510410308838,334.65753173828125,0.1026897206902504,1
38184,243.22145080566406,55.170230865478516,23.175161318097427,0.3170773240941766,-1.5372461401806994,-0.8846818276837302,1.507487177848816,0.8145347833633423,302.343505859375,2.443934202194214,2
1570,241.72650146484375,55.32555389404297,33.63579633661251,0.3168577489981816,-2.2876405631855463,-2.0812819134329352,5.792463779449463,1.3294776678085327,156.71026611328125,0.10399936884641647,1
4787,243.08116149902344,55.57942581176758,36.13866646108474,0.316760767841317,-2.621804000875323,-2.5188484773672326,2.390120029449463,1.287076473236084,227.5211944580078,0.20870783925056458,1
33050,243.0166015625,54.645751953125,28.49141009768892,0.3161739934832156,-1.5583693801672116,-1.299462380123236,-100.0,-100.0,-100.0,1.7365907430648804,6
30474,241.52093505859375,54.933692932128906,37.11804252629996,0.31507493515405327,-2.8894153289911344,-2.7101208028300627,2.1439242362976074,2.1093032360076904,351.78179931640625,1.4747086763381958,2
4444,242.20498657226562,55.082157135009766,13.054634729179273,0.3146533888039768,-0.8211795633982178,-0.32512651328996556,3.190401315689087,0.6502028703689575,2.5120925903320312,0.21485307812690735,1
17686,243.0729522705078,54.868587493896484,20.118636800174585,0.31392690620140984,-1.2055011681118366,-0.6748994012979057,2.640091896057129,0.9297457933425903,84.09905242919922,0.586208164691925,1
13458,241.86672973632812,54.97526550292969,24.947679132536248,0.3137539176102365,-1.5089988902486833,-1.0393338425166645,2.715092182159424,1.8420741558074951,68.36491394042969,0.4503255784511566,1
4740,242.7349090576172,54.49032211303711,33.931105855298,0.3133218031784155,-2.340353486882272,-2.128936162650954,4.364386081695557,3.1119532585144043,241.7684783935547,0.21546532213687897,1
34538,242.80918884277344,55.56407165527344,31.889290667977114,0.31327770616478373,-2.265660674843432,-1.8140718976733037,2.413522243499756,2.3475914001464844,166.05157470703125,1.890222430229187,2
30729,242.20252990722656,54.72153091430664,23.571981900487945,0.31326325407697075,-1.2934936726036803,-0.8307344357062699,-100.0,-100.0,-100.0,1.512519359588623,6
6229,242.1463165283203,55.05806350708008,14.930777523779238,0.3130501857165333,-0.9011985156701395,-0.4002229704182662,2.335326671600342,2.2884085178375244,28.78718376159668,0.22939860820770264,1
34261,242.57862854003906,55.106475830078125,3.4625017326544714,0.31273293131514146,-0.7658676722992457,-0.1024008475624865,0.979966938495636,0.5040677189826965,90.07149505615234,1.8127580881118774,2
24659,242.12249755859375,55.458370208740234,29.14095786209949,0.31226448492965364,-1.921435341008873,-1.46472588575201,2.227064847946167,2.0722174644470215,309.2675476074219,0.9436866641044617,1
37270,242.7501983642578,54.628849029541016,25.8693746846978,0.31225605756064534,-1.726013111530156,-1.1165238881163306,1.9365028142929077,1.232846975326538,331.4747619628906,2.1013293266296387,2
8480,242.63560485839844,55.47837448120117,25.844753645077713,0.3122253070138214,-1.6433909443404484,-1.0283178575222358,-100.0,-100.0,-100.0,0.34660038352012634,6
533,241.97000122070312,54.67156982421875,30.92947640648735,0.31188302154242753,-1.9775040746136423,-1.6884404910462587,7.5377068519592285,5.282761573791504,292.70135498046875,0.04142377898097038,1
6227,242.82302856445312,55.304500579833984,17.45003190345242,0.31143524720917254,-1.0150535995554415,-0.5209620554104311,2.2176246643066406,2.0816938877105713,137.95755004882812,0.24937908351421356,1
18857,243.11935424804688,54.55191421508789,35.15850175480445,0.311069667863327,-2.555599997291274,-2.3371983960632656,2.021111488342285,2.021026134490967,214.25357055664062,0.6532659530639648,1
436,242.43702697753906,55.00169372558594,5.684209963279482,0.3109651527565503,-0.6078358689285912,-0.1352050620349117,1.2430765628814697,1.0675705671310425,255.8533935546875,0.05126137658953667,1
26472,242.5717010498047,55.15830612182617,6.578606068369972,0.3108424754337527,-0.7453651535950175,-0.146856588049547,1.0848376750946045,1.0409010648727417,191.8769073486328,1.0325485467910767,1
34912,242.0363006591797,54.83041763305664,22.87754832469824,0.3108275876250242,-1.5809152711368584,-0.7761120421821452,-100.0,-100.0,-100.0,2.08805513381958,6
6487,243.59548950195312,54.8679084777832,36.613466221613024,0.31076198985457265,-2.6943468477588697,-2.611108349439587,1.8087131977081299,1.8077830076217651,155.80682373046875,0.2740258276462555,1
10015,242.5326690673828,55.52062225341797,28.357750002313324,0.3105218873149208,-1.7798456681712949,-1.3777867220127564,2.93709659576416,1.7462680339813232,208.22344970703125,0.33978819847106934,1
8432,242.15670776367188,55.66025924682617,39.43309204725813,0.31044404690076177,-2.9152039996751404,-3.142461626051555,-100.0,-100.0,-100.0,0.3673005998134613,6
1702,243.8118133544922,55.254051208496094,43.97624737992378,0.3103330356410543,-3.911890873356726,-4.608730745387155,13.619562149047852,2.891138792037964,259.8070983886719,0.0862150713801384,1
21998,243.2172088623047,55.26919174194336,25.520818420468142,0.3102238315086392,-1.594568853144213,-1.08994094097004,2.37160325050354,2.3286614418029785,189.38841247558594,0.821310818195343,1
8269,241.85873413085938,54.73127746582031,31.355408915399718,0.30979498637182457,-2.066330382184156,-1.7459501071780068,2.6538286209106445,1.6753994226455688,261.1462097167969,0.3182428181171417,1
1472,243.11329650878906,55.42359924316406,28.94971658014121,0.3095473735552097,-1.7931972797753832,-1.4447153868786702,1.733020305633545,1.6589057445526123,157.58755493164062,0.09480476379394531,1
14781,242.50918579101562,55.0565185546875,2.4927469870067176,0.30922498184081026,-0.6441415154576768,-0.10017635459192938,2.312373399734497,2.3123483657836914,178.5011444091797,0.5084506273269653,1
2909,242.09986877441406,55.35531997680664,24.679167784724577,0.3090201477786532,-1.4436393412482866,-1.0165049393092307,6.548203468322754,1.3835837841033936,283.06231689453125,0.15121860802173615,1
23975,241.79681396484375,54.61332702636719,37.62987543694616,0.30898815691251263,-3.1952554404010645,-2.727119665361895,-100.0,-100.0,-100.0,0.9483910202980042,6
21985,242.11190795898438,55.29661178588867,21.88328589024207,0.3072533720798166,-1.335336700490176,-0.7935770542491514,2.7737202644348145,0.6585845351219177,229.45391845703125,0.8054258823394775,1
18726,242.79808044433594,54.96518325805664,9.013052453485972,0.306941190015637,-0.7622613226320328,-0.20026746164781184,1.3985819816589355,1.2726147174835205,332.48773193359375,0.6290202736854553,1
2778,242.49722290039062,55.22370529174805,10.876888240265712,0.3068780794511009,-0.7420521189894344,-0.2522376891455721,3.2541327476501465,2.3560667037963867,301.1846008300781,0.14983515441417694,1
17705,242.6908416748047,54.62942123413086,25.448830307946427,0.30573058148958965,-1.566471484215651,-1.0839263740735383,1.9355502128601074,1.4177659749984741,346.25927734375,0.6124076843261719,1
4647,242.2366180419922,54.654727935791016,26.45808941466064,0.3052781693395852,-1.5918008242920934,-1.180128716574098,2.4539239406585693,2.406797170639038,165.8136444091797,0.18911734223365784,1
30868,243.0744171142578,55.74419021606445,44.99146109169068,0.30495812399048833,-3.7539002323743076,-4.906546158434855,-100.0,-100.0,-100.0,1.6760990619659424,6
14854,242.8289794921875,55.033302307128906,8.594803038648429,0.3048111015497477,-0.7332532184252167,-0.1903107212253102,1.9679594039916992,1.3646018505096436,193.33302307128906,0.4845992624759674,1
11610,242.70054626464844,55.09396743774414,4.937122084030663,0.3045701320046989,-0.6550359684802936,-0.12451935260386322,3.654428720474243,0.8266769051551819,120.54344940185547,0.4006577432155609,1
38931,241.27882385253906,55.11294937133789,44.86921744608766,0.3044804226074751,-3.994498742587865,-4.857371132031932,-100.0,-100.0,-100.0,2.831838369369507,6
7927,242.75404357910156,55.01187515258789,6.367213289682747,0.3039757638454505,-0.6626380100154604,-0.14657565841456582,1.7814799547195435,1.3396227359771729,138.5382843017578,0.28989511728286743,1
22989,241.9430694580078,55.241397857666016,24.723058628686637,0.3038017965383729,-1.5381653378695566,-1.0183906654403032,2.1533126831054688,2.1095616817474365,43.77931594848633,0.8483570218086243,1
19911,242.76446533203125,55.14487838745117,8.553454932232802,0.3031952845609668,-0.7570190954767705,-0.1891323117074427,3.8649837970733643,0.9158479571342468,82.84867095947266,0.7236136198043823,1
37234,243.09010314941406,54.766448974609375,24.413240927230905,0.3019815261104983,-1.6146120229255552,-0.986492626179333,3.155486822128296,1.6032452583312988,244.0841064453125,2.2543232440948486,2
18802,242.07452392578125,54.80952453613281,22.589379808605127,0.3012686066053815,-1.365310434159666,-0.8461151498137429,0.8409088850021362,0.7154865264892578,31.37472152709961,0.6557043790817261,1
10058,241.71493530273438,55.031558990478516,29.774014468066202,0.30118541678018634,-1.912426354754621,-1.542142133772386,1.7517445087432861,1.4666129350662231,305.6923522949219,0.3660094141960144,1
14922,242.32879638671875,54.769020080566406,18.896847344041028,0.30084385250233137,-1.1246018894996521,-0.6004906764621606,1.1440401077270508,0.8550204634666443,281.4736633300781,0.48096004128456116,1
37213,243.02430725097656,55.11604690551758,15.769250777192743,0.2999250155262724,-1.1091868830693195,-0.4297529062841621,1.6084580421447754,0.9596062302589417,238.9127197265625,2.2062814235687256,2
11684,242.9710235595703,54.992591857910156,13.851187835223314,0.2998648568773849,-0.8805097624316712,-0.35520582869740547,1.643677830696106,1.6352324485778809,145.01292419433594,0.41038286685943604,1
22991,241.9499053955078,55.27132797241211,25.40514079527997,0.29944555139152657,-1.590139455264336,-1.0789475328926619,2.994076728820801,1.8768388032913208,142.67901611328125,0.8344322443008423,1
16387,242.95388793945312,55.13822937011719,13.899944988824942,0.2991259828868419,-0.9014092576597029,-0.35651447334332176,1.770301342010498,0.5626736283302307,264.4129333496094,0.5271105766296387,1
36089,243.36471557617188,55.352699279785156,32.46088453181058,0.29903505633917365,-2.342543707178471,-1.8961879465997253,2.1041648387908936,2.104081392288208,152.2164306640625,2.0883851051330566,2
10018,243.30996704101562,55.00726318359375,25.211936418729582,0.2981811007338732,-1.5152924482170802,-1.0630501388572569,6.481710433959961,1.3013216257095337,112.57363891601562,0.3327432870864868,1
26591,243.29710388183594,54.89747619628906,26.296570991954873,0.2976901085889654,-1.6759142093119004,-1.1620702315745408,1.9186149835586548,1.483500361442566,178.9083251953125,1.094948649406433,1
38965,242.48599243164062,55.66134262084961,36.89486544388938,0.2976884833134063,-3.393348776202281,-2.5739680148436537,-100.0,-100.0,-100.0,2.707946300506592,6
13287,242.376953125,55.105857849121094,7.783522264664609,0.29743248473725836,-0.7096627564749708,-0.1727021075188871,1.1646908521652222,1.1245721578598022,151.52403259277344,0.4550880193710327,1
18814,243.1310272216797,55.35381317138672,26.27536094547376,0.2973775341903411,-1.6383699977077513,-1.1613428738396359,2.094416618347168,1.7943332195281982,26.13226890563965,0.6394838094711304,1
30737,242.70848083496094,54.301265716552734,45.07007252878582,0.29691185653097973,-4.207317452249252,-4.938480642423988,-100.0,-100.0,-100.0,1.6910241842269897,6
14783,242.55496215820312,55.10165023803711,3.290938836719912,0.29663848836997675,-0.6500438888352998,-0.10624882685724699,3.1382803916931152,2.7890567779541016,90.41576385498047,0.4954468607902527,1
9929,242.87612915039062,54.82526779174805,16.843861684148667,0.2962460660286263,-1.0004835979585602,-0.48932489603088963,1.1730493307113647,0.7827759981155396,131.29452514648438,0.3356822729110718,1
20099,242.35140991210938,55.247928619384766,14.29856966321843,0.29601643339451406,-0.9714152260508883,-0.28060787723225517,-100.0,-100.0,-100.0,0.7659556865692139,6
11839,242.04673767089844,54.64141845703125,30.615999383216163,0.2958324128511091,-2.0039026093419525,-1.6477911325204064,2.0692856311798096,1.0591962337493896,132.4097137451172,0.39336931705474854,1
28216,242.47361755371094,55.59748458862305,33.123805128992,0.2952774077634254,-2.2124619443852227,-1.907908373027921,-100.0,-100.0,-100.0,1.378114104270935,4
1695,241.24295043945312,55.06398391723633,45.97291571908115,0.2948545844604081,-4.348474742628911,-5.417621607548882,4.948826789855957,3.9272589683532715,154.48416137695312,0.10098150372505188,1
38827,243.48316955566406,54.86170196533203,33.064767856920014,0.2941848937981419,-2.442230109150822,-1.9839089658053393,2.431398868560791,1.8320770263671875,319.29583740234375,2.5324208736419678,2
13671,242.74978637695312,55.45488739013672,25.04536118976954,0.2940407824929299,-1.496417377955878,-0.9554627699229653,-100.0,-100.0,-100.0,0.507063090801239,6
8478,242.77113342285156,55.165531158447266,9.58698219786473,0.29400677138824266,-0.8216021751428519,-0.1229469144737803,-100.0,-100.0,-100.0,0.33234286308288574,6
3055,242.04762268066406,54.517093658447266,36.84476079852248,0.2934442101584877,-2.7097963370039535,-2.657491979990038,11.927445411682129,6.181149005889893,7.348995208740234,0.14308786392211914,1
14969,242.7314453125,55.460731506347656,25.250862358058676,0.2933574786524138,-1.5382064962968132,-1.0660363032133546,1.6661131381988525,0.9638462066650391,261.99859619140625,0.510814368724823,1
35980,242.4284210205078,54.87385940551758,11.729034385150255,0.29306185970010784,-0.9410608792724608,-0.26966679763241747,1.6554323434829712,1.0950664281845093,52.4018669128418,2.009683132171631,2
4702,241.8538055419922,55.3294792175293,30.05165108584222,0.29286976724666314,-1.91681585684759,-1.5765924019797084,7.449025630950928,1.711129903793335,148.37045288085938,0.19632788002490997,1
9932,242.9952850341797,54.88234329223633,17.43244390693948,0.2927822058171042,-1.0287879353019749,-0.5195621258226001,1.1297348737716675,0.9441501498222351,357.55535888671875,0.33964115381240845,1
4631,242.13613891601562,55.453514099121094,28.64603173229128,0.29242818839576556,-1.7828509645661395,-1.410244906128264,2.381229877471924,1.8237234354019165,179.1588592529297,0.17797677218914032,1
2729,242.70057678222656,55.2204704284668,11.095103674034519,0.29227556369843016,-0.7485164282785197,-0.2589375869946907,1.7627707719802856,1.7615859508514404,13.636951446533203,0.17384281754493713,1
22157,242.06146240234375,55.5196647644043,33.35745684750066,0.2921233223846284,-2.768830768737357,-1.944094028165807,-100.0,-100.0,-100.0,0.8606160879135132,6
18785,242.35421752929688,54.87368392944336,13.080423325007366,0.29190918697286655,-0.8828050113909589,-0.32462761680279095,3.3882107734680176,3.107717275619507,242.92324829101562,0.660273015499115,1
6516,242.6607666015625,54.349876403808594,42.02639426178484,0.2916550170725101,-3.558210837688753,-3.952705596293401,5.3383002281188965,1.2913622856140137,75.54078674316406,0.2441767007112503,1
10255,243.63101196289062,55.24291229248047,37.85928642984159,0.2916228723988852,-2.489508190412814,-2.7767228608447763,-100.0,-100.0,-100.0,0.41177016496658325,6
4648,241.97601318359375,55.358116149902344,27.79900749421727,0.2912689624393985,-1.70650992257083,-1.3172209603167253,6.010341644287109,1.4039604663848877,70.9410400390625,0.2222839891910553,1
8096,241.9452362060547,55.12839889526367,22.329055708787433,0.29115388970389766,-1.3021627301835212,-0.8276028722587765,0.8498091101646423,0.7142577767372131,154.4740447998047,0.31757843494415283,1
30152,242.415771484375,54.77840042114258,17.187974640246477,0.2910834782385402,-1.1226761334231645,-0.5022377604470549,2.63112735748291,1.5759371519088745,241.71217346191406,1.3298076391220093,2
18889,241.9351348876953,54.4614143371582,41.72737709801408,0.2905977751301984,-3.443553233163792,-3.7677136417461154,-100.0,-100.0,-100.0,0.7243867516517639,4
17773,243.17410278320312,55.464752197265625,32.171183249138586,0.2902102851424448,-2.3950155010987166,-1.766384458572394,-100.0,-100.0,-100.0,0.6254417896270752,6
35863,242.5405731201172,54.92655563354492,7.460612849704623,0.2884097582817508,-0.8344622055084816,-0.15904178345859493,1.844407320022583,1.4834318161010742,17.704896926879883,2.0172908306121826,2
1565,243.57534790039062,55.23731231689453,35.94313751596453,0.28830667997170817,-2.5774044115616364,-2.481421769442459,4.434991359710693,0.9850109219551086,43.324501037597656,0.11777203530073166,1
8290,243.18170166015625,55.52950668334961,35.41107880630699,0.28771738877344405,-2.541051728392446,-2.3830563228655657,1.6006338596343994,1.5963811874389648,301.78411865234375,0.3229629695415497,1
18867,241.4558563232422,55.36900329589844,43.0277282306061,0.2876200725338353,-3.8020638213882165,-4.27440610410468,4.067188739776611,1.835615873336792,262.441162109375,0.6362091302871704,1
549,241.58251953125,55.09622573852539,34.398764637195995,0.287503745549596,-2.3692207478973306,-2.2057738572585204,3.042381525039673,1.5608638525009155,147.69375610351562,0.04890044406056404,1
39567,242.99212646484375,54.99684524536133,14.498593787164202,0.2874784554471478,-1.0915790190706172,-0.3691573097745699,1.6891169548034668,1.672137975692749,341.25433349609375,2.924809694290161,2
32463,242.13150024414062,54.787132263183594,22.048356658381895,0.2874252603328929,-1.4121443647956298,-0.8018574058646575,1.9621328115463257,1.0274354219436646,275.3969421386719,1.5165982246398926,2
109,241.58987426757812,55.37328338623047,39.10211754278073,0.2866650613411097,-3.0163271893788646,-3.153862638121137,3.6562774181365967,3.107168436050415,133.40158081054688,0.030516743659973145,1
34477,242.6139373779297,55.48982238769531,26.487489453868516,0.28645211149240846,-1.7515474708752057,-1.1769010925933914,1.8309885263442993,1.0089633464813232,217.30845642089844,1.7817928791046143,2
8176,242.63540649414062,54.601890563964844,26.880389071451106,0.2864514664024999,-1.6424451855290234,-1.2217324397399383,3.578545093536377,1.8747738599777222,76.35360717773438,0.30254068970680237,1
35964,242.60499572753906,55.317501068115234,16.145377670001523,0.2863831278791557,-1.113986998725608,-0.44805413106118763,1.6866216659545898,0.8551406860351562,139.163818359375,2.082256317138672,2
30427,243.35108947753906,54.63447189331055,36.425991955120175,0.28589995345007113,-2.791573206428675,-2.57047360740982,2.7042667865753174,1.4390528202056885,61.314697265625,1.49978506565094,2
10156,243.6894073486328,55.29305648803711,40.72971487386772,0.285827868377802,-3.3426777535035304,-3.574533479191676,2.9715921878814697,2.2890138626098633,13.940448760986328,0.3519282341003418,1
32549,241.7957000732422,55.2316780090332,29.063408571587622,0.28572725884679173,-1.9683355592504912,-1.4538001304870185,2.721142053604126,1.3844730854034424,3.7252235412597656,1.6587343215942383,2
18761,242.7515106201172,54.76695251464844,17.90943098267141,0.28510557430309874,-1.0908221706832928,-0.5442167109922369,0.8290486335754395,0.6111171245574951,165.0828857421875,0.6337891817092896,1
32413,242.23704528808594,54.776084899902344,20.198267755216175,0.284369696467632,-1.2979678538524415,-0.675315222173828,1.106610894203186,0.6617365479469299,244.3870849609375,1.5075006484985352,2
21180,243.2629852294922,54.829254150390625,26.961177134016115,0.2841982536549834,-2.090128686897292,-1.1369280350654587,-100.0,-100.0,-100.0,0.7922844886779785,6
40083,241.59991455078125,55.158878326416016,34.29898824541741,0.28404012248235927,-2.1812777588182874,-2.0961291637028343,-100.0,-100.0,-100.0,4.940820693969727,4
14914,242.7435302734375,54.67005157470703,23.411089846756056,0.2837052152905068,-1.4034282552785113,-0.9102852689051948,1.4683395624160767,1.3138911724090576,336.84698486328125,0.5183291435241699,1
24778,242.90496826171875,54.860076904296875,15.912347986729689,0.28359126512671295,-0.9499144186868786,-0.3514706727487227,-100.0,-100.0,-100.0,1.0193393230438232,6
36096,243.4940948486328,54.84904098510742,33.68642968899405,0.28326083841616373,-2.4836076629393378,-2.083869307436097,1.2414441108703613,1.2412983179092407,197.70816040039062,1.9722543954849243,2
6258,243.0646514892578,54.75096893310547,24.461122271390522,0.28323822958385914,-1.4436477795563807,-0.9975519656478555,4.099667549133301,3.120349168777466,145.6905517578125,0.24640017747879028,1
1474,242.48129272460938,54.553226470947266,29.930102193308045,0.28283840424577655,-1.8869924529212116,-1.5613850796937945,2.842388868331909,0.8937761783599854,235.75021362304688,0.11796741932630539,1
17603,242.33633422851562,54.89946746826172,12.285031186930624,0.2827815171308326,-0.8492174089217462,-0.2961974209271961,4.763801097869873,1.0993515253067017,341.98260498046875,0.600890040397644,1
16568,242.63182067871094,55.6596794128418,36.6960226488734,0.28192641103367255,-3.0107878521499143,-2.5340334676162866,-100.0,-100.0,-100.0,0.57808518409729,6
38148,242.38296508789062,54.690731048583984,22.538743096702497,0.2816121440925018,-1.492653921497885,-0.8351306784849314,2.301752805709839,2.3007848262786865,262.1534423828125,2.3331010341644287,2
1564,242.10311889648438,55.573673248291016,35.461383418024504,0.28157054702332424,-2.5140355190820594,-2.3922265860056253,2.7063934803009033,2.443251609802246,336.14105224609375,0.07757826894521713,1
14907,242.2018585205078,54.755008697509766,21.937581365118522,0.2808899159865488,-1.3047053770733734,-0.7986545483231835,2.3293051719665527,2.318960189819336,359.9785461425781,0.516198456287384,1
18914,243.46615600585938,55.02513885498047,30.48614559690388,0.28086674550472895,-1.954363783511904,-1.5379450781475124,-100.0,-100.0,-100.0,0.724892795085907,6
4602,243.2788543701172,55.20010757446289,25.623457658715218,0.28082268983347725,-1.5245474308063613,-1.1009688729290583,2.7809531688690186,2.4477548599243164,322.2987976074219,0.18424348533153534,1
23848,242.52894592285156,54.6329231262207,25.014580767346523,0.280787900482691,-1.564562460451652,-1.043496149241135,2.3854639530181885,1.9989278316497803,183.33006286621094,0.9038065075874329,1
8116,242.2581024169922,55.4030647277832,23.948791522224877,0.2802671531735107,-1.414172611447478,-0.9545598137257998,3.1346654891967773,0.8780224919319153,43.344154357910156,0.31431540846824646,1
30331,242.15133666992188,55.50826644897461,31.226896206766643,0.28003775810874765,-2.1686301063602955,-1.725210384105047,2.606764078140259,2.2727363109588623,74.614501953125,1.493985652923584,2
17657,242.54364013671875,54.703407287597656,20.761081536347238,0.2800206911687614,-1.2430201228566367,-0.7164816453111374,1.2291256189346313,1.051382303237915,290.1405944824219,0.5766802430152893,1
13411,243.14476013183594,55.28977966308594,24.1469583845613,0.2796743658933247,-1.449630350442483,-0.9705879217066662,4.029223442077637,0.8073784112930298,129.66502380371094,0.4643634259700775,1
2801,242.88327026367188,55.288150787353516,17.7194271602976,0.2793270973070036,-1.01188144998002,-0.5353381928906658,2.7670578956604004,1.8320353031158447,331.94659423828125,0.17401544749736786,1
34723,241.73756408691406,54.76577377319336,33.669306573692,0.2792704459125646,-2.2893771303353216,-1.9933207670700546,-100.0,-100.0,-100.0,2.0036280155181885,6
8284,243.6453399658203,55.15071487426758,37.064538813189984,0.279094636148889,-2.764621998599481,-2.701977014740197,3.651238441467285,3.6383883953094482,257.77789306640625,0.27552568912506104,1
24588,242.32958984375,55.05501937866211,8.629981751495722,0.27886977123015677,-0.7828160655514657,-0.18921962323990096,3.100125789642334,1.2123709917068481,296.36968994140625,0.9490707516670227,1
34635,243.0562744140625,55.47248077392578,30.182111069209675,0.2783745046794099,-1.561283847077429,-1.4994880538095978,-100.0,-100.0,-100.0,1.9248466491699219,4
6361,241.67649841308594,55.1573600769043,31.70526614130541,0.2781034125189439,-2.094814503949959,-1.7936096649461695,3.3661632537841797,3.3632240295410156,133.37033081054688,0.2706137001514435,1
28491,241.83950805664062,54.8765869140625,27.534277112440495,0.2780263269841132,-1.2755409621357559,-1.1958188665661633,-100.0,-100.0,-100.0,1.4283033609390259,6
2713,242.26419067382812,55.04957962036133,10.870463218902932,0.27794674997955654,-0.7416988362139244,-0.25205136264904443,4.451462745666504,4.231192111968994,176.19882202148438,0.14272336661815643,1
8146,242.07627868652344,54.78449630737305,23.53146610905369,0.27777833658577966,-1.384316970404351,-0.9204792533385046,1.304027795791626,1.2908475399017334,162.20669555664062,0.2965652644634247,1
9976,242.2248077392578,54.7314338684082,22.652953485210475,0.2771583548964729,-1.3305370918232842,-0.8515622982724574,3.893253803253174,1.0267776250839233,266.7859802246094,0.35592639446258545,1
21110,242.1206817626953,54.849388122558594,19.852100792126862,0.27676997722536645,-0.9397966442590606,-0.5658931183110342,-100.0,-100.0,-100.0,0.7766085267066956,5
5984,242.56410217285156,54.977779388427734,4.296783793173481,0.27642190578371784,-0.6253165902419583,-0.11713573403874025,3.2509124279022217,0.6503236293792725,1.0549449920654297,0.2533160448074341,1
2912,243.2120361328125,54.761932373046875,27.764742433353085,0.2756824627919598,-1.694272008204777,-1.313247709399123,7.386792182922363,2.5198543071746826,250.9268798828125,0.1281714141368866,1
4344,242.65536499023438,55.0675048828125,2.80918182142901,0.2755452521501763,-0.6032374422649046,-0.10325146110491841,4.151306629180908,0.838674783706665,280.31597900390625,0.1968805342912674,1
30284,243.1978759765625,55.41206741333008,30.355266164821742,0.2751938044100575,-2.079298598114683,-1.6113127713448714,1.400618076324463,1.3566935062408447,166.72250366210938,1.3042960166931152,2
30033,242.93222045898438,54.91429901123047,14.553315843514408,0.27482366761596716,-1.0069834674940166,-0.3795403436768087,1.9705947637557983,1.0041557550430298,41.292972564697266,1.4471030235290527,2
17627,242.74790954589844,55.27679443359375,14.836341848952507,0.27476401429844194,-0.9446096046964134,-0.3951219646904981,1.9705740213394165,1.5342097282409668,185.58517456054688,0.5974575281143188,1
2861,242.0261993408203,55.19961929321289,21.058939049135674,0.27470145087359094,-1.1973456500063397,-0.7377246439818257,8.485963821411133,1.75569748878479,180.94276428222656,0.16771237552165985,1
1549,241.92543029785156,55.49335861206055,34.82551159903346,0.2746736132783466,-2.432770047189009,-2.279116832705141,6.423223495483398,2.323202133178711,150.75439453125,0.09418626874685287,1
17550,242.79745483398438,55.114654541015625,8.436390010808179,0.2743667086344551,-0.742719483757024,-0.186642777972618,1.432286024093628,0.3299371302127838,83.33155822753906,0.616968035697937,1
7883,242.76708984375,54.93256759643555,9.481300702834886,0.2739467064386905,-0.7276665832477791,-0.21290899878336506,2.0782649517059326,1.9976298809051514,129.0996551513672,0.2981998026371002,1
502,243.1382598876953,55.47643280029297,31.97026273365848,0.27352753449846295,-2.0878550492027768,-1.8305498822964719,3.441844940185547,3.3815109729766846,269.5942687988281,0.039579831063747406,1
18781,242.63809204101562,54.711727142333984,20.32064079393066,0.27334640659755516,-1.2220906093691766,-0.6872101647984481,2.543889284133911,2.1371545791625977,273.81182861328125,0.6746756434440613,1
4727,241.7064971923828,55.3362922668457,34.54697321198262,0.273108419166787,-2.415769207915383,-2.2313872947623445,2.585866689682007,2.360351800918579,283.996826171875,0.1828760951757431,1
13673,242.68470764160156,54.62390899658203,25.745398901760076,0.2729267913524252,-1.7280439143775217,-1.0190572084260159,-100.0,-100.0,-100.0,0.4895884692668915,6
30017,242.8334197998047,55.215309143066406,13.233880568012154,0.27273420653885777,-0.9563467774759112,-0.32682689176088686,0.8906958103179932,0.47112730145454407,103.33637237548828,1.3384729623794556,2
11766,243.1802520751953,54.83280563354492,24.398107570878846,0.271733697795219,-1.4610292093657709,-0.9918117374033159,2.4295220375061035,2.3046908378601074,259.45501708984375,0.39492088556289673,1
18737,242.26504516601562,54.845542907714844,16.33461900710395,0.27146539381864593,-1.0151738695567067,-0.46332979071421154,1.538793683052063,1.2523273229599,172.47152709960938,0.6536937355995178,1
28250,242.3424835205078,54.83696746826172,15.124898049934517,0.27104986857187485,-1.0820200052305504,-0.31580922623654273,-100.0,-100.0,-100.0,1.377610445022583,5
8214,241.68731689453125,55.130165100097656,31.054127216488816,0.2706226121066802,-2.0339129858526834,-1.7051570990575424,2.4725282192230225,2.4634575843811035,3.615446090698242,0.291573166847229,1
6052,242.62429809570312,55.239105224609375,11.518293862032145,0.27057611470650583,-0.7776569969859829,-0.27192732749860876,2.5749640464782715,1.3129723072052002,279.76934814453125,0.24788032472133636,1
26611,243.46881103515625,54.71984100341797,36.46334541399263,0.27021517801098316,-2.7637614998521722,-2.579589082887637,1.583796501159668,0.8477842807769775,208.06552124023438,1.0947842597961426,1
28106,242.3724365234375,55.06480026245117,7.212697677550491,0.26997456274717796,-0.7732674806231304,-0.15716901322450694,1.3898568153381348,1.3777328729629517,209.35693359375,1.1904165744781494,1
37074,242.65158081054688,55.18742370605469,8.669536123090928,0.2696716975202837,-0.8706313097522147,-0.18398894789789752,1.5585180521011353,0.9661898612976074,134.48373413085938,2.158224582672119,2
588,243.00381469726562,55.716827392578125,42.60140424104303,0.2696488721697091,-3.6289233628208244,-4.133550961400627,2.8155109882354736,2.0475635528564453,123.76278686523438,0.054287854582071304,1
14987,242.58786010742188,55.54405975341797,29.718055755671855,0.26895497335231355,-1.927384377015788,-1.5349334475377536,0.9510764479637146,0.8794518113136292,279.0627746582031,0.5175608992576599,1
4548,242.10311889648438,54.74323654174805,24.643777938056477,0.26893763714647206,-1.4492480888161643,-1.0133644953331553,5.419747829437256,1.6170579195022583,83.57901000976562,0.1896785944700241,1
34408,241.9281005859375,55.084442138671875,22.51466501662219,0.2686579023213617,-1.4545420469912387,-0.834681340436238,1.8490208387374878,1.1256654262542725,332.9752502441406,1.8537399768829346,2
8322,242.68072509765625,55.723114013671875,40.604324702296644,0.26835180632870725,-3.314123260316386,-3.540383838697159,2.5925889015197754,2.585343837738037,94.13128662109375,0.3083617389202118,1
30553,241.6903839111328,54.827117919921875,33.43681206005751,0.26789585704286195,-2.4137337527269764,-2.0465164159767015,2.9168431758880615,2.8908793926239014,236.99990844726562,1.3175586462020874,3
35920,242.3640594482422,54.79240036010742,17.096704615803887,0.2665649025336514,-1.1581934369790443,-0.49507991846007315,2.417259693145752,1.2647032737731934,303.6691589355469,1.9763818979263306,2
8041,243.03956604003906,54.765865325927734,23.215208021001846,0.2664604202657974,-1.3618658255888365,-0.8951990669829278,2.559189558029175,1.8870536088943481,44.26614761352539,0.32298988103866577,1
23974,242.90213012695312,55.18016815185547,13.565043279773638,0.26637921687840926,-0.7392500689506221,-0.25134285204848283,-100.0,-100.0,-100.0,0.9471813440322876,6
115,241.9108428955078,54.50135803222656,40.19651623032696,0.26634584764639263,-3.192645308078425,-3.4293718222740353,5.547801971435547,3.1824889183044434,156.29957580566406,0.030756467953324318,1
19877,242.4989471435547,55.08319091796875,3.479060734598111,0.2662675125531803,-0.6746597466847765,-0.10685922224208964,1.8913195133209229,1.7909449338912964,244.048828125,0.712530255317688,1
4552,241.8071746826172,54.9207878112793,27.70711632517394,0.26577158809055307,-1.6977484396269147,-1.307175987437456,5.783755302429199,1.6590666770935059,305.0268249511719,0.22007279098033905,1
3038,243.29115295410156,54.58161926269531,37.27426448874996,0.26575802609733934,-2.7699266874529687,-2.745350148287171,3.975773334503174,3.7835817337036133,251.5484619140625,0.13597749173641205,1
35954,242.08209228515625,55.07657241821289,17.204732682783067,0.2654958912809499,-1.162495326413022,-0.500208142917924,2.301499366760254,1.9547895193099976,79.6046142578125,2.0935611724853516,2
438,242.96446228027344,54.914188385009766,15.492882463172146,0.26523072474902304,-0.8885213704292964,-0.4245990308275805,3.1945013999938965,3.188124179840088,8.142328262329102,0.0432809442281723,1
39290,242.84608459472656,55.78797149658203,45.2647721211047,0.26504015777543755,-4.110871416714951,-5.0187447841295825,-100.0,-100.0,-100.0,2.922964096069336,4
13517,242.7484588623047,54.38824462890625,40.05734565347268,0.2649659606195181,-3.2432413822971307,-3.3941773226052447,2.388744831085205,2.054084062576294,201.89669799804688,0.45615532994270325,1
1422,243.05856323242188,55.358455657958984,24.763619554415133,0.26490076309414823,-1.4403360616558256,-1.023565029858812,2.834638833999634,2.4566895961761475,206.51043701171875,0.10367704927921295,1
11575,242.92282104492188,55.04328536987305,11.773856955486329,0.2647377927091316,-0.8079484733746486,-0.28005515491290656,0.8174668550491333,0.7931653261184692,228.55166625976562,0.38164710998535156,1
1316,242.69483947753906,54.76819610595703,17.29108327074521,0.26465658143654186,-0.9812616256199318,-0.5124797823535638,2.3405911922454834,2.2703471183776855,161.0071258544922,0.08298539370298386,1
17910,241.9682159423828,55.388916015625,29.25027525568804,0.2643719536201936,-1.8422274384374948,-1.3864104093194254,-100.0,-100.0,-100.0,0.6671726107597351,6
32524,242.7279052734375,54.535888671875,31.193188445266454,0.26420420553151663,-2.178450445788652,-1.7192018771945954,2.1164493560791016,1.1413226127624512,48.14732360839844,1.6211892366409302,2
38777,242.32492065429688,54.872276306152344,13.770615422145971,0.2634586664783837,-1.0453269159309413,-0.34129486422489047,1.8702865839004517,1.1965405941009521,32.40580749511719,2.690669298171997,2
30802,242.54881286621094,55.05365753173828,1.1259159752911923,0.26327288312258595,-0.8406866031972264,-0.0017153089481997009,-100.0,-100.0,-100.0,1.6874887943267822,6
80,242.98812866210938,54.890708923339844,16.943817003244586,0.262528484842595,-0.9460610336457085,-0.49320432848089985,3.141324043273926,2.997194766998291,279.2159729003906,0.024222927168011665,1
27177,242.85377502441406,54.57048416137695,30.213752733547658,0.2624210085288184,-1.759572062214212,-1.5035006861937452,-100.0,-100.0,-100.0,1.2460895776748657,6
13474,241.70468139648438,55.06846618652344,30.117916940563198,0.2623254194236894,-1.9602283986758784,-1.5842735376867716,1.6675394773483276,1.5534497499465942,90.50434112548828,0.4276261627674103,1
30136,242.186767578125,54.748600006103516,22.557920887991354,0.2621961125179007,-1.4319125495844411,-0.8405901715634064,1.0896179676055908,1.0145727396011353,30.99843978881836,1.3111153841018677,2
18883,242.09657287597656,54.41288375854492,41.67370788108297,0.26208979235984947,-3.3604105750926125,-3.7517354169688772,-100.0,-100.0,-100.0,0.7216914892196655,4
20038,242.0418701171875,55.55411911010742,35.46410685574182,0.2610112137399011,-2.5991254160997945,-2.3914274034960394,2.5213897228240967,0.6140015721321106,350.5571594238281,0.6828594207763672,1
3154,242.7521514892578,54.32954788208008,43.562635297764565,0.26073966084616246,-3.8367010064492852,-4.459716344529743,8.234984397888184,2.2324984073638916,299.22637939453125,0.1628275364637375,1
9857,242.75389099121094,55.307594299316406,16.627242273137636,0.26073727319163265,-0.9903226911330906,-0.4785482255790635,2.6253256797790527,2.4394571781158447,343.61602783203125,0.34185537695884705,1
39744,242.8042755126953,55.41505432128906,23.272820247110687,0.2605489319895071,-1.577117333460869,-0.8875870533402309,2.424919366836548,1.3081763982772827,277.7254638671875,3.1733241081237793,2
29950,242.6167755126953,55.03446578979492,1.5157284785709881,0.260463172465947,-0.7233318920912055,-0.0903090569256554,2.1234710216522217,1.6743050813674927,114.86420440673828,1.457617998123169,2
26565,242.6825408935547,54.61728286743164,26.12893853051721,0.26032831647211463,-1.661969764443148,-1.1457975659094173,1.337052822113037,1.244974136352539,161.88714599609375,1.032657504081726,1
1362,242.74649047851562,54.774139404296875,17.445088411953588,0.26031756681389207,-0.988627838664111,-0.5204603738390683,2.400272846221924,0.9769843220710754,333.91082763671875,0.10931731760501862,1
441,242.05384826660156,55.09467697143555,18.29852937412593,0.2594019934194684,-1.0216358831274743,-0.5664376292832298,1.8433805704116821,0.8525620698928833,177.19744873046875,0.07153409719467163,1
1527,241.7271728515625,55.37924575805664,35.30213644984,0.2589518232764866,-2.4931913315425747,-2.363296480552283,3.891298770904541,2.870978355407715,142.1441192626953,0.09573059529066086,1
34259,242.94529724121094,55.19482421875,15.280389609829731,0.25875367381893544,-1.0623622656673155,-0.40823589150058615,1.0923410654067993,0.9473690986633301,105.64273071289062,1.865604043006897,2
26809,242.65501403808594,54.517459869384766,31.98325605745338,0.2586717481816588,-1.979869217769568,-1.7396317660139515,-100.0,-100.0,-100.0,1.1228867769241333,6
19946,242.71389770507812,55.27552795410156,14.353427245849065,0.25853381901104494,-0.9353087075313516,-0.37376946103460496,1.1994460821151733,1.1286859512329102,71.43807983398438,0.6928998231887817,1
38256,242.5731964111328,54.68368911743164,21.90669151607814,0.2584646671237771,-1.0071790048550477,-0.7039348432240927,-100.0,-100.0,-100.0,2.569577693939209,4
4711,243.064697265625,55.558509826660156,34.76931126793472,0.25775820272397665,-2.4432111980796787,-2.269374805370126,2.2555196285247803,1.68472158908844,127.66533660888672,0.18675638735294342,1
24662,243.6054229736328,55.100887298583984,35.346649927407306,0.25753371568743916,-2.610534513914766,-2.3696725570751953,0.9402612447738647,0.8699067234992981,169.9028778076172,0.9614164233207703,1
32431,241.89231872558594,55.0489387512207,23.652588321996877,0.256597256512136,-1.5209681246541855,-0.9249058972972947,1.7136296033859253,1.0138453245162964,73.40644073486328,1.5558284521102905,2
4605,241.96917724609375,55.32528305053711,26.714111392598547,0.2565099200562626,-1.613117445242086,-1.2054449926027773,2.3020846843719482,2.1779472827911377,276.8560791015625,0.18905851244926453,1
3163,241.3308563232422,55.27726364135742,44.968973083023116,0.25625267011179875,-4.131403061283049,-4.991482042658765,2.9675629138946533,0.6109215021133423,262.6652526855469,0.15948297083377838,1
34319,242.77227783203125,55.39809036254883,21.962948461221988,0.2560395193372883,-1.4183337983436812,-0.7941276094368888,1.0500094890594482,1.0019762516021729,201.1563262939453,1.8805357217788696,2
36218,243.0105743408203,54.78889465332031,21.520810520212823,0.25562997496385015,-1.174195837227114,-0.6764256507984451,-100.0,-100.0,-100.0,2.2078781127929688,5
34918,242.71319580078125,54.321861267089844,43.85727686899421,0.2548014165614818,-3.8625622797516135,-4.471391579249074,-100.0,-100.0,-100.0,2.069214105606079,6
30536,241.96597290039062,55.699127197265625,44.288504910918924,0.2544044532983221,-4.127531991185596,-4.722427253126968,5.55418586730957,2.8114731311798096,179.19216918945312,1.3970142602920532,2
30139,242.38380432128906,54.66584777832031,23.958408233252207,0.2541432311127404,-1.5287411498326124,-0.9509593579695927,2.0365827083587646,1.3972053527832031,15.00955581665039,1.4369604587554932,2
14917,243.07394409179688,54.74454879760742,24.962392478923014,0.2540721492677703,-1.5160080720305467,-1.0402732731159858,1.33626127243042,1.3255348205566406,8.485479354858398,0.5048613548278809,1
18670,242.41563415527344,55.17439270019531,9.423193025285897,0.253823388306068,-0.7707268926253944,-0.2098489732467592,2.176828622817993,0.6252792477607727,81.29454040527344,0.6601029634475708,1
13251,242.42652893066406,55.08934020996094,5.821001195095404,0.2533062047542837,-0.6739966954578183,-0.13700580145476143,2.5739970207214355,0.6252394318580627,141.57789611816406,0.43956220149993896,1
11814,242.99032592773438,55.454708099365234,28.10136050435016,0.25322503125105467,-1.7625604111444608,-1.34904262785222,1.0922588109970093,1.0531007051467896,275.3792724609375,0.4141542315483093,1
38238,242.9381866455078,55.174861907958984,14.420844216968764,0.25296955685386047,-1.0612165320686848,-0.3687532353024849,0.6239275336265564,0.6170156598091125,325.8461608886719,2.4928150177001953,3
24628,243.1623992919922,54.798702239990234,25.055229245540705,0.2527714349570513,-1.5715528124931475,-1.0465447848515845,2.4145050048828125,1.2796152830123901,228.6561279296875,0.9573478102684021,1
35802,242.508056640625,54.864845275878906,11.314157431861734,0.2524629094358799,-0.9305810114126822,-0.2574968904340972,1.3914018869400024,0.8680689334869385,88.02452087402344,1.951270580291748,2
24556,242.59530639648438,54.96708297729492,4.928236134587377,0.2523674715141025,-0.7164717402195508,-0.12209094078072427,1.465317964553833,1.3199498653411865,251.55703735351562,0.9349645972251892,1
30414,243.49295043945312,55.369876861572266,36.70220652579559,0.25206235058929694,-2.8297296994643872,-2.625112660573039,3.1262412071228027,3.1038029193878174,303.4321594238281,1.3861180543899536,2
39254,242.22921752929688,54.67876052856445,25.2977339712893,0.2518190907673853,-1.7101646922718843,-1.0610716808275324,2.077655792236328,1.1490607261657715,27.250213623046875,2.838057041168213,2
2727,242.78656005859375,55.25732421875,14.370241208921616,0.25140752676672556,-0.8617987946367663,-0.37646988519198554,3.5034217834472656,1.311829686164856,78.58940887451172,0.1720365434885025,1
22162,243.6702880859375,55.26321029663086,39.51337311910875,0.25140312887639876,-3.165628323049071,-3.1623751097602666,-100.0,-100.0,-100.0,0.8359926342964172,6
16437,242.61834716796875,55.48815155029297,26.394304527389917,0.25120764937734574,-1.6357046261281325,-1.1729898606062308,2.933793306350708,0.9695343971252441,108.43008422851562,0.5440943837165833,1
3104,241.5441131591797,55.413265228271484,41.66015959248419,0.25099428030760884,-3.4744510499756216,-3.841483025566144,4.372926712036133,2.5717933177948,20.453710556030273,0.16332878172397614,1
28480,242.52243041992188,55.207332611083984,9.719276469679398,0.25099322176241756,-0.6173570820485809,-0.12645546097236743,-100.0,-100.0,-100.0,1.4768128395080566,6
32478,242.67967224121094,54.620059967041016,25.95054776963979,0.25096540589330824,-1.6933334908447684,-1.1255490855793027,1.5895448923110962,0.9748736023902893,93.84178161621094,1.6585206985473633,2
27154,242.4390411376953,54.9423942565918,8.026716537485173,0.25035422950841235,-1.1000095892904755,-0.0857307166228662,-100.0,-100.0,-100.0,1.229556679725647,6
100,242.93161010742188,54.47458267211914,36.53352276692199,0.2503317281177347,-2.6387134198698807,-2.5936965625107766,6.39063835144043,4.597650051116943,196.4431915283203,0.019454345107078552,1
32232,242.9988555908203,55.0850830078125,14.539534799656906,0.24979073213745928,-1.0191363292468578,-0.37731507432196854,0.9913985729217529,0.9494400024414062,212.3509521484375,1.6693496704101562,2
9793,242.34107971191406,55.20267105102539,12.356909184257578,0.2496457616921488,-0.818866115839327,-0.2993244537285585,1.4368568658828735,1.3962546586990356,89.29352569580078,0.3502335250377655,1
14738,242.95492553710938,55.055999755859375,12.87808758883154,0.2494745783167,-0.8576550101453373,-0.31771084886381973,1.2680879831314087,0.9220553040504456,73.15357971191406,0.48431655764579773,1
17642,241.8435821533203,55.09049987792969,25.438101283050347,0.2492852637740262,-1.5658245129010593,-1.0829959737748462,0.9401810765266418,0.6232603192329407,262.9284973144531,0.617897629737854,1
32602,242.07403564453125,54.557891845703125,34.266321964786705,0.24914726329152476,-2.5261476417128024,-2.179320026315096,2.7709310054779053,1.3855435848236084,208.79190063476562,1.5533692836761475,2
7906,242.843994140625,54.832061767578125,15.861392297930685,0.2491181360804224,-0.9477920219987894,-0.44166086275352223,1.3141496181488037,1.2442253828048706,97.13784790039062,0.316867858171463,1
14886,242.07723999023438,54.824195861816406,21.963946472779,0.24874944400066404,-1.3060804008541465,-0.8004244256560474,2.518627643585205,0.537538468837738,62.73038864135742,0.47861576080322266,1
3157,241.70484924316406,54.524330139160156,43.678234422630965,0.24870115433128057,-3.8600027206389864,-4.500816818301356,6.330030918121338,1.4382251501083374,183.12158203125,0.13034656643867493,1
30085,243.17913818359375,54.95186233520508,21.408418642279557,0.24861106684337833,-1.3566865216872859,-0.7570067912622144,1.5544753074645996,1.345964789390564,7.634038925170898,1.321534276008606,2
24924,242.76219177246094,55.437801361083984,24.155162750312257,0.24820071283657508,-1.5999955206907022,-0.8786147073710016,-100.0,-100.0,-100.0,1.0495322942733765,6
1868,243.84947204589844,55.17511749267578,44.205287925107015,0.24809386072209647,-4.459887090924814,-4.600013329032065,-100.0,-100.0,-100.0,0.1345049887895584,6
2954,242.51795959472656,54.51936340332031,31.83828665947187,0.24771957223237392,-2.0930506823950146,-1.812477825703014,2.345453977584839,2.2738218307495117,30.24012565612793,0.1375417560338974,1
9990,242.0135955810547,55.36881637573242,27.30058346426704,0.24756412693719662,-1.6854272567584854,-1.2643195284687736,2.3846042156219482,0.5195260643959045,255.2962646484375,0.3413476049900055,1
8022,243.13815307617188,54.795013427734375,24.528317537694107,0.24732928772229834,-1.4559711663522907,-1.0030438635172438,1.589847445487976,1.5843836069107056,113.22561645507812,0.3214772045612335,1
11375,242.76414489746094,54.99835205078125,7.005308609770797,0.2466311793625853,-0.6872929879890498,-0.15727411281055803,1.652569055557251,1.39397394657135,329.5812683105469,0.39272236824035645,1
6120,242.4804229736328,55.374267578125,19.827323135271524,0.24660584210044348,-1.1408974477529443,-0.6572673439923056,3.3712446689605713,0.8265036344528198,119.77286529541016,0.2503211796283722,1
35813,242.97276306152344,55.13185119628906,14.36366223472791,0.24653932758054395,-1.0385178930125134,-0.36869736550269483,2.4450128078460693,1.5302343368530273,183.26722717285156,1.9847153425216675,2
32191,242.70895385742188,54.88663101196289,10.68829280480258,0.24648420612750718,-0.8860749313859559,-0.23981998408940572,1.7945436239242554,1.3422465324401855,329.3136291503906,1.6749796867370605,2
5945,242.22213745117188,55.07673645019531,12.425412025098362,0.2463296134791193,-0.8070278265977447,-0.3022820821200965,2.079558849334717,1.5537161827087402,317.15521240234375,0.2630844712257385,1
32425,243.12355041503906,55.289825439453125,23.570558407097415,0.24604701881403526,-1.5155331813685566,-0.9185350013706199,1.3153644800186157,1.2811508178710938,4.228963851928711,1.5044621229171753,2
26929,241.8793487548828,54.97981643676758,24.471505670369105,0.24581817410886936,-1.5588146921076966,-0.9054662521335977,-100.0,-100.0,-100.0,1.1708332300186157,6
30409,241.6529998779297,55.306053161621094,35.326952020768594,0.245601584756019,-2.6454264266479774,-2.3640507044089842,2.1472716331481934,1.2316244840621948,180.91787719726562,1.4872610569000244,2
9706,242.71363830566406,54.98861312866211,5.832909190510051,0.24560030502800206,-0.6604929059387401,-0.13736420148352815,5.488234519958496,1.3599690198898315,146.8001708984375,0.3543406128883362,1
13338,242.1573486328125,55.32356262207031,21.951521565594614,0.2448899326348227,-1.2984151164979245,-0.7995247648733438,2.2571749687194824,0.49997851252555847,91.1778564453125,0.4264773428440094,1
9933,242.42391967773438,54.627262115478516,25.862693512281485,0.24475686764296364,-1.5660298681309048,-1.122692343236623,1.5005662441253662,0.8219534158706665,314.5008850097656,0.34417834877967834,1
32745,243.1873779296875,54.921234130859375,22.252351607477152,0.24475174220484275,-0.576878046547022,-0.729036250089315,-100.0,-100.0,-100.0,1.7083762884140015,4
510,242.04371643066406,55.49869155883789,32.63814658749089,0.24473954553716953,-2.1618307646472528,-1.9274514541187606,2.5728843212127686,2.127462863922119,90.86997985839844,0.07458627969026566,1
32086,242.3782958984375,54.98293685913086,7.997797192527124,0.24456101442004274,-0.8199148503064138,-0.17188134595074128,0.9638627767562866,0.8125719428062439,193.473876953125,1.569462776184082,2
32744,242.53378295898438,54.488094329833984,33.67969355392889,0.2444146211469187,-1.9698819131108176,-1.9950078871953094,-100.0,-100.0,-100.0,1.7220755815505981,4
32289,242.01284790039062,54.93037796020508,20.789934030521763,0.24385523640790727,-1.3327098570249107,-0.7137734060309271,1.3750555515289307,0.9703412055969238,251.91041564941406,1.6920435428619385,2
29900,242.62391662597656,54.92559814453125,7.5407238733283775,0.2436929469668315,-0.79582844607408,-0.16302126539824746,1.1299482583999634,0.8312930464744568,44.802589416503906,1.30152428150177,2
35912,242.17640686035156,55.284542083740234,19.79499998786291,0.24356822323166402,-1.299306847834253,-0.647819050920134,1.0677552223205566,1.0569777488708496,54.91936492919922,2.028012990951538,2
4308,242.87379455566406,54.901126861572266,13.43610025185938,0.2434128981485147,-0.8345807517103679,-0.3393472080380748,6.094023704528809,1.7774584293365479,88.42406463623047,0.19939038157463074,1
7806,242.85780334472656,55.100765228271484,10.025055142502278,0.24340689881092498,-0.7417293247537239,-0.2273006366952389,2.6526687145233154,0.5445824861526489,103.72123718261719,0.28241467475891113,1
37170,242.78189086914062,54.77628707885742,17.764405179659335,0.24320784157564906,-1.2011562075804412,-0.5287938172130862,1.321876883506775,1.2449957132339478,142.26385498046875,2.1014537811279297,2
32612,242.6936798095703,54.49102020263672,33.69410721154395,0.24310594002658745,-2.4564414011334126,-2.0853883800754054,2.0921058654785156,1.7594677209854126,309.9488525390625,1.5302050113677979,2
26810,241.55055236816406,55.4621696472168,43.07445514522715,0.24305159673525742,-3.9131099470338477,-4.197004458245818,-100.0,-100.0,-100.0,1.2243143320083618,6
21012,243.39749145507812,55.07851028442383,28.13020818267072,0.24302861519958135,-1.8078184010889617,-1.3511909147124983,2.0906856060028076,1.32644522190094,17.648849487304688,0.7392905354499817,1
38127,242.87557983398438,54.70279312133789,23.12441285751108,0.24276583406962945,-1.53020579120256,-0.8790699200628851,1.1057673692703247,1.105072021484375,166.63710021972656,2.31719970703125,2
13655,242.59754943847656,54.402740478515625,38.76671156929064,0.24242567221356734,-3.3782586192545816,-2.98195427253664,-100.0,-100.0,-100.0,0.4866974651813507,6
28102,242.04730224609375,55.09476089477539,18.521603235705612,0.2422744223703047,-1.1736977921376388,-0.5752590553801046,0.9562108516693115,0.4639934301376343,170.84109497070312,1.1625746488571167,1
24593,242.8824005126953,54.79499816894531,18.446143580646886,0.24214516800686764,-1.1486456052709715,-0.5724367820855918,1.4366333484649658,0.4034422039985657,155.60211181640625,0.9679741263389587,1
8189,242.12559509277344,55.507904052734375,31.630642972063157,0.24205952643315987,-2.0947258528074393,-1.7832994555548656,1.2529864311218262,1.1759600639343262,53.94226837158203,0.28675875067710876,1
30091,243.19468688964844,55.161033630371094,22.133253124155004,0.24188688402594635,-1.402257032626373,-0.8084131794178631,0.7696309685707092,0.7049428224563599,182.2520294189453,1.4129596948623657,2
8142,243.06973266601562,54.69490432739258,27.132256922103206,0.24188156180507817,-1.6633657868627998,-1.2469767307992983,2.1494762897491455,2.1439578533172607,225.4451141357422,0.2854817807674408,1
30143,243.34463500976562,54.94013214111328,27.09854253094454,0.2417891034259357,-1.7762760671308635,-1.2400205820830568,2.437908411026001,1.957326054573059,121.9730453491211,1.4589052200317383,2
35775,242.3592987060547,55.005340576171875,8.039608731648231,0.2416986610193781,-0.8456620634113466,-0.17082704952364858,2.269447088241577,1.7930577993392944,100.52833557128906,2.083111047744751,2
30258,242.7657012939453,54.55912399291992,30.06957731575762,0.24168052475017843,-2.048850944753026,-1.5745486684586145,1.1370340585708618,0.6547806859016418,355.7545471191406,1.3374269008636475,2
6196,241.9770050048828,55.243404388427734,23.759122770557415,0.24141911237840477,-1.392139661225357,-0.9387031671526123,3.267270088195801,3.1994693279266357,254.3191680908203,0.23049071431159973,1
10061,243.24728393554688,55.513336181640625,36.00282396306886,0.24132785766866674,-2.6262670129991976,-2.492595793771375,1.8796683549880981,1.8794997930526733,143.19871520996094,0.34125444293022156,1
21895,242.33807373046875,54.84874725341797,14.621661989902957,0.24117232841427608,-0.9570200185306578,-0.3847689773025984,3.895364761352539,0.9489489793777466,92.2623291015625,0.8226286172866821,1
4252,242.79978942871094,54.88084030151367,12.594130790349123,0.24096203430076088,-0.804606614898198,-0.30824647056070464,2.419550895690918,2.415400743484497,206.9675750732422,0.17869603633880615,1
8465,242.99307250976562,55.26314926147461,19.118690729308753,0.24093076929806745,-0.968010466957301,-0.5212768935230212,-100.0,-100.0,-100.0,0.37069326639175415,6
38219,241.84835815429688,54.58673095703125,37.5373532494145,0.24054032025630076,-3.0107085468354575,-2.7936352363407426,2.3948028087615967,1.3295146226882935,359.957763671875,2.4499523639678955,2
18673,242.33204650878906,55.18862533569336,11.960412645803578,0.2405331960172176,-0.8439108801714074,-0.2848121032950273,1.1215064525604248,0.976136326789856,88.4309310913086,0.6277261972427368,1
4760,242.92800903320312,55.67235565185547,39.24740872959928,0.24036918273601643,-3.0751927015558365,-3.1905266966479586,2.431500196456909,1.7908283472061157,144.1751251220703,0.2210221290588379,1
37436,242.16958618164062,55.557857513427734,33.613765860419015,0.23983758108981193,-2.2563725549282316,-1.9844544621581997,-100.0,-100.0,-100.0,2.321038007736206,6
24557,242.63253784179688,55.1260871887207,4.971615005424673,0.23951308624699638,-0.7153668139270215,-0.12197825799678702,1.8212896585464478,1.8047630786895752,79.78382873535156,0.9624172449111938,1
6109,242.30421447753906,55.25753402709961,15.702427184417239,0.23928565710485744,-0.9337626391387124,-0.43468626437009256,2.1643049716949463,1.2941802740097046,103.17432403564453,0.2729138135910034,1
6017,242.56558227539062,54.88071060180664,10.096957431549242,0.239246963830143,-0.7357853041618241,-0.2293258422802175,0.9517284035682678,0.6489616632461548,184.05267333984375,0.24695776402950287,1
32867,242.6921844482422,55.47177505493164,25.665832961247396,0.23921763660641548,-1.3971244350970777,-1.0116701182108707,-100.0,-100.0,-100.0,1.846652626991272,6
13179,242.9192657470703,55.137901306152344,12.803445676242392,0.2392096181227309,-0.8481059958245667,-0.3148898442323447,1.5408357381820679,1.432832956314087,291.37939453125,0.44838669896125793,1
11664,242.0296173095703,54.976890563964844,19.43498507832492,0.23916297608559062,-1.1400725203044888,-0.6324867586599999,1.3330448865890503,1.0691306591033936,209.2738494873047,0.3899148106575012,1
16438,241.92694091796875,54.751407623291016,28.75156497710853,0.23886326950937492,-1.8410470475629959,-1.4208512618435252,1.3700296878814697,1.0121651887893677,64.67788696289062,0.5518589615821838,1
24894,242.0225067138672,55.59541702270508,37.92744187082622,0.23873039701720827,-3.108016493237895,-2.7916390959879918,-100.0,-100.0,-100.0,1.0330384969711304,6
1653,243.7616424560547,55.37289810180664,44.86916508795345,0.23869757083726997,-4.1002685005438755,-4.95112186020878,6.68959903717041,1.8713037967681885,285.8621826171875,0.12205350399017334,1
22179,243.30810546875,55.26237106323242,28.04429310689341,0.23867123431901272,-1.7164555863505093,-1.250253523853671,-100.0,-100.0,-100.0,0.8335596919059753,6
6645,243.2385711669922,54.927703857421875,23.791860338841293,0.23832526709301732,-1.3593806912356183,-0.8485825800950857,-100.0,-100.0,-100.0,0.2806064784526825,6
35943,242.283447265625,55.34695053100586,20.579240242451835,0.23816160852702536,-1.3422426923478479,-0.6967658268290197,1.4694744348526,1.1028927564620972,203.29522705078125,1.9669067859649658,2
37095,242.56915283203125,55.159324645996094,6.644182143446176,0.23790838327988387,-0.8263545045020544,-0.14089257411837178,0.909976065158844,0.9079424738883972,229.64224243164062,2.1702237129211426,2
11728,242.81704711914062,54.67869567871094,23.66025020815774,0.2378342974574288,-1.4076231451103254,-0.9305620751740108,1.3642784357070923,1.2909499406814575,96.29156494140625,0.39384546875953674,1
29933,242.58294677734375,54.81047058105469,14.298634899140204,0.23769981570494778,-0.9954428756887177,-0.3681986084618347,1.7538107633590698,0.8806207776069641,300.879150390625,1.3326361179351807,2
38742,242.8921661376953,55.027103424072266,10.796250387891225,0.23763750249154986,-0.9454069739852042,-0.2384914902623564,1.5743478536605835,0.8061596751213074,278.4444580078125,2.583401918411255,2
4514,242.0178680419922,55.299747467041016,24.460830341664774,0.23750581551005387,-1.4353608861673195,-0.9975167352572935,2.6117665767669678,1.0562337636947632,95.16683959960938,0.20759829878807068,1
11579,242.83689880371094,54.85264587402344,14.716251832717745,0.2374316669728935,-0.9138227114436154,-0.39049194267493537,2.286316156387329,0.5414892435073853,122.53266143798828,0.40857669711112976,1
38136,243.11837768554688,55.17841339111328,20.032005510998058,0.2373102333310003,-1.334400066424796,-0.6608400355110196,3.4142251014709473,1.7238942384719849,61.41408920288086,2.303401231765747,2
32647,243.606201171875,54.6781005859375,41.82395458223199,0.23719404912036224,-3.659815632026174,-3.8867711405465513,3.2596018314361572,2.2483949661254883,9.509868621826172,1.6043074131011963,2
4528,242.33790588378906,54.63233947753906,26.35401136508754,0.23712078468029898,-1.5829653919079982,-1.1699526328590582,2.116842746734619,1.5444601774215698,189.1572723388672,0.2130645364522934,1
30214,242.10470581054688,54.73124694824219,25.149322480149877,0.23694103179653248,-1.6162484180469432,-1.0528893765870897,1.7430007457733154,1.0596034526824951,178.83303833007812,1.4445552825927734,2
31091,242.2407989501953,54.716548919677734,23.125192181524884,0.23628566891132516,-1.483276786670179,-0.8826267674195195,2.6242098808288574,0.6783819198608398,289.2686462402344,1.5275335311889648,1
22992,242.87509155273438,55.51259231567383,29.59446615378992,0.23623202576763824,-1.954621261628573,-1.5186657183075303,2.2562520503997803,1.570375680923462,47.128257751464844,0.8621268272399902,1
9742,242.19784545898438,54.952919006347656,14.36802113232388,0.2360602810233327,-0.8924254814800654,-0.37581560742349035,1.4456255435943604,1.4406352043151855,341.9375305175781,0.3343062102794647,1
26382,242.81578063964844,54.95268249511719,9.94155665309777,0.23574327993007138,-0.8197031597319123,-0.22210156655088437,1.914318561553955,1.611246109008789,262.9049072265625,0.9829866886138916,1
18910,242.8611602783203,55.571144104003906,32.775133255765354,0.23570650004447546,-2.4783192060465367,-1.855011432792165,-100.0,-100.0,-100.0,0.7207595705986023,6
6164,243.18710327148438,55.165157318115234,21.961827628975296,0.23555472969633862,-1.2704156847932668,-0.8007194713430422,2.410790205001831,1.4955939054489136,224.79348754882812,0.24334804713726044,1
13220,242.47084045410156,55.257537841796875,13.07712178620894,0.235302116468644,-0.8576287058063301,-0.3248797420126233,1.7200753688812256,1.3411574363708496,111.37218475341797,0.47327497601509094,1
4453,242.03915405273438,54.860862731933594,21.792471601533705,0.2352330170520303,-1.2513569235543818,-0.7886361733138728,3.27622652053833,2.940969467163086,160.29490661621094,0.1821037083864212,1
29005,242.0449676513672,55.16079330444336,19.57024100529341,0.23518411798612632,-1.2459062283851776,-0.6359767397130959,1.5105270147323608,1.2456638813018799,120.3026123046875,1.3815449476242065,1
21048,242.2941131591797,55.597900390625,34.36662471419506,0.23514661039767945,-2.4659264613940715,-2.1994346910743867,2.6318349838256836,0.754069447517395,148.70956420898438,0.7443394064903259,1
16488,243.55926513671875,55.02965545654297,33.67207987557694,0.23512196141463737,-2.3587304530579334,-2.086199267327932,1.5887786149978638,0.9358949661254883,150.5701141357422,0.5587823987007141,1
18709,242.421630859375,54.7569580078125,18.34625963055427,0.2348991753146404,-1.1126448283292205,-0.5680942222068643,1.4068307876586914,1.3652746677398682,240.08465576171875,0.6347216963768005,1
11463,242.36065673828125,55.0903434753418,7.951969065456222,0.23487133777088454,-0.7055982269663259,-0.1760941586126174,2.5802366733551025,1.2038785219192505,210.56405639648438,0.37989357113838196,1
11366,242.29698181152344,55.038509368896484,9.764049612794116,0.2348467214219844,-0.7485483632623282,-0.21972783803799925,1.1116304397583008,1.0660258531570435,254.5021514892578,0.3844332695007324,1
22911,242.55039978027344,54.855812072753906,11.624069632050587,0.2347403878537328,-0.8543131685967221,-0.2729192039744146,1.7541625499725342,1.7520114183425903,56.51787567138672,0.8691377639770508,1
39355,242.49151611328125,55.332244873046875,17.278656111234305,0.23447841208493925,-1.1399639195077107,-0.4188877593456864,-100.0,-100.0,-100.0,3.043855667114258,6
30377,243.4813690185547,55.34415817260742,35.5805743166582,0.23445701420020446,-2.678055481793912,-2.4100389897709946,1.8905571699142456,1.6594332456588745,325.5390625,1.4849570989608765,2
30008,242.9933319091797,55.286842346191406,20.10590306946887,0.23427853511881783,-1.2772160277105906,-0.6698436323967999,1.718713641166687,0.903329074382782,258.4477844238281,1.4388103485107422,2
21980,241.9639129638672,55.358680725097656,28.131067739537478,0.23393772255708592,-1.8132575797025559,-1.3511155690868855,3.631864309310913,1.5142885446548462,121.3631362915039,0.8075600266456604,1
4669,243.39114379882812,55.40927505493164,35.176074670445274,0.23350017031749362,-2.494898607983902,-2.3408324753840644,3.465161085128784,1.156779170036316,307.6886901855469,0.20572084188461304,1
2842,242.86839294433594,55.45399475097656,26.231570079015945,0.2334861616367596,-1.5646563001281286,-1.158231003127488,1.5124160051345825,1.4991114139556885,275.5189208984375,0.1432959884405136,1
22923,242.58871459960938,54.76418685913086,17.07778115985974,0.23338798331392238,-1.0696454663855475,-0.49883872463615925,2.6038694381713867,2.1265957355499268,11.050529479980469,0.8701901435852051,1
1245,242.8924560546875,55.202754974365234,14.139672613850635,0.23240611402595424,-0.8433445888207429,-0.36684708819515516,0.9926547408103943,0.8007375597953796,13.808526992797852,0.1201946884393692,1
13502,243.01824951171875,55.619747161865234,37.37443799795697,0.2321489531239862,-2.829499071077964,-2.765740019294384,2.334498405456543,1.2939374446868896,100.78350830078125,0.4400412440299988,1
32330,242.7906036376953,55.397804260253906,22.142267607385293,0.23184427893867846,-1.417372265546227,-0.8082889043658215,1.143526315689087,0.6454954147338867,187.2759552001953,1.6059647798538208,2
1306,242.9783477783203,54.744239807128906,22.85511300667129,0.23166152336828788,-1.303846237225519,-0.8673922109215447,4.305037498474121,2.0796899795532227,259.5322570800781,0.08064702898263931,1
36383,242.04034423828125,54.389015197753906,43.78739769353194,0.23163001277136108,-4.08989869332519,-4.446109306903897,-100.0,-100.0,-100.0,2.1639597415924072,6
13477,243.63185119628906,55.13652801513672,36.48171124834069,0.2312457895886925,-2.7044083681021487,-2.5844082391871166,1.8225176334381104,1.073524832725525,234.57398986816406,0.4691876769065857,1
21883,242.38290405273438,54.854061126708984,13.521050301857267,0.23123613941170854,-0.9142640555415855,-0.3403112019328958,1.2916362285614014,0.4576781988143921,322.9677429199219,0.7990472316741943,1
1430,242.39576721191406,55.53261184692383,29.707808948947182,0.23101489537598266,-1.864607656626213,-1.533947138773753,2.29825758934021,1.1069740056991577,217.04161071777344,0.11895958334207535,1
36105,242.34951782226562,54.42125701904297,38.49157479084989,0.2307581254315712,-3.1290423035258,-3.0055497969769602,1.8872300386428833,1.2667657136917114,80.48472595214844,1.9290224313735962,2
16250,242.3285675048828,55.04218673706055,8.667398631940628,0.23075073311109254,-0.7409871615209974,-0.1917864761882985,1.3070225715637207,1.2054661512374878,207.37046813964844,0.5678390264511108,1
6344,243.1167449951172,54.57183837890625,34.0990962183321,0.23071303608142726,-2.368582017230508,-2.1562067541839434,1.5823637247085571,1.5276199579238892,323.4225769042969,0.23696593940258026,1
20981,242.37393188476562,54.6967887878418,22.290202555392572,0.23046700929743869,-1.3556305192216862,-0.8230829219994859,1.3335669040679932,1.3125303983688354,150.86322021484375,0.7382047176361084,1
11642,242.22314453125,55.333251953125,21.00219798603441,0.2302024221909369,-1.2318811883319152,-0.7331744949503411,1.39693021774292,1.386183738708496,263.52569580078125,0.40224263072013855,1
6352,241.97947692871094,54.61465072631836,33.31361071900896,0.2300702344706087,-2.2751850168966077,-2.0304300479013064,3.700779438018799,1.2978615760803223,237.25181579589844,0.26592639088630676,1
25009,243.69924926757812,55.382564544677734,43.215875868034615,0.22986888028456517,-3.8872293854347273,-4.245077727230843,-100.0,-100.0,-100.0,1.0193448066711426,6
4566,243.0762939453125,55.48595428466797,31.230716896793748,0.22967469776608543,-2.0368434039133505,-1.7289924172075841,3.1778459548950195,3.0499370098114014,127.0545654296875,0.2163051813840866,1
26972,242.9661865234375,54.86772918701172,17.163845951987167,0.2294838068448233,-0.8812064230126208,-0.4129502698426017,-100.0,-100.0,-100.0,1.1234599351882935,6
22023,243.08326721191406,54.364051818847656,44.62804911662825,0.22943433242884856,-4.145164342425931,-4.85477695071579,4.858330726623535,1.818507432937622,319.945556640625,0.7980474233627319,1
4590,243.3373260498047,55.26177978515625,28.923376267624818,0.22937670796852186,-1.8075409039798274,-1.4413645348483295,1.8609286546707153,1.362539291381836,234.06869506835938,0.19216223061084747,1
14696,242.3615264892578,55.266998291015625,15.091308500151685,0.22936291743564635,-0.9423282136776907,-0.4063052790206454,1.8410593271255493,1.0472966432571411,193.39723205566406,0.4952813386917114,1
13316,242.63035583496094,55.395606994628906,20.879799778502587,0.2287544506081157,-1.2306201628987532,-0.724571325360423,0.7356184124946594,0.646287202835083,233.6162872314453,0.47362372279167175,1
39790,243.01206970214844,55.42892837524414,27.171184970797594,0.22854421828424396,-1.6843412073371968,-1.1582029008560515,-100.0,-100.0,-100.0,3.497933864593506,6
3125,241.63638305664062,54.55259704589844,44.184868329777345,0.2284564602145634,-3.96368198885342,-4.686109030654633,2.1538991928100586,0.7755563259124756,213.22393798828125,0.16698424518108368,1
6245,242.72561645507812,55.47258758544922,25.90853233820499,0.22828912911413368,-1.5549254925187856,-1.1272653045279206,2.777635097503662,1.1434237957000732,79.7908706665039,0.25663328170776367,1
30350,242.3975372314453,55.630184173583984,35.43832990977038,0.22826655897567139,-2.6586707634840745,-2.38366611630522,0.9692825675010681,0.7804934978485107,305.33563232421875,1.3830313682556152,2
11742,243.30746459960938,54.79002380371094,29.487989215528575,0.22808979512005953,-1.891618036389373,-1.5073812744005037,1.6807743310928345,1.0335590839385986,317.9604797363281,0.4235711693763733,1
11873,242.5823516845703,55.649208068847656,36.0259336051651,0.22802625533394497,-2.6359704211553447,-2.496560682620742,4.369683742523193,1.307309627532959,242.69570922851562,0.41315534710884094,1
17621,242.8892059326172,54.69393539428711,23.810021531591815,0.22768090710618108,-1.443437763456345,-0.9419253879572234,2.1321988105773926,1.5376503467559814,117.99574279785156,0.6022543907165527,1
26237,242.57826232910156,55.08368682861328,2.0959405854514905,0.22721549684360143,-0.6946188298559982,-0.0955177803857423,1.9776320457458496,1.314483404159546,205.61770629882812,0.9933183193206787,1
20118,242.6094207763672,55.79191207885742,44.59903182194981,0.2271540474197879,-4.156829888499046,-4.75066270784514,-100.0,-100.0,-100.0,0.7266579270362854,6
16403,243.21563720703125,55.262855529785156,25.280979649655237,0.22702569270760167,-1.5467041428225408,-1.0685350222545382,0.769878089427948,0.44670581817626953,293.8769836425781,0.5499115586280823,1
26463,242.90066528320312,54.81974792480469,17.62608986853748,0.22678578157134596,-1.1104097161275999,-0.5267060070550821,0.9325270652770996,0.9077208042144775,149.58375549316406,1.0640207529067993,1
1337,243.2328643798828,55.19937515258789,24.138225764456656,0.22675350798249813,-1.3938503464755618,-0.9700540137307749,4.107244968414307,2.6605677604675293,291.26190185546875,0.10838496685028076,1
13674,242.82159423828125,54.71578598022461,21.64385782911896,0.22650500363268808,-1.1458016637291615,-0.685112770720162,-100.0,-100.0,-100.0,0.4987901449203491,6
1528,241.8673858642578,55.53196334838867,37.86751827265028,0.22650403263428778,-2.846670356835884,-2.871945942158842,2.921907901763916,2.540607213973999,56.24347686767578,0.11314987391233444,1
1830,243.0131072998047,55.189720153808594,17.08525738576468,0.22637657835245378,-0.9300211696835315,-0.4089584355256355,-100.0,-100.0,-100.0,0.14056424796581268,6
30134,243.25657653808594,55.305599212646484,27.822631384974493,0.22636743589312638,-1.8384713716485739,-1.3153749320585242,2.1719861030578613,1.1131864786148071,359.1539611816406,1.4509769678115845,2
8091,243.3548583984375,55.224212646484375,28.569991664088686,0.2262958172719105,-1.7910327053473671,-1.4012355185568985,3.095640182495117,3.095564603805542,327.2561950683594,0.32237300276756287,1
26549,242.813720703125,55.460384368896484,25.952785951735436,0.22615429153886907,-1.6468953498434766,-1.1287236263218852,1.6799776554107666,1.509039044380188,144.67088317871094,0.9791151881217957,1
4190,242.8394775390625,55.08195877075195,9.119975644902157,0.2258328460251977,-0.7027975802535849,-0.20383706561479112,1.5430335998535156,1.4493677616119385,140.6962432861328,0.2169654816389084,1
35969,242.3190460205078,55.39265441894531,22.488696387814155,0.22558895297660816,-1.4634900425253572,-0.8312106669144759,1.449141263961792,1.1434742212295532,193.27981567382812,2.060107946395874,2
35815,242.65223693847656,54.75847244262695,17.593455895572816,0.22531203640769742,-1.1807556024922286,-0.5203049657661825,1.6774721145629883,1.029789686203003,305.0891418457031,1.9904232025146484,2
30271,242.46092224121094,54.51664352416992,32.19470051549995,0.2252586414364806,-2.2700594656836226,-1.8585684520879227,1.6639512777328491,1.661118507385254,333.9805908203125,1.3412343263626099,2
8072,243.091796875,54.72949981689453,26.045572794403967,0.22510055282847358,-1.5732696593191242,-1.1400085202506367,4.245365619659424,1.0289863348007202,272.0789794921875,0.2912752330303192,1
13498,241.6972198486328,55.473716735839844,39.521064762196744,0.22504380030138327,-3.15539519524528,-3.2573400047649748,3.406214714050293,0.9651852250099182,143.83120727539062,0.4282658100128174,1
4800,242.6523895263672,55.795921325683594,44.895554996559724,0.22492732281576636,-4.123871568004004,-4.9618445492564565,5.678922176361084,1.1363861560821533,294.9975891113281,0.18968722224235535,1
35903,242.83604431152344,54.721214294433594,21.54272207181985,0.22487397701238088,-1.4041145209756647,-0.7634701024200098,1.5201764106750488,0.9101435542106628,163.47116088867188,2.0106453895568848,2
17613,242.70111083984375,55.392330169677734,21.022829995667273,0.22484081348205806,-1.2575355860736417,-0.7334807890170404,2.308250665664673,0.7648559808731079,205.47445678710938,0.5872469544410706,1
8140,243.35826110839844,55.322479248046875,31.29835711325114,0.22474621386329396,-2.059332099123565,-1.7377693594096366,2.2084012031555176,2.0533156394958496,230.02297973632812,0.3158130943775177,1
32450,241.81361389160156,55.077789306640625,26.40578715506401,0.22464161303789795,-1.730756682712722,-1.1693138531631293,2.183687448501587,1.153471827507019,246.66864013671875,1.6650246381759644,2
34151,242.3682403564453,54.822364807128906,15.428791126933794,0.2243019181304463,-1.068702683473646,-0.4149029472803209,0.954655110836029,0.6949193477630615,97.33483123779297,1.7561956644058228,2
7748,243.00633239746094,55.0687141418457,14.684103471088564,0.22426627799245458,-0.8979754864254375,-0.3891890328043605,3.505811929702759,1.6892518997192383,234.927001953125,0.28735974431037903,1
18703,242.0471649169922,55.02226638793945,18.405126275422823,0.2242524136466593,-1.1157677484874942,-0.5713779072548463,0.824938952922821,0.6459767818450928,268.080322265625,0.6349467039108276,1
30080,243.1531524658203,54.98537063598633,20.06504890996113,0.22422707418827836,-1.2751340469520132,-0.6674519015143029,2.029280662536621,1.5007613897323608,347.47198486328125,1.304042100906372,2
27067,241.58688354492188,55.14066696166992,34.554551041192454,0.22407056995607458,-2.5916309372087944,-2.139260787064507,-100.0,-100.0,-100.0,1.2526966333389282,6
6386,243.53921508789062,54.84506607055664,35.22736961975792,0.22406204830676138,-2.5092325345769217,-2.3498497571516888,4.521666049957275,4.249475479125977,211.6714324951172,0.23880693316459656,1
2542,242.60916137695312,55.04207229614258,1.0660081772901777,0.22404549795603843,-0.5855609995452513,-0.09422065589828144,2.3408594131469727,2.3199753761291504,230.86695861816406,0.1397775411605835,1
7876,242.58258056640625,54.7520751953125,17.802250283679466,0.2239511280008396,-1.0397125425288558,-0.5393356032468948,2.262042760848999,1.9421576261520386,44.255760192871094,0.3123405873775482,1
11820,241.5845947265625,55.17399597167969,34.99225570560905,0.22388631330768793,-2.5011400267982697,-2.3077563061202575,1.8037630319595337,1.1439582109451294,104.87574768066406,0.4151107966899872,1
7896,242.4141082763672,55.37107849121094,20.159050103451225,0.22375549866102334,-1.167228608796789,-0.677999436779861,2.945263385772705,1.0892304182052612,179.49728393554688,0.2843884527683258,1
1378,243.20672607421875,54.745121002197266,28.264194167035292,0.22375397889289814,-1.7296848722026144,-1.3673160002400255,3.105947732925415,3.1019551753997803,343.47998046875,0.09234444051980972,1
407,242.3854522705078,54.77560806274414,17.716212986548513,0.22372345742337463,-0.9916117709288899,-0.5344078996508194,1.8783305883407593,1.2787035703659058,248.0471649169922,0.06520335376262665,1
11770,242.39781188964844,54.59059143066406,28.206727938735007,0.22346481754707895,-1.7721734064524637,-1.3605469517509257,2.759263753890991,2.0241925716400146,276.8676452636719,0.3898146450519562,1
1480,243.54391479492188,54.86018371582031,35.070373109547155,0.222924861448672,-2.4635949853457704,-2.321956367642848,2.2289862632751465,0.6909027695655823,232.77394104003906,0.11908631771802902,1
38900,242.1200714111328,55.73033905029297,43.799883486896405,0.22291182600574647,-4.210757121604335,-4.450594945056465,-100.0,-100.0,-100.0,2.7736082077026367,6
7922,242.8898162841797,55.23670196533203,15.481844947592421,0.2228571773800397,-0.9311532508175602,-0.42418819435087707,1.980098843574524,1.8572344779968262,177.644287109375,0.321262001991272,1
11517,242.22415161132812,55.303165435791016,19.54474619253826,0.22277734882737457,-1.1463781533185138,-0.6393474666508421,1.572921872138977,1.5287127494812012,64.2974853515625,0.37859851121902466,1
8018,243.09104919433594,54.698551177978516,27.42794236974978,0.2227300690260942,-1.6885814207121912,-1.2774166499325585,1.7545192241668701,1.740860104560852,36.23951721191406,0.31049999594688416,1
7825,242.81893920898438,54.934043884277344,10.71375687158284,0.22239882731830038,-0.7607185143536895,-0.2468655572038137,1.670167088508606,1.1169476509094238,190.12716674804688,0.3024987578392029,1
16504,243.2239227294922,54.512210845947266,39.14332648596602,0.2221561807234215,-3.1085231246405374,-3.164550441755443,5.0271100997924805,1.2865694761276245,215.70684814453125,0.5704555511474609,1
32443,242.74891662597656,54.57988357543945,28.730216432531627,0.22197189759613462,-1.9342993726209168,-1.41422023842723,2.1750853061676025,1.604490876197815,23.964014053344727,1.6767336130142212,2
30573,242.5412139892578,54.59896469116211,27.022769499747888,0.22191802044618847,-1.6164585466836896,-1.1430609552043767,-100.0,-100.0,-100.0,1.6007699966430664,4
11544,242.9214324951172,55.30325698852539,19.2259653952062,0.2217541129089845,-1.1282737981779856,-0.6198203875973393,1.8827487230300903,0.4290211498737335,334.6082763671875,0.40084850788116455,1
7951,242.22055053710938,54.72294235229492,23.161988221424988,0.2217114959501405,-1.3579456757145822,-0.8909756183601596,3.904193162918091,0.8854279518127441,148.9000244140625,0.3172542452812195,1
1193,242.370361328125,55.04258728027344,7.2311971313829,0.22170180309918494,-0.643872441913435,-0.1619953880169939,1.089146614074707,0.9902122020721436,232.8245849609375,0.1138286292552948,1
16361,242.37646484375,55.422882080078125,23.50607390176983,0.22169716249968807,-1.4152984707736216,-0.9172927953662181,1.4295110702514648,1.395290732383728,42.82685089111328,0.5726767182350159,1
9848,242.27809143066406,55.42762756347656,24.973674098739487,0.2215374772415154,-1.4966550971264923,-1.0416500494046483,1.2287163734436035,0.8747819662094116,281.6971740722656,0.36193934082984924,1
26583,242.5204315185547,54.545433044433594,30.27187260997051,0.22147341489672748,-2.0349019788258347,-1.601175010756959,2.201096534729004,2.200744152069092,194.32882690429688,1.031372308731079,1
27122,242.0009002685547,54.75196838378906,26.775061701302114,0.2213292819041241,-1.819498538244028,-1.1182612785662978,-100.0,-100.0,-100.0,1.1443325281143188,6
32182,242.28787231445312,54.889896392822266,13.871129201555208,0.22111729078620568,-0.991149304503926,-0.34921408103889784,1.8099961280822754,0.9059693217277527,71.51670837402344,1.6119903326034546,2
11554,242.37440490722656,54.817630767822266,15.58165826429023,0.22094876268193087,-0.9497309963251813,-0.42836059034079227,1.8969646692276,0.9245215654373169,125.03746032714844,0.4021114706993103,1
17718,242.23751831054688,55.62082290649414,36.262963156164204,0.220577939392289,-2.6936231721108754,-2.541464594842062,1.6390759944915771,0.3815922141075134,304.4439392089844,0.5979928970336914,1
34074,242.45249938964844,55.04529571533203,4.402937069975197,0.22036405347414914,-0.7729463463195668,-0.11097077921218101,0.9409952163696289,0.9227479696273804,83.92018127441406,1.8562095165252686,2
37232,242.5034942626953,55.57963180541992,31.959475984063495,0.22033028217133696,-2.2959194638088425,-1.821906224388362,1.7578333616256714,1.4415656328201294,89.69633483886719,2.2343239784240723,2
34303,243.3794403076172,54.994842529296875,27.671906421152087,0.22015337995407064,-1.8520001537819673,-1.2972314156851377,0.5304298996925354,0.5137699246406555,162.50917053222656,1.8031809329986572,2
23791,242.14366149902344,54.79886245727539,21.25211290367522,0.22014400969738032,-1.3040691190523468,-0.7481729175612689,2.207153558731079,2.09521222114563,270.83428955078125,0.8957870602607727,1
17656,242.57608032226562,54.56564712524414,28.988174454342793,0.21969436424458963,-1.869323533875426,-1.4479166910431587,2.0895614624023438,0.7811064720153809,306.7894287109375,0.6002766489982605,1
26681,242.633544921875,55.07394790649414,2.368608670070189,0.21921487431384515,-0.13767544564980527,-0.007337750496235689,-100.0,-100.0,-100.0,1.1730695962905884,4
10101,242.71060180664062,54.40108871459961,39.12209341362102,0.21903743356099134,-3.077928956733169,-3.1596088341923614,4.85088586807251,2.858156204223633,0.5423641204833984,0.33996903896331787,1
28455,242.22882080078125,54.5994758605957,29.571092950341317,0.21878738782232582,-1.8357409329194696,-1.4245271013224483,-100.0,-100.0,-100.0,1.4909950494766235,6
38158,243.3458709716797,54.79646301269531,30.425997044312986,0.21875962068385568,-2.145817295643154,-1.6150599762071527,2.892535448074341,2.284945249557495,255.8471221923828,2.479550361633301,2
32544,241.8173370361328,55.43712615966797,34.989443664775344,0.2185694109018187,-2.616154746893049,-2.3030515504244042,2.0117287635803223,1.9376051425933838,74.97370910644531,1.570369005203247,2
28562,242.95010375976562,54.9282341003418,14.637064777408156,0.21841202744210877,-1.0243705327945232,-0.294758313034849,-100.0,-100.0,-100.0,1.4305936098098755,6
30533,243.6006317138672,55.523555755615234,45.01706275659031,0.21829902104512655,-4.282026117222608,-5.007278440387655,2.791480779647827,2.7787609100341797,339.8332214355469,1.3780090808868408,2
23160,243.07598876953125,55.54875183105469,34.44431143229602,0.21828645944997083,-2.973632769963604,-2.1206253224085905,-100.0,-100.0,-100.0,0.8938650488853455,6
8123,242.8134307861328,55.53536605834961,30.260906033737086,0.21820077777190847,-1.952690341861415,-1.6023179011348976,5.807077884674072,1.1770994663238525,19.038619995117188,0.27981194853782654,1
3321,243.16603088378906,54.99802780151367,20.369795150502764,0.21796260895908212,-1.2761767555607473,-0.5988040792914037,-100.0,-100.0,-100.0,0.21515250205993652,6
27208,242.79763793945312,55.4093017578125,22.87255445967248,0.21766575159975016,-1.5447815590068188,-0.7757542676162565,-100.0,-100.0,-100.0,1.249718427658081,6
37149,242.66929626464844,55.43083572387695,23.124162310177756,0.21761591283118978,-1.5197993188539405,-0.8799769761495368,4.296902656555176,4.296864986419678,343.4395751953125,2.1290037631988525,2
13166,242.82568359375,54.85404586791992,14.419270809851781,0.21759793215925055,-0.9085634917286637,-0.3777466251435727,1.6629735231399536,0.9211716651916504,171.79759216308594,0.44551676511764526,1
22884,242.47091674804688,55.367897033691406,19.510917161030214,0.21731077279888716,-1.1970360030548328,-0.6356360254798662,1.7991547584533691,1.7400342226028442,178.90960693359375,0.8704526424407959,1
15153,242.52340698242188,54.47212219238281,34.65557397834328,0.21684378999406764,-2.138158079885954,-2.156490213509777,-100.0,-100.0,-100.0,0.5454915165901184,6
409,242.95846557617188,54.778629302978516,20.80142035092487,0.21672804752163924,-1.1615346300143152,-0.7195662130874205,1.3708199262619019,0.8877241611480713,297.10601806640625,0.04507908970117569,1
27072,243.8004608154297,55.182098388671875,42.622271770079344,0.21655244497982926,-3.992172840373329,-4.047112162689014,-100.0,-100.0,-100.0,1.2406541109085083,6
16489,243.233642578125,55.4888801574707,34.58087220457695,0.21644328766993642,-2.468614277860461,-2.2360280508239114,1.7262603044509888,1.187256097793579,191.97244262695312,0.5685828924179077,1
19847,242.79478454589844,55.090938568115234,7.786017094106718,0.21644048158752435,-0.7370350799171994,-0.17078228645167517,1.6543408632278442,1.5838708877563477,81.3529052734375,0.7225733399391174,1
2823,241.79759216308594,54.910587310791016,28.20136113684511,0.21636186687629488,-1.7333031574092013,-1.3604932833023757,3.826321840286255,1.9172616004943848,260.3228454589844,0.17054951190948486,1
23795,242.0951690673828,55.2295036315918,19.863422464631352,0.21633091019244308,-1.2211439487207434,-0.6569055279931918,3.2169370651245117,1.5188708305358887,40.966129302978516,0.8927011489868164,1
4813,241.35076904296875,54.832359313964844,44.32531797198892,0.2162301140205762,-4.00157701567326,-4.739028770327044,3.7791833877563477,3.7735846042633057,345.29034423828125,0.18850964307785034,1
17676,241.63775634765625,55.03818130493164,32.41300973584738,0.21610228791098232,-2.220103913894801,-1.8937269918883282,1.8234186172485352,1.7115882635116577,264.638427734375,0.606121838092804,1
34386,243.20867919921875,54.70816421508789,29.798103964809098,0.2155716342741956,-2.047464790129159,-1.5383835526467762,1.0988683700561523,1.042505145072937,177.38217163085938,1.875716209411621,2
8184,242.0246124267578,54.6009521484375,33.03118346166146,0.21543568001389923,-2.2499958992197464,-1.9868249629901333,2.0427186489105225,1.4253931045532227,189.83705139160156,0.27687397599220276,1
32536,241.69461059570312,54.84856033325195,32.803078461373445,0.2147351742197315,-2.3526388442675312,-1.9472206486135086,1.1002832651138306,1.0706582069396973,121.64688873291016,1.5112829208374023,2
5838,242.9296417236328,55.074920654296875,12.101063979262198,0.21440172993488976,-0.7957845626894197,-0.29098471291890526,2.3137266635894775,1.558544397354126,139.2758331298828,0.22770902514457703,1
30261,242.59266662597656,55.60259246826172,33.23155794249084,0.2143184786917848,-2.38724532259364,-2.0133042730421704,1.8578581809997559,1.5224997997283936,298.7076110839844,1.4844008684158325,2
34281,243.12698364257812,55.221153259277344,21.40943284675857,0.21425534137414595,-1.3821401206738682,-0.7544074234105699,2.138558864593506,1.2376447916030884,34.67679977416992,1.750760793685913,2
23755,242.8922119140625,55.17185592651367,13.00080437995296,0.21423690222671418,-0.9051256162191696,-0.32019977154589574,1.152934193611145,1.140622615814209,333.05389404296875,0.9014634490013123,1
6121,242.34007263183594,55.43265151977539,24.456160607971313,0.2141426274207317,-1.4429321676081694,-0.9969823127788748,1.311362624168396,1.1900808811187744,263.7922058105469,0.2686872184276581,1
1402,242.0193328857422,55.37736892700195,27.525050422248825,0.21410542531073581,-1.6637786183782428,-1.2877219226277974,1.3370590209960938,1.23215913772583,203.42559814453125,0.09531130641698837,1
34462,243.48226928710938,55.27159118652344,33.67864866995539,0.21313621088346243,-2.4679721373793626,-2.0822420465607445,1.6457622051239014,1.636696696281433,299.73114013671875,1.7914706468582153,2
20946,242.2681884765625,55.378944396972656,22.50967755687677,0.2128355875050655,-1.3703272251340146,-0.8394681641206987,3.1660573482513428,1.00935697555542,147.28863525390625,0.7729962468147278,1
11420,242.48204040527344,55.31234359741211,16.16935206096461,0.21281884900575937,-0.9756674959171435,-0.4558201896483341,2.7605457305908203,0.8852592706680298,192.30606079101562,0.3821119964122772,1
35736,242.26217651367188,55.026790618896484,11.021927927134998,0.2124718978383651,-0.9202782174891166,-0.2477620667992835,1.3325586318969727,0.7127268314361572,273.335205078125,2.0833325386047363,2
4386,242.25454711914062,54.754581451416016,20.928150984699528,0.212412389740015,-1.1974250757722058,-0.7286741078813334,2.0203373432159424,1.7265952825546265,82.74344635009766,0.2133627086877823,1
26263,242.5611572265625,55.109954833984375,3.729972131962349,0.21229293658988568,-0.7062574754019216,-0.10768325438351393,7.703213691711426,1.7106791734695435,236.55615234375,1.0102719068527222,1
29951,242.12164306640625,54.989219665527344,16.181418197408675,0.21214463049977425,-1.0753096699955542,-0.4521308059243122,1.5764387845993042,1.1544489860534668,203.11085510253906,1.401749610900879,2
35963,242.4149932861328,54.61080551147461,26.893171977270512,0.21212706930739733,-1.7969117036748006,-1.215997630815434,1.0340485572814941,0.9529091715812683,64.13870239257812,1.9716190099716187,2
18543,242.54486083984375,54.987144470214844,3.8952510583583226,0.21208939791748332,-0.6727619961692214,-0.11095864161804837,1.5273534059524536,1.3983978033065796,83.67797088623047,0.6522384881973267,1
8122,243.4408416748047,55.18216323852539,30.59020280925749,0.2119528237730153,-1.9856605323908827,-1.6441709212333637,1.9148024320602417,1.8882927894592285,358.43743896484375,0.27579590678215027,1
2620,242.10560607910156,54.83955764770508,20.624286348766706,0.2115472412921481,-1.1706536464038049,-0.7084467037281184,3.261129379272461,1.3947097063064575,266.6454772949219,0.16607773303985596,1
18876,241.7797393798828,55.59027099609375,42.459228399353705,0.21148350887761835,-3.5787157851601985,-3.9946110292915145,-100.0,-100.0,-100.0,0.7130699157714844,4
20147,241.953125,55.36859130859375,28.799992863825537,0.21110740790479315,-1.4309525434011054,-1.3342611438952563,-100.0,-100.0,-100.0,0.7376931309700012,6
34219,242.57241821289062,55.34508514404297,17.78062339547797,0.21105331424828,-1.1773350097034578,-0.5308042150818785,2.114257574081421,1.8578343391418457,103.22393798828125,1.7744349241256714,2
28377,243.33648681640625,55.0265998840332,26.028374812143692,0.21094691597153736,-1.7468444919383503,-1.0456297133231753,-100.0,-100.0,-100.0,1.3001830577850342,6
38186,242.96707153320312,54.54754638671875,32.91276844491669,0.2109327136144692,-2.4119509789789704,-1.9601858024652137,2.376337766647339,1.8158577680587769,174.10643005371094,2.418203592300415,2
7954,243.33709716796875,54.9437370300293,26.793957999585466,0.21018478408688704,-1.635025995531354,-1.2129750893113107,2.5842177867889404,1.5416806936264038,262.1835632324219,0.2798735201358795,1
28575,243.4081573486328,54.48717498779297,44.22884943757402,0.20990311875496626,-4.069162529809779,-4.608891163139715,-100.0,-100.0,-100.0,1.4393268823623657,6
396,243.1892547607422,55.068199157714844,20.953793812129085,0.20959947051059105,-1.1705701188494866,-0.7297282842413751,4.815707206726074,1.1299761533737183,312.0395202636719,0.06557242572307587,1
20957,242.36891174316406,55.39364242553711,21.921830081499078,0.20953265723504105,-1.3306874024512536,-0.7956979523998432,7.464550971984863,1.5426206588745117,171.17437744140625,0.7521334886550903,1
1330,241.85777282714844,54.88755416870117,26.70364655703872,0.20953120366935885,-1.5941168932391416,-1.2041202257774746,1.877299189567566,1.672993540763855,259.7254638671875,0.09042485803365707,1
30289,242.2752685546875,54.49277114868164,34.99242999865228,0.20941895048957432,-2.60258233587715,-2.3045644405391608,0.9615897536277771,0.9611235857009888,50.489471435546875,1.411749005317688,2
4413,242.49244689941406,54.71419906616211,20.303133665985687,0.20940345114931988,-1.159855821285061,-0.6873983967703388,1.0600296258926392,1.0479174852371216,6.894865036010742,0.2177179902791977,1
9639,242.5436248779297,54.73948287963867,18.601071613224295,0.20917777572129215,-1.087967186039844,-0.5835920920648291,1.6820793151855469,0.8916089534759521,79.50436401367188,0.3384436070919037,1
7888,241.90907287597656,54.959171295166016,23.719880088237236,0.2086526701563834,-1.3971935069971393,-0.9355046213049312,1.5673894882202148,1.5664455890655518,109.07484436035156,0.2859180271625519,1
11407,242.15594482421875,55.11088180541992,15.048486139886874,0.20858737394078705,-0.9269890205131374,-0.4045516305151027,0.7818080186843872,0.488524466753006,198.40896606445312,0.4114519953727722,1
26363,242.1593780517578,55.234798431396484,18.25028258522802,0.20856013186086067,-1.1426522956071572,-0.5609627473339909,2.1179299354553223,2.109998941421509,175.1007843017578,1.0725659132003784,1
18698,242.28367614746094,54.818790435791016,17.17756457995904,0.20844754557618536,-1.05253988752639,-0.5044736037349081,2.6192774772644043,1.9882359504699707,209.56326293945312,0.6306660175323486,1
38334,241.85720825195312,54.53293991088867,39.79764236348204,0.20822100888720071,-3.24228092451218,-3.2340354140278333,-100.0,-100.0,-100.0,2.5894789695739746,6
24814,243.2836151123047,54.72734069824219,30.997091121594835,0.2081268292171718,-1.9523054640686879,-1.6044495818892999,-100.0,-100.0,-100.0,1.0955462455749512,6
32079,242.88320922851562,54.99609375,10.882892175758682,0.20759492233267743,-0.8908185095981533,-0.2452487925424898,1.0680280923843384,0.921241044998169,82.91922760009766,1.6045552492141724,2
14800,242.04237365722656,55.29970932006836,23.80329532729311,0.20747627198652147,-1.4302014027468317,-0.9416019296051092,1.6320773363113403,1.328270673751831,23.480186462402344,0.4990119934082031,1
26842,242.69256591796875,55.72636413574219,40.83441423944428,0.20722312166388943,-3.9034764944378724,-3.509895306347087,-100.0,-100.0,-100.0,1.1535323858261108,6
10049,242.85842895507812,54.46585464477539,36.275332672630036,0.20706269919324433,-2.662393793466789,-2.544452101693827,2.5678043365478516,2.2611095905303955,235.28860473632812,0.3408888578414917,1
29893,242.23062133789062,55.27298355102539,18.020585528536138,0.20691042731152678,-1.1626601441987785,-0.5460330603206218,3.8872263431549072,2.296602964401245,313.05010986328125,1.3269232511520386,2
16323,242.0771026611328,55.155704498291016,18.43071806349971,0.20680536325625318,-1.1043309993537083,-0.5728016917494567,1.9180313348770142,0.8107212781906128,324.9378967285156,0.5730776190757751,1
18671,242.6405487060547,55.357975006103516,18.665688673389788,0.20665484719410118,-1.1279843568282253,-0.5856533583951624,1.364914059638977,0.8706057071685791,118.18997192382812,0.6387882828712463,1
1463,241.53663635253906,54.95729064941406,36.336122813531766,0.2065755151530161,-2.630087314808082,-2.5564679168123963,5.323217868804932,2.1068902015686035,184.8557891845703,0.08405399322509766,1
28073,242.1290740966797,55.26646041870117,20.24817855465196,0.20644469353925357,-1.269052423369878,-0.6793782256910922,0.7562806010246277,0.7517700791358948,26.41688346862793,1.2633438110351562,1
30187,243.26133728027344,55.39055633544922,31.041867454396797,0.20636993480707902,-2.1468643433665213,-1.699228744488766,2.1095781326293945,1.3626209497451782,33.98217010498047,1.4433761835098267,2
32975,243.8140869140625,55.0220832824707,42.44749854423623,0.2062635441427727,-3.636506620537903,-3.9908184672903433,-100.0,-100.0,-100.0,1.7622754573822021,6
6441,243.7255859375,54.84893035888672,41.24089133962783,0.2062494633686368,-3.4162041238462715,-3.7185466863976613,4.190147876739502,1.4969381093978882,191.5560760498047,0.2668014466762543,1
26542,242.3558349609375,55.501312255859375,28.216446240275527,0.2061481018704317,-1.8393441294898099,-1.3592113762533924,1.600893497467041,1.3194936513900757,150.4853973388672,1.0478922128677368,1
4667,242.8245849609375,55.66910171508789,38.13947383326991,0.20614600377744466,-2.9045224374795415,-2.9320015149756586,2.496924877166748,2.3267440795898438,10.723857879638672,0.1899966448545456,1
30267,243.53582763671875,55.21874237060547,34.31925804930195,0.20608750273403864,-2.517589897354265,-2.188666279555722,0.7292162775993347,0.7247843742370605,57.438926696777344,1.4360134601593018,2
26508,242.43597412109375,55.505977630615234,27.872826820890698,0.2060870905692095,-1.8088816416264948,-1.3220464810835872,1.3841795921325684,1.1319023370742798,338.6917724609375,1.0966029167175293,1
11406,242.9695281982422,54.87672805786133,16.91719586709361,0.20601495528960603,-1.0104244727936946,-0.49264852718383423,0.9577739238739014,0.9562963843345642,47.306358337402344,0.39125046133995056,1
28038,242.9267578125,54.95296859741211,13.231910620870288,0.20588004872266344,-0.9398991102784263,-0.3273306585751424,1.0660675764083862,1.036073088645935,113.05223083496094,1.185477614402771,1
4467,243.3180694580078,54.85630416870117,27.915627119766874,0.20583472902864278,-1.7159958633896801,-1.3293214807741636,2.281674861907959,2.259650230407715,268.5686950683594,0.18709681928157806,1
2641,242.3482208251953,54.783729553222656,17.805498022598186,0.20581814706056184,-1.0153147332631314,-0.539591409994961,2.2272119522094727,2.039907693862915,166.8619842529297,0.16201359033584595,1
26370,242.05043029785156,55.132652282714844,18.881869498943868,0.20580651691156113,-1.1758394278434925,-0.5969788280585236,1.277186393737793,1.1840728521347046,294.4468078613281,1.008844256401062,1
5803,242.74412536621094,55.07429504394531,5.829073304445042,0.205724616813542,-0.645231112381926,-0.1374511076393709,1.8101626634597778,0.39746084809303284,210.59640502929688,0.22681544721126556,1
9499,242.22190856933594,55.06235885620117,12.348641377488077,0.20568189464905762,-0.8184051068057431,-0.29894457415388065,0.9642149209976196,0.955125093460083,200.96200561523438,0.36132729053497314,1
38830,243.7221221923828,54.79058074951172,42.30675806181598,0.20554671713724743,-3.807244544125697,-4.03239554743101,1.803785800933838,1.2446390390396118,4.144935607910156,2.6279959678649902,2
21977,243.27796936035156,54.8798828125,26.075867843458433,0.20533039322059948,-1.6369087849301136,-1.140945921571065,2.8044252395629883,1.5247251987457275,10.042877197265625,0.7991330027580261,1
9365,242.48939514160156,55.126834869384766,5.631180655793622,0.20526998311626557,-0.6569848722602695,-0.13414237194360837,1.5905349254608154,1.5325928926467896,49.628761291503906,0.3420617878437042,1
34831,242.24349975585938,54.95806121826172,12.808758846112289,0.20526812788625365,-0.8552871885041382,-0.22310238422526038,-100.0,-100.0,-100.0,2.0761756896972656,6
22853,242.37063598632812,54.92012023925781,10.571851146254994,0.20491472593647128,-0.8225012870656361,-0.24037090670087816,2.023498773574829,1.9943631887435913,249.4705810546875,0.8596658706665039,1
4750,242.54319763183594,54.365753173828125,41.00175112620101,0.2049141649593512,-3.3655262696225754,-3.650159582876775,3.57304048538208,2.9250259399414062,36.115753173828125,0.2055840939283371,1
4137,243.0381622314453,55.02220153808594,15.818801125341935,0.20446401725983124,-0.9303550583148837,-0.43991764119696264,2.4039885997772217,0.8386683464050293,287.0706787109375,0.21968452632427216,1
4215,242.19882202148438,55.1200065612793,13.784925286041796,0.20414342981214129,-0.8472356041895699,-0.3526796917264188,2.1127452850341797,0.9370726943016052,146.97097778320312,0.20214003324508667,1
23823,242.1746826171875,55.38239669799805,24.363633388734424,0.204029317757776,-1.514366609822087,-0.9863664835679661,1.186495065689087,1.0052226781845093,31.156282424926758,0.9018717408180237,1
38645,242.39141845703125,55.048702239990234,6.497313812848301,0.20396769392341005,-0.8450566465082172,-0.13694807431405995,0.41814789175987244,0.3651620149612427,343.2353820800781,2.5275065898895264,2
4798,243.8923797607422,55.027469635009766,45.12427851198199,0.2037798320675528,-4.173885700023003,-5.0545349508986455,4.400873184204102,3.589902400970459,149.13494873046875,0.18438158929347992,1
22004,241.67376708984375,54.82659149169922,33.97562136437259,0.2036818456772226,-2.4232616235054425,-2.1343920970931176,2.2335903644561768,0.7645382881164551,28.49407196044922,0.8028634786605835,1
37427,242.88848876953125,54.88214874267578,14.578511191701235,0.2035895618493308,-0.9080825769944187,-0.2922402904810634,-100.0,-100.0,-100.0,2.3685731887817383,6
4071,242.66270446777344,54.92866516113281,7.743089236101785,0.20334612851251407,-0.6714954780102187,-0.17222172864999932,0.9170449376106262,0.35365933179855347,24.04229164123535,0.21163032948970795,1
28449,243.5533905029297,54.863216400146484,35.32055953697531,0.20321509417414146,-2.921281197930156,-2.2732370673120035,-100.0,-100.0,-100.0,1.386297345161438,6
30410,242.47296142578125,55.70590591430664,39.59762030396183,0.20321201350056647,-3.261933231207123,-3.273173231586403,1.7675187587738037,1.381090760231018,128.00660705566406,1.3078663349151611,2
34236,243.0221710205078,55.37995529174805,24.969386544219486,0.20305866979970735,-1.6293180960974163,-1.0348501875670848,1.4030297994613647,1.2150477170944214,74.30199432373047,1.8628240823745728,2
4108,242.46556091308594,55.184688568115234,9.057566403378253,0.20303381596514894,-0.7013457124211363,-0.20232915466315546,3.917710542678833,0.7941017746925354,60.01942443847656,0.18224208056926727,1
5770,242.66864013671875,55.1486930847168,6.716184913860497,0.20303307396188755,-0.6603890388678607,-0.15251226356006153,1.7998417615890503,0.7057926058769226,58.088836669921875,0.24029001593589783,1
34362,241.7916259765625,55.01157760620117,27.217926788224677,0.202957026436374,-1.8114165548339183,-1.2493842089335665,1.659867763519287,1.4018590450286865,146.5144500732422,1.8743782043457031,2
1404,243.35476684570312,55.3310432434082,31.46763650343469,0.20292283075414405,-2.0436156033137594,-1.7608287555776898,4.07102632522583,2.3178017139434814,78.04095458984375,0.12232348322868347,1
2676,242.91195678710938,54.69972229003906,23.86623065251503,0.2028327381097677,-1.383316055078734,-0.9475938707720328,1.3913540840148926,1.124145269393921,213.61070251464844,0.14240776002407074,1
32606,242.2505340576172,54.44584274291992,37.93719045629638,0.20278854409109073,-3.020773408616439,-2.8829428909217496,1.7808374166488647,1.7467401027679443,37.2239990234375,1.5419502258300781,2
4178,242.1158447265625,55.1145133972168,16.43663251133224,0.2026819549101534,-0.9584412129702324,-0.4694692670035034,3.1426846981048584,0.8793380856513977,114.61821746826172,0.18329311907291412,1
4595,243.1221466064453,54.5726432800293,34.160521166027614,0.20244792056453126,-2.3677914105340125,-2.166364906156161,4.171317100524902,0.8345122933387756,175.21365356445312,0.18077969551086426,1
74,242.0067901611328,54.99991226196289,19.94665063468323,0.2019859044269244,-1.102613621567676,-0.6629790213297475,3.345090389251709,2.0476889610290527,16.758270263671875,0.032015733420848846,1
37226,242.9280242919922,54.55856704711914,31.773915755461232,0.20187573953140706,-2.273931960625651,-1.7949389240294165,0.9335325360298157,0.862006664276123,289.63934326171875,2.204169511795044,2
26371,242.9501190185547,54.97001266479492,13.568802664113988,0.20162336243071902,-0.9335517629267464,-0.3404586996620086,1.3957895040512085,1.354390263557434,208.41416931152344,1.0087863206863403,1
34175,242.37335205078125,55.31352233886719,17.397111698552795,0.2015759914987583,-1.1566989859915224,-0.5097684415148399,0.6735900640487671,0.6264958381652832,264.1690979003906,1.8627127408981323,2
13031,242.4290771484375,55.185943603515625,9.731914016584724,0.20114166982431075,-0.7542072156366012,-0.2185852647839528,1.9950722455978394,1.5006556510925293,349.5841979980469,0.4339497983455658,1
26304,242.38519287109375,54.90662384033203,10.860395239035512,0.20095523880661845,-0.8449657200961573,-0.2482335018865285,1.6149258613586426,1.3384928703308105,177.24681091308594,1.084766149520874,1
4501,242.724365234375,54.54677963256836,30.52839687065902,0.20085082361199744,-1.964295000971408,-1.6367004755224173,2.2968480587005615,1.8933449983596802,356.86700439453125,0.22084331512451172,1
9564,242.3035888671875,55.24239730834961,15.002691151483575,0.20083195325503841,-0.9180852555831625,-0.40272912732606525,2.950453996658325,1.1909949779510498,108.52311706542969,0.3381135165691376,1
23804,241.88455200195312,54.951568603515625,24.64859541610926,0.20072876666532674,-1.5359841963222371,-1.0110518881558361,2.1286118030548096,1.0924755334854126,40.52976608276367,0.9106619358062744,1
14776,242.0352325439453,54.802032470703125,23.92781272327274,0.20031760664878268,-1.438948239390581,-0.9517306832037091,1.685958743095398,1.6859506368637085,318.50250244140625,0.5062186121940613,1
17742,241.77801513671875,55.638519287109375,44.73897262450318,0.20023911899114527,-4.145324984375583,-4.898354076763317,1.6728445291519165,1.3854302167892456,98.84107971191406,0.5971917510032654,1
21882,243.1142120361328,54.92337417602539,19.85649260677445,0.20023222284844605,-1.2102096506558688,-0.6565142967203151,1.9848686456680298,1.1431611776351929,55.17479705810547,0.7906526327133179,1
39194,242.4355926513672,54.99376678466797,5.976425363676757,0.19991042237174245,-0.8448331415555581,-0.12709477785878187,0.7316597104072571,0.698822557926178,359.4146423339844,2.769871711730957,2
22903,242.39617919921875,55.36470031738281,19.97763789045292,0.1993557320260176,-1.2220126491758188,-0.6639151914998305,1.7233773469924927,1.3249493837356567,109.16144561767578,0.8537372946739197,1
13149,242.97962951660156,54.873748779296875,17.302486491862947,0.19932928240479375,-1.0352277145360194,-0.5121467685388662,2.497793436050415,0.5880345106124878,57.48210144042969,0.4261801242828369,1
30604,242.4227294921875,55.6015739440918,33.60187631882106,0.19927113861924753,-2.1785508266755875,-1.9825374361991908,-100.0,-100.0,-100.0,1.5054644346237183,4
26885,243.5256805419922,55.1305046081543,32.82528791807433,0.19863341819402222,-2.5848687868080633,-1.8625740659688432,-100.0,-100.0,-100.0,1.2918007373809814,6
22850,242.72772216796875,55.25631332397461,13.436952266004011,0.19855263039255258,-0.914813109101791,-0.3362743150700681,2.423887252807617,1.0425325632095337,99.35469055175781,0.8297900557518005,1
19974,243.0789337158203,55.491455078125,31.55642753493933,0.19846374274023376,-2.138040578139405,-1.7718700856553686,1.5696337223052979,1.5311294794082642,288.94610595703125,0.6870684027671814,1
20976,242.8163299560547,54.67859649658203,23.657300658240565,0.1981476579206966,-1.4477633236383978,-0.9283370188988871,1.4086724519729614,1.0968348979949951,143.7772979736328,0.7697574496269226,1
9554,242.25961303710938,55.075439453125,11.139607767582028,0.19811953400784973,-0.7800121453484035,-0.2593337397674511,0.9496767520904541,0.9169625639915466,201.6345672607422,0.3514705300331116,1
5920,242.16851806640625,54.912784576416016,16.36261686101994,0.1979439045437001,-0.962859902694765,-0.4656959624887928,2.856123685836792,0.5775485634803772,298.8446044921875,0.24808867275714874,1
14624,242.45074462890625,55.254722595214844,13.132463045677374,0.19785074052773982,-0.8657211218270596,-0.32660742856276304,2.070237874984741,1.1909277439117432,89.24468994140625,0.4977012276649475,1
11812,242.62847900390625,55.648189544677734,36.00207582538281,0.1978253735720465,-2.6327385984021405,-2.4920470638741277,2.719479560852051,0.8365282416343689,298.9205627441406,0.4192027151584625,1
2680,242.0021209716797,55.32533264160156,25.84106861448437,0.19775806110129335,-1.5328361920703995,-1.1210416657259707,2.050309181213379,1.0935375690460205,204.66421508789062,0.1509854942560196,1
19954,243.1527862548828,55.31348419189453,25.233213727671455,0.19738636710655177,-1.559739031776206,-1.063379127327038,3.943084239959717,0.9592256546020508,300.537353515625,0.7063749432563782,1
11557,242.19210815429688,55.36182403564453,23.01244941180444,0.19719319127921825,-1.3615944800305406,-0.8788092640175781,0.960342526435852,0.919592559337616,258.8265686035156,0.4130832850933075,1
22766,242.7836151123047,55.113868713378906,7.996490016814699,0.19708662038451447,-0.7579586419267897,-0.1749527023517365,1.778078556060791,0.7125129103660583,24.42784309387207,0.8289484977722168,1
11280,242.29031372070312,55.1070671081543,10.561194457473947,0.19700043510462034,-0.7706780636009916,-0.2421501161151404,1.1608006954193115,0.7548233270645142,241.71612548828125,0.3955230116844177,1
32116,242.14390563964844,54.94459533691406,16.27293436857011,0.19692558697494228,-1.0924453411042352,-0.45502070113705695,0.6717162728309631,0.6678851842880249,263.745849609375,1.5434668064117432,2
18999,242.5602569580078,54.61701965332031,25.91482093958388,0.196842275485134,-1.6625214907210732,-1.0349601758354774,-100.0,-100.0,-100.0,0.6847363114356995,6
32770,242.17086791992188,55.25421142578125,18.684502754388642,0.19673825762524613,-0.9065944820987335,-0.49581936256422826,-100.0,-100.0,-100.0,1.8976497650146484,4
20842,242.652099609375,54.87957763671875,10.447687256747876,0.19667807511843322,-0.808673501986668,-0.23720271084332517,2.9658825397491455,1.3889670372009277,276.2911376953125,0.7251436710357666,1
37265,241.7330322265625,54.74082946777344,34.5880107277152,0.1966059394622391,-2.601310561237245,-2.2304030640874597,2.742950439453125,2.0529282093048096,201.48959350585938,2.2469756603240967,2
30402,243.58778381347656,55.46743392944336,42.6298397445928,0.19657866953597092,-3.7958635328054213,-4.140518177919458,2.5506224632263184,1.2912594079971313,128.2095947265625,1.4798983335494995,2
37476,242.61190795898438,55.675682067871094,37.62961596756929,0.19655916139669774,-3.085652952696135,-2.7269904914857213,-100.0,-100.0,-100.0,2.478898525238037,6
38370,242.99465942382812,55.378875732421875,24.358043358028397,0.19651449504313073,-1.3913097935238676,-0.8957410029692324,-100.0,-100.0,-100.0,2.627764940261841,6
1846,242.18714904785156,55.30757522583008,20.559322846050026,0.19647467669297888,-1.5955962751407398,-0.6111876155645857,-100.0,-100.0,-100.0,0.1377582848072052,6
30156,243.36660766601562,55.172115325927734,27.977279882994615,0.1961594868447745,-1.85084078243114,-1.3313830498509642,1.3738138675689697,0.8743336200714111,276.24530029296875,1.454993724822998,2
14879,241.80276489257812,55.130592346191406,27.15093114508884,0.19609290782732883,-1.6921617003706597,-1.2481804864800077,3.197953224182129,1.41256582736969,352.91064453125,0.4935785233974457,1
26415,242.80648803710938,55.418121337890625,23.471407080416586,0.19608884264062787,-1.4594173414271887,-0.9123074146507407,2.3982014656066895,0.8623497486114502,103.31294250488281,0.9871521592140198,1
29783,242.8816680908203,55.271514892578125,16.888179215570496,0.19593053610341202,-1.1068212994558833,-0.48626462383134733,1.406430959701538,1.4064252376556396,330.1993408203125,1.318823218345642,2
6104,242.66127014160156,55.44904327392578,24.174551340888158,0.19574121934330446,-1.4222718519257858,-0.9731832698774288,2.255208969116211,1.250986933708191,147.13027954101562,0.25398996472358704,1
24744,242.77720642089844,54.632694244384766,25.874027899141215,0.19562992280160893,-1.3143522693294936,-1.0310706474254128,-100.0,-100.0,-100.0,1.03340744972229,6
4042,242.78944396972656,54.978057861328125,8.348888638780842,0.19560146591341435,-0.6844672732632472,-0.18537656095537353,1.814681887626648,1.206067681312561,239.91162109375,0.22048546373844147,1
19941,242.57498168945312,55.51373291015625,27.897989623697818,0.19559723108609592,-1.7801343604599646,-1.325440093282226,2.085657835006714,0.7728054523468018,250.61573791503906,0.6863252520561218,1
38849,241.88504028320312,54.83870315551758,27.07785761116371,0.1954332816019096,-1.2883431722089969,-1.1486741727455207,-100.0,-100.0,-100.0,2.846959352493286,4
21182,243.24359130859375,54.902408599853516,24.466196443148615,0.1952232486458288,-1.4099221970632272,-0.90499592300402,-100.0,-100.0,-100.0,0.8066446185112,6
34019,242.59234619140625,54.81333923339844,14.132213474388067,0.19451428355290976,-1.0127798836695334,-0.3580396882637426,0.7724635601043701,0.7253841161727905,92.42969512939453,1.8847428560256958,2
24889,243.53550720214844,54.993350982666016,33.018495376341285,0.194273470724182,-2.580350170089527,-1.891746870930245,-100.0,-100.0,-100.0,1.0174355506896973,6
29796,242.22084045410156,54.85476303100586,17.00091440807319,0.19417594865017077,-1.1130493719835315,-0.4923986796171429,0.7145194411277771,0.5021473169326782,82.22777557373047,1.4695353507995605,2
34279,242.32022094726562,55.4387092590332,25.031882312306365,0.19413250162135035,-1.6324521557361829,-1.0396184493524743,0.9903450608253479,0.8164876699447632,141.14479064941406,1.8916633129119873,2
30179,243.37838745117188,55.06869888305664,27.446581295493083,0.19410689908890122,-1.8035482259773938,-1.2747504169354604,1.4792042970657349,0.8383151888847351,118.81842803955078,1.3331224918365479,2
2611,242.74107360839844,54.68331527709961,22.618270898539144,0.1939982976404104,-1.2964651249162908,-0.8490728745691222,1.4212236404418945,1.1703717708587646,335.4320068359375,0.15273517370224,1
14639,242.20681762695312,55.04299545288086,12.8481383151772,0.19348408192476857,-0.8555857375047582,-0.31611911372305646,0.3966372311115265,0.3740710914134979,24.703874588012695,0.5120390057563782,1
7580,242.34988403320312,54.93720245361328,10.3824687881122,0.1934419459623214,-0.751379706108057,-0.237223447018254,1.3863270282745361,1.3432343006134033,276.09295654296875,0.31113338470458984,1
7746,242.00668334960938,55.03373718261719,19.745982241815575,0.19332146810479792,-1.1431215224225333,-0.6518755653139956,4.424649238586426,0.9043863415718079,226.997802734375,0.28888797760009766,1
38721,242.25051879882812,54.762107849121094,20.624477167923384,0.19322765416682006,-1.3785570299140006,-0.6980578064541002,1.2323273420333862,0.6165100932121277,92.34678649902344,2.684244394302368,2
29015,241.90283203125,54.747554779052734,29.550018952351227,0.19284435393080288,-1.99684272631213,-1.5105776672229003,1.6172692775726318,1.5762567520141602,147.09088134765625,1.306107759475708,1
7633,242.74964904785156,55.256282806396484,13.735447067949767,0.19277611815584245,-0.8605149821975117,-0.35028653812500027,1.1508569717407227,1.0010894536972046,109.69256591796875,0.32239532470703125,1
24559,243.0655059814453,54.88218688964844,19.469174751858638,0.19261844267304384,-1.2030529480756194,-0.6320520578305902,1.9736355543136597,1.035068392753601,222.61151123046875,0.9519199728965759,1
21982,243.4398193359375,54.864776611328125,31.598023709396276,0.19249716117344184,-2.1524637746035267,-1.7769048245613825,2.573850154876709,1.6898120641708374,259.9292297363281,0.8213525414466858,1
2970,243.55624389648438,54.72686004638672,38.821080941185926,0.19244377173953056,-2.9995177566297895,-3.0882240941830057,1.3368922472000122,1.2797545194625854,144.3916015625,0.15768329799175262,1
26478,241.7361297607422,55.12984848022461,29.397032653871282,0.19243827543925573,-1.9491136968856702,-1.4940139435182886,1.615167498588562,1.612586498260498,313.209228515625,1.0755213499069214,1
16598,241.51974487304688,54.89624786376953,37.65707514279422,0.19236528415006168,-2.996651424813084,-2.7329960170041154,-100.0,-100.0,-100.0,0.5781511664390564,6
32292,243.15611267089844,54.7880973815918,25.272820093232895,0.1923031251475047,-1.6388230267053798,-1.0625241947152897,2.378505229949951,2.1966280937194824,209.344482421875,1.6449089050292969,2
38227,241.39915466308594,55.25501251220703,42.34710731983727,0.1922670321735496,-3.8041999710845964,-4.045639944425342,1.9662562608718872,1.965570330619812,157.62274169921875,2.4704928398132324,2
30564,242.53970336914062,55.079742431640625,2.3262402205323234,0.1922469325134467,-0.22412151045681553,-0.007070432833435585,-100.0,-100.0,-100.0,1.5380313396453857,4
1225,242.2060089111328,54.81447219848633,19.08530023712368,0.19222562580009755,-1.0731028919105126,-0.6118932190923003,1.6494338512420654,1.3043051958084106,317.84503173828125,0.09335201978683472,1
32147,242.75177001953125,55.321754455566406,17.398379411941985,0.1922171358060324,-1.1455509596485283,-0.5115678574501434,1.178418517112732,0.6481841206550598,174.83746337890625,1.5687559843063354,2
5916,242.63352966308594,55.31673049926758,16.179749888492935,0.19218995726063853,-0.9537548274209849,-0.45651641336516996,1.2182002067565918,1.1684633493423462,60.41879653930664,0.23534798622131348,1
4335,242.4891357421875,55.411190032958984,21.968088268823664,0.19190770282724215,-1.2626748564948045,-0.8012618290252614,2.193728446960449,2.1937272548675537,224.21755981445312,0.21564094722270966,1
7701,242.25804138183594,55.1360969543457,12.246977016321653,0.19177691411174805,-0.8080825548020776,-0.29570885334079827,2.8229682445526123,0.9179812073707581,43.17472457885742,0.3160330355167389,1
30653,242.45143127441406,55.388877868652344,20.878337518137403,0.19173682286076013,-1.0901872556371974,-0.6323924406474317,-100.0,-100.0,-100.0,1.6319048404693604,5
35848,242.50132751464844,55.36570358276367,19.207549915886663,0.19145371676273326,-1.2637548843559974,-0.6107289879212209,2.685681104660034,2.6856510639190674,267.83612060546875,1.977065086364746,2
16129,242.84730529785156,55.21664047241211,13.609855946715424,0.19138763871936731,-0.889024751386704,-0.3444897722155965,1.440916895866394,0.6372138857841492,1.4758586883544922,0.5541755557060242,1
32327,243.25172424316406,55.235191345214844,25.593263385104436,0.19131562070842964,-1.664167835061287,-1.091808450087002,1.5335277318954468,1.5330815315246582,187.99581909179688,1.6323299407958984,2
13073,242.67733764648438,54.83717727661133,13.127780309044365,0.1912732017809411,-0.8595672004087928,-0.3267995844744185,0.7924321293830872,0.6248274445533752,220.6542205810547,0.44535696506500244,1
2565,242.1630096435547,55.165924072265625,15.958581735746312,0.1912675437764605,-0.9279741762794081,-0.4464834100199752,3.298313856124878,3.258866786956787,281.3536071777344,0.12742502987384796,1
8275,241.7245330810547,54.596073150634766,40.16313036313986,0.19102929766269514,-3.239012132176057,-3.4219631307639395,2.264423370361328,0.9778723120689392,245.7318878173828,0.30551186203956604,1
5719,242.75228881835938,54.86298370361328,12.622227351926936,0.19085831504531375,-0.8131478952927321,-0.3090151525044051,5.69040060043335,1.1530184745788574,319.66668701171875,0.24125364422798157,1
1429,242.27310180664062,55.598793029785156,34.62845027342443,0.19083482491254464,-2.4076290655946506,-2.2450065451590335,2.5916800498962402,1.2311367988586426,345.0834045410156,0.10886526107788086,1
13173,243.22366333007812,55.03718566894531,22.123277431164688,0.19080118603897847,-1.308401384246872,-0.8115587585321649,2.2558722496032715,0.9083502888679504,2.308073043823242,0.466868132352829,1
2974,243.50852966308594,54.69089126586914,38.572354021130046,0.19073001165532646,-2.96111254841052,-3.0300381498095814,4.158498764038086,1.110753059387207,235.57150268554688,0.1718072146177292,1
4333,243.1739044189453,55.087135314941406,20.518523332705815,0.1906204430905217,-1.1726148471376143,-0.7013401910308492,1.2959591150283813,1.2959256172180176,350.5196533203125,0.209528386592865,1
34072,242.20941162109375,55.11628341674805,13.370855688637182,0.19058104027358766,-0.9834286928806856,-0.32787838317331575,0.5359242558479309,0.5299224853515625,151.6481475830078,1.8335356712341309,2
13454,242.21429443359375,54.49396896362305,35.618919168615086,0.19049513048199487,-2.5888653251065668,-2.420435546329938,1.6632636785507202,1.5382145643234253,136.34222412109375,0.44025304913520813,1
19857,242.03797912597656,55.00313186645508,18.856501030722978,0.19049458010573941,-1.1442452717468927,-0.5966308714409079,1.6728756427764893,0.920789897441864,293.3597717285156,0.6902477145195007,1
16240,242.17440795898438,55.048282623291016,13.956649946317812,0.19021742400128588,-0.9018110193907121,-0.3579484981886756,4.052716255187988,1.8947242498397827,169.4436798095703,0.5314956903457642,1
36180,243.20960998535156,55.1595573425293,22.595886467552983,0.19014715977961874,-0.8513919611030598,-0.7546224424896997,-100.0,-100.0,-100.0,2.194500684738159,4
14703,242.11009216308594,54.890167236328125,18.787738866571768,0.19013917654307452,-1.1168242663701757,-0.5933092591711433,2.430006980895996,0.5406602025032043,125.4690170288086,0.5177862048149109,1
13388,242.69235229492188,54.52741622924805,31.52030068698262,0.1900621090899683,-2.1035710861182326,-1.7674403571209563,1.3749219179153442,1.372032880783081,261.4632873535156,0.47109949588775635,1
38669,242.5924835205078,55.1629753112793,6.8643603261264055,0.19001391668076237,-0.8494040420641302,-0.14253484291416835,0.8123389482498169,0.796737015247345,55.57666015625,2.674408435821533,2
18653,242.08360290527344,55.042015075683594,17.083993428435605,0.18998375314044139,-1.0489269868280306,-0.500101709818717,2.47043514251709,2.434624195098877,123.60357666015625,0.6266034245491028,1
9332,242.4858856201172,54.90470886230469,9.236987963046767,0.18994861197370477,-0.7282259164218269,-0.20622610619596965,4.550535202026367,0.9149003624916077,24.362354278564453,0.35911938548088074,1
23034,242.77200317382812,55.417022705078125,23.04633405938755,0.1899234511083081,-1.2374330005365368,-0.7891421962809211,-100.0,-100.0,-100.0,0.9158743023872375,4
17530,242.26980590820312,54.83761978149414,16.586830287830256,0.18977807998907534,-1.0189450977082546,-0.47494416656486343,1.6390105485916138,0.76364666223526,300.7613830566406,0.6016993522644043,1
8175,243.62181091308594,54.94810485839844,36.344707302772875,0.18975388615761402,-2.6643225408947036,-2.5579706812140492,6.016482830047607,6.010714054107666,230.5441436767578,0.2791486084461212,1
35718,242.61851501464844,55.297359466552734,14.971901676734,0.1897434050917735,-1.06002756331865,-0.39311432237338545,1.9812768697738647,1.251762866973877,225.86285400390625,1.9397995471954346,2
32802,242.82017517089844,55.43523406982422,24.594759369709514,0.18973407661184488,-1.9937133865813648,-0.9160028928211676,-100.0,-100.0,-100.0,1.7552648782730103,6
26376,243.05470275878906,55.160072326660156,17.595280000113664,0.18955589091216407,-1.1086566322050893,-0.5249631431447548,1.750184416770935,1.3055293560028076,325.4176025390625,1.0917655229568481,1
22857,242.2362518310547,54.95743942260742,13.050668744617244,0.1894785122721039,-0.9013958822930316,-0.32200545409705555,2.090843915939331,0.4251600503921509,28.434934616088867,0.8702403903007507,1
750,242.52359008789062,54.88203811645508,10.194178959985734,0.18942301337514902,-0.714895693909374,-0.13938429570779537,-100.0,-100.0,-100.0,0.11642193049192429,6
23725,243.03787231445312,55.154449462890625,16.934042560355287,0.1893826517394359,-1.068005563448631,-0.49142934508309377,1.8964015245437622,0.5538402795791626,171.5460205078125,0.9218785762786865,1
6223,241.6736297607422,54.91323471069336,32.26389624222855,0.18937998116222413,-2.1555874447818755,-1.8728186608495032,4.5398850440979,1.24680757522583,114.23652648925781,0.25659266114234924,1
27166,243.26393127441406,54.71444320678711,30.966734229497828,0.18933812915731246,-1.9056510736096217,-1.600430203316485,-100.0,-100.0,-100.0,1.1049586534500122,6
34267,243.22962951660156,54.845542907714844,25.478296520054464,0.18917344821506332,-1.668945612056111,-1.0807763786571163,1.4084128141403198,1.3528746366500854,216.18930053710938,1.8140517473220825,2
6302,243.22509765625,55.50550842285156,35.161910212789536,0.18911368427388378,-2.5006698134319314,-2.3380681149775957,1.9680838584899902,1.1624733209609985,224.86404418945312,0.2610819339752197,1
17458,242.70265197753906,55.299530029296875,15.617060284901505,0.18906203957163129,-0.9761226092350322,-0.42914457432154407,2.209559917449951,0.6296012997627258,1.5836620330810547,0.6057736277580261,1
38106,243.18307495117188,54.851863861083984,23.890749110409566,0.1887273568855138,-1.5814033954665203,-0.9392852595403196,2.3489277362823486,1.9260741472244263,344.1823425292969,2.4849772453308105,2
9931,243.25054931640625,55.40271759033203,31.254164599885378,0.1887216081512111,-2.061739139118964,-1.7315996490576593,2.1857569217681885,1.347784399986267,333.8036193847656,0.3313918709754944,1
34215,242.03823852539062,54.84764862060547,22.242094820725114,0.1885703683897046,-1.4349023998466868,-0.8137196139304219,1.1176531314849854,0.8279668688774109,9.155559539794922,1.8351818323135376,2
19971,241.609619140625,55.14974594116211,33.8736455107529,0.18855540975514298,-2.400660409887471,-2.118310863484155,1.2892063856124878,1.1668453216552734,338.43743896484375,0.692554235458374,1
6124,243.29843139648438,54.76959228515625,29.898118417823476,0.18801108293348837,-1.9088212662289794,-1.557111853232825,1.9212117195129395,1.7840722799301147,46.16893005371094,0.26753881573677063,1
36107,243.15707397460938,55.655540466308594,41.37947945411412,0.1879996090401365,-3.603693981541509,-3.752471651267357,1.5059715509414673,1.4337716102600098,180.7478485107422,1.9368501901626587,2
1544,242.6854248046875,54.35139465332031,42.000930194941255,0.1877771932290627,-3.526796847383411,-3.944339605402395,3.7124452590942383,1.1725038290023804,202.17813110351562,0.10825353115797043,1
14936,242.90074157714844,54.513580322265625,33.97046843581949,0.1876559166477888,-2.38775780392792,-2.1343445994083194,3.551553249359131,0.8765460252761841,231.22813415527344,0.4995238184928894,1
34547,241.83116149902344,54.48493957519531,42.62756799153597,0.18748554503202375,-3.822562479483002,-4.137951415345771,1.5674240589141846,1.5452314615249634,205.9032745361328,1.8895734548568726,2
28141,241.7622528076172,55.29530715942383,31.69926618627183,0.18714801176026172,-2.199902079575717,-1.789157482385898,3.526766061782837,0.7056137919425964,138.87509155273438,1.1672195196151733,1
30717,243.4127655029297,55.13048553466797,28.997236321263923,0.18712847534369284,-2.054014601626098,-1.3569417897463543,-100.0,-100.0,-100.0,1.6736263036727905,6
9873,243.31329345703125,55.3057861328125,29.466083415523762,0.18710759388747622,-1.881745224797263,-1.5045804840687889,4.580653190612793,1.0529581308364868,20.17836570739746,0.3577658236026764,1
21960,242.3778076171875,55.52015686035156,29.118002102604805,0.18701995317487086,-1.9024603790024257,-1.461705058212937,1.2538243532180786,1.1359105110168457,199.68612670898438,0.7782389521598816,1
28564,242.69293212890625,55.22856521606445,11.456390533912037,0.18686091998508142,-0.7146407106053706,-0.17714277401672401,-100.0,-100.0,-100.0,1.4703994989395142,6
26442,243.24505615234375,54.86016845703125,25.541903482766656,0.18684654029362063,-1.6137201933675946,-1.090160591280031,2.6890766620635986,1.2384388446807861,161.47181701660156,1.0749984979629517,1
28285,242.80935668945312,54.90616989135742,11.633735287953115,0.18680670375658315,-0.591283705287791,-0.1828799086480985,-100.0,-100.0,-100.0,1.4390881061553955,6
20006,241.74403381347656,55.30961227416992,32.650756252513,0.1867571329376651,-2.2569844201611047,-1.9278437495875853,1.8151417970657349,1.4321209192276,10.926761627197266,0.6767052412033081,1
3301,241.62034606933594,54.97566604614258,33.321023966309916,0.1867278453062337,-2.183310309564555,-1.9384171343315202,-100.0,-100.0,-100.0,0.1961767077445984,6
13400,243.4656524658203,55.24788284301758,32.617508025833025,0.1866532884862849,-2.223599050382485,-1.9239611622650075,3.169576406478882,0.9933562278747559,254.082275390625,0.4550735056400299,1
11392,243.0029754638672,55.29978942871094,20.891063519672898,0.1866021730301277,-1.224774060550584,-0.7255538128739862,1.698598027229309,0.35483214259147644,146.59024047851562,0.41802456974983215,1
5948,241.9111328125,55.164024353027344,23.990936337428096,0.18659187614299863,-1.4086492154487866,-0.9576516436165781,1.8895742893218994,1.8755241632461548,3.215818405151367,0.2709810137748718,1
38768,241.91773986816406,54.78441619873047,27.818863833135563,0.1865862123583086,-1.906719835851126,-1.3085085447308185,1.6839698553085327,1.1313755512237549,199.15234375,2.5093512535095215,2
1492,242.49810791015625,54.39073944091797,39.58520212930187,0.1864824748243921,-3.1107322102898425,-3.2736111747338676,3.0258796215057373,1.4476903676986694,173.7118682861328,0.10542473196983337,1
7673,242.195556640625,55.156036376953125,14.69591319405945,0.18645934531492825,-0.898105416414386,-0.38953579790854564,2.8714029788970947,1.2423083782196045,307.74334716796875,0.3030509650707245,1
13122,243.1138916015625,55.14304733276367,19.16796647137163,0.18618583515578643,-1.1315945983163633,-0.6160714404281965,0.5763495564460754,0.5677695274353027,148.1562957763672,0.4341398775577545,1
1369,242.1562042236328,55.534690856933594,32.55858309343894,0.1860843850142081,-2.1628270180866673,-1.9158740270587706,3.366152048110962,2.246821403503418,327.3341369628906,0.11781157553195953,1
33890,242.7322998046875,55.1168212890625,6.623238357774175,0.18597676250690928,-0.8034908819197973,-0.1427125943312501,2.1629250049591064,1.321976900100708,294.345458984375,1.7515442371368408,2
4476,242.50393676757812,55.54360580444336,29.80453891511856,0.1858863598082602,-1.8919219413825292,-1.5459010543438378,2.982301712036133,1.1055874824523926,299.7544860839844,0.20886163413524628,1
16245,242.00953674316406,55.13957977294922,20.344377840520107,0.18587071604619404,-1.2112482002509295,-0.6889437331589381,0.9719643592834473,0.5089137554168701,37.532814025878906,0.5518251061439514,1
1195,242.48574829101562,54.807167053222656,14.85965884807182,0.18580255961522146,-0.8718545460990483,-0.3968757367552547,3.7325282096862793,3.7162575721740723,292.40301513671875,0.08992598205804825,1
12972,242.26321411132812,55.080623626708984,11.065918263976778,0.18574001211716826,-0.7914453768373638,-0.25674156411984045,1.319854497909546,0.9858095049858093,345.3022766113281,0.4465586245059967,1
4496,241.9214630126953,55.44419479370117,32.72411063143653,0.18573955473022416,-2.1990555888956775,-1.9404915915997532,1.6356428861618042,1.303565502166748,199.8168487548828,0.1899431347846985,1
16351,243.08047485351562,55.41102600097656,27.66114408943279,0.18553365325111368,-1.742269123489502,-1.301022661548721,1.3148651123046875,1.0063811540603638,347.3246154785156,0.5261295437812805,1
32024,242.89453125,55.00430679321289,11.126691974016786,0.18546018684563165,-0.8988222706137827,-0.25310091709514004,1.702094554901123,0.9597125053405762,175.42291259765625,1.6907477378845215,2
2498,242.3837890625,55.19903564453125,11.260538539157261,0.185170630516905,-0.7529668276752078,-0.2637516886796438,3.781611204147339,1.7354387044906616,314.5645751953125,0.1272008717060089,1
11782,241.9773712158203,54.61075973510742,33.54225297732509,0.1850888332710135,-2.324168340537549,-2.0661266818244495,2.238246440887451,0.8289436101913452,154.8154754638672,0.38208988308906555,1
30487,243.31793212890625,55.67100524902344,45.01540801337606,0.18463301590280834,-4.281917704272753,-5.0066593107543,1.754710078239441,1.3433198928833008,180.8585662841797,1.3900562524795532,2
10031,243.46974182128906,54.66404342651367,38.42135100328267,0.18437376187747692,-2.97017527262181,-2.9954249450609485,2.6292121410369873,2.628159284591675,156.28309631347656,0.32570818066596985,1
39207,242.4405059814453,54.93577194213867,8.317094778112484,0.1841769170509136,-0.8867007486466237,-0.17076159154995485,0.8154182434082031,0.40946149826049805,320.0218811035156,2.8716788291931152,2
19683,242.65496826171875,55.05000686645508,2.56264217155997,0.18417092576354732,-0.6665493620489122,-0.09925241772164257,3.996068239212036,0.8435341715812683,85.95814514160156,0.6953579783439636,1
11286,242.15304565429688,55.006103515625,14.91996889979987,0.18381122257616336,-0.9212897531235109,-0.3987956031909376,1.3346699476242065,1.113136887550354,81.28131866455078,0.4039038121700287,1
17802,241.7515106201172,54.807437896728516,32.037347119894086,0.18374530864429772,-1.925169112180024,-1.7472142865985067,-100.0,-100.0,-100.0,0.6548930406570435,6
35752,242.3035125732422,55.25231170654297,15.4687799516846,0.1836899511372154,-1.0802586062977824,-0.41480746193380774,1.6607812643051147,1.00241219997406,325.1430358886719,2.0757899284362793,2
22125,241.48338317871094,54.741451263427734,42.10524654774237,0.18322255229109094,-3.118944958038639,-3.8830397668860326,-100.0,-100.0,-100.0,0.8614834547042847,6
7728,242.01210021972656,54.880462646484375,22.027796911027608,0.18320004307476442,-1.2816900916624845,-0.8051860585039226,2.3721272945404053,2.3356680870056152,165.05731201171875,0.28778061270713806,1
38899,241.44650268554688,54.88688659667969,40.24466715971229,0.1829822149689667,-3.4127851448273687,-3.3500692463504063,-100.0,-100.0,-100.0,2.7221033573150635,6
30048,242.9910430908203,54.64558792114258,28.043022317406876,0.18296158093822995,-1.855624979863665,-1.3379690597314708,0.8143037557601929,0.5643006563186646,214.4090118408203,1.3782320022583008,2
14758,241.93881225585938,55.18812942504883,23.550334098366683,0.18285325420551465,-1.4123261297246643,-0.9211280887724173,2.2228708267211914,1.7930699586868286,62.79802322387695,0.5086902379989624,1
28151,241.655517578125,54.802642822265625,35.14302636617113,0.18274496272478724,-2.6045986905849565,-2.3313401124740234,2.3143348693847656,2.078981637954712,132.15548706054688,1.212714672088623,1
14860,241.70367431640625,55.14781188964844,30.68037947577019,0.1825947605492661,-2.022164321570968,-1.6551659813057382,1.761014699935913,1.6080471277236938,298.71258544921875,0.4786551892757416,1
8405,243.07310485839844,55.34996795654297,24.72208813873729,0.18256717787724175,-1.7150176494964169,-0.9269392715087418,-100.0,-100.0,-100.0,0.36648839712142944,5
28096,243.24905395507812,55.33624267578125,28.668149621768283,0.18221596832077747,-1.8972467743446098,-1.4083257328503769,2.406036853790283,2.0782992839813232,64.4619369506836,1.2815643548965454,1
4055,242.6298370361328,55.29187774658203,14.683936411024476,0.1821887424502497,-0.8825758996854223,-0.3894961829736031,1.4548966884613037,0.9752635955810547,288.8048095703125,0.21805331110954285,1
32815,241.46669006347656,55.112892150878906,38.44463169052221,0.18200982628196294,-3.0570359335402415,-2.907343837255223,-100.0,-100.0,-100.0,1.7773966789245605,6
16512,243.34600830078125,54.480167388916016,43.19951517231281,0.1819359215323502,-3.822433547582256,-4.332457503602116,1.5226340293884277,1.3000867366790771,219.48426818847656,0.5274100303649902,1
8453,243.13961791992188,55.31386947631836,24.89896958251553,0.18193021919262203,-1.7213280740333547,-0.9424357748277173,-100.0,-100.0,-100.0,0.3489421308040619,6
2478,242.4730682373047,54.8214111328125,14.135122997357685,0.18186558899791636,-0.851897776734897,-0.36658268369457947,1.3899614810943604,1.3075454235076904,332.7774963378906,0.1592894047498703,1
36937,242.8545379638672,54.99851608276367,9.89786222557002,0.18175802609247266,-0.8984150092793443,-0.21381245799051082,1.6249579191207886,1.571558952331543,74.15943145751953,2.128312349319458,2
17451,242.96728515625,55.129730224609375,14.143530010882108,0.181750783728306,-0.9151361725781334,-0.3653648123935499,2.4391279220581055,2.2486979961395264,64.89031982421875,0.5866743922233582,1
32496,243.22732543945312,54.590553283691406,35.439107467949924,0.18167918265141375,-2.673065095653713,-2.382979527940697,1.2549854516983032,0.9042369723320007,314.3573913574219,1.521109700202942,2
38738,242.33160400390625,54.72409439086914,21.289865780933617,0.18146039326285376,-1.4160626557607947,-0.7415552508006308,1.5928925275802612,1.5080952644348145,297.9942932128906,2.574679374694824,2
30197,242.17886352539062,54.524085998535156,34.4108428497813,0.18143352163763996,-2.5285428798736094,-2.203855950482743,1.2144136428833008,1.181273341178894,207.06198120117188,1.4871305227279663,2
29958,241.9004669189453,54.953338623046875,24.0908374856135,0.18113553364741233,-1.5359768190343872,-0.9609326709889778,1.6287403106689453,1.1757261753082275,318.523681640625,1.3414709568023682,2
18969,242.91213989257812,54.5915641784668,29.732595339645222,0.18087051586975755,-1.7805100674941174,-1.4440343530898616,-100.0,-100.0,-100.0,0.7235190272331238,6
38707,242.52146911621094,55.37763977050781,19.83477781948098,0.18080671696630177,-1.329259843292376,-0.6458756758682987,0.7079713344573975,0.5871021151542664,321.90765380859375,2.6397767066955566,2
12028,243.06875610351562,55.44139099121094,28.877009298628696,0.18058373842536932,-2.16931941504146,-1.3429740893316102,-100.0,-100.0,-100.0,0.46706125140190125,6
35773,242.7897186279297,54.617549896240234,26.86530373423561,0.18035659338638516,-1.7941877186833657,-1.2129710734496117,1.2947860956192017,1.2697207927703857,222.17848205566406,2.047848701477051,2
7725,242.12429809570312,54.78517150878906,22.30698207963589,0.180137025911091,-1.30013556346026,-0.8256777475728984,1.5288211107254028,1.5227601528167725,70.23001861572266,0.30807843804359436,1
34004,242.26438903808594,54.88247299194336,14.767317841045022,0.1798909393511203,-1.039112903614575,-0.3850340625442008,0.779018223285675,0.7675243616104126,50.514190673828125,1.881801724433899,2
7598,242.86590576171875,54.91221237182617,12.796292468945934,0.17978482484498565,-0.8263912369174844,-0.3149702644830935,0.9496854543685913,0.8474020957946777,111.21786499023438,0.31113818287849426,1
20909,243.01429748535156,54.76624298095703,22.612558671647736,0.17960703320296795,-1.3766271918222441,-0.8470172407709118,1.492651343345642,1.3697373867034912,58.07965087890625,0.7638282179832458,1
29963,242.68406677246094,55.46445083618164,25.19087531631227,0.17955735839565085,-1.618563809650817,-1.0562529581292608,1.1028140783309937,0.5867963433265686,309.4781799316406,1.4149651527404785,2
499,241.8084716796875,55.49597930908203,37.6320971548152,0.17949403894282362,-2.801497731467619,-2.8203734224142334,4.007298469543457,3.0803940296173096,357.2783203125,0.07366031408309937,1
1577,243.66357421875,55.39175796508789,42.39881228280003,0.17946689386101053,-3.600301318872303,-4.068529182615727,1.7281938791275024,1.5325963497161865,271.6494140625,0.09952399134635925,1
29952,242.74752807617188,54.67673873901367,23.055891948635438,0.17935527462177728,-1.4615030646534368,-0.8769180255412498,1.101232647895813,0.8016526103019714,164.37254333496094,1.4961453676223755,2
14622,243.16738891601562,55.18776321411133,21.798013924393445,0.17932706244001725,-1.2941993202490967,-0.7880019174596583,1.3444993495941162,0.9707261919975281,146.7908172607422,0.5211276412010193,1
752,242.39732360839844,55.028961181640625,6.4071655108899535,0.1792878066700271,-0.8037374371175985,-0.054356459368275045,-100.0,-100.0,-100.0,0.091913603246212,6
26494,242.5716552734375,55.55039978027344,30.09887433363112,0.17921950593074346,-2.0163663072603244,-1.5789549030725325,1.8446192741394043,1.5101563930511475,156.79945373535156,1.0115360021591187,1
30690,243.1039276123047,54.41389465332031,42.18955255134452,0.1789192081188336,-3.2867911731715846,-3.909292431911893,-100.0,-100.0,-100.0,1.6601221561431885,6
14712,242.48275756835938,55.471614837646484,25.589182833912957,0.17870939379282128,-1.5641583775782466,-1.0965740320166,2.0964956283569336,0.42090174555778503,327.8357238769531,0.5233945846557617,1
5643,242.4798126220703,55.17634582519531,8.39714987046387,0.17865652529969248,-0.6935710223779747,-0.186431966498612,2.704277992248535,2.5428571701049805,44.15559768676758,0.22904765605926514,1
8267,242.50350952148438,54.36982727050781,40.82416234213363,0.17831435872141266,-3.3505804750794312,-3.60042854911302,2.5339791774749756,2.2484447956085205,329.216064453125,0.2837652266025543,1
26615,242.36688232421875,54.31442642211914,44.67935302992791,0.17821950407069254,-4.175178091128237,-4.873852910079958,4.228182792663574,2.090721845626831,140.31549072265625,0.994606077671051,1
14908,242.2889404296875,55.59941482543945,34.50420018583999,0.17807719766877927,-2.452609410900305,-2.2230235782669774,1.9504914283752441,1.9066914319992065,359.4594421386719,0.5084514617919922,1
30387,241.4212646484375,54.958621978759766,40.25360382922866,0.1778357454616819,-3.368677035537699,-3.4417026966064244,2.071742534637451,1.425535798072815,74.57648468017578,1.4163172245025635,2
16517,243.69459533691406,55.42517852783203,44.30374878752172,0.1778320816953289,-4.046969781782125,-4.730205937927534,2.083911418914795,1.5880305767059326,272.42041015625,0.5744036436080933,1
14844,243.13369750976562,55.38742446899414,27.77467142697162,0.1775378012459516,-1.7458637778523078,-1.313134333075784,2.0311758518218994,2.0299930572509766,244.70724487304688,0.5092453360557556,1
28955,242.91986083984375,54.952152252197266,13.040345895835719,0.1774978185803999,-0.946681171889919,-0.3184228109539921,3.178032636642456,1.966972827911377,198.39703369140625,1.4016714096069336,1
35851,241.9590606689453,54.893436431884766,23.341522523430555,0.177239357026577,-1.5217424933605184,-0.8970911231184884,2.3632700443267822,1.3838313817977905,15.934638977050781,2.011326789855957,2
9887,242.66549682617188,54.5559196472168,29.717358799143454,0.17722203899989622,-1.9063165064417218,-1.5349283440440895,1.8286799192428589,1.594948172569275,98.47655487060547,0.36537525057792664,1
35886,243.04998779296875,55.40817642211914,26.891392859877744,0.17698594944569718,-1.7942564888919952,-1.2147228912499703,1.596198320388794,1.5918093919754028,21.433725357055664,1.9686729907989502,2
19827,242.1582489013672,55.30678939819336,21.187083264794758,0.17695063480427237,-1.27919265772149,-0.7444133486692214,1.2947754859924316,0.6634231805801392,123.9622573852539,0.6992014646530151,1
38701,242.04275512695312,55.08002853393555,18.5694744447872,0.1769460937676659,-1.2609848139907458,-0.5708478842676007,1.1736385822296143,1.0829875469207764,300.5649108886719,2.6142020225524902,2
30047,242.54518127441406,54.590641021728516,27.515162127912863,0.17693181339851397,-1.8093631322845918,-1.2818645010835636,2.038052797317505,1.92715585231781,57.7386474609375,1.4070574045181274,2
32133,242.49017333984375,55.442569732666016,23.82845002458469,0.17671705688972775,-1.5323419701039491,-0.9386586589898332,0.8485058546066284,0.6626178026199341,12.536172866821289,1.5977075099945068,2
6165,242.6536407470703,54.54961013793945,30.05680462620144,0.17656582768714146,-1.9244154929865955,-1.5767938834210433,2.9405200481414795,0.7901475429534912,265.34368896484375,0.24985206127166748,1
19000,243.27513122558594,54.8418083190918,26.96892574129446,0.17652135538044578,-1.8655896254945992,-1.1376481583150158,-100.0,-100.0,-100.0,0.7073384523391724,6
1057,242.84747314453125,55.02663040161133,9.276729123377368,0.17646054897853689,-0.6887009401200741,-0.20751195634069375,2.3911690711975098,1.8804905414581299,45.03733825683594,0.08243151009082794,1
33953,242.68621826171875,55.17959213256836,8.647607527180725,0.17632727739360535,-0.8442713856558962,-0.18411277355630454,1.3033393621444702,1.055574893951416,154.38726806640625,1.8334678411483765,2
34116,242.3782958984375,55.422447204589844,23.462629379732583,0.17629659994573582,-1.5165959326072536,-0.906907477772856,1.3322731256484985,0.996890664100647,134.61221313476562,1.8738977909088135,2
19783,242.31842041015625,55.32027053833008,18.59885316127333,0.17618520343802496,-1.1307629573556526,-0.5818866933840827,0.6845995783805847,0.6595720648765564,252.99761962890625,0.6856375932693481,1
18722,242.01760864257812,54.77078628540039,25.594355037303053,0.17615651973002694,-1.5816345771301608,-1.0961564135028092,1.2081891298294067,0.7768699526786804,33.07460021972656,0.6548616290092468,1
36259,242.9237518310547,54.39441680908203,41.02429539122855,0.1761247635041685,-4.02080422745974,-3.5631158390456963,-100.0,-100.0,-100.0,2.15218186378479,6
20850,242.50201416015625,54.80271530151367,15.009287022789195,0.17611226905394098,-0.9659489165129016,-0.40088545990918284,1.2320616245269775,0.9817759990692139,24.70653533935547,0.7705680727958679,1
30456,241.32435607910156,55.0074462890625,43.26796934231792,0.17570436593063574,-3.918147062247292,-4.35326035964278,2.495436906814575,2.4943795204162598,234.76272583007812,1.3063400983810425,2
9691,241.97689819335938,55.12917709350586,21.278627415791487,0.17567605423654525,-1.2409913469776255,-0.7518449776112969,1.9870359897613525,0.9034525156021118,202.03900146484375,0.3538338840007782,1
17579,243.01974487304688,55.45863723754883,28.81699845352982,0.17543348404971051,-1.8530376692121717,-1.4280844507032218,3.9577572345733643,1.1615939140319824,290.7427062988281,0.6079435348510742,1
27126,243.20286560058594,54.541744232177734,37.269205991566736,0.17542860742358127,-3.0330571620486766,-2.650820116694458,-100.0,-100.0,-100.0,1.2446407079696655,6
9466,242.1653289794922,55.01249313354492,14.440111287666634,0.1754155384072515,-0.8948686278533906,-0.3785861595116555,1.7493280172348022,1.7479583024978638,190.16561889648438,0.33804789185523987,1
5893,242.27064514160156,55.34500503540039,20.699208201671738,0.1754059500985054,-1.1908677143142732,-0.7129947878648172,2.6113369464874268,0.559447169303894,312.3701477050781,0.27414849400520325,1
2732,241.8407745361328,55.38071823120117,32.213312358426776,0.17538346139896838,-2.133449263857459,-1.8656089500723798,1.8718072175979614,0.8476048707962036,320.0235900878906,0.14884933829307556,1
2664,241.90621948242188,55.06508255004883,23.19075972131167,0.17531959622523915,-1.3352789762246176,-0.8931315616007331,1.7814751863479614,1.096858263015747,280.8370666503906,0.16550181806087494,1
8168,243.52001953125,54.76634216308594,36.572118332651904,0.17519281237751957,-2.694728376397808,-2.602186029122643,2.970437526702881,2.2714874744415283,307.35882568359375,0.28748106956481934,1
11481,242.0899658203125,55.266597747802734,21.29518248966757,0.17516038532897898,-1.249140767908617,-0.7528948046699557,3.916948080062866,1.2935054302215576,335.9171142578125,0.399082750082016,1
16357,243.2437744140625,55.30573272705078,27.462962774355187,0.1751382311244061,-1.7245891731457943,-1.2799687627153018,3.0898544788360596,1.1578694581985474,276.2428894042969,0.5450096130371094,1
8052,243.01873779296875,55.531497955322266,32.605127498236115,0.17508097986816412,-2.2011796497464395,-1.922584342416334,1.5600802898406982,1.3139780759811401,94.95346069335938,0.30144137144088745,1
464,243.071533203125,55.5466423034668,34.25958191702636,0.175080173569993,-2.351626029322759,-2.182282099601254,7.239883899688721,2.11256742477417,224.16461181640625,0.04508650675415993,1
18801,243.51295471191406,54.882144927978516,33.63936889522695,0.17505673139332925,-2.366229685455645,-2.080493331990471,2.4330058097839355,0.7905408143997192,244.271484375,0.641649067401886,1
29885,241.9552764892578,55.208351135253906,23.485957071083615,0.17501979475400736,-1.4928730776385155,-0.9114310862407414,1.1462732553482056,0.7298043966293335,90.55523681640625,1.4559996128082275,2
2328,242.75628662109375,55.10953140258789,7.054432394132425,0.17480006130030806,-0.649180418168005,-0.1585178703513317,1.1137663125991821,1.0723243951797485,273.51055908203125,0.13753385841846466,1
21153,243.2904815673828,54.91167068481445,25.794504415742836,0.1747332450088961,-1.5217222084160817,-1.0236655389447664,-100.0,-100.0,-100.0,0.7811633348464966,6
14761,243.2091827392578,55.29359436035156,26.07610505342497,0.17457421937006354,-1.6029111604136392,-1.1422434069111447,1.6770718097686768,0.771163284778595,29.466190338134766,0.4805366098880768,1
30815,241.9564971923828,55.3636474609375,28.517628530410903,0.17443292282387604,-1.5655243078814456,-1.3023698434693447,-100.0,-100.0,-100.0,1.6017677783966064,6
7499,242.94110107421875,55.094940185546875,12.695454196380995,0.17441796669981546,-0.8230353449677171,-0.31136549182519613,2.0398356914520264,1.3443615436553955,317.59619140625,0.28389647603034973,1
37278,242.30674743652344,55.690975189208984,39.6457923573243,0.17436064769952964,-3.3213369900387444,-3.282188176664643,2.544612407684326,1.5881022214889526,0.8777904510498047,2.16847562789917,2
19917,242.2011260986328,55.454124450683594,27.564002591580664,0.17424719601786418,-1.7506262264936938,-1.2898898296717585,2.0017576217651367,0.6011301279067993,203.64463806152344,0.7235441207885742,1
18776,241.62850952148438,55.12154769897461,32.98086435437034,0.1741814115435608,-2.289759530997195,-1.9780297364960866,1.784334659576416,1.628199815750122,182.52015686035156,0.6720612049102783,1
39257,243.48013305664062,54.709835052490234,37.12123085516561,0.17414722292163134,-2.9688450795174472,-2.7040684292915946,1.691446304321289,1.3639456033706665,66.72623443603516,2.8788821697235107,2
334,242.60093688964844,55.2626838684082,12.853635769802397,0.17414027579065958,-0.7849025327165474,-0.3167943269419694,2.904606580734253,1.4725333452224731,138.4959716796875,0.06240975484251976,1
10095,243.6279296875,55.416072845458984,42.07241793974441,0.17406669086672166,-3.5806733291282273,-3.966178913613012,1.5549355745315552,1.2036926746368408,315.41876220703125,0.3378627896308899,1
17328,242.3299102783203,54.88470458984375,13.090935962575358,0.17399532485014357,-0.8757535417283865,-0.324412166220706,2.7426271438598633,0.802082896232605,317.0338439941406,0.6061919927597046,1
28972,242.36849975585938,54.91201400756836,10.981267535455395,0.17388544555004676,-0.8793786533981257,-0.24917566458131846,1.1229418516159058,1.069926381111145,72.76854705810547,1.4519535303115845,1
7594,242.57029724121094,54.83610916137695,12.764850103061363,0.17387379628466226,-0.8250214283432671,-0.3136047577235216,1.315331220626831,1.3117941617965698,251.91221618652344,0.28850844502449036,1
24399,242.73147583007812,55.09535598754883,5.893201441642773,0.17383689924981505,-0.7285304107148906,-0.13527177177363628,3.02006459236145,0.6279183030128479,107.84342956542969,0.9338243007659912,1
12981,242.83621215820312,55.027183532714844,8.888759366289795,0.1736664270301574,-0.7322168596102124,-0.19681065017409527,1.9503660202026367,1.8387401103973389,129.04901123046875,0.4654879868030548,1
28243,242.95973205566406,54.60673141479492,29.585392171527918,0.173416388720107,-2.066711646631356,-1.4262691568365178,-100.0,-100.0,-100.0,1.4612659215927124,4
19925,243.45663452148438,55.08811569213867,30.194478829332837,0.17335843587375827,-1.9965121862693715,-1.592423632883835,1.8550171852111816,0.8570276498794556,64.23011016845703,0.6955704689025879,1
18891,242.76580810546875,55.19573211669922,10.871607613370564,0.17323628521837883,-0.5007543325177252,-0.1590574436529385,-100.0,-100.0,-100.0,0.6835678815841675,5
30470,241.35418701171875,54.898250579833984,43.18335396371248,0.17316605839106317,-3.900401185365233,-4.323754105160363,2.6154630184173584,1.5868184566497803,222.5218963623047,1.436050534248352,2
18890,242.92047119140625,55.06618881225586,11.731736023984952,0.17309294906727588,-0.46748131827314976,-0.18602152468559596,-100.0,-100.0,-100.0,0.6811181902885437,5
27860,242.7150115966797,55.1724853515625,8.74199871541306,0.1729998152846053,-0.804971207431024,-0.18973652473688243,1.6281052827835083,1.6260035037994385,238.18162536621094,1.2111185789108276,1
5785,242.43544006347656,55.34908676147461,18.690243200214287,0.17291566576748355,-1.077913192236029,-0.5889511499987609,1.3402010202407837,1.1778011322021484,257.6846618652344,0.25454798340797424,1
1384,241.5954132080078,55.17900848388672,34.69415885474929,0.17290985611216442,-2.4157113671625754,-2.2561987957030913,2.7523105144500732,2.716989755630493,192.8389892578125,0.11827263236045837,1
7614,241.9878387451172,55.02978515625,20.406054082970808,0.17290971099060357,-1.181267603805047,-0.6937266613050576,3.3900747299194336,2.0478341579437256,75.4341049194336,0.2903324067592621,1
9714,242.7359161376953,54.656150817871094,24.161885589066618,0.1726685073716027,-1.4350439934182062,-0.9713467308403684,1.2670482397079468,1.1705049276351929,108.44990539550781,0.3308440148830414,1
4368,242.0262908935547,55.378211975097656,27.3957100617023,0.17264687112825122,-1.67003685902778,-1.2741708243701464,2.400799512863159,0.7168723344802856,102.88447570800781,0.19783973693847656,1
24750,242.4649200439453,54.364845275878906,41.23082275383294,0.1724377985967852,-3.2189022229684072,-3.62194518514511,-100.0,-100.0,-100.0,1.0081087350845337,6
11234,243.0543212890625,54.91569900512695,18.164511426950035,0.17238433032026237,-1.071918515640607,-0.5586787595288287,0.8059099912643433,0.6066151857376099,341.4463195800781,0.39808422327041626,1
28977,242.61602783203125,55.36973571777344,19.29602668254662,0.17229126031225017,-1.2299518696947553,-0.6190949894683085,1.5067497491836548,0.6463157534599304,208.41090393066406,1.4491331577301025,1
11358,242.5301971435547,55.4344482421875,23.204028105355437,0.17225777077357018,-1.374406119858259,-0.8936093115546301,1.6567978858947754,1.61275315284729,246.48118591308594,0.4000856876373291,1
4480,243.13018798828125,54.60985565185547,32.47334749858384,0.17224795973234566,-2.1708230801371884,-1.9033971573348252,3.4005911350250244,1.881198525428772,268.7605285644531,0.21519771218299866,1
11166,242.4129638671875,55.113067626953125,6.9257963990142155,0.17224003280971512,-0.6851218629800481,-0.15553442703784576,0.7310132384300232,0.5977381467819214,21.079416275024414,0.38674890995025635,1
1244,243.02687072753906,55.34299087524414,23.3528738279858,0.17206299121901358,-1.3373350221867162,-0.9058070956504666,2.8418195247650146,2.821291923522949,44.553680419921875,0.0910990983247757,1
13623,242.91030883789062,55.02500915527344,11.43102705831574,0.1720369405982063,-0.6949124369148465,-0.17635385740241685,-100.0,-100.0,-100.0,0.4931330382823944,6
30161,241.99618530273438,55.4312858581543,30.433134271711875,0.17195357524423618,-2.082499878561026,-1.6191709673526171,0.7025400400161743,0.6999657154083252,26.39594078063965,1.3622291088104248,2
35758,242.538330078125,55.36835861206055,19.2290338621031,0.17192615563371877,-1.264522840293018,-0.6118246518457424,1.2724591493606567,1.2435474395751953,49.46147918701172,1.9277758598327637,2
2685,242.4582977294922,54.5562858581543,29.84985890183144,0.17190109950662086,-1.8876312111497773,-1.5514406273816577,1.8380292654037476,1.8096730709075928,329.76605224609375,0.15325912833213806,1
18652,243.03102111816406,55.25713348388672,19.872099463643643,0.171673853860995,-1.194427136187488,-0.6579429667810017,1.2246363162994385,0.694377064704895,161.21157836914062,0.6267445683479309,1
39530,242.7229461669922,55.04887008666992,4.898201659250994,0.17165250122452888,-0.836646193702771,-0.11001194790684776,2.105929374694824,1.8076893091201782,333.53460693359375,3.0882415771484375,2
26224,243.17369079589844,55.17089080810547,21.6385298216222,0.17161418499187575,-1.336926612919088,-0.7742976339753548,0.7453951835632324,0.695488452911377,44.85743713378906,1.0862960815429688,1
29722,242.89540100097656,54.977256774902344,11.654383066066703,0.1714732476274745,-0.89956380192814,-0.2701056728431689,0.8835499286651611,0.5259719491004944,12.08195686340332,1.3118709325790405,2
31005,243.4505157470703,55.4727783203125,39.14223747348844,0.17139140012213527,-3.296764987237385,-3.071328374110021,-100.0,-100.0,-100.0,1.6127256155014038,6
1298,242.4812469482422,54.573055267333984,28.748620717837056,0.1710823347026742,-1.773368098005556,-1.4211426652837955,1.2124202251434326,1.200586199760437,345.3788146972656,0.07963534444570541,1
2662,242.93142700195312,55.398441314697266,24.174953308347902,0.17082119687643446,-1.4058333300799923,-0.973297485761372,2.0052342414855957,1.6632202863693237,305.7769775390625,0.15410225093364716,1
26620,243.71861267089844,55.45633316040039,45.96587350898941,0.17066416260914755,-4.462755105455821,-5.412508837072593,3.1954057216644287,1.3262345790863037,59.11322784423828,1.049391508102417,1
11941,243.3719940185547,55.0947265625,27.331398376249854,0.17038012137094513,-1.1081787024961418,-1.1747275416270735,-100.0,-100.0,-100.0,0.4326806962490082,4
5640,242.3867950439453,54.87203598022461,12.528172448247085,0.16999822092193953,-0.8099086467915422,-0.3056492914279166,2.231388568878174,2.2287003993988037,285.03289794921875,0.2644329071044922,1
19933,242.61199951171875,54.564334869384766,29.08699234038414,0.16983756017251037,-1.8883047687504464,-1.458237890400771,1.194586992263794,1.0813976526260376,205.48458862304688,0.6854151487350464,1
22859,242.0334930419922,54.95827102661133,19.589084867656176,0.1696035011487423,-1.199809095972515,-0.6396517961331375,1.701053261756897,1.0956627130508423,158.44619750976562,0.8696860074996948,1
29561,242.65599060058594,55.01388931274414,3.336274807504874,0.16946792502237418,-0.732635084551404,-0.1008844926706469,1.5737926959991455,1.1496124267578125,153.94696044921875,1.4947535991668701,2
24466,242.5695037841797,55.26226043701172,12.81450572366549,0.16938344169447578,-0.9023542776359047,-0.31279588954561255,1.0708345174789429,0.946857213973999,272.6107177734375,0.9573965072631836,1
35664,242.1077880859375,54.994354248046875,16.582146627764377,0.16932195499954789,-1.1301763284544772,-0.467545014654428,1.9905238151550293,1.446468710899353,356.5311584472656,1.9321038722991943,2
39255,243.3317108154297,54.63743209838867,35.816207628567106,0.1693163504860008,-2.7881119054547527,-2.4470142132906187,1.5782583951950073,1.4248048067092896,74.56592559814453,2.743945598602295,2
18395,242.70556640625,55.071632385253906,4.512981788026819,0.16907854981357898,-0.6786115708564295,-0.11744912973003233,1.539947748184204,1.4933528900146484,3.3298873901367188,0.6381097435951233,1
26406,242.8257293701172,55.50017166137695,28.35150241455812,0.16890706579334158,-1.8505729981640788,-1.3736422214793995,1.4692312479019165,0.9626129269599915,122.70175170898438,0.9880947470664978,1
16128,242.8144989013672,54.85668182373047,14.066837712790464,0.16875627531037798,-0.9060259889366925,-0.36239966210944435,0.9099957346916199,0.38058868050575256,68.82136535644531,0.5284168720245361,1
34255,243.34771728515625,55.26997756958008,29.459217617738148,0.16870109041106418,-2.0141920493335363,-1.4973533579325637,2.6127095222473145,2.3404557704925537,273.2605285644531,1.8418511152267456,2
33959,242.8274688720703,55.02266311645508,8.637005201531334,0.16868927331509692,-0.8430909531617037,-0.18347741722616134,1.6933541297912598,0.9214236736297607,345.91363525390625,1.7225135564804077,2
6233,242.69522094726562,55.63037109375,35.11473981328095,0.1685320108013718,-2.4944169374079728,-2.329630585395748,1.7903993129730225,1.0149983167648315,306.52362060546875,0.24066126346588135,1
8203,243.6949920654297,54.82814025878906,40.63200207413041,0.16848399550192242,-3.3170992007117395,-3.5471450828728743,2.926530599594116,1.0846940279006958,192.45437622070312,0.3249776065349579,1
19673,242.4416046142578,55.25933074951172,13.500125091176088,0.16836784854171025,-0.9021417761472011,-0.33957127097363127,2.035615921020508,0.4125329852104187,90.99254608154297,0.7040555477142334,1
30356,242.94805908203125,55.685089111328125,40.183818795675585,0.16833959595061193,-3.357440081028014,-3.423547022113941,1.7371950149536133,0.9684257507324219,147.9378662109375,1.31415855884552,2
13016,242.43991088867188,55.32591247558594,17.310892162022697,0.16826058376411007,-1.035224672864631,-0.5124298864745861,1.4696121215820312,0.45574772357940674,73.09101104736328,0.4403359591960907,1
16326,241.863037109375,55.16244125366211,25.551039009344226,0.16825665787836833,-1.5661525992661907,-1.0924550782191924,1.8299193382263184,1.3304539918899536,215.46583557128906,0.5413206815719604,1
36911,242.8766326904297,54.8929557800293,13.836940247262657,0.16820957202225542,-1.0256985796860838,-0.3448050811688763,2.0437047481536865,1.9136443138122559,143.78915405273438,2.1487040519714355,2
31723,242.49258422851562,54.99578094482422,4.386693095770946,0.16806276090297273,-0.7568352632894526,-0.11037536016858507,0.9029791951179504,0.8419846296310425,22.557249069213867,1.5036860704421997,2
32432,242.8727264404297,55.58932876586914,33.933389291996896,0.16772279162528467,-2.483559428495337,-2.123422598151002,0.8073796629905701,0.657015860080719,22.606773376464844,1.5451816320419312,2
10071,241.52066040039062,54.70907211303711,41.87631669969691,0.16762627110387898,-3.544915551218414,-3.9062255004702346,2.239374876022339,1.9651907682418823,135.6402130126953,0.33731961250305176,1
5843,242.85107421875,54.70283126831055,22.762280864749716,0.16757196084104936,-1.3227425997259792,-0.8599836896456299,2.4217116832733154,0.9353601336479187,251.86801147460938,0.23899602890014648,1
31071,242.7266845703125,54.88484191894531,11.050785603569627,0.16706495194355744,-0.8944179141104917,-0.2497789791727196,1.7602328062057495,1.5975052118301392,324.5949401855469,1.5579321384429932,1
6054,242.40016174316406,55.5391845703125,30.06206877820101,0.16706068834808113,-1.9247801080490952,-1.5772803962605007,6.536910533905029,1.3688690662384033,16.65329933166504,0.24724946916103363,1
38233,243.6870574951172,55.470706939697266,45.523944799123825,0.16682502630960988,-4.4582487669489534,-5.214866081081638,3.399491310119629,1.759751558303833,72.85369110107422,2.422083854675293,2
1149,242.74896240234375,55.26664733886719,14.291711882717228,0.16681183749697212,-0.8489585779272127,-0.37289022399775745,2.1963164806365967,1.1904642581939697,208.35031127929688,0.11067908257246017,1
2780,241.9837188720703,54.61916732788086,33.00966187841178,0.1667642272592461,-2.2230271074879155,-1.983587256230493,2.7149930000305176,2.526026487350464,257.1859130859375,0.15094958245754242,1
7799,242.378173828125,55.446964263916016,24.872642306704897,0.1667498453947848,-1.4815117675226437,-1.0328691961925673,1.2112644910812378,0.9844043850898743,9.12388801574707,0.3047904670238495,1
34176,242.98501586914062,55.332618713378906,21.95562728748458,0.16674979485035182,-1.414173340425053,-0.7918972131859663,1.3075870275497437,0.6621736884117126,11.22751235961914,1.800047755241394,2
6412,243.0391387939453,55.70219421386719,42.20845512626634,0.16670382459898594,-3.590374634276844,-4.00850200411237,2.994626760482788,2.2450459003448486,103.51318359375,0.23574231564998627,1
27975,242.8300323486328,55.25641632080078,15.113869735234786,0.16669708075757994,-1.012809069906255,-0.40381540236317104,1.1246672868728638,1.0142648220062256,9.331512451171875,1.2178930044174194,1
35694,243.18251037597656,54.95915985107422,21.40414931872141,0.16638903948679187,-1.3930933567617343,-0.7527451007957258,1.9062485694885254,1.5302174091339111,217.1029815673828,1.9320076704025269,2
2661,242.7235870361328,54.62943649291992,25.641928115019464,0.1661478259249657,-1.5168580458635132,-1.1023641067519565,2.530364990234375,2.321704149246216,266.5856628417969,0.1666480004787445,1
20005,241.54428100585938,54.8571891784668,37.50549682656315,0.16612141549898593,-2.8785852568556303,-2.7926948275444983,4.176945686340332,0.8907590508460999,170.07257080078125,0.6997169852256775,1
14866,243.51535034179688,55.0470085144043,32.135946689327874,0.165953090316911,-2.1757511388144484,-1.853343677350969,1.3554613590240479,0.954677939414978,94.26776123046875,0.47580862045288086,1
14546,243.03872680664062,55.165504455566406,17.21819802996967,0.16581936145832685,-1.036833820395256,-0.5073003687643296,0.6130356192588806,0.5939335823059082,198.72018432617188,0.4767223298549652,1
25004,242.98049926757812,54.598548889160156,30.34716468580711,0.1658124739422392,-1.9528553076555504,-1.5202092707987311,-100.0,-100.0,-100.0,1.0380706787109375,6
14699,242.25831604003906,55.42165756225586,24.93990304935793,0.1657740012704434,-1.5135466237554094,-1.0379933316560959,1.2045187950134277,1.2014732360839844,65.04447174072266,0.4789135158061981,1
14802,241.92201232910156,55.344390869140625,28.6882771882642,0.16574102894029713,-1.828614063748896,-1.4136455217657347,2.9387047290802,0.817334771156311,244.77745056152344,0.47708746790885925,1
30417,243.28756713867188,54.47889709472656,42.05115162499894,0.16537828566269172,-3.6850696830016463,-3.9561972514657713,1.3866808414459229,0.9618738889694214,117.0511703491211,1.4864568710327148,2
6007,243.3043670654297,54.91878128051758,26.115403041687475,0.16531549373356574,-1.5706039256331565,-1.1465450876418883,1.4271519184112549,0.9092147946357727,219.18960571289062,0.2384442836046219,1
22723,242.3407745361328,55.13159942626953,9.613530087761298,0.16524765834528402,-0.7950098842859039,-0.21316832622292764,3.493309497833252,1.0126179456710815,89.37635803222656,0.835425078868866,1
32065,241.96817016601562,54.84092712402344,24.509852227924622,0.1652023993889297,-1.5810964651707493,-0.9954369081421701,0.8958448171615601,0.8309432864189148,30.831756591796875,1.582869529724121,2
35538,242.74285888671875,54.94454574584961,8.387966380034651,0.165147598531091,-0.8498960570743966,-0.17700070942347643,1.7691000699996948,1.6183656454086304,101.4390869140625,2.0972394943237305,2
7332,242.52804565429688,55.097938537597656,3.4555136507533764,0.16506409696256527,-0.6231691256913222,-0.10793253632346426,1.6515463590621948,0.3311201333999634,117.76236724853516,0.30419090390205383,1
21041,243.74905395507812,54.947113037109375,40.678737460004946,0.16505810292232886,-3.3830859424419804,-3.559211402088281,2.2867205142974854,0.9804495573043823,245.30694580078125,0.74088454246521,1
23666,242.467041015625,55.31217575073242,16.27447031712888,0.16495712737754972,-1.0362961762304044,-0.45837282277616315,1.1595221757888794,1.0860011577606201,42.428340911865234,0.8921133875846863,1
12719,242.69195556640625,55.14264678955078,6.8102045286342126,0.16489260662834468,-0.6898800986057843,-0.15331336205552518,2.3064143657684326,0.46277934312820435,64.59326171875,0.4381173551082611,1
37100,242.08035278320312,55.36285400390625,25.46128258715314,0.16474404293559614,-1.6889387646062846,-1.0764127803278265,1.1402682065963745,0.8040443658828735,293.2940979003906,2.2379579544067383,2
36974,242.94631958007812,54.83277893066406,18.08231361783525,0.16465852443259277,-1.2138628461125074,-0.5445846922584322,1.2810986042022705,1.0006202459335327,166.04135131835938,2.1579606533050537,2
39306,243.14295959472656,55.06087112426758,19.345856305483228,0.164636712874343,-0.8713982606300197,-0.5348678507782678,-100.0,-100.0,-100.0,3.0137457847595215,4
9844,241.92721557617188,54.66669845581055,32.163462950722355,0.16452876701305777,-2.1586709565015263,-1.8577648873896329,2.453195810317993,0.6313685178756714,214.0389862060547,0.3628693222999573,1
26341,242.1035614013672,54.76799011230469,23.545661246799273,0.16437351908924935,-1.463915473951676,-0.9179907128999071,1.1224665641784668,1.0863984823226929,311.7663269042969,0.994917631149292,1
39960,242.39227294921875,55.25872039794922,14.152362961630692,0.16432788771892903,-0.7547501844209201,-0.27464879339349063,-100.0,-100.0,-100.0,3.831662893295288,4
3879,242.74456787109375,54.83262252807617,14.149158164252187,0.16427737306225484,-0.8609821542056367,-0.3671460046895811,1.061111330986023,1.0425848960876465,324.8689880371094,0.20105798542499542,1
37944,242.84754943847656,55.03816223144531,9.2044308207806,0.16407692634252832,-0.8903082393150495,-0.19449497394773443,0.6242241859436035,0.49554744362831116,225.4033203125,2.405207872390747,2
36951,243.035888671875,55.17313003540039,17.32001252909731,0.1640555394726739,-1.1761903208263509,-0.503930233267465,1.660692811012268,1.2897683382034302,324.9353332519531,2.229595899581909,2
2622,241.9884033203125,55.28773880004883,24.843878138868185,0.1639088006699801,-1.4550863391546351,-1.0305210949372523,1.1976697444915771,1.140095829963684,164.644287109375,0.1747363954782486,1
2751,243.54917907714844,54.98832702636719,33.519743216386345,0.16389705943311617,-2.282161647262239,-2.0626585773758417,2.7243690490722656,0.8177893161773682,214.76194763183594,0.13569317758083344,1
1186,242.98777770996094,55.31581497192383,21.247067131044467,0.1638417743281816,-1.198758115111173,-0.7500469228297746,1.7841964960098267,1.5416393280029297,22.459144592285156,0.11607739329338074,1
2724,243.364990234375,54.85014343261719,29.54412215135638,0.16346692738702046,-1.8578519043354518,-1.514322552738922,2.9241538047790527,2.437086820602417,75.5274887084961,0.15771697461605072,1
23691,242.4678955078125,54.860782623291016,11.927559757494151,0.16341551452435224,-0.8669278936419638,-0.2817805881639579,0.8197906017303467,0.6796749234199524,359.42999267578125,0.9126626253128052,1
7340,242.42828369140625,55.104576110839844,6.206862839108318,0.1633811761653635,-0.657835034463778,-0.1430029530775379,0.9832138419151306,0.9685106873512268,246.3394775390625,0.2973407208919525,1
11571,243.28392028808594,54.826820373535156,27.66366221726957,0.16331165897581587,-1.723092821898003,-1.3016889917005896,1.9851547479629517,1.6309248208999634,335.6664733886719,0.40834304690361023,1
10990,242.55792236328125,55.02617645263672,1.5615334751288483,0.1632423801275957,-0.62404758261811,-0.09475592021873455,5.04081916809082,1.0084316730499268,167.82861328125,0.42381519079208374,1
26457,242.20965576171875,54.6514892578125,27.060264032641367,0.16323444072140392,-1.736586476318574,-1.2363599316721259,4.044146537780762,1.0324244499206543,95.12889862060547,1.0644456148147583,1
17497,242.02757263183594,54.754940032958984,25.973235746393573,0.16323109303936192,-1.6062147611015667,-1.131824139512083,2.6239001750946045,0.9965262413024902,173.5402069091797,0.5997630953788757,1
21007,241.73089599609375,54.808990478515625,32.63120357569715,0.16321136952339718,-2.2598865912586374,-1.9246928258445897,2.3327183723449707,2.2189137935638428,73.32292175292969,0.7272642850875854,1
26097,242.900390625,55.19065475463867,13.891750892674933,0.16309810744964975,-0.9453086029978394,-0.3529700235287202,1.401881217956543,1.0837866067886353,111.09358215332031,1.0752549171447754,1
22905,242.46034240722656,55.473182678222656,25.79330010723493,0.16303066492031262,-1.61894692489035,-1.1139555165687847,1.9640856981277466,0.844492495059967,110.1104736328125,0.8502048850059509,1
14821,241.75975036621094,54.97235870361328,28.606047037452473,0.1630112544825361,-1.8205697253529571,-1.4041263319781205,1.8542289733886719,0.9758198261260986,113.8175048828125,0.5017157196998596,1
28409,242.59739685058594,55.48310089111328,26.06588797066665,0.16272149147988274,-1.5580050605698694,-1.04920789824582,-100.0,-100.0,-100.0,1.3257410526275635,6
22963,241.6381072998047,55.08525085449219,32.449549322332345,0.1625921385521253,-2.249967063357204,-1.897564633854635,1.8928855657577515,1.6682418584823608,7.353715896606445,0.8573555946350098,1
34623,241.44293212890625,55.09041213989258,39.15837461899118,0.1625041038482215,-3.076588520693655,-3.0752259875572325,-100.0,-100.0,-100.0,1.9869295358657837,4
7377,242.4402618408203,55.11762619018555,6.343670672553621,0.16239663960449752,-0.660679939105689,-0.14546640562289218,2.0052878856658936,1.9580219984054565,158.0390167236328,0.2807786762714386,1
7395,242.59597778320312,54.84912109375,11.991296995870771,0.16233454900876504,-0.7992304569084832,-0.28686495957263825,1.5615545511245728,0.8249607682228088,106.77088928222656,0.31265929341316223,1
11518,243.22561645507812,54.75315475463867,28.460955307216302,0.16227730591442435,-1.7948685233622999,-1.388542276300097,0.7669690251350403,0.6030603647232056,289.1412658691406,0.4208565354347229,1
13141,243.24197387695312,55.17692947387695,23.96889723567527,0.16219985706379378,-1.435096423980238,-0.9550954998156274,1.4333035945892334,1.2377433776855469,32.996578216552734,0.46936583518981934,1
9265,242.60125732421875,55.19066619873047,8.543264237907865,0.16199817422660598,-0.7108243798314333,-0.18903594276150817,1.6409223079681396,0.39189597964286804,325.1362609863281,0.3675101697444916,1
21158,243.4645538330078,54.607887268066406,40.41567107162476,0.16190309621314644,-2.799787788084502,-3.3955608112732127,-100.0,-100.0,-100.0,0.7921386957168579,6
7590,242.8797607421875,55.308494567871094,18.654615789831745,0.16187389393885457,-1.0831828380904094,-0.5866665998130747,1.2478151321411133,1.2460336685180664,34.498443603515625,0.30858829617500305,1
4408,242.8024444580078,54.57747268676758,29.301399770488715,0.16181346965643767,-1.8432875767450343,-1.4855108469290321,1.8595410585403442,1.8594516515731812,273.360107421875,0.18948227167129517,1
13334,242.0110321044922,55.49660873413086,33.17786338191721,0.1617887314302215,-2.2876697013832805,-2.0087347039973182,2.2541725635528564,1.0664615631103516,54.61973190307617,0.47475624084472656,1
38942,242.38172912597656,55.47126770019531,26.244150786196073,0.16169013319203682,-1.9104198227156428,-1.0662638496779313,-100.0,-100.0,-100.0,2.7621893882751465,6
29876,243.07327270507812,54.80674743652344,22.351123693024654,0.16139993335774022,-1.4145251282859383,-0.82355262569224,0.5968855023384094,0.5879874229431152,248.70849609375,1.3553576469421387,2
26561,242.0233154296875,55.5643196105957,36.31547737400573,0.16137272580368023,-2.7408143611797207,-2.549448772642286,1.6456087827682495,1.6325017213821411,131.95309448242188,0.9933403730392456,1
23099,241.50360107421875,54.6455192565918,44.37570965700654,0.1613257911972394,-3.8499427164607027,-4.664488040599032,-100.0,-100.0,-100.0,0.8774526715278625,6
18820,242.93972778320312,54.461631774902344,37.360461329711164,0.16126053780384506,-2.8516463350990846,-2.762010580540154,3.5738792419433594,1.864859700202942,230.64962768554688,0.626049816608429,1
3953,242.1968536376953,54.980812072753906,13.811906297017416,0.16124122025611667,-0.8477779984860985,-0.3535759917323799,1.3833177089691162,1.0753535032272339,177.26123046875,0.18179918825626373,1
34524,243.80914306640625,54.967254638671875,42.55818963168372,0.1612186120905012,-3.8063265485062416,-4.114026486152869,2.2373578548431396,2.221431016921997,183.74874877929688,1.708189606666565,2
20003,243.251708984375,54.587223052978516,36.13044232212971,0.1610911244747505,-2.6861140602462035,-2.5152533787569427,2.694401979446411,2.182577610015869,172.93115234375,0.6813545823097229,1
18925,242.2246551513672,55.162540435791016,13.990177635221439,0.16100986232568693,-1.0691994488337757,-0.2680990143349134,-100.0,-100.0,-100.0,0.7150678634643555,6
25903,242.7088623046875,55.08079528808594,4.812419932283222,0.16071941772894796,-0.7174982052505626,-0.11952333657283915,1.596505045890808,0.7172589302062988,94.12451171875,1.0073914527893066,1
34508,241.5012969970703,55.2744255065918,39.388092035360735,0.16064696641108459,-3.253522647246492,-3.2182669832355515,2.6514546871185303,1.5252307653427124,62.684295654296875,1.7116144895553589,2
20775,242.6175994873047,54.77195358276367,16.658762272965085,0.1605969264948669,-1.039206068770335,-0.4779834630341846,0.807011604309082,0.7692309021949768,79.6317367553711,0.7347439527511597,1
23735,241.99464416503906,55.0861701965332,20.250730796017372,0.16052325717232654,-1.2412185587008513,-0.6804412168501582,1.630587100982666,0.7685844302177429,311.6667785644531,0.8785730004310608,1
38836,243.4214324951172,55.22999954223633,30.82297030782201,0.1605089511383514,-2.1936466993461186,-1.6644578970560002,1.1867669820785522,1.186213731765747,163.99050903320312,2.6480016708374023,3
5808,242.1864471435547,54.81882858276367,19.360050268322816,0.16043612230446336,-1.1134767894164554,-0.6281570116870651,0.6932576894760132,0.6923405528068542,286.40576171875,0.23981349170207977,1
17652,243.5779571533203,55.079917907714844,34.324535114899035,0.16033768426469075,-2.4426757807210846,-2.1923702863725696,2.6424689292907715,2.0901498794555664,35.63801574707031,0.5767201781272888,1
1385,243.5683135986328,54.969669342041016,34.318834060565685,0.16026837130515448,-2.368879845073715,-2.1923928363933736,1.6599383354187012,1.5364131927490234,325.5556335449219,0.10609541088342667,1
20893,241.95635986328125,54.926937103271484,22.693680961101936,0.16026262517485512,-1.3800531897857562,-0.8522146447766048,2.8423242568969727,2.08543062210083,59.3836784362793,0.7464492321014404,1
18627,241.88853454589844,55.036006927490234,23.798833412455757,0.16024935832599127,-1.4472550935952457,-0.9403763586250008,0.8802478909492493,0.8800473213195801,202.0057830810547,0.6337190866470337,1
32416,243.54202270507812,54.96205520629883,33.49423069609444,0.160182795428584,-2.430373314826363,-2.0526176970072925,0.8735718727111816,0.8587772846221924,116.79462432861328,1.5148062705993652,2
34714,243.1640167236328,55.1331787109375,20.667807862298993,0.16015725239598352,-1.1948108231549324,-0.618389702832234,-100.0,-100.0,-100.0,2.058314561843872,6
19021,241.94741821289062,55.33580017089844,27.68793858582064,0.16009905352438034,-2.156977515298564,-1.212074046249193,-100.0,-100.0,-100.0,0.7142921090126038,6
4356,242.71331787109375,54.57332992553711,28.894395442144713,0.1600142508863707,-1.8045158386602747,-1.4378550186584347,1.504119634628296,1.4622000455856323,27.839183807373047,0.19536785781383514,1
25999,242.5157012939453,55.07319641113281,2.6638278668317508,0.15998826237637967,-0.696582532194172,-0.09839048660881591,1.4418326616287231,0.3495124876499176,5.113620758056641,1.0713273286819458,1
26347,241.94204711914062,54.84676742553711,25.11664261483933,0.1597184442805157,-1.5792790004874686,-1.050967749816088,2.4417104721069336,0.5611234307289124,338.9935302734375,1.0314406156539917,1
11632,241.70875549316406,55.08208084106445,30.016229525805027,0.1596834942742712,-1.9417486911206394,-1.5710724196943482,1.2998570203781128,1.1729530096054077,30.409469604492188,0.39617660641670227,1
25930,242.82557678222656,55.012168884277344,8.711206061841356,0.15953899158645005,-0.786333384224867,-0.18962680281483288,0.8349270820617676,0.7876264452934265,50.66413879394531,1.06412935256958,1
37284,241.5985870361328,55.4506950378418,41.340900974131316,0.15946699691445881,-3.607316938643194,-3.7400654731361986,1.1223070621490479,1.0118030309677124,192.9828338623047,2.2031288146972656,2
4044,242.7862548828125,54.71366500854492,21.324718536699347,0.15945895248566447,-1.221581194093546,-0.7556287073139284,3.930431842803955,0.8257765173912048,358.83648681640625,0.189320906996727,1
19868,241.86041259765625,55.30860900878906,29.182123998516392,0.15945761189011945,-1.8976146068368862,-1.469500740657421,1.5503116846084595,1.4888041019439697,283.5318908691406,0.6856025457382202,1
509,241.58311462402344,54.67573928833008,41.073799586062336,0.15929001537615942,-3.349793294353577,-3.669889266910672,5.1579694747924805,3.408952474594116,340.0636901855469,0.04236219450831413,1
11023,242.48348999023438,55.1622200012207,7.57655220873544,0.15921895623967589,-0.6970193775627324,-0.1678676387115665,1.0874757766723633,0.7894262671470642,88.0276107788086,0.3874287009239197,1
5498,242.7939910888672,55.0129280090332,7.65201969242402,0.159150510058316,-0.677562879453514,-0.17029650699309434,1.6586755514144897,1.433482050895691,213.9837188720703,0.24270211160182953,1
6210,241.62940979003906,55.313934326171875,36.25772695340782,0.1590298816872645,-2.6448844388065806,-2.541223100849077,3.989136219024658,2.115645170211792,67.01539611816406,0.2646394968032837,1
9654,242.89695739746094,55.443748474121094,26.053834006739407,0.15901808894633493,-1.5806166631072347,-1.140482649497209,2.093640089035034,0.5123522877693176,294.6048278808594,0.3324761390686035,1
7709,242.87242126464844,54.7644157409668,19.812556605907904,0.15891120916066828,-1.1465086581545192,-0.6557679157033002,2.6502938270568848,1.747200608253479,305.961669921875,0.27524513006210327,1
34050,242.0161590576172,54.770530700683594,25.642327127999994,0.15879136791966725,-1.6808045621284053,-1.0953816302298143,1.8568150997161865,1.7214378118515015,75.21197509765625,1.77412748336792,2
29888,241.85516357421875,55.25502395629883,27.774536578024083,0.1587570275846349,-1.830978088328621,-1.3086642948683647,1.0741626024246216,0.5448674559593201,320.9549255371094,1.4813698530197144,2
11599,242.86431884765625,55.549137115478516,31.548621887096374,0.15872731867481873,-2.1000194524778295,-1.771643202038755,3.870933771133423,3.8358025550842285,234.27272033691406,0.3861062526702881,1
1144,242.34078979492188,55.37337112426758,21.133095881349636,0.15869238616672385,-1.1921934627260522,-0.7424074955358388,3.013134002685547,2.605428457260132,319.05755615234375,0.08518876135349274,1
2663,242.18093872070312,55.41633224487305,25.94581112702894,0.1586653177390284,-1.540688025689918,-1.130666659331443,1.8741378784179688,1.7957584857940674,193.8216552734375,0.1503923535346985,1
14626,242.61976623535156,55.44036102294922,23.533518194735475,0.1586466427667804,-1.410639061491526,-0.9194744470446173,1.563382863998413,1.472183346748352,342.4669494628906,0.5195601582527161,1
7817,242.62208557128906,54.59039306640625,27.540671296348073,0.15864652049074937,-1.6983522474634387,-1.289220875082095,4.005843162536621,0.805735170841217,213.40625,0.2918476164340973,1
17246,242.74880981445312,55.23295593261719,12.4682246656326,0.15858813922532314,-0.8540813433466797,-0.30196795253327025,0.9732040166854858,0.6191723942756653,290.8043212890625,0.6211050748825073,1
26065,242.60671997070312,55.191307067871094,8.59920856791117,0.1585724911972924,-0.7833183622742688,-0.18680077357488575,1.6800978183746338,1.6135824918746948,322.3493347167969,1.0921565294265747,1
33874,242.4380645751953,54.802791595458984,15.554072769246165,0.15849655698116072,-1.0720091368551035,-0.41965735992198827,1.1554787158966064,0.8262397050857544,23.070430755615234,1.7576918601989746,2
7932,242.9583282470703,55.44968795776367,27.30654122918031,0.15846615168210731,-1.677326301455191,-1.2644468377821179,1.7075071334838867,0.9045525193214417,247.53167724609375,0.3084809184074402,1
29729,242.85691833496094,54.81986999511719,16.7170671926617,0.15846292362102665,-1.097615988677229,-0.47719517295565284,1.056721806526184,0.8965749144554138,1.591043472290039,1.3586453199386597,2
29772,243.14117431640625,55.16582489013672,20.4869198835576,0.15838626409124434,-1.2987951247843776,-0.6940331422664944,1.5139353275299072,0.8353920578956604,237.8946075439453,1.4116435050964355,2
79,241.69622802734375,55.122249603271484,30.683133178375094,0.15830882702153704,-1.9422671581061905,-1.6544002467522099,1.8885492086410522,1.1082342863082886,4.857416152954102,0.021209988743066788,1
38733,243.27359008789062,54.85703659057617,26.50866856457584,0.1582937431586464,-1.7927442925006278,-1.1735457319934397,1.9472228288650513,1.0053666830062866,124.7803955078125,2.6522438526153564,2
33937,242.6459197998047,55.28789138793945,14.5212847541992,0.15829348633906995,-1.027950966215454,-0.37398796008760754,1.2112176418304443,0.6096873879432678,160.53111267089844,1.8464491367340088,2
9225,242.75466918945312,55.07386016845703,6.173007082113629,0.15811790107554505,-0.6642850468590182,-0.14219721972219312,0.7908653020858765,0.7754479646682739,144.3681640625,0.3722860813140869,1
32563,243.2587890625,54.49455642700195,40.70556475818703,0.15802426661524663,-3.4597774829521795,-3.5629160019138806,1.1570712327957153,0.8759611248970032,215.69732666015625,1.5256423950195312,2
35481,242.69467163085938,55.200439453125,9.907737010036845,0.15791949742986403,-0.8874910708286137,-0.21506514322404685,1.7173912525177002,1.011208415031433,52.57610321044922,2.056649923324585,2
37397,242.04469299316406,55.23567581176758,21.52409880683672,0.15781541738007562,-1.4038370386624508,-0.676650266004102,-100.0,-100.0,-100.0,2.4975292682647705,6
4678,241.84283447265625,54.49423599243164,41.937311506189566,0.15778933477419485,-3.5321619679754126,-3.9246777054384303,1.675879955291748,1.4754880666732788,345.8267822265625,0.20479750633239746,1
34143,242.79554748535156,55.49534606933594,27.784580826972217,0.15776953155506002,-1.8602872415742855,-1.3085021129439236,1.7963109016418457,1.6624811887741089,73.64564514160156,1.8865231275558472,2
34555,241.54745483398438,55.524452209472656,45.39004770479609,0.15770128240938958,-4.391158189671363,-5.159247796625321,5.112794399261475,3.8853137493133545,328.59368896484375,1.8391491174697876,2
7749,243.22515869140625,54.881900787353516,24.35951762072035,0.1576601877942264,-1.4429330801410836,-0.9884004931036721,3.1952412128448486,1.8909732103347778,298.5934753417969,0.2834283113479614,1
2418,242.52737426757812,55.34885787963867,18.096342547108733,0.15759369418474872,-1.0297362752808175,-0.555293954515847,2.2669756412506104,1.7814651727676392,150.80030822753906,0.14960764348506927,1
385,243.11007690429688,55.374874114990234,26.67467248072898,0.15745541943458854,-1.580777908463112,-1.200540184151082,2.5528030395507812,0.9299508929252625,316.9165954589844,0.051568061113357544,1
30351,242.87400817871094,54.39029312133789,40.79770858982682,0.15732857129433567,-3.4608199953709025,-3.588993255265499,1.7317638397216797,1.3818997144699097,336.9377136230469,1.3917040824890137,2
14516,242.5151824951172,54.69700622558594,21.22614598983959,0.1573053582265442,-1.257919870858038,-0.7477610062071425,2.4065937995910645,2.2575857639312744,52.99100875854492,0.4898611307144165,1
18360,242.53094482421875,55.106204986572266,3.8423180194824074,0.15713648046800183,-0.6712508038449566,-0.10998909201096495,1.2003581523895264,0.8452881574630737,286.8177490234375,0.6381101608276367,1
26908,242.75074768066406,55.008384704589844,6.338392602318663,0.1571174905961249,-0.8563016948483765,-0.053129829596203666,-100.0,-100.0,-100.0,1.2058576345443726,6
32484,243.1190185546875,54.49925994873047,37.87457102039239,0.15702295892340673,-3.0093545496235294,-2.8681729975628887,2.0123043060302734,1.3818329572677612,247.71139526367188,1.6454989910125732,2
3004,241.81661987304688,54.477020263671875,43.312600568568534,0.1568633889639317,-3.7856809630063886,-4.371720472476079,3.395134210586548,1.4319430589675903,117.97694396972656,0.1711350530385971,1
36923,242.87521362304688,55.141910552978516,11.56051593237603,0.15680959046870674,-0.9431257542666268,-0.26161088894176926,1.1426805257797241,1.0044913291931152,323.8233947753906,2.245432138442993,2
5620,242.2384796142578,55.21013259887695,15.209640501985303,0.15676283221945725,-0.9116443621170154,-0.4119832443821489,2.898542881011963,1.068769931793213,51.784915924072266,0.2418815940618515,1
32713,241.9196014404297,54.58039093017578,36.218442540771406,0.1567370086170793,-2.6697557525358397,-2.4404174335519886,-100.0,-100.0,-100.0,1.762110948562622,4
17345,242.70291137695312,54.80551528930664,15.194147065666197,0.15670592939751268,-0.9574031733315645,-0.40982513792496006,1.2346237897872925,1.2330842018127441,336.9852600097656,0.5926011800765991,1
1515,243.3430938720703,55.579345703125,41.12754019984022,0.15669438690199133,-3.3696407768945638,-3.6857192948112236,4.094255447387695,1.3253189325332642,43.52216720581055,0.08915090560913086,1
1158,242.8226318359375,54.7681770324707,18.794563588821518,0.1566305936494772,-1.057288195862911,-0.5948289749310102,1.6611424684524536,1.325451374053955,263.5204772949219,0.07816004008054733,1
29862,242.2703094482422,54.72290802001953,22.29008606342931,0.1566089744185397,-1.4113899314886287,-0.8193512485513068,2.0122835636138916,1.3964321613311768,239.4478759765625,1.4351850748062134,2
19025,242.1239013671875,54.69180679321289,26.593009757063495,0.15660358806875577,-1.7818810563668137,-1.1002137465426616,-100.0,-100.0,-100.0,0.6919015645980835,6
2623,241.919189453125,55.29417419433594,27.022790837717224,0.15655462742365042,-1.6295534466854105,-1.2359711915731326,1.9773902893066406,1.212088704109192,217.5669708251953,0.1695932000875473,1
2841,241.5683135986328,55.111602783203125,34.96584587044387,0.15650996216472163,-2.459021186657609,-2.3034609371987487,3.5717177391052246,3.5580270290374756,47.91069030761719,0.1347207874059677,1
32481,242.9791717529297,54.464927673339844,37.65283942058171,0.15650282750343741,-2.9772247350309873,-2.820277775680457,3.0768139362335205,2.6361615657806396,172.73133850097656,1.6726468801498413,2
4559,241.5308837890625,54.88570022583008,37.450034053970086,0.156491344901064,-2.8025432181098537,-2.7818118262737763,1.088491439819336,0.8064348697662354,125.0377197265625,0.19563977420330048,1
11501,242.06118774414062,54.69335174560547,27.859622994962777,0.15645995716630087,-1.7403572740409001,-1.3226843719862653,1.419734001159668,1.1916395425796509,96.14256286621094,0.41257911920547485,1
12984,242.1737518310547,55.25811767578125,18.765856221149843,0.15638630784623703,-1.1093835740863074,-0.5923587497508673,1.80538809299469,0.39692336320877075,262.56011962890625,0.462606281042099,1
4115,243.03260803222656,54.853759765625,19.48451420259158,0.15637462536753263,-1.1124146392570051,-0.6357578847148337,1.604385256767273,1.3140894174575806,153.716064453125,0.17633557319641113,1
37366,243.5415802001953,54.79269790649414,36.53034576184311,0.15628510088424633,-2.546574488297917,-2.501183891072832,-100.0,-100.0,-100.0,2.4634015560150146,4
15131,242.69302368164062,54.510643005371094,32.522178258898926,0.15621138319966238,-1.8131877653623611,-1.817404260608532,-100.0,-100.0,-100.0,0.5438236594200134,6
14861,243.57785034179688,54.988399505615234,34.49985873158266,0.15612962683566178,-2.4520752055484545,-2.222316681541671,1.491160273551941,0.7810229063034058,262.71124267578125,0.5032508373260498,1
15877,242.39053344726562,55.16263198852539,9.442288088213296,0.15598520279898395,-0.759180163113448,-0.2106204963711959,1.3167980909347534,0.8498240113258362,212.81109619140625,0.53626948595047,1
23734,241.87344360351562,55.13043212890625,24.76605645914846,0.15595431019496436,-1.5441999054168192,-1.020973109592837,0.6831336617469788,0.6603642106056213,15.569171905517578,0.9058573842048645,1
34722,241.75799560546875,55.39545440673828,34.99872094670715,0.15570505573284052,-2.0885551339023367,-2.216090691606611,-100.0,-100.0,-100.0,1.9479774236679077,6
25851,242.42214965820312,55.1866340637207,9.895405518006342,0.1556426687304167,-0.8168697316751392,-0.22020164105378878,1.0568879842758179,0.625281035900116,302.6435546875,1.0368179082870483,1
34133,242.74844360351562,54.637664794921875,25.340385796041495,0.15538001080578367,-1.6546957012758283,-1.066613809292544,1.1957188844680786,1.0911591053009033,357.9498596191406,1.768250823020935,2
36186,242.18548583984375,54.91856384277344,15.682462706122998,0.1552245447937525,-1.1791957455449615,-0.3408060837307591,-100.0,-100.0,-100.0,2.145071268081665,4
36035,241.55996704101562,55.36763381958008,39.83146688865665,0.15517770913200069,-3.338436508712768,-3.3293333481962435,2.834151268005371,1.8126848936080933,357.9649658203125,2.0315122604370117,2
10070,242.49533081054688,54.35546875,41.70300395735553,0.1551059320238526,-3.5124686888786183,-3.8534126757382245,2.984133005142212,2.1528866291046143,346.0210266113281,0.3366925120353699,1
16374,243.13894653320312,54.618865966796875,32.21563040994693,0.15504071437969452,-2.190745104396899,-1.864571582135685,3.89115047454834,1.3844456672668457,145.1809844970703,0.5286672115325928,1
18674,241.8642578125,55.19551086425781,26.10160048673148,0.1549999740757888,-1.6221111995383848,-1.1437666032432112,1.8458821773529053,1.43837308883667,179.17405700683594,0.6306542158126831,1
2712,243.21902465820312,54.70227813720703,30.30137014593977,0.15493235856687113,-1.9322443963610558,-1.6074598252698242,1.3468730449676514,0.6424250602722168,325.8032531738281,0.1555987000465393,1
3970,242.76564025878906,55.31568908691406,17.225670490719963,0.1549192194360659,-0.994942021994669,-0.5087936439850439,1.6294091939926147,1.1371140480041504,18.736324310302734,0.18598616123199463,1
17223,242.28628540039062,54.95932388305664,11.457198886697714,0.15491632508594314,-0.8212996807764987,-0.26817685863895047,0.5483226180076599,0.5283758044242859,223.73915100097656,0.6221646666526794,1
9356,243.1344451904297,54.97201919555664,19.60923003614329,0.1547347638029258,-1.1419593616139636,-0.6429399550316512,2.914706230163574,0.6450309157371521,128.5493927001953,0.37047213315963745,1
3941,242.41529846191406,55.258514404296875,13.799168758832069,0.1546370723834797,-0.8469898983280063,-0.3528846292977845,2.0303566455841064,1.5354423522949219,271.468994140625,0.20773033797740936,1
7664,243.19537353515625,54.875789642333984,23.588544229285148,0.15460324435322007,-1.3867505310445818,-0.9244387984244067,3.314687728881836,0.8991246819496155,154.0266876220703,0.31570741534233093,1
31892,243.08071899414062,55.25702667236328,21.219832165017053,0.15450132143567163,-1.354910216483972,-0.7411284836518235,1.7257057428359985,1.345050573348999,231.0636749267578,1.6031019687652588,2
32280,243.1973419189453,55.494293212890625,34.04646044389709,0.1544685063384339,-2.497962259971124,-2.1422001255386274,1.179748773574829,1.172706961631775,310.9342956542969,1.6754721403121948,2
11547,242.69313049316406,54.549869537353516,30.187082676086163,0.15443454428641668,-1.95955705483086,-1.5927225410713974,2.318316698074341,0.7295385003089905,174.14669799804688,0.41192924976348877,1
26119,242.7365264892578,54.7173957824707,20.599739429918213,0.15434211117652225,-1.272817022459214,-0.7033623604697286,2.015165328979492,1.15226411819458,85.21880340576172,1.0016473531723022,1
2941,241.52359008789062,55.32975769042969,39.93210107200464,0.15430881033646093,-3.1760910972342384,-3.3617426665721464,2.836740493774414,2.34844708442688,31.182031631469727,0.1634303778409958,1
25849,242.88755798339844,55.136165618896484,11.776495321170328,0.15424136257609297,-0.8713229087295762,-0.2762828952593483,1.1708650588989258,0.36500126123428345,78.67489624023438,0.9923502802848816,1
23784,242.2862091064453,55.46995162963867,27.19936707568652,0.1540968272679205,-1.7396565518805487,-1.2512279049931792,3.35476016998291,0.6752592921257019,96.24366760253906,0.9240161180496216,1
35784,242.92237854003906,55.49613571166992,29.275592964324034,0.15408679587975505,-2.008142437970116,-1.4743127098141233,1.8732880353927612,1.7820851802825928,129.4259033203125,2.043785572052002,2
32084,242.0831756591797,55.28369140625,22.115625278781113,0.1540611690502933,-1.412092394686095,-0.8047355860039841,1.4668117761611938,1.433663010597229,143.25743103027344,1.6132283210754395,2
19786,242.90545654296875,55.36159133911133,21.819681172449176,0.15404205535716442,-1.317890931471995,-0.7882300452759772,2.4783575534820557,1.084996223449707,279.90631103515625,0.7069478631019592,1
9760,241.84378051757812,55.29759216308594,29.326408185471028,0.15400135082332708,-1.8680599154084638,-1.4879015499740564,1.9599812030792236,0.8477703332901001,150.44094848632812,0.34012776613235474,1
1479,243.6417999267578,54.73066711425781,41.30068188839857,0.15397482683269875,-3.3998588572265565,-3.7352488683661775,2.8905134201049805,1.1434757709503174,226.54795837402344,0.12192882597446442,1
1363,242.10757446289062,55.538917541503906,33.55296842290395,0.1539722837568813,-2.27665682626564,-2.067694234281274,3.044485330581665,2.486788511276245,0.31414031982421875,0.08245182037353516,1
33803,242.4423065185547,55.158878326416016,8.131623727741312,0.15395854410729098,-0.8294429839567532,-0.17090909923655195,0.8996750116348267,0.688568115234375,83.10478973388672,1.741969347000122,2
9324,242.31651306152344,54.77273941040039,18.89909797217149,0.15370718062298802,-1.1026530165098807,-0.600262311445793,5.3583455085754395,2.0235981941223145,202.61895751953125,0.3736881613731384,1
12713,242.22854614257812,54.96698760986328,13.064679749114793,0.15363180519094616,-0.857117045614487,-0.3244235451538654,0.6845875978469849,0.6010655760765076,203.57322692871094,0.4625725746154785,1
12859,242.24908447265625,54.98480224609375,12.027737213126372,0.15343384471229474,-0.8204942968917623,-0.2872146310531885,0.9003186821937561,0.8292166590690613,315.04925537109375,0.44006219506263733,1
11805,243.601806640625,55.32819747924805,38.793636322742685,0.153390201503207,-3.0333780203750336,-3.0811202029444797,1.3523834943771362,1.2638531923294067,345.5098876953125,0.38899144530296326,1
14406,242.44432067871094,55.209774017333984,10.729236236387026,0.15319670163826488,-0.7870141896642269,-0.24605693789962518,1.9235209226608276,1.014832615852356,290.6518859863281,0.5052710771560669,1
8253,241.29464721679688,55.09629440307617,44.261394981291346,0.15314211178183618,-4.003359717222333,-4.714484947448532,2.8814938068389893,2.5478615760803223,117.78742980957031,0.3086383640766144,1
11302,242.674072265625,55.42792510986328,22.973276008429252,0.15312282373063882,-1.3584681096954432,-0.8755877903778728,1.842801809310913,1.8112441301345825,196.4691925048828,0.383827269077301,1
327,242.52267456054688,55.30328369140625,15.398159531495686,0.1529758150096855,-0.8833646505565321,-0.4198995379051379,1.4216035604476929,1.2530992031097412,145.8380126953125,0.06054961308836937,1
13136,241.96238708496094,55.29151916503906,25.704169270017886,0.1528635954924305,-1.5660457370774168,-1.1071407853248914,1.5324879884719849,0.8526532053947449,65.55233001708984,0.4322187602519989,1
17360,242.65853881835938,55.37171936035156,19.560120642130055,0.15282220523858694,-1.1714428208637422,-0.6389984033339859,1.0327975749969482,0.9789513349533081,159.89691162109375,0.5886227488517761,1
26222,242.1439208984375,55.34621810913086,23.279950872721617,0.15264105386172175,-1.445714653407765,-0.8969883648947742,2.1966471672058105,1.6237162351608276,198.04409790039062,1.0776389837265015,1
22883,242.91366577148438,55.4658088684082,27.493935395233105,0.15260850391122388,-1.7598722335437214,-1.2818936005509032,1.9194997549057007,0.9372597932815552,186.91847229003906,0.8295471668243408,1
13117,242.80567932128906,55.404930114746094,22.716663739644172,0.15260360276122856,-1.3474563665400838,-0.8556205398644493,1.191208004951477,1.1848807334899902,69.86832427978516,0.4620197117328644,1
5979,242.57427978515625,54.611907958984375,26.212997323176378,0.152570121756176,-1.5787307393042889,-1.155894071699059,2.248558759689331,1.7925537824630737,200.51791381835938,0.2576148808002472,1
11334,242.6442413330078,55.366641998291016,19.196572210924877,0.152557795715455,-1.1252629071351952,-0.6174182760306289,1.0718412399291992,1.071823000907898,181.03082275390625,0.41914135217666626,1
344,241.99588012695312,55.25165557861328,23.449012309975956,0.15252737648161163,-1.3335522859950804,-0.9130290888701208,1.9206228256225586,0.7709610462188721,302.4281311035156,0.06429433077573776,1
4104,242.12005615234375,55.28788375854492,21.324762421880422,0.15247659486703616,-1.2212877893621437,-0.75548483476988,1.8402743339538574,1.563248634338379,309.3581848144531,0.20929059386253357,1
13426,241.4886474609375,55.121978759765625,37.74968575304941,0.15244212793732745,-2.883367506562853,-2.8455723321250606,1.4809576272964478,0.8123520612716675,267.72222900390625,0.425948828458786,1
36018,241.77427673339844,54.66151428222656,36.265108318214146,0.1522852240796588,-2.806735789781627,-2.5353986665838484,3.086763620376587,2.7133917808532715,7.714977264404297,2.071829319000244,2
13327,241.66380310058594,55.02700424194336,31.542836574040624,0.15227855688571496,-2.1054401546180492,-1.770305453314099,2.1410818099975586,1.9941327571868896,57.715904235839844,0.4728792905807495,1
20900,242.33299255371094,54.672447204589844,24.14269496502453,0.15227506317711284,-1.4817222888608927,-0.9678349872853127,2.736867666244507,2.7113943099975586,269.6181335449219,0.742904007434845,1
15831,242.5157012939453,55.07377243041992,2.6829793963221706,0.15225250467066204,-0.6498532691632363,-0.10063217712653008,0.9788182377815247,0.9138617515563965,311.7920837402344,0.5516455769538879,1
13607,242.2808380126953,54.95960998535156,11.615191089454854,0.15219456050235236,-1.0477225870991471,-0.18226272814127942,-100.0,-100.0,-100.0,0.4914264976978302,6
4353,241.69029235839844,54.97932052612305,30.90549481816212,0.15211183057129152,-2.0019277895682257,-1.6852663800238616,1.4163763523101807,1.3103026151657104,94.78196716308594,0.223752960562706,1
16023,242.42759704589844,54.80117416381836,15.7631803483909,0.15198260637739539,-0.9763447865242904,-0.4359728374459578,1.3628021478652954,0.8189612627029419,178.51658630371094,0.5506856441497803,1
34527,241.77589416503906,55.63391876220703,44.56650118826563,0.15195210923061475,-4.211360907979045,-4.826230280621164,1.2876070737838745,1.2426040172576904,178.66250610351562,1.7694244384765625,2
32062,243.27867126464844,55.18925857543945,25.39723746311288,0.15192511204392614,-1.646200351510776,-1.072747809393407,2.0793769359588623,1.695886492729187,270.7332458496094,1.5191811323165894,2
14891,241.77346801757812,54.73945999145508,33.46277974869663,0.1519073577159851,-2.3265621127648246,-2.0526353255534238,3.2802796363830566,0.7230338454246521,135.7935028076172,0.4835650324821472,1
7325,242.68197631835938,55.22818374633789,11.313613435990057,0.15176501314228438,-0.7773900587158583,-0.2646907886430369,1.22361159324646,1.2195714712142944,168.0027618408203,0.2759323716163635,1
22842,241.93423461914062,54.88312911987305,24.37597786786857,0.15174083501767768,-1.5096382709083953,-0.9873315885965814,4.543826103210449,0.9300344586372375,188.02276611328125,0.8275734186172485,1
27167,243.078125,54.52811813354492,35.66989390584591,0.15157280919573132,-2.706013242273582,-2.3370288686336527,-100.0,-100.0,-100.0,1.15801203250885,6
27873,242.54209899902344,54.82386779785156,13.559112692878394,0.15154130524099746,-0.9492971030131802,-0.33865572115677534,3.5907928943634033,0.7632322907447815,230.59942626953125,1.1988084316253662,1
34745,242.58560180664062,55.37409210205078,19.519715512014038,0.15153305530620098,-1.4264560697543962,-0.5453684113507015,-100.0,-100.0,-100.0,2.0321755409240723,6
39766,242.74842834472656,55.396610260009766,21.647340424209514,0.15152936991089924,-0.777957548676436,-0.6853726007861841,-100.0,-100.0,-100.0,3.4590871334075928,4
25843,242.80735778808594,55.06351852416992,7.848225208981473,0.15152485200897553,-0.7680314941415923,-0.17070260186953737,1.1259737014770508,0.24204818904399872,168.3057403564453,1.0118153095245361,1
19772,242.747314453125,55.391883850097656,21.36394123192644,0.15152337117975734,-1.2894344045830664,-0.7563119503714282,1.74811851978302,1.075632929801941,274.8379211425781,0.6802992224693298,1
12988,242.73361206054688,55.35776138305664,19.26658883585825,0.15150871382738748,-1.1364075569587029,-0.6217638667958207,1.3555045127868652,0.3965648114681244,206.58811950683594,0.4370955228805542,1
11001,242.7404327392578,54.972408294677734,7.162074927210362,0.15150685500142838,-0.6893539308174811,-0.1598924333893917,1.4264767169952393,1.3595138788223267,246.54393005371094,0.41419798135757446,1
27994,242.8598175048828,55.33320999145508,19.565450244425005,0.15142904372648597,-1.2289424172105083,-0.6361737208034653,1.5322729349136353,0.6764578223228455,53.115291595458984,1.1711535453796387,1
33812,242.593505859375,55.0050163269043,2.663783375446135,0.1513637483365648,-0.7519556338986008,-0.09263010125354738,1.2653015851974487,0.7922059297561646,351.499755859375,1.7717138528823853,2
16418,242.7981719970703,55.63368225097656,35.87200506075528,0.15132641450142692,-2.6344425328645253,-2.4669127927236976,1.4733017683029175,1.4715068340301514,210.3426055908203,0.5359503030776978,1
20663,242.56195068359375,54.90003967285156,8.946921974227424,0.15122567215661376,-0.7690469229144635,-0.19717222253348876,1.121736764907837,1.1120860576629639,140.35609436035156,0.738185703754425,1
36269,242.87637329101562,55.68056106567383,39.22723468910743,0.1511883105723119,-3.3947264031662305,-3.091981359239016,-100.0,-100.0,-100.0,2.1664507389068604,6
38631,242.25868225097656,55.14680099487305,12.514439855160969,0.15115642437401325,-0.9960453132550658,-0.2926053904708645,1.2296205759048462,0.7843787670135498,233.70211791992188,2.541508913040161,2
37886,242.3537139892578,54.769744873046875,18.478370593521543,0.1511224834891666,-1.2453296422870084,-0.5660526279069734,0.6457206606864929,0.41007524728775024,166.23773193359375,2.4172284603118896,2
17368,242.17996215820312,54.81800842285156,19.552437861604123,0.151113521238394,-1.1711244294485192,-0.6386148314095056,1.0921367406845093,0.8905102014541626,355.0220031738281,0.5927521586418152,1
14927,243.3760986328125,55.46335983276367,36.86406516113785,0.15108976917636036,-2.762008196919079,-2.6597354613537494,1.6922450065612793,1.69158935546875,191.90728759765625,0.4912925958633423,1
15149,242.73049926757812,55.592838287353516,33.04317313685072,0.1510805534969669,-1.9100690034204995,-1.895550581994404,-100.0,-100.0,-100.0,0.5290142297744751,6
5825,242.69227600097656,55.38203048706055,20.35833799264374,0.15104361815124442,-1.1704693454936326,-0.6905451572044966,1.0196800231933594,0.8176082968711853,104.23699188232422,0.2646636962890625,1
38591,242.2943115234375,55.21057891845703,13.805304940248053,0.15087419503081115,-1.0414010712598856,-0.34034365417575224,1.9011784791946411,1.1930346488952637,274.04083251953125,2.593258857727051,2
1000,242.38502502441406,55.168670654296875,9.835249726925428,0.15085043810385826,-0.7027654844800959,-0.22205583482606073,2.2270638942718506,1.7925667762756348,41.71010971069336,0.08667806535959244,1
4576,243.56089782714844,55.346553802490234,38.03277869952174,0.15076816586558325,-2.8877774315673186,-2.90788441521081,2.37622332572937,2.376046895980835,59.851627349853516,0.19595150649547577,1
3914,242.51902770996094,55.291358947753906,14.70630269796484,0.1506652431539751,-0.8829448139581222,-0.390307540397195,1.9473882913589478,1.6863157749176025,297.2125244140625,0.1939341276884079,1
26411,242.51759338378906,54.525062561035156,31.497996656547574,0.15063738019135278,-2.160441230298364,-1.7618916210557154,1.5917733907699585,1.510310173034668,281.000244140625,1.054111361503601,1
3895,242.36354064941406,55.233612060546875,13.353613292604134,0.15061412645449967,-0.8309618318242262,-0.335883217285656,2.8963840007781982,2.851970672607422,55.91938018798828,0.17908115684986115,1
5881,242.0250244140625,55.28459167480469,23.71745342436644,0.15044657832831893,-1.3887658795523454,-0.9351593347470228,2.2188360691070557,0.7288820743560791,51.72037124633789,0.26922330260276794,1
14681,242.13426208496094,55.3920783996582,25.641158803498165,0.15039486007810163,-1.5677133606324454,-1.1012328395540112,1.128872275352478,1.0172361135482788,304.1092834472656,0.47720539569854736,1
24962,241.90538024902344,54.46278381347656,42.21926806484971,0.15032897454860777,-3.6016795691256203,-3.9185708769952687,-100.0,-100.0,-100.0,1.0456660985946655,6
30438,243.77545166015625,54.72539138793945,45.576962851767554,0.1502797303937139,-4.4071621426571985,-5.241026652892035,1.8142375946044922,1.0103659629821777,56.96977615356445,1.4208205938339233,2
391,242.10247802734375,55.41269302368164,27.28039463694692,0.150191299880885,-1.6314413896278683,-1.261451647684922,3.869077682495117,3.3625340461730957,288.98504638671875,0.03611263260245323,1
4577,243.4244842529297,55.45814895629883,37.899532680162416,0.1500933280912028,-2.8683376110732532,-2.878709924028249,2.3854100704193115,1.8974125385284424,87.1408920288086,0.18988431990146637,1
37291,242.45249938964844,54.33454895019531,43.082731087619244,0.15001885233196569,-3.932151629548537,-4.286451361556532,2.5595529079437256,1.4754269123077393,359.3287048339844,2.2543389797210693,2
10969,242.70822143554688,54.88431167602539,10.80486546266703,0.15000050292916653,-0.776578161019648,-0.24887828264721015,2.438162326812744,0.5381057858467102,272.27520751953125,0.41192886233329773,1
23651,243.01443481445312,55.0125617980957,15.08153826684955,0.149925274492969,-0.9834516780536282,-0.40313803038278156,0.9832335114479065,0.970577597618103,39.668113708496094,0.9044092893600464,1
3945,242.64657592773438,54.82653045654297,13.528202995902468,0.14983796751060977,-0.8368959261806185,-0.3423894715122596,1.3512747287750244,0.955346405506134,333.9686584472656,0.18920177221298218,1
35974,241.80233764648438,55.359596252441406,32.52004695727698,0.1497803254228306,-2.34209441446781,-1.901690996075629,0.8983190655708313,0.8808444738388062,202.43348693847656,1.9092806577682495,2
23893,242.63673400878906,55.496551513671875,26.93528476396077,0.14968441508998692,-1.62302544620131,-1.1342740487436285,-100.0,-100.0,-100.0,0.9603255987167358,5
34492,243.43756103515625,55.51894760131836,40.66417735558854,0.14967192501188478,-3.4645917800275257,-3.550169903752897,1.4865537881851196,0.9862043857574463,101.94197082519531,1.7518012523651123,2
27943,242.9514617919922,55.30646514892578,20.01600682068279,0.14952994416100998,-1.2542471690255181,-0.6640571599136857,2.2472422122955322,2.223048448562622,251.5729217529297,1.2856764793395996,1
17464,243.19346618652344,55.19968032836914,22.897596508124746,0.14938301656276,-1.378253153526244,-0.8689038555970047,1.3571951389312744,0.6267811059951782,184.34080505371094,0.5822029113769531,1
32788,243.23623657226562,55.16064453125,23.489203342634163,0.14928509396270503,-0.8811804287987822,-0.8240700042378156,-100.0,-100.0,-100.0,1.8384381532669067,5
39112,242.2462921142578,55.10332489013672,11.935368637172031,0.14917189950522444,-0.9854760199942427,-0.2716132935595394,1.1524120569229126,1.052219033241272,7.842435836791992,2.788938522338867,2
37939,242.3074951171875,55.20402908325195,13.20801955995584,0.14907489705659485,-1.01012419479209,-0.3185599750615799,0.8536231517791748,0.829649806022644,333.7684326171875,2.3037898540496826,2
8288,243.4024200439453,55.632328033447266,44.86101858243421,0.1489109033381853,-4.131038532291401,-4.947407987460135,7.1992316246032715,1.4450411796569824,88.12863159179688,0.31108593940734863,1
13627,243.27017211914062,54.5318603515625,39.13089811961671,0.14888309063288752,-2.9745368988001366,-3.0686017910692507,-100.0,-100.0,-100.0,0.48872506618499756,6
266,242.3489990234375,54.96548080444336,9.40197976473739,0.14871011361762762,-0.6811639247209793,-0.21021064207799356,3.4831745624542236,0.9377899765968323,152.60980224609375,0.05556223914027214,1
14490,242.96820068359375,54.999942779541016,13.654454681129097,0.1485629857147007,-0.8835255784784759,-0.3459040973507811,1.349959373474121,0.48564043641090393,52.35363006591797,0.47529056668281555,1
37110,242.44276428222656,54.58491897583008,28.23553439140796,0.14852602893099848,-1.9211064238881637,-1.3542670377976906,1.7523746490478516,1.6756651401519775,62.567909240722656,2.111163377761841,2
475,241.67034912109375,54.72076416015625,37.066342214933584,0.14848576953937873,-2.7202228596179374,-2.701568756530234,5.367054462432861,5.301473617553711,110.33818054199219,0.05049240216612816,1
38869,241.8072509765625,54.78388595581055,31.041661633662095,0.14847735812584187,-1.9606385659335404,-1.6103686350606583,-100.0,-100.0,-100.0,2.79988431930542,4
19671,242.1665496826172,55.14114761352539,15.252764093610836,0.1484613891033435,-0.9702494270356729,-0.4116096853319901,0.9614499807357788,0.6483416557312012,17.989511489868164,0.6785058975219727,1
31672,242.61448669433594,55.290016174316406,14.521299523952859,0.14844204796999314,-1.0169592078720608,-0.3758973440312668,0.44460466504096985,0.4355180263519287,302.0212707519531,1.68558931350708,2
14396,242.2445526123047,55.225257873535156,15.647179111440012,0.14843399867550655,-0.9648307961571508,-0.43074376920850194,1.5871089696884155,0.3176499605178833,293.5372619628906,0.5231889486312866,1
3893,242.12574768066406,55.2048225402832,18.192790866215642,0.14834185291257532,-1.043016616390586,-0.5605403120438888,1.0075197219848633,1.0070017576217651,81.97852325439453,0.21688856184482574,1
26122,243.03321838378906,54.87539291381836,18.74781499389934,0.148334826253781,-1.1668940403156576,-0.5883703091936944,1.1997756958007812,1.1898030042648315,8.782196044921875,1.0899211168289185,1
38604,242.4203643798828,54.89494323730469,10.751062050932624,0.14824291096671804,-0.9373447653490543,-0.2340701474471965,1.1827867031097412,1.0597821474075317,212.26641845703125,2.658932685852051,2
23805,242.0747833251953,55.51308822631836,32.782498771632866,0.14824175311839335,-2.2925158607582046,-1.9467179302953614,1.1972123384475708,0.8505103588104248,64.24650573730469,0.8816719055175781,1
31616,242.4439697265625,55.09709167480469,5.512012215168937,0.1480025637432345,-0.7717561572802221,-0.12529084094059048,0.8488185405731201,0.4802435338497162,264.81109619140625,1.6006704568862915,2
29844,241.93370056152344,54.802642822265625,26.745337479058048,0.14795284639835266,-1.742659310471168,-1.2028017146938208,1.7613959312438965,0.9143828749656677,42.30405807495117,1.4145772457122803,2
7901,242.90980529785156,55.53122329711914,31.056975659506595,0.1479315330429226,-2.0332449955856444,-1.7050896911378437,2.9172403812408447,1.3082201480865479,265.16583251953125,0.2853226363658905,1
19803,243.22213745117188,54.96503829956055,22.644171111936462,0.14791572572737,-1.3718106764998503,-0.8489384035837971,4.153134822845459,1.4700067043304443,129.82577514648438,0.6944512128829956,1
26448,242.3242645263672,54.57047653198242,30.033955933221762,0.14790493523756165,-2.00938572951019,-1.5706131234918415,3.1717560291290283,1.1469690799713135,48.341819763183594,1.061728596687317,1
13588,241.98423767089844,54.90445327758789,22.28155692494883,0.14767768084717894,-1.4380038063951064,-0.7311743615423597,-100.0,-100.0,-100.0,0.49797940254211426,6
18504,243.1993408203125,55.15576934814453,22.193393854790862,0.14762738668917874,-1.3370632924929042,-0.8157392316526528,1.2190033197402954,1.1447209119796753,263.5397033691406,0.6392038464546204,1
30724,241.50875854492188,54.69599914550781,42.62490865073712,0.14757920659035748,-3.8026062585769584,-4.047898328254922,-100.0,-100.0,-100.0,1.5936579704284668,6
32352,241.7388153076172,54.88011932373047,30.70514513310419,0.14747329929643424,-2.1218299754015835,-1.652137075422735,1.7868726253509521,0.9768450260162354,300.08074951171875,1.6195974349975586,2
9736,243.1280059814453,55.478206634521484,31.848187550509557,0.14740033862409926,-2.124661015077291,-1.8131458561502478,2.514136791229248,1.701668620109558,352.301513671875,0.35641196370124817,1
7924,242.95376586914062,54.5838508605957,30.736506622558277,0.1472805181013794,-1.9998389886829944,-1.6628212420335506,2.5105984210968018,1.3543860912322998,310.13348388671875,0.32163962721824646,1
1850,242.29229736328125,55.696937561035156,40.111207383024855,0.14726116908065134,-3.1873230966547124,-3.3149495279742713,-100.0,-100.0,-100.0,0.17312394082546234,6
9670,241.80142211914062,55.143863677978516,27.346876550708853,0.14721340603384828,-1.688338067708233,-1.268663804079903,2.633218288421631,0.9744752049446106,189.66539001464844,0.33012235164642334,1
31686,242.8119659423828,55.04351806640625,7.964828964997136,0.1470854148566207,-0.8152294038833638,-0.16926214319553892,0.6846147775650024,0.6054801344871521,294.2312927246094,1.5492939949035645,2
2560,242.11099243164062,55.40587615966797,26.779213806748125,0.14707134348901857,-1.609100169815456,-1.2115231515720062,3.323054552078247,2.1577789783477783,184.38662719726562,0.13952796161174774,1
1216,242.49224853515625,54.63865661621094,24.79513799613889,0.14699200875634388,-1.4417787149576988,-1.0258922130800123,2.5673463344573975,2.5610954761505127,290.6190185546875,0.07976677268743515,1
7665,241.90750122070312,55.206298828125,24.94502697652255,0.14696482367072572,-1.486842846352081,-1.0391798771873813,0.6263160705566406,0.6260559558868408,327.1947326660156,0.3214226961135864,1
30038,243.4426727294922,55.08188247680664,29.691248483139127,0.1469549115062042,-2.0074862678685466,-1.526282376565023,1.7087986469268799,1.0101971626281738,167.37567138671875,1.3949999809265137,2
14915,243.5402374267578,55.35588455200195,37.67690665582636,0.14688790018710743,-2.8788114454156006,-2.829582512536352,1.165533423423767,0.9112306833267212,27.542123794555664,0.4861592948436737,1
38789,241.8977508544922,55.499237060546875,35.70624538626861,0.1467605951753615,-2.761935914831605,-2.426289622626509,1.353729248046875,0.9179456233978271,130.37278747558594,2.623805522918701,2
4244,241.72073364257812,55.15113067626953,30.144776509576904,0.14673832181794166,-1.9252588491459506,-1.5878676862296204,2.6596667766571045,2.6531448364257812,82.31326293945312,0.2249143272638321,1
38758,241.709716796875,54.886131286621094,31.537554325336895,0.14661536623305269,-2.267219529007946,-1.759680499124337,1.0433348417282104,1.0430262088775635,260.14569091796875,2.594083547592163,2
29022,242.9671173095703,54.47746658325195,36.79930490409798,0.14653825979535576,-2.8400976517894247,-2.6431658054090112,1.6570703983306885,0.7905784249305725,350.70281982421875,1.314592957496643,1
16218,242.2716064453125,55.45849609375,26.755689829801625,0.1465250842264621,-1.6636689915610698,-1.2076566068370616,1.23577082157135,0.6400622725486755,22.12972640991211,0.5732293128967285,1
15846,242.68667602539062,54.817691802978516,14.340549355917881,0.1462996035208969,-0.9166038714999074,-0.3735007559527719,0.8735541105270386,0.7717262506484985,317.2689208984375,0.5666419267654419,1
13168,241.87191772460938,54.948280334472656,25.11885431590569,0.14628730848996158,-1.5205098435441724,-1.0538736245523048,1.3071528673171997,0.9651257395744324,262.3832092285156,0.47081616520881653,1
2550,242.10191345214844,54.69296646118164,26.99467248298555,0.14625151061906036,-1.6270325004057242,-1.2330450076277992,3.207841157913208,1.0927984714508057,176.5589599609375,0.17005853354930878,1
6189,242.24012756347656,55.6185417175293,36.104810357047675,0.1462416407731077,-2.6234193173441556,-2.5115164725626227,2.097843885421753,1.0684531927108765,139.75184631347656,0.25091952085494995,1
33820,242.89144897460938,54.98237609863281,11.416664693991093,0.14618756315395143,-0.9159529856277866,-0.2590967534560691,0.7419210076332092,0.7406967878341675,233.18841552734375,1.8275994062423706,2
36826,242.94741821289062,54.95267868041992,13.88300444426646,0.1461703640118785,-1.0239524719995308,-0.3451131511687263,1.256577491760254,1.2454031705856323,332.5486755371094,2.106140375137329,2
20665,242.65771484375,55.14932632446289,6.590408430716568,0.14613303367944205,-0.7195089124431977,-0.14747609946659068,2.2698910236358643,0.5364034175872803,226.43980407714844,0.7419673800468445,1
21635,242.55416870117188,55.221832275390625,10.422361241967948,0.14613272627835477,-0.8118791188518492,-0.23573046153017455,1.3022115230560303,0.6575989723205566,299.472900390625,0.8004802465438843,1
1426,242.67141723632812,55.70117950439453,39.2668286712562,0.146039441629259,-3.0594866793469504,-3.194704898511647,4.114527225494385,2.9946765899658203,177.74351501464844,0.09171024709939957,1
5887,242.5343780517578,54.6022834777832,26.836872958154657,0.1460043595036086,-1.6304852605557751,-1.2171785001716993,1.7783361673355103,1.2751919031143188,221.6626434326172,0.24735127389431,1
11391,242.39920043945312,54.603694915771484,27.429795087559867,0.14597404321963833,-1.7022371365066225,-1.2769509276291968,1.6971309185028076,1.0607938766479492,200.23956298828125,0.3857055604457855,1
4058,241.9340362548828,55.0771369934082,22.275921496635988,0.14595938634929423,-1.2820871002208893,-0.8235334458689532,2.1477928161621094,1.9110658168792725,59.673187255859375,0.20937971770763397,1
11534,241.7444305419922,55.18577194213867,29.84104439748064,0.1458263738079955,-1.924914337293509,-1.5496687368888051,2.1349711418151855,1.7353183031082153,58.08094024658203,0.39267000555992126,1
19629,242.7593536376953,54.9051628112793,10.592610902737007,0.14574358106540974,-0.8053036116690288,-0.24067725770768067,0.6642711162567139,0.657337486743927,101.61993408203125,0.71830815076828,1
39265,242.04522705078125,54.398536682128906,43.19777131927839,0.14572129452635185,-3.98381805103355,-4.322801192114143,2.0994150638580322,1.2906756401062012,57.655303955078125,2.7094571590423584,2
21889,241.7230224609375,55.11259841918945,29.696147345138954,0.1456476233842552,-1.9573821729576053,-1.530226576683498,1.8753342628479004,1.8739259243011475,321.01983642578125,0.8233687281608582,1
10045,243.70497131347656,55.30015182495117,41.37781138682011,0.14552268436736904,-3.4542905255129703,-3.757472344369836,2.393566846847534,1.0331140756607056,178.3984832763672,0.35477009415626526,1
12937,242.08425903320312,55.10691833496094,17.396159119531173,0.14549550997612007,-1.0389671398155238,-0.5166625628461204,1.301001787185669,1.3008028268814087,158.24526977539062,0.4593921899795532,1
37975,241.9900360107422,55.078399658203125,20.36406358055432,0.14538552650809342,-1.3473677538164044,-0.6791790438440543,1.5187060832977295,0.8353022933006287,87.81131744384766,2.4480390548706055,2
24897,243.60467529296875,55.354026794433594,39.56507565121243,0.1453814061491825,-2.9374741981477226,-3.175223057063833,-100.0,-100.0,-100.0,1.0147908926010132,6
29850,243.07984924316406,54.72521209716797,25.960446855282942,0.1453526592115104,-1.6774238538737993,-1.126279739010482,0.7628484964370728,0.7274665236473083,103.95358276367188,1.4497673511505127,2
16110,243.111572265625,55.29677200317383,23.508132303573554,0.1452736952248936,-1.414272564895084,-0.9169078156265065,1.0797920227050781,1.0698285102844238,235.90402221679688,0.543806791305542,1
38318,243.3970184326172,55.161922454833984,28.838494175303012,0.1451061638907842,-2.045857784026138,-1.3386215084004671,-100.0,-100.0,-100.0,2.6640021800994873,6
10082,241.46481323242188,54.68172073364258,44.37305519001656,0.1451024740988652,-4.034325274177554,-4.756842111795441,1.9935835599899292,1.952752947807312,62.101165771484375,0.37024328112602234,1
7895,242.5017852783203,54.53707504272461,30.822435960332125,0.14506280886661746,-2.0089626554643876,-1.6740715130019357,1.2320507764816284,1.227977991104126,60.157012939453125,0.290114164352417,1
27836,243.0679473876953,55.1705322265625,18.25661982926687,0.14503968518465427,-1.157954718514169,-0.5594022844818403,1.0765994787216187,0.8781000971794128,111.829833984375,1.13434898853302,1
19617,242.32247924804688,55.08597946166992,9.139582372390286,0.14502987600405592,-0.767422181860606,-0.2017364943506131,1.9491266012191772,1.2753089666366577,65.86457824707031,0.682310938835144,1
35545,242.89805603027344,55.26232147216797,16.814098228051655,0.14495915796474182,-1.140504098056427,-0.47880941282639167,1.5966987609863281,1.431849718093872,112.41845703125,2.090183973312378,2
32218,241.79061889648438,55.11888885498047,27.448774254392468,0.14490169596715863,-1.8139342942452252,-1.272267625181988,1.8226125240325928,1.3180055618286133,264.433349609375,1.534071683883667,2
6064,242.05633544921875,54.5938606262207,32.76026605561989,0.14489502605146903,-2.210879261718161,-1.945729939475763,0.8899139165878296,0.8443382978439331,25.060243606567383,0.2744523882865906,1
7648,242.3206329345703,55.4319953918457,24.650981419224788,0.1447873269856229,-1.4643780074875083,-1.0132847699706593,2.535184860229492,1.268540620803833,47.42858123779297,0.3104681670665741,1
36300,241.9378204345703,55.136409759521484,22.68228359800912,0.14463206839504478,-0.9292312434264185,-0.7612252664018638,-100.0,-100.0,-100.0,2.161980152130127,6
22638,242.3212127685547,55.28385925292969,16.669713548804907,0.14450144366207937,-1.0491514550161725,-0.4776942331851585,0.5235112905502319,0.5165289640426636,15.382575988769531,0.8437600135803223,1
34517,242.8286895751953,54.34781265258789,42.9295213936721,0.14446587678698158,-3.8787539293511197,-4.2364668285491645,3.1944000720977783,1.855285406112671,328.5045166015625,1.795552134513855,2
2648,243.4165802001953,55.00028991699219,28.90429959274785,0.1444160676002117,-1.7969866305946323,-1.4391390351801243,1.2072312831878662,1.1502078771591187,164.02914428710938,0.15820586681365967,1
17143,242.59938049316406,55.116539001464844,4.117419097907163,0.1443932588399291,-0.6673412577651449,-0.11261262876892998,2.2812931537628174,0.854651927947998,225.6427001953125,0.6194194555282593,1
33500,242.5535125732422,55.09197235107422,2.751917855215162,0.1443482915390818,-0.7537762263134128,-0.09376210304359933,0.6783283352851868,0.656223475933075,30.797338485717773,1.8866685628890991,2
8093,243.59719848632812,54.964149475097656,35.35178877115155,0.14434048048845888,-2.5319867971785754,-2.371733932800881,1.596192479133606,1.5896666049957275,57.76988983154297,0.2808578908443451,1
35755,241.9580535888672,54.79307556152344,26.381174045016678,0.14429829946992584,-1.749748209542206,-1.163280573243948,1.3772703409194946,1.2124546766281128,48.23530197143555,2.0252020359039307,2
14759,243.43405151367188,54.86591720581055,31.38753973232502,0.14427886417241156,-2.095432226581234,-1.748927668214663,1.4313263893127441,1.0019649267196655,287.2474060058594,0.4956077039241791,1
35532,242.87310791015625,55.15141677856445,11.784026488863162,0.1442666926845477,-0.9398274765175466,-0.2701326992506624,1.5157344341278076,1.1585941314697266,252.49362182617188,1.9744818210601807,2
6571,242.81654357910156,55.32093811035156,18.22278758514295,0.14414739919635003,-0.9548552206303986,-0.4697020318861109,-100.0,-100.0,-100.0,0.29575809836387634,4
8169,241.88084411621094,54.493690490722656,41.176359214505496,0.1438438076591067,-3.4111472087512973,-3.6992978915047416,1.3892945051193237,0.9354459047317505,140.09344482421875,0.324007123708725,1
12908,242.32786560058594,55.33124542236328,19.02839539746085,0.14382014091434261,-1.1234914193998873,-0.6076167571587028,1.9904325008392334,0.6734090447425842,160.2677001953125,0.47042354941368103,1
6057,242.3745574951172,55.58133316040039,32.717473049220594,0.14378010392288038,-2.205666633688914,-1.939230215583169,2.583054304122925,1.056630253791809,134.98617553710938,0.26673436164855957,1
3934,242.66172790527344,55.321441650390625,16.595150697957575,0.1437776810008176,-0.9647685975690129,-0.47684331784846706,1.659757375717163,0.925750732421875,134.76412963867188,0.21661953628063202,1
36802,242.3422393798828,54.75515365600586,19.439706626669924,0.14372320919278844,-1.2863591014311428,-0.6232152744615977,3.187718629837036,1.6642320156097412,261.43109130859375,2.2058141231536865,2
32508,243.27706909179688,55.57480239868164,39.52135751140046,0.14367661433010362,-3.262597639546991,-3.252520663307051,1.2404797077178955,1.2112479209899902,122.8843994140625,1.5949242115020752,2
11178,242.03555297851562,55.10222244262695,18.98954154468981,0.1436450655866976,-1.1146150919933122,-0.6054174303422972,0.9265122413635254,0.4975094497203827,243.95046997070312,0.38218605518341064,1
37021,242.0111846923828,54.713958740234375,28.100403596700684,0.14351867361343687,-1.909430758092606,-1.339707746016646,0.8435047268867493,0.43861737847328186,345.2826232910156,2.241124153137207,2
11850,243.7085418701172,54.75712966918945,42.669400758728095,0.14346227265181438,-3.699579308501711,-4.155499635517452,3.2435829639434814,2.957848310470581,284.0868835449219,0.37599799036979675,1
1254,241.73583984375,55.19565963745117,30.288339672797903,0.14344510402665278,-1.9214203344149052,-1.6056329207878277,3.370957851409912,3.1934807300567627,8.866052627563477,0.11614444851875305,1
13249,243.36349487304688,55.217857360839844,28.710616969525915,0.14340581815212794,-1.8234255225089349,-1.416067007104933,1.3524057865142822,0.4068097770214081,41.982276916503906,0.44620752334594727,1
4367,241.72702026367188,54.87257385253906,31.241895513285908,0.14337914826897616,-2.036632355160533,-1.7299375207620575,1.619080662727356,1.589704990386963,89.7115249633789,0.19341616332530975,1
18907,242.24224853515625,54.67111587524414,25.492460441064708,0.14336298965739924,-1.6587704948349788,-0.9956894371291668,-100.0,-100.0,-100.0,0.7240713834762573,6
11267,242.1086883544922,54.76137924194336,23.7102777701041,0.14334590009360063,-1.4097024626992347,-0.933972719937066,1.2550065517425537,0.9085074067115784,305.95697021484375,0.3955535888671875,1
11389,241.8450927734375,55.00728225708008,25.411244927223375,0.14329470436312683,-1.5361296325047356,-1.0802613657787936,2.4223432540893555,1.5760083198547363,56.5191650390625,0.38730761408805847,1
8064,243.5984649658203,54.92815399169922,35.78402905612689,0.1431674593908847,-2.5885676601375387,-2.450951261192483,1.1456695795059204,1.0981887578964233,292.14483642578125,0.28874340653419495,1
21862,242.88800048828125,55.424354553222656,24.8700485953617,0.14316199612060365,-1.5413903943388205,-1.0301913247262917,2.617987871170044,2.091383934020996,253.7180938720703,0.7763655781745911,1
26198,242.9407196044922,55.411556243896484,25.015111368080895,0.14315125536926224,-1.5722144837298089,-1.0423530168029105,1.7460941076278687,0.7237783670425415,140.64439392089844,1.0449883937835693,1
26217,241.92945861816406,55.26969528198242,25.954207411719825,0.1431228900920096,-1.645655755080859,-1.1282292153261744,2.397237777709961,1.5753077268600464,5.219621658325195,1.019436240196228,1
2271,242.68865966796875,54.8820686340332,10.674429254360586,0.14308956522478133,-0.7348954997034272,-0.24569131320438065,1.558958888053894,0.7806593775749207,23.033437728881836,0.17336000502109528,1
2250,242.3571014404297,55.20912551879883,12.298796971025197,0.14307008594218545,-0.7852756603641513,-0.29759816981158543,1.4509470462799072,1.406252145767212,192.38330078125,0.14958737790584564,1
12920,242.50201416015625,54.802303314208984,15.033604923419023,0.14301368662824032,-0.9321634027621792,-0.4033359969596493,1.3898096084594727,0.30220600962638855,144.71466064453125,0.47191470861434937,1
33689,242.0975799560547,55.119754791259766,17.120705728374727,0.14298622744766384,-1.1436138950591888,-0.49558279951244594,2.0062265396118164,1.4311492443084717,24.94823455810547,1.769411325454712,2
30086,243.42674255371094,55.358604431152344,34.42695624848933,0.14297986734829224,-2.528321290419313,-2.205631190307601,1.2790656089782715,1.180006980895996,145.3231964111328,1.3572185039520264,2
28892,242.43145751953125,54.934410095214844,8.566630691993945,0.1428557812626553,-0.8139045359583776,-0.183608254832055,0.6244378089904785,0.2567654848098755,87.36688232421875,1.362048625946045,1
33696,242.8153839111328,54.94671630859375,10.14294430798252,0.14279011252214396,-0.8799030309041133,-0.2215295009076352,0.6694016456604004,0.6141769886016846,204.00143432617188,1.7821701765060425,2
32164,241.92221069335938,54.75395965576172,28.784796063938735,0.14273602642270203,-1.936246590236316,-1.4190582997300414,1.0713833570480347,0.5357235074043274,305.4884948730469,1.6591320037841797,2
2838,243.59591674804688,54.827842712402344,37.42655576511763,0.1427324124735009,-2.790926518033742,-2.7770667107935987,2.1090617179870605,1.7233197689056396,86.43313598632812,0.15417440235614777,1
3947,242.33062744140625,55.29970932006836,17.319158305825795,0.14265102155318699,-0.9993813010249933,-0.5135736695002492,1.715517282485962,1.2438732385635376,313.38818359375,0.1992322951555252,1
24351,242.91188049316406,54.95222473144531,12.792947078848478,0.14257356014708167,-0.89993986797045,-0.31125456363169896,1.7319813966751099,0.6179088950157166,332.7611999511719,0.9682560563087463,1
7297,242.095458984375,55.02387237548828,16.74220877987876,0.14256818644686728,-0.9874819903895402,-0.4840387000216351,2.878037691116333,0.7415429949760437,318.6258239746094,0.3200741410255432,1
6036,241.7185821533203,54.8439826965332,32.14144133248564,0.14252141663925222,-2.141559747591662,-1.8549537056663157,3.9660778045654297,1.354241132736206,77.5661392211914,0.2285805344581604,1
17592,243.4488525390625,55.314510345458984,33.753212861281405,0.14247015929250534,-2.3736795333360066,-2.0987214147096,2.0766594409942627,0.7061070799827576,297.5102844238281,0.6029424071311951,1
11687,242.16372680664062,55.58970260620117,35.436600925099086,0.14246371151173617,-2.5569038825847756,-2.3866129729389933,2.6608681678771973,2.2321197986602783,354.89178466796875,0.3760979175567627,1
169,242.49249267578125,55.72968292236328,40.96416236000724,0.1423702603289906,-2.9783532857011745,-3.5462255772296705,-100.0,-100.0,-100.0,0.04386424273252487,6
9123,242.70205688476562,55.229820251464844,11.635767126672121,0.14236037237288543,-0.7948196965320871,-0.2748431768002585,1.4237878322601318,0.6798237562179565,190.05618286132812,0.3686998784542084,1
25764,242.6924591064453,55.06747055053711,4.0094616881354055,0.14233793824720864,-0.7072184227969862,-0.10977191014370033,0.8358627557754517,0.7093145847320557,260.37176513671875,1.0097832679748535,1
11645,241.5894317626953,55.06672668457031,34.072886574048766,0.14200011616614877,-2.3868062242264094,-2.1513186180230774,2.731614112854004,2.4271533489227295,324.4921875,0.4099300801753998,1
36301,242.83558654785156,55.65677261352539,37.50351374094472,0.1419389818506579,-2.806629126748404,-2.700182658220986,-100.0,-100.0,-100.0,2.11995005607605,6
32053,243.11404418945312,54.69436264038086,28.134834515254987,0.1418199944444637,-1.8760807100111945,-1.3461377050801275,1.6743228435516357,0.8803166151046753,279.35467529296875,1.6222232580184937,2
22117,241.6024169921875,54.63685607910156,41.86361844000733,0.1418025525102732,-3.8199504921281875,-3.808853407434189,-100.0,-100.0,-100.0,0.8476130962371826,6
3001,243.8611297607422,54.99345016479492,44.175364538053934,0.14177005388380953,-3.960806905709715,-4.682057612936215,4.182336807250977,4.166857719421387,36.69304656982422,0.16592015326023102,1
32078,242.82852172851562,54.61104965209961,27.62758457258792,0.141738107840346,-1.8322052415740866,-1.292190270245117,1.2266799211502075,1.0068756341934204,5.188465118408203,1.6070690155029297,2
14873,243.47073364257812,54.72507858276367,36.34860538792086,0.14172559529087436,-2.691484354225986,-2.557740380591456,4.453701972961426,0.933587908744812,321.2481384277344,0.4801275432109833,1
33672,242.66558837890625,55.08693313598633,3.714624785217783,0.14171898017115775,-0.7615170279211094,-0.10172094022293891,1.8893250226974487,1.7180583477020264,105.33537292480469,1.84682297706604,2
28514,242.51364135742188,54.7613410949707,17.39941608382463,0.14164884536918534,-0.6910218252318744,-0.4252031033822041,-100.0,-100.0,-100.0,1.347346305847168,6
23700,243.13536071777344,55.01099395751953,19.217145721502465,0.14147164842948867,-1.1830517834306173,-0.6165023775834463,1.3623688220977783,0.9085046052932739,159.1457977294922,0.878275990486145,1
36918,242.04632568359375,55.27692794799805,22.858763250981067,0.1413901413558723,-1.497796894051429,-0.8576334653063669,0.7959404587745667,0.7835739850997925,260.010498046875,2.1163840293884277,2
26762,243.54588317871094,55.52640914916992,43.69589303444299,0.1412749531392199,-3.8699522030646207,-4.413193919648771,-100.0,-100.0,-100.0,1.1177345514297485,6
22154,242.6859588623047,55.21955871582031,10.867250956832198,0.1412676359928006,-0.46968395739710683,-0.15888740967545725,-100.0,-100.0,-100.0,0.8551583886146545,6
12965,242.538330078125,55.37737274169922,19.768388877365137,0.1412338965030741,-1.1645627785079342,-0.6523985654709902,1.6687403917312622,0.4622859060764313,48.21968078613281,0.44574058055877686,1
16378,241.6011505126953,54.854408264160156,35.70073867513236,0.1411765319108615,-2.6107286040623494,-2.4344667050662965,1.952955722808838,1.9235759973526,15.104913711547852,0.5322149395942688,1
25854,242.31814575195312,54.79969787597656,17.46815467004782,0.14115640502070428,-1.1011372130552017,-0.5176366071267033,1.5412086248397827,0.5625365972518921,207.22987365722656,1.0284383296966553,1
21144,241.9578094482422,55.11566925048828,21.75707229064829,0.1410803699936861,-1.38888901408727,-0.6931394388026261,-100.0,-100.0,-100.0,0.8110536932945251,6
26714,242.38204956054688,55.332393646240234,18.323544619816523,0.14105553794051215,-0.8121268114162286,-0.47532492589208614,-100.0,-100.0,-100.0,1.1873114109039307,5
298,242.1373748779297,55.14379119873047,16.24455644569194,0.14097260055533015,-0.9207252253102344,-0.45923574701301023,2.0471994876861572,1.6753132343292236,78.27552795410156,0.0655360296368599,1
9547,242.81964111328125,55.467620849609375,26.428016954069346,0.14089777824096214,-1.61034821489343,-1.1760546420070577,1.2973520755767822,0.7497790455818176,0.9259414672851562,0.3649190664291382,1
36990,243.0265350341797,54.73140335083008,24.486446763983125,0.1408681289496055,-1.611276573972592,-0.9887414786814435,1.8479769229888916,0.9282669425010681,143.46693420410156,2.194575786590576,2
1348,243.602294921875,55.14912414550781,35.59240086501011,0.1407934868243896,-2.5299168357931157,-2.415574546794228,1.6741235256195068,1.4003450870513916,94.73072814941406,0.09348225593566895,1
38809,241.4697723388672,55.17232894897461,38.83160160317744,0.1407813026212492,-3.2121181859325594,-3.0816908036967043,2.2301995754241943,1.6570677757263184,310.85394287109375,2.659703254699707,2
15867,242.58151245117188,54.87946319580078,10.158884308420527,0.14076004663423697,-0.7766464131063001,-0.229235148175939,1.1684845685958862,0.540477454662323,257.8974304199219,0.5482056736946106,1
28877,242.7080841064453,55.06373977661133,4.477465056770981,0.14054694085444855,-0.7437496809524209,-0.11237500538867538,0.5144069194793701,0.4952896237373352,170.9887237548828,1.371096134185791,1
17412,242.0294647216797,55.3072395324707,24.430388097187024,0.14042499545604284,-1.4867205828484842,-0.9930374507892029,2.1969244480133057,0.454756498336792,326.898193359375,0.6070374846458435,1
19662,242.67787170410156,55.33627700805664,17.5697814987632,0.14040352423825633,-1.076171672625829,-0.5243246643147846,1.8451095819473267,1.736609697341919,31.806964874267578,0.678501546382904,1
11815,241.3867645263672,54.984500885009766,41.243120943179726,0.1402147422058738,-3.437540828359887,-3.718422475532146,1.6375153064727783,1.515604853630066,140.3243408203125,0.41721904277801514,1
9057,242.4921112060547,54.872581481933594,11.000929704027559,0.1401508915133644,-0.7757483110113368,-0.25514531075744934,0.8764522075653076,0.8458470702171326,114.58679962158203,0.3452925384044647,1
20719,242.57101440429688,54.863792419433594,11.103817098827943,0.1401309261704754,-0.8259709476849552,-0.2559926465725356,0.8438337445259094,0.8076775074005127,282.03485107421875,0.73552405834198,1
27899,242.66384887695312,54.79237365722656,15.650712699291219,0.14004780101501585,-1.0335158144995042,-0.42690749085700913,1.2461248636245728,0.9486650228500366,66.02825927734375,1.1486656665802002,1
29696,243.20741271972656,55.15922927856445,22.518097303333693,0.1399887420073462,-1.4241450008516234,-0.8352750997965083,1.7331037521362305,0.8666020631790161,250.43145751953125,1.4791371822357178,2
5819,243.28529357910156,55.111087799072266,24.495646881748364,0.1398737335168261,-1.4449872827346093,-0.9999784862194161,3.5338878631591797,0.8142767548561096,154.17869567871094,0.26124534010887146,1
4524,242.77305603027344,54.44657516479492,36.74260046181665,0.13984360873871973,-2.7027853410541764,-2.6363639004506703,2.371152639389038,2.075882911682129,42.6683235168457,0.21181057393550873,1
11421,243.3627166748047,54.956398010253906,27.484406228525337,0.13981895061545516,-1.7066980377600984,-1.2825650422897155,2.506850242614746,0.9299477934837341,9.17384147644043,0.41963455080986023,1
29594,242.1065216064453,55.07215118408203,16.345482507242046,0.13970790863309945,-1.0793257727391439,-0.45844447386569764,0.7624461054801941,0.6332085132598877,52.64949035644531,1.4500067234039307,2
29341,242.39662170410156,55.105224609375,7.165017527408306,0.1396880958677198,-0.7843412315158578,-0.15376762795569132,0.646991491317749,0.4070618152618408,165.96591186523438,1.4123339653015137,2
18898,242.5366668701172,54.83519744873047,12.903270638151577,0.1396785069522384,-0.931907622510783,-0.22656638082559644,-100.0,-100.0,-100.0,0.7194502949714661,6
21846,242.8562469482422,55.449462890625,25.825363176061654,0.1396416802288053,-1.61587098305037,-1.1169674041908664,0.7094578146934509,0.7055251002311707,359.73419189453125,0.8052706122398376,1
14463,242.05169677734375,55.06389236450195,18.19361556637183,0.1396331354503579,-1.0855272578992463,-0.5595134528906609,1.878921627998352,0.7117120623588562,220.10317993164062,0.4794354736804962,1
4724,241.6385498046875,55.56142807006836,44.50650858635209,0.1395996380367549,-4.039196712938114,-4.808194885990052,2.226328134536743,2.207671880722046,209.7762908935547,0.18737256526947021,1
6220,243.42254638671875,55.47096633911133,38.34912002905212,0.1395226499572547,-2.9433404290032925,-2.978717451907477,1.8776026964187622,1.3625589609146118,263.5096435546875,0.2679503560066223,1
37242,242.48251342773438,55.73200225830078,41.12913971358656,0.1394570564331485,-3.5704605563051093,-3.679296571673198,1.8149844408035278,1.656556248664856,119.1898193359375,2.1687819957733154,2
4556,241.4431915283203,55.10702896118164,39.21763524978209,0.13944868326535725,-3.069166037046823,-3.182693820634214,1.9874873161315918,1.0441800355911255,178.1489715576172,0.186684712767601,1
31933,242.01443481445312,54.921241760253906,20.934774893738137,0.1393928675888685,-1.3367033516547275,-0.7213834999030255,0.7993279099464417,0.6572905778884888,4.089832305908203,1.5138704776763916,2
30189,242.67025756835938,55.67670440673828,37.79994289039123,0.13936298246344925,-2.9835103924207114,-2.852491701480025,2.304124593734741,1.271398901939392,165.112060546875,1.461201786994934,2
35772,242.6831512451172,55.52954864501953,29.058956908226463,0.13932183700204825,-1.9856923320308697,-1.448170845172698,1.888604998588562,1.2147760391235352,251.50125122070312,1.9350394010543823,2
9360,242.4960479736328,55.43887710571289,23.583358134804083,0.13917085591983067,-1.3935723300655674,-0.9238338241498723,1.325337290763855,0.9837791919708252,107.79536437988281,0.363521009683609,1
445,242.290771484375,54.480438232421875,35.543963578431075,0.13915176391531828,-2.51330642981219,-2.4063049463018436,3.514282703399658,2.692263126373291,217.51589965820312,0.04832378402352333,1
36062,241.93951416015625,55.62220001220703,40.76891463764459,0.1390306204872116,-3.49286867359263,-3.577318808307696,3.2529075145721436,1.7116320133209229,6.419620513916016,1.916327953338623,2
374,241.77178955078125,54.95051574707031,28.44719960871495,0.13900386070559526,-1.7352285237954643,-1.3867872988048933,3.872591495513916,0.8373358249664307,147.4193572998047,0.060845088213682175,1
9442,241.95230102539062,55.18806838989258,23.11692794744327,0.1389581346790075,-1.3613762543665369,-0.8869555076462264,0.6995587944984436,0.6661772727966309,193.22479248046875,0.3439359664916992,1
19822,243.39068603515625,55.190799713134766,29.07729584577208,0.1389547671895115,-1.8870814402419962,-1.4569315280961797,1.415091872215271,0.585085391998291,199.9031982421875,0.6993971467018127,1
2402,242.07208251953125,54.91768264770508,19.18849346397201,0.13883915212057882,-1.0875392000552708,-0.6179587165610423,3.2035670280456543,0.9993239641189575,21.225500106811523,0.17459312081336975,1
28113,241.88331604003906,54.68599319458008,32.45270590438887,0.13882913409392836,-2.2810734047683514,-1.8960793659706983,1.8659918308258057,1.8410487174987793,191.17129516601562,1.182979941368103,1
32347,241.9121551513672,54.64054489135742,33.659769243536914,0.13879364292793234,-2.4505433985203022,-2.0791941753454455,1.1646668910980225,1.023306965827942,76.18992614746094,1.5344889163970947,2
9388,242.40232849121094,54.7119026184082,21.126775529766345,0.13878169083153996,-1.23161324204932,-0.741412699966916,4.795283794403076,1.4769352674484253,61.994903564453125,0.3664746880531311,1
7923,242.66268920898438,55.596866607666016,33.00501535626468,0.1387411048520723,-2.24597663589621,-1.982397644183998,3.65419602394104,1.0420094728469849,188.23287963867188,0.29613274335861206,1
7787,241.73464965820312,55.00994873046875,29.179307361387675,0.13869088172693966,-1.8467733921540899,-1.4706094120809647,1.9917196035385132,1.9622759819030762,358.2227783203125,0.27721738815307617,1
2821,242.47476196289062,54.43284225463867,37.1369004615137,0.1386864199588882,-2.74941752518276,-2.716506001803129,3.1008427143096924,0.6548169851303101,222.20440673828125,0.16389362514019012,1
13504,242.49790954589844,55.800559997558594,45.19443717659233,0.1386229462372021,-4.225523394876095,-5.082595809633033,3.6037967205047607,1.6777702569961548,65.20317077636719,0.4535771608352661,1
5987,241.8681640625,55.30472946166992,28.83433544324376,0.13855355333805808,-1.8067689888530774,-1.4308969525878803,2.2475967407226562,2.1418352127075195,135.18487548828125,0.25468647480010986,1
5517,242.4467010498047,54.92755889892578,8.607835635110385,0.13854917369316608,-0.6976648199893256,-0.19093330409254802,1.2406998872756958,1.2383594512939453,69.46595001220703,0.24571728706359863,1
5995,242.38275146484375,54.58344650268555,28.744160568439124,0.13840176452179012,-1.7983715952908872,-1.4205509861584802,2.589689016342163,0.8923787474632263,352.3762512207031,0.2738190293312073,1
14256,242.49363708496094,54.84062194824219,12.842568771262645,0.1383481837534716,-0.8549054660900278,-0.3157361136567717,0.7988494038581848,0.44417649507522583,174.2659912109375,0.522200345993042,1
30020,241.64398193359375,55.02046585083008,32.24465171604583,0.1382952614725732,-2.2729361079034054,-1.8646780495435378,1.6489925384521484,1.598140835762024,24.516162872314453,1.4113943576812744,2
38736,241.79598999023438,55.10463333129883,27.15247703087994,0.1382495283104613,-1.8439518971041948,-1.2366695620477826,2.2831778526306152,1.616807460784912,74.25015258789062,2.644609212875366,2
7996,242.52520751953125,54.468238830566406,34.884732446621506,0.13812818909133764,-2.4722265854640506,-2.2887825389670837,2.0082337856292725,1.892674207687378,74.6497802734375,0.3126012086868286,1
21055,243.33233642578125,54.43859100341797,44.92734138626722,0.13795415460047694,-4.203049345946331,-4.9729710899004065,4.783199787139893,1.1156253814697266,24.115076065063477,0.7441826462745667,1
94,243.87081909179688,55.023773193359375,44.39230379646739,0.1379143945651247,-3.9788502589229138,-4.762808793535894,9.072676658630371,1.8699641227722168,224.20924377441406,0.02348383329808712,1
401,243.54095458984375,55.0837287902832,33.06728320648826,0.1377892116964815,-2.2098110867913574,-1.9916670089967052,2.169792890548706,2.124774217605591,150.35768127441406,0.048838499933481216,1
9097,242.83462524414062,55.23230743408203,14.044363271356257,0.13769642633120607,-0.8788993127217622,-0.3621411088737602,1.396202802658081,0.39990976452827454,198.09628295898438,0.36553722620010376,1
26868,242.03140258789062,54.7384033203125,26.56507013313418,0.137625099092067,-2.2348126223290397,-1.0974544575887606,-100.0,-100.0,-100.0,1.117511510848999,6
36217,241.9389190673828,55.09041213989258,22.180529682596582,0.13753907301500762,-0.8749062719895666,-0.7237871594464448,-100.0,-100.0,-100.0,2.1871519088745117,5
2470,243.05714416503906,55.362937927246094,24.93360509500867,0.1375350877659928,-1.461698667268022,-1.0383290751597896,1.4974747896194458,1.3968044519424438,286.5045471191406,0.13014914095401764,1
16544,243.07061767578125,54.352027893066406,45.127072645188186,0.13749750383812248,-4.294406926385091,-4.961849187023416,-100.0,-100.0,-100.0,0.6101739406585693,4
25959,242.5845184326172,55.38508987426758,20.179265142554424,0.13742788607000916,-1.2474720837612983,-0.6758595738221883,1.1919898986816406,0.9949548244476318,311.48736572265625,1.0342648029327393,1
21907,241.90101623535156,55.35136413574219,29.51069362862003,0.1374182068095662,-1.938563877271697,-1.5075958558236524,1.10054612159729,1.1000550985336304,272.5345764160156,0.8016828298568726,1
14594,243.07508850097656,54.77825927734375,23.547285382119266,0.13739788889158985,-1.4112769629716289,-0.9204690469246679,2.2741544246673584,1.105814814567566,131.54428100585938,0.4987926483154297,1
21627,242.74673461914062,54.83327865600586,14.143159857807067,0.13739659575956684,-0.9356228831593288,-0.36398260284122563,0.6159221529960632,0.6131693720817566,6.949281692504883,0.8088215589523315,1
12708,242.07786560058594,54.978084564208984,17.802831230543557,0.13736303845794057,-1.0596734730227424,-0.5384958643386234,1.350777268409729,1.3116108179092407,193.84835815429688,0.4263888895511627,1
7781,242.24642944335938,55.526710510253906,30.86341836072652,0.13734011062021295,-2.0132561699320815,-1.6794623148926906,2.559380292892456,1.4297934770584106,211.66697692871094,0.301693320274353,1
26087,242.02659606933594,55.01173782348633,19.175217174126104,0.1373312715790132,-1.1892446675138002,-0.6131545893130542,1.1009291410446167,0.6539381146430969,14.39234733581543,1.054774284362793,1
20184,243.26025390625,55.008827209472656,23.501057174880085,0.13728415192214563,-1.5263401929669442,-0.8250273527815806,-100.0,-100.0,-100.0,0.7583972811698914,6
32290,241.8638916015625,55.48128890991211,35.68614501961502,0.13718012258585213,-2.7034522782911243,-2.4273979342351715,2.2765259742736816,1.713600754737854,258.4024658203125,1.5842721462249756,2
21993,241.4718475341797,55.229286193847656,39.53160726770717,0.13714546392119514,-3.198033732914039,-3.258848443445405,2.7026658058166504,0.9917124509811401,311.452880859375,0.790334939956665,1
8912,242.6136016845703,55.13270950317383,5.163058908172603,0.13708903014519896,-0.649171618033208,-0.12695600667025014,1.1875112056732178,1.187192678451538,256.68115234375,0.3525410294532776,1
26134,241.9073944091797,55.038368225097656,23.145880816977115,0.13708166869818253,-1.435136600863957,-0.8858560953584166,1.2164677381515503,0.25737541913986206,238.38743591308594,1.0395376682281494,1
23769,243.36575317382812,55.23988342285156,29.268167836095014,0.1369357364617803,-1.9250805513357965,-1.4781669588322688,3.4984073638916016,1.0081346035003662,17.274799346923828,0.8850545883178711,1
18448,243.0594940185547,55.16477584838867,17.854751687931177,0.13690525464278777,-1.0854486816628697,-0.5400762888516046,1.4108688831329346,0.5069296956062317,216.66403198242188,0.6516578197479248,1
6381,241.90638732910156,54.422950744628906,44.216998536817805,0.13667856093408173,-3.985984252599023,-4.6975563258148325,5.272145748138428,5.144482135772705,158.1802978515625,0.23935948312282562,1
37475,242.013671875,54.481353759765625,39.29350742075369,0.13664121380231867,-3.061893150344769,-3.108116788276623,-100.0,-100.0,-100.0,2.446223020553589,6
24531,242.69102478027344,54.568359375,29.07754717733053,0.13662902800691878,-1.9123957278808317,-1.4559483857119835,1.5030193328857422,1.2322341203689575,332.4842224121094,0.9514113664627075,1
6031,241.83213806152344,55.31326675415039,30.15033455993202,0.136546139739167,-1.9336475358899707,-1.5883809936578608,1.9271363019943237,0.9820388555526733,297.2030944824219,0.253627210855484,1
16193,242.64012145996094,55.54359436035156,29.758957203086187,0.13642573328728352,-1.93555110399002,-1.5387926349705472,1.8105003833770752,0.7311314344406128,326.2974548339844,0.5560104846954346,1
9474,243.3216552734375,55.05002212524414,25.477066916809118,0.13633181043312267,-1.5347007115732447,-1.0866312704146308,0.9303047060966492,0.8417370319366455,106.57579040527344,0.34885871410369873,1
38541,242.57861328125,54.84953308105469,11.954790823832361,0.13623506732947446,-0.9751671666487363,-0.27239496899437904,1.049541711807251,0.658439040184021,61.78204345703125,2.647867441177368,2
2073,242.32350158691406,55.096458435058594,9.278598127906838,0.13610103545901386,-0.6972699775636892,-0.20739664968611896,1.372944712638855,1.3333333730697632,124.26206970214844,0.14793024957180023,1
6620,242.3730926513672,54.71821975708008,21.08508034347356,0.13609602288573822,-1.002125525035512,-0.6463967415374109,-100.0,-100.0,-100.0,0.2835518419742584,6
14266,242.92596435546875,54.944541931152344,13.43620140828877,0.13605760264258276,-0.8754803134518867,-0.3375904726912471,1.096481204032898,0.6011568903923035,220.39810180664062,0.522907018661499,1
17417,241.9435577392578,54.842227935791016,25.204943259719062,0.1359115977490221,-1.5449586802358246,-1.0606659195397465,2.5813229084014893,2.140901803970337,92.92888641357422,0.6079503893852234,1
7948,241.63284301757812,54.79863357543945,35.95513933216961,0.1359064123272928,-2.6112419384224226,-2.4830650360296094,2.4586966037750244,0.5356717109680176,237.9127197265625,0.29052311182022095,1
17507,243.23745727539062,54.72716522216797,29.773432176005336,0.13587861978305396,-1.9424075680584283,-1.5401632385949713,2.5818252563476562,2.5276410579681396,117.86347198486328,0.5811173319816589,1
13201,241.78135681152344,55.25434494018555,30.044473287717747,0.135866904674758,-1.9510359473410226,-1.5743082434533422,1.2579082250595093,0.3611465096473694,184.8112335205078,0.45648136734962463,1
22591,242.69036865234375,54.96959686279297,6.0724626325544255,0.13553831679754874,-0.7205015265714461,-0.1380402366414438,1.3327934741973877,1.0077857971191406,100.13119506835938,0.8386594653129578,1
11207,242.71156311035156,54.69171905517578,21.896534627453143,0.135533188480739,-1.287209365566942,-0.7953415485751607,1.4593982696533203,0.9240569472312927,205.81796264648438,0.42076563835144043,1
9309,242.8511962890625,55.30458450317383,17.934114987436864,0.13552850129592342,-1.052358499024447,-0.5458438181406272,1.753831148147583,0.7012911438941956,343.11590576171875,0.3691563308238983,1
35640,242.63404846191406,54.65715789794922,23.569970403386645,0.13551197450426403,-1.5362692728262044,-0.9147039359288615,1.456421971321106,0.9272038340568542,51.60492706298828,2.0902628898620605,2
7131,242.95738220214844,55.00827407836914,13.188770275348505,0.13546103991230377,-0.8404582031874749,-0.3294214475562359,1.9476616382598877,1.4906567335128784,98.92930603027344,0.2750738859176636,1
450,242.93333435058594,55.648948669433594,37.9692546784554,0.13544959091039616,-2.8503742330096413,-2.8934000461484404,2.368152379989624,1.952815055847168,17.7249813079834,0.055692531168460846,1
9075,242.5457305908203,54.814754486083984,14.092239725079633,0.13520572136558465,-0.8807649755772421,-0.3640486832239743,1.781788945198059,0.5731937885284424,304.7294006347656,0.3616539239883423,1
371,241.78660583496094,54.87950897216797,29.168967433332053,0.13518394506767217,-1.802001917416497,-1.4690855948006583,1.8438663482666016,1.57686185836792,347.6816711425781,0.06172681972384453,1
2110,242.50437927246094,54.8944206237793,9.624715104243677,0.13504367804052242,-0.7061703633792042,-0.21646147396832738,1.156965732574463,0.7314082980155945,332.01531982421875,0.13880223035812378,1
14837,243.07699584960938,55.54150390625,34.084117824475015,0.13495601010447028,-2.400610918854981,-2.152561230902557,0.9579494595527649,0.5751835703849792,68.73965454101562,0.5042368769645691,1
29581,242.83773803710938,54.75861358642578,19.541794507435363,0.13494185256156463,-1.2431707377075993,-0.6337663765426196,1.498413324356079,1.2172664403915405,343.83154296875,1.3290125131607056,2
46,242.50860595703125,54.96807861328125,5.436305632522466,0.13493955053798018,-0.5945077992013627,-0.12982316675150124,0.7371581196784973,0.6066751480102539,111.2906494140625,0.03455771133303642,1
4938,243.2498779296875,55.01791763305664,23.093409626300147,0.13485921968324716,-1.9122128792538367,-0.7928251229357093,-100.0,-100.0,-100.0,0.24122369289398193,6
13640,243.4739227294922,55.5164909362793,41.46877306183035,0.13481799179940754,-3.5296821307536166,-3.691028435455444,-100.0,-100.0,-100.0,0.49796923995018005,6
32850,242.32022094726562,54.928104400634766,11.518187560284884,0.13480972692418602,-0.6729325276545345,-0.17919438084750886,-100.0,-100.0,-100.0,1.706126093864441,6
16186,243.2335968017578,55.35394287109375,28.9039388343599,0.1347563415949791,-1.85340050883271,-1.4375021359343614,1.0897860527038574,1.0603967905044556,152.78823852539062,0.5707439184188843,1
35436,242.36953735351562,55.34370040893555,19.112673526325253,0.13469343978216614,-1.2558169542686435,-0.6038080701165052,1.3352417945861816,1.1800243854522705,276.5559997558594,2.045417308807373,2
20935,241.71229553222656,55.25461196899414,32.224145436529085,0.1346683316019086,-2.214815585248258,-1.865310648131408,1.0205339193344116,0.8874599933624268,319.6533203125,0.7715380787849426,1
37392,241.89511108398438,54.86316680908203,26.105744221266374,0.13461364142257137,-1.7399261959771846,-1.0529653407058441,-100.0,-100.0,-100.0,2.342411756515503,6
3967,242.68360900878906,54.752098083496094,18.153057845090103,0.13445750969302087,-1.0409142665751199,-0.5583964022001203,1.621172547340393,1.5003653764724731,59.70219421386719,0.2172931283712387,1
32145,242.68423461914062,55.520633697509766,28.532673768502015,0.13434301466398493,-1.913303267844038,-1.3906718064048824,2.2998030185699463,1.260522484779358,150.53338623046875,1.5717657804489136,2
5495,242.1314239501953,54.92612838745117,17.119904947073834,0.134301799819647,-0.997285343478667,-0.5030788496567172,3.400846004486084,1.461512565612793,207.0976104736328,0.2524241805076599,1
14798,243.42190551757812,54.752418518066406,34.042840549383676,0.13424870838450564,-2.395456047334453,-2.1458061365114256,1.721343755722046,1.055543065071106,204.87176513671875,0.4946344792842865,1
24405,243.03109741210938,55.16823196411133,17.0469894788218,0.13421216603780073,-1.0752895620554188,-0.4956622956977952,1.7337932586669922,1.0130857229232788,61.939117431640625,0.9314090609550476,1
30129,242.60903930664062,54.4514045715332,35.85601037167374,0.13420514118884377,-2.71196380804965,-2.4600481080691337,1.9818015098571777,1.2611445188522339,13.95838737487793,1.484805941581726,2
4142,242.0015106201172,55.342430114746094,26.523894859636837,0.13412979892677174,-1.5961815248576827,-1.1861141084791753,1.817169189453125,1.3778891563415527,103.01716613769531,0.20607426762580872,1
2321,242.2986602783203,55.372314453125,21.676916983205384,0.13412599271394585,-1.2343682320554132,-0.7798755058298065,2.312405586242676,0.46667274832725525,355.5302734375,0.13135378062725067,1
38660,242.3052215576172,54.67948532104492,24.10959087594544,0.13401566830898937,-1.6048556340005375,-0.9555762883996347,0.9393004775047302,0.7887523174285889,193.61154174804688,2.5324718952178955,2
36894,242.37884521484375,55.3128776550293,17.28577494270611,0.13400549533562822,-1.171384883885231,-0.5006776669601697,0.6672860383987427,0.6600322723388672,232.92388916015625,2.2436673641204834,2
31992,243.21847534179688,54.82617950439453,25.729561555775547,0.13400251758235815,-1.672060880444098,-1.1032187476768758,0.6252037882804871,0.4290103018283844,126.96221160888672,1.6162441968917847,2
19801,242.78944396972656,55.454551696777344,25.373933755212896,0.13373820741151932,-1.5692849006845386,-1.0755561207444688,1.8620917797088623,0.42137351632118225,22.658185958862305,0.6766682267189026,1
17290,242.17062377929688,55.350154876708984,22.88931352166881,0.13371646201998513,-1.3774293362458392,-0.8681247156091875,1.2722455263137817,1.0171778202056885,28.020715713500977,0.611036479473114,1
1287,241.79461669921875,55.37948989868164,33.42588965371948,0.1336975748720531,-2.261531167771471,-2.0475692519426456,2.5582046508789062,2.5356757640838623,64.82955169677734,0.10460680723190308,1
34901,242.98626708984375,55.16986846923828,15.709240755785263,0.13369660430768893,-0.9539097584638792,-0.3420509431868684,-100.0,-100.0,-100.0,2.097642421722412,6
10976,242.31268310546875,54.80620574951172,17.235034226200558,0.13367963906060082,-1.024384237012841,-0.5083742959496478,1.0071743726730347,0.6692397594451904,336.8367004394531,0.40859103202819824,1
38837,241.53598022460938,55.150814056396484,36.37386855976151,0.13364838077285326,-2.8539621538847086,-2.554367935562925,2.239665985107422,2.0179388523101807,28.989486694335938,2.598456382751465,3
37942,242.90757751464844,55.352169036865234,21.373998808643066,0.1336451059017733,-1.4094220694434028,-0.7473607083739817,1.9533356428146362,1.208954095840454,268.392578125,2.377664566040039,2
20768,242.4215850830078,54.768192291259766,17.70435693275046,0.13360035709054208,-1.0877883211531336,-0.531165187210338,2.585753917694092,0.6104106903076172,7.1678924560546875,0.7312463521957397,1
21765,243.26974487304688,55.15860366821289,24.561036722472362,0.13352976460115634,-1.51718242079413,-1.0028695825500216,1.2447201013565063,1.2438255548477173,307.4173583984375,0.819473385810852,1
18546,241.89390563964844,55.083892822265625,23.681652522988625,0.13350931362467447,-1.4377660637186673,-0.9303696402013524,1.2477936744689941,0.9573255181312561,142.5578155517578,0.630986213684082,1
29882,242.0029296875,55.37113952636719,27.658213774503245,0.13350044691553428,-1.8209142129238323,-1.2964793999584105,2.512350082397461,1.3902703523635864,333.1904296875,1.3987294435501099,2
8228,243.5804443359375,55.4963264465332,43.466319134594436,0.13349730114232064,-3.8396342003854045,-4.4247664142585945,3.0317254066467285,1.9623892307281494,54.401123046875,0.3067004978656769,1
36036,243.44561767578125,55.550601959228516,42.18813655451155,0.13338858082632984,-3.7500591827964875,-3.996086769511125,1.2232956886291504,1.1882498264312744,358.2334289550781,1.953478217124939,2
9043,242.6129150390625,55.17616271972656,7.723962211550168,0.13327683713410268,-0.6927592776176902,-0.17091578986285194,1.4368151426315308,0.9366326332092285,239.3348388671875,0.3357071876525879,1
23838,241.47894287109375,54.971771240234375,38.17817734839103,0.13326816220011672,-2.99644166883818,-2.937820055407172,3.9963138103485107,0.8973358869552612,106.90057373046875,0.9109975695610046,1
51,242.08799743652344,54.92024612426758,18.625364189425323,0.13316366178120312,-1.0286434115124874,-0.5831533844493267,7.269931316375732,1.510740876197815,80.50189208984375,0.021011462435126305,1
15858,242.37156677246094,54.806053161621094,16.24662628970973,0.133129028298705,-0.9968232234555254,-0.45832831642465044,2.091761589050293,0.4839286804199219,338.447998046875,0.5723885893821716,1
34424,242.34779357910156,54.41054153442383,39.133169282618326,0.1330435486550761,-3.2140510011906263,-3.156499119782692,2.3193254470825195,1.163804292678833,239.60923767089844,1.8386554718017578,2
39250,241.6980743408203,54.623085021972656,39.7742707613071,0.13279356682770307,-3.370715336170056,-3.3116060586091147,1.800714373588562,1.628037691116333,281.0022888183594,2.7652249336242676,2
18391,242.18556213378906,54.87422180175781,17.167483089183882,0.13261918817855267,-1.051246041384136,-0.5036026868914052,1.8009262084960938,0.5524567365646362,31.23541831970215,0.63939368724823,1
6253,243.64378356933594,55.37813949584961,41.41732784884013,0.13258319170814414,-3.4462830301326353,-3.7692090733710244,2.386960029602051,2.013557195663452,37.950897216796875,0.23043625056743622,1
34330,242.90374755859375,54.485984802246094,35.57347489358873,0.13249246957040045,-2.7003080763844802,-2.405128296595553,1.1639199256896973,0.927793025970459,92.82588958740234,1.892740249633789,2
11295,242.39053344726562,55.47463607788086,26.363597483511956,0.13223317220975964,-1.6121972217983047,-1.1697844946408131,1.5539708137512207,0.9450461268424988,279.565673828125,0.399177610874176,1
27064,241.5786895751953,54.62144088745117,43.077373010027884,0.13198957804839653,-4.302175404015892,-4.1979517774403945,-100.0,-100.0,-100.0,1.1873350143432617,6
39880,242.397216796875,55.53883743286133,30.062473484650546,0.13179586891843686,-1.4221916882312802,-1.484589010473988,-100.0,-100.0,-100.0,3.65620493888855,4
26696,243.0253143310547,55.10822677612305,15.690861985036452,0.13173392659486677,-0.4120271237442854,-0.3412418710124975,-100.0,-100.0,-100.0,1.295310139656067,4
2806,243.50506591796875,54.71299362182617,37.74158218634368,0.13169177505438837,-2.836297499414578,-2.8441647190448736,1.6192398071289062,1.3909108638763428,316.30987548828125,0.12841075658798218,1
17408,241.85398864746094,54.89680480957031,26.627348854600243,0.13165763837318348,-1.658693736214007,-1.1945709126865711,1.4436253309249878,0.7639117240905762,146.40328979492188,0.6113575100898743,1
31858,243.17384338378906,55.0347785949707,20.417559615247082,0.13152918427260998,-1.3046213816961552,-0.6866623471050259,1.1644091606140137,0.8805228471755981,253.44712829589844,1.555492639541626,2
21120,241.8138427734375,54.931766510009766,27.306427241823823,0.13150845344986964,-1.332590431129962,-1.1720934474795497,-100.0,-100.0,-100.0,0.8060503005981445,6
7162,242.87071228027344,55.024471282958984,10.086333237923165,0.13149430113055555,-0.741997775401152,-0.2283989867058504,0.7222166657447815,0.719864010810852,223.7240447998047,0.31417718529701233,1
24815,241.43228149414062,55.27176284790039,41.56692915571807,0.1314548161435466,-3.163264504278814,-3.7199959276995087,-100.0,-100.0,-100.0,1.0105829238891602,6
37250,242.8834686279297,55.69068908691406,39.876435118687446,0.13141174655601628,-3.357142172398345,-3.339966803460974,1.379197120666504,1.2659581899642944,101.12339782714844,2.2948265075683594,2
4436,241.8966827392578,54.57611083984375,36.921107524243695,0.1313179679044225,-2.727152776878883,-2.672200365642821,1.7358286380767822,1.6931889057159424,285.5011901855469,0.21321307122707367,1
8940,242.7342529296875,54.96733856201172,7.203018218233291,0.1312983423357477,-0.6827700176983743,-0.16063336943862702,2.4763238430023193,0.5396023392677307,286.9272766113281,0.3466090261936188,1
1309,243.30368041992188,54.63976287841797,35.02213158429079,0.1312976817303498,-2.455991248036038,-2.312906224550969,3.7450220584869385,1.7137037515640259,291.0274963378906,0.09608520567417145,1
8464,243.21910095214844,54.91099166870117,23.49269621422442,0.1312932135807925,-0.9137213569470334,-0.8244114784271527,-100.0,-100.0,-100.0,0.3683302104473114,6
15013,241.7417449951172,54.49269104003906,44.22455886505885,0.13120909338443834,-4.022572340555844,-4.699815851645898,1.639557123184204,1.5853416919708252,69.1672592163086,0.48375871777534485,1
2295,242.08811950683594,54.91013717651367,18.88271271337323,0.13120842593484291,-1.0708036728243093,-0.5998475378443084,1.2561025619506836,1.1244159936904907,316.97265625,0.16315646469593048,1
18476,242.87615966796875,54.73248291015625,21.547249563282772,0.13113633963196006,-1.2952364167100587,-0.769251362187724,1.7321257591247559,1.46202552318573,328.227783203125,0.6575382947921753,1
15927,242.00660705566406,55.08955383300781,19.865463740651887,0.13103637649749655,-1.182578797676891,-0.6581034763072742,1.9691712856292725,0.8260603547096252,197.16073608398438,0.5403690338134766,1
9934,243.29832458496094,55.5484504699707,38.73098814489666,0.13102046494676034,-3.0165813212428807,-3.0665462879692895,1.8708115816116333,1.7934056520462036,297.8415832519531,0.3720553517341614,1
27892,242.0914306640625,55.205780029296875,19.23962476778243,0.1309901432858663,-1.2103962308386096,-0.6161996796240878,3.3238470554351807,0.8055620193481445,278.98431396484375,1.184674859046936,1
29732,242.15545654296875,55.36335754394531,23.832188945691705,0.13095479976767663,-1.515690851599574,-0.938739169397625,1.3093781471252441,0.7778780460357666,129.45138549804688,1.322239637374878,2
14515,242.26747131347656,54.66961669921875,25.18663935368481,0.13079788773554446,-1.5320258874430568,-1.059712381345937,1.0011780261993408,0.9081436395645142,85.83163452148438,0.5135806202888489,1
31921,242.37957763671875,55.46063995361328,25.648602919645704,0.13079644629460666,-1.6655744308533975,-1.095635763619141,0.8398911952972412,0.796563982963562,312.5560607910156,1.555184245109558,2
14899,241.58558654785156,55.383522033691406,39.53417823802027,0.13075647582282446,-3.1626524213799585,-3.259940591580118,3.4130873680114746,2.4878320693969727,65.9847412109375,0.5226022601127625,1
20708,242.19815063476562,55.228118896484375,16.961310898153815,0.13065308924587649,-1.0525211511880612,-0.492716593063491,0.943574845790863,0.920546293258667,275.86077880859375,0.7600127458572388,1
19899,243.33909606933594,54.70539474487305,33.32122973239079,0.13061301981598122,-2.3330529581694543,-2.0295239489922796,1.0089722871780396,0.9241307377815247,293.38946533203125,0.7041134238243103,1
7174,242.28855895996094,55.04702377319336,10.033633793910928,0.13048123468061337,-0.7406528492074552,-0.2270608905183072,3.449354648590088,2.078726291656494,131.17959594726562,0.27906322479248047,1
12772,242.19430541992188,55.17341613769531,15.216416568692066,0.130459729109662,-0.9399121395815924,-0.4114931747782778,1.6218945980072021,1.6208794116973877,0.7371139526367188,0.42612817883491516,1
31594,242.93496704101562,55.22227096557617,16.006681377038937,0.13038281189853607,-1.0766913484338756,-0.4406608285137772,0.8255981206893921,0.5479658842086792,321.1999816894531,1.6229734420776367,2
35864,242.8203887939453,55.58916091918945,33.44183614726901,0.13028757732192023,-2.4478375656568274,-2.0418755417349184,5.353420734405518,3.550774574279785,207.43963623046875,1.98630952835083,2
33892,241.99266052246094,54.748512268066406,27.125927330955857,0.13019824281285186,-1.8013058304941207,-1.2389740019974311,1.0781171321868896,0.9794591665267944,4.950799942016602,1.8264496326446533,2
28528,242.93528747558594,54.40327835083008,40.63450308357642,0.1301540579739412,-3.18704374835242,-3.454810809624045,-100.0,-100.0,-100.0,1.465316653251648,6
22736,242.13540649414062,55.124290466308594,15.940156867769588,0.13003091458241686,-1.0149392917643714,-0.44209330355191023,1.8222861289978027,0.40560367703437805,53.50290298461914,0.8305065631866455,1
32866,241.81118774414062,55.583770751953125,41.47490745979178,0.13002833168071506,-3.398196283852931,-3.692869267602893,-100.0,-100.0,-100.0,1.808369517326355,6
36588,242.66339111328125,55.07814025878906,3.350667139711334,0.1300266146905791,-0.7785756107409427,-0.09529348631420737,0.7514349818229675,0.5060473680496216,3.3106613159179688,2.2024242877960205,2
23484,242.9803009033203,54.94047927856445,15.219558829766195,0.1300169247991949,-0.9893214200672749,-0.40921502370625595,1.0921868085861206,0.9924594759941101,296.2050476074219,0.8974827527999878,1
11004,242.09519958496094,55.04583740234375,16.680671191762762,0.12994801432848965,-0.9981958762860277,-0.48037054376370186,1.7531813383102417,1.7314093112945557,244.82516479492188,0.39473944902420044,1
26569,242.88076782226562,55.723106384277344,41.734367683396485,0.12993121335680002,-3.592144708607969,-3.8605908810500673,3.7847931385040283,0.9381834268569946,47.570884704589844,1.0536704063415527,1
32137,243.18333435058594,54.77306365966797,26.571742313503975,0.12992965099597845,-1.7395653244668177,-1.1834173497136837,1.128617286682129,0.7948209047317505,356.62548828125,1.6066851615905762,2
20825,242.46072387695312,55.46890640258789,25.537970286058567,0.12983186028347177,-1.5868932594209204,-1.0900083660595317,1.2399992942810059,0.873731255531311,315.18212890625,0.7731003761291504,1
25769,242.2386016845703,54.937198638916016,13.537596234803171,0.12973127357062045,-0.9308639482105558,-0.33858902235828153,2.5812885761260986,0.8278063535690308,115.778564453125,1.0620933771133423,1
32553,241.42486572265625,54.883907318115234,41.01240755476126,0.12968334586472072,-3.5102388029369016,-3.647315777704516,1.7610702514648438,1.7537376880645752,170.29220581054688,1.657851219177246,2
9235,242.00787353515625,54.974674224853516,20.1944632519711,0.12966262108613422,-1.174834865398582,-0.6793476874271291,2.2932825088500977,0.8601061105728149,249.15078735351562,0.358004629611969,1
17709,243.5328369140625,55.54948043823242,44.280484271955636,0.1296491925921321,-4.0472816690739135,-4.720904247641009,0.9869564771652222,0.9864162802696228,148.5876007080078,0.6187750101089478,1
35541,242.17294311523438,54.905033111572266,16.4706008624317,0.12953081278424913,-1.1214732395776212,-0.46041392327349834,0.9843363761901855,0.5649933218955994,330.98065185546875,1.9466615915298462,2
13315,243.3777313232422,55.36228942871094,33.150884354281246,0.12952362295990016,-2.283159659658461,-2.0040443667569803,2.565356969833374,0.9352884888648987,89.20529174804688,0.47462666034698486,1
11525,241.88038635253906,54.6677360534668,33.27475826124025,0.12947384913773888,-2.2911086908302987,-2.023407612737385,1.7011016607284546,0.6539943218231201,109.78775024414062,0.41237086057662964,1
26593,242.12246704101562,55.71521759033203,42.92536988371429,0.12943588641220716,-3.8148388607901142,-4.237483464250762,1.37552809715271,0.5075693726539612,337.62969970703125,1.0696933269500732,1
28662,242.77896118164062,54.695980072021484,22.24965121569761,0.12934336574965463,-1.1096489713917401,-0.7288738811338252,-100.0,-100.0,-100.0,1.3724610805511475,6
28168,242.6754608154297,55.104942321777344,4.691294392093946,0.12933821387975913,-0.7304255513657196,-0.11572593723714054,1.109610915184021,1.100565791130066,263.4681091308594,1.1425700187683105,2
11692,243.32298278808594,55.509456634521484,37.522367185448594,0.12929150565004519,-2.842623302664336,-2.7966470076014107,3.6505937576293945,1.45815110206604,183.56771850585938,0.4089127779006958,1
11803,241.87840270996094,54.48997116088867,41.40724338212057,0.12923785407596922,-3.4663703109424926,-3.76589845566919,2.2887935638427734,2.1307497024536133,245.6457977294922,0.38074174523353577,1
5972,242.35194396972656,55.539764404296875,30.475851940235973,0.12912273959300388,-1.9655748428738713,-1.6292514400583868,1.214638590812683,1.195743441581726,307.080322265625,0.23605364561080933,1
39287,243.5072784423828,54.63624572753906,40.47221206936055,0.12910097476456928,-2.7994289314396408,-3.4107447666041777,-100.0,-100.0,-100.0,3.0036513805389404,4
17512,242.66366577148438,55.53853225708008,29.522533916119073,0.12907777674150855,-1.9186446516346412,-1.510164472508569,1.2789827585220337,1.1443378925323486,130.70872497558594,0.5906058549880981,1
17542,242.32421875,54.51993942260742,32.945351964886655,0.1289925352474994,-2.278215875950731,-1.9721323345933577,2.2416372299194336,0.5509839057922363,334.7542724609375,0.5764402747154236,1
5506,242.7911834716797,54.82654571533203,15.184010423823647,0.12897992887982326,-0.9097770641340501,-0.41039449435219183,3.5554659366607666,1.8262683153152466,276.0298767089844,0.2425185889005661,1
2111,242.4893341064453,55.1541748046875,7.055000969236078,0.12895830503625597,-0.6487884529351438,-0.15835506303064292,2.4592714309692383,0.5038712024688721,182.4877166748047,0.15579742193222046,1
33650,242.3141326904297,54.8605842590332,14.549404872543347,0.12893452033862685,-1.0284557326131594,-0.37493829329495915,1.2004358768463135,0.8779349327087402,31.67830467224121,1.8589779138565063,2
29701,243.18508911132812,55.2247200012207,23.269856651961724,0.12892571410939851,-1.4742618883448622,-0.8927223931468589,1.9510527849197388,1.4923313856124878,98.58676147460938,1.3752278089523315,2
28899,242.7356719970703,54.96165084838867,7.473833165738022,0.12890017297477438,-0.7900992321993907,-0.1596976327311208,1.9842320680618286,0.5279133319854736,208.62942504882812,1.3230152130126953,1
24373,243.1094970703125,55.11488342285156,18.597835210459014,0.12889583771947077,-1.153571965332846,-0.5796893252692243,1.8420370817184448,1.6020989418029785,357.78350830078125,0.9721513390541077,1
12688,242.1637420654297,54.84812545776367,18.738172236947623,0.12886462680409236,-1.1072544054310978,-0.5903727528268938,1.1530838012695312,1.1444518566131592,137.19778442382812,0.47354570031166077,1
5651,242.57427978515625,54.672828674316406,22.557893143996242,0.12884620614782863,-1.3086773727475187,-0.844412092975089,2.081822633743286,0.5729363560676575,324.9824523925781,0.23461690545082092,1
5656,241.94320678710938,55.16408157348633,22.940000145335095,0.12876986904858717,-1.3343624222051411,-0.8734163979166062,1.8139041662216187,0.45644429326057434,120.896728515625,0.2351275533437729,1
11485,242.02398681640625,55.49058532714844,32.62660849177725,0.12873776703748033,-2.2167249401927234,-1.9250887400281762,2.4154953956604004,0.6102298498153687,209.72119140625,0.378459632396698,1
34268,241.6049346923828,54.877498626708984,35.1385687767128,0.12869199124576583,-2.6436345722682066,-2.32634421675546,1.9915317296981812,1.878753900527954,14.822530746459961,1.7054765224456787,2
13108,241.92979431152344,54.75386428833008,28.582417476243194,0.1284063285611307,-1.8119126357185975,-1.4016267271621539,1.1404304504394531,0.5864492058753967,8.77035140991211,0.44147762656211853,1
37769,242.50057983398438,54.99247360229492,4.354140376675246,0.1283961381657737,-0.7993868155817946,-0.10464273779483042,1.4485729932785034,1.0245779752731323,290.1827392578125,2.3280413150787354,2
33679,242.18405151367188,55.36236572265625,23.19921234417362,0.12837198568164615,-1.49859720603156,-0.8861761869631615,1.1823288202285767,1.1816773414611816,83.83349609375,1.7709146738052368,2
15988,242.871826171875,55.37283706665039,21.853004104974755,0.12830313535684018,-1.3013702986255675,-0.7906584872504882,1.518760323524475,1.1828478574752808,48.47339630126953,0.5569188594818115,1
2377,241.98870849609375,54.920772552490234,21.771605514132343,0.12829865600231435,-1.2407554717047424,-0.7868715610849092,1.0215027332305908,0.8734627962112427,234.09170532226562,0.16653214395046234,1
33998,242.47528076171875,55.524658203125,28.77807900026894,0.12825242160719155,-1.948465342204318,-1.4172469519226305,1.9354496002197266,0.9939776659011841,267.76239013671875,1.8348695039749146,2
31781,242.24703979492188,54.79170608520508,19.237483687931356,0.12824306982054318,-1.238169995759405,-0.6134756077136276,1.5320360660552979,1.2815078496932983,156.88133239746094,1.5100510120391846,2
18467,242.07237243652344,54.80859375,22.682295699515176,0.12822896384233676,-1.3682703188812888,-0.8517569611685107,0.977261483669281,0.9693259000778198,316.2508239746094,0.6321719288825989,1
993,242.0288543701172,55.0596923828125,18.968303146237538,0.12817458404124454,-1.066300797820207,-0.6047649758840413,0.8796412944793701,0.6779219508171082,338.1753234863281,0.12074172496795654,1
29759,242.1270294189453,54.799320220947266,21.643206172504133,0.12814419633324567,-1.3665171972980983,-0.7712210217581453,1.5299097299575806,0.7764854431152344,282.3335266113281,1.4241156578063965,2
1049,242.74301147460938,55.417991638183594,22.84046490425077,0.12810574007630943,-1.3018204768971502,-0.8657577898911608,3.533162832260132,3.28871488571167,260.0760803222656,0.09823840856552124,1
32101,241.8651123046875,55.35206604003906,30.514232402087238,0.12808681911053935,-2.1026864803605685,-1.627596478950419,1.3460930585861206,1.0916130542755127,135.67532348632812,1.678532600402832,2
10276,242.73153686523438,55.20243835449219,10.576932223157248,0.12806347158828485,-1.0013666029389585,-0.15041844382354294,-100.0,-100.0,-100.0,0.3939948081970215,6
920,242.87564086914062,55.05235290527344,10.148546996082231,0.1280225981394735,-0.7110177384545291,-0.23053161820166496,1.6493278741836548,1.542069911956787,100.14381408691406,0.10817723721265793,1
31361,242.39730834960938,55.11236572265625,7.356563932028236,0.12792391596215041,-0.8020578574460614,-0.15650587699305593,1.30148446559906,1.2830628156661987,130.84030151367188,1.6697282791137695,2
38671,242.12423706054688,54.82274627685547,20.76547084357771,0.12788572442271728,-1.3795162424768248,-0.7039434136027184,2.849679470062256,1.5330543518066406,317.30181884765625,2.521843671798706,2
2515,243.05166625976562,55.424842834472656,27.731094459275518,0.12783866140539005,-1.6902804642374523,-1.3092814363007836,2.952838659286499,1.1679102182388306,315.17535400390625,0.1430547833442688,1
31806,242.9983367919922,55.277217864990234,19.82465004403788,0.12781250597242552,-1.2714120180117479,-0.6493841072006649,1.2175663709640503,1.0736504793167114,347.6497497558594,1.5953251123428345,2
24123,242.6387939453125,54.933982849121094,7.174522497234585,0.1277840234635377,-0.7496690217621613,-0.15714385479013152,3.7314529418945312,0.8475860953330994,156.35415649414062,0.9384464621543884,1
9016,242.54995727539062,54.976097106933594,4.48514276808763,0.1276373324579382,-0.6408313317962975,-0.11838305121590102,2.2079718112945557,0.6475476622581482,349.2795715332031,0.34936895966529846,1
2357,242.1433868408203,55.328369140625,22.483905598185807,0.12759669095625095,-1.286742732474104,-0.838768831596233,2.184004306793213,2.117469310760498,53.02989196777344,0.13014326989650726,1
29970,242.37672424316406,55.58976745605469,33.19615445661283,0.12751404804128233,-2.3819817907225764,-2.0072603064154957,1.0714291334152222,1.069796085357666,136.1574249267578,1.369338035583496,2
40033,242.2134246826172,55.47423553466797,28.444852592702496,0.12740605506014077,-2.014194248401616,-1.3692611855787855,1.0857352018356323,0.8208380341529846,279.5948486328125,4.010838985443115,2
2283,242.59951782226562,54.70786666870117,20.465203401012694,0.1273827155355447,-1.1603614643876905,-0.697671832667798,3.1881296634674072,2.180434465408325,7.846469879150391,0.1476965993642807,1
24830,242.29290771484375,54.63639450073242,26.662680599096753,0.1273639551178343,-1.7176283920615176,-1.1070353414960414,-100.0,-100.0,-100.0,1.0051296949386597,6
35692,242.3704376220703,55.523399353027344,29.367451164763786,0.12735508573335821,-2.015394354345277,-1.4845231758441604,1.6584521532058716,1.273711085319519,294.7898864746094,2.0271072387695312,2
14417,242.33901977539062,55.426063537597656,24.09681424555646,0.12735011223887044,-1.4501263999661336,-0.965234611347015,2.293229341506958,1.4261860847473145,340.40228271484375,0.4869861900806427,1
24773,243.19703674316406,55.38216018676758,29.078480494404005,0.12733300109344137,-2.0358211560866453,-1.3663108432517772,-100.0,-100.0,-100.0,1.025551438331604,6
2521,241.84503173828125,55.269039154052734,28.462522790261435,0.1272058201219694,-1.755839875277174,-1.3889268067039624,2.4795188903808594,0.7840845584869385,248.0398712158203,0.13478943705558777,1
16609,242.35275268554688,54.681888580322266,23.375142004068383,0.12717688944817293,-1.7246324195146259,-0.8150173178223584,-100.0,-100.0,-100.0,0.6100850105285645,6
29754,242.6436309814453,55.43888473510742,23.506048053640413,0.12716829239146807,-1.492108367264621,-0.9121036795379273,1.8881558179855347,1.2627861499786377,68.09754943847656,1.4584730863571167,2
32052,243.276123046875,54.794315338134766,28.434667724708536,0.1271468529032767,-1.902267606335618,-1.3788061529919446,0.9887545704841614,0.5026909112930298,112.4697036743164,1.6161609888076782,2
3686,242.5078887939453,54.961814880371094,5.784256725620518,0.12709019396234583,-0.6353753907729521,-0.13638841177284994,3.097715139389038,0.6197469830513,180.37644958496094,0.22000616788864136,1
19897,242.41390991210938,55.59746551513672,33.40853322033322,0.12704212690752426,-2.3431078518098127,-2.043084585237509,1.618245005607605,1.6032894849777222,289.5403137207031,0.6901598572731018,1
32254,242.6614532470703,54.51039123535156,32.42452985969867,0.12703072140288166,-2.30676948511464,-1.8897141318609425,0.5433865189552307,0.5359257459640503,46.44401550292969,1.534555435180664,2
20820,242.75294494628906,54.598899841308594,27.64331414984428,0.12696314781606963,-1.76226312496594,-1.2978553562051036,1.040641188621521,1.0198866128921509,101.21489715576172,0.7344908714294434,1
35907,242.93968200683594,55.57881546020508,34.08574458294652,0.1268539455779504,-2.5247954582616505,-2.1454741480905044,1.808480978012085,0.9888244867324829,103.88748931884766,2.050694704055786,2
22800,241.9495391845703,54.83010482788086,25.396530769034758,0.12682269415668526,-1.5878084996257527,-1.0774327971926865,1.8173810243606567,1.2922505140304565,95.48861694335938,0.8463625907897949,1
14474,243.162841796875,55.101905822753906,20.257658466222725,0.12679955345433966,-1.1983416352536143,-0.682774566319135,1.636752963066101,1.4945130348205566,123.67000579833984,0.5059905052185059,1
15937,243.07803344726562,55.21842956542969,19.8722065134288,0.12674091540244525,-1.1828004753357284,-0.6584281105331737,3.5946497917175293,1.057560920715332,192.49119567871094,0.5340201258659363,1
2493,243.10890197753906,54.768428802490234,24.80320458861016,0.1266462603579055,-1.4516331244922736,-1.026797939686676,2.658745288848877,0.7370578050613403,260.8237609863281,0.13860034942626953,1
31665,242.84288024902344,54.82876205444336,16.002574583175466,0.12664213061295515,-1.0767979809408565,-0.44052388470843656,1.017578125,0.6654409170150757,263.2191162109375,1.697574257850647,2
1352,241.48867797851562,55.05406951904297,37.52544728660787,0.12657335038231865,-2.7955862017406807,-2.7976822032034563,4.77510404586792,1.1478365659713745,181.227294921875,0.12081199139356613,1
3628,242.90609741210938,55.13179397583008,12.2412246899737,0.12639770351924623,-0.79188695658526,-0.2956184524943166,1.6399775743484497,1.5537844896316528,46.217079162597656,0.18223106861114502,1
31087,242.22097778320312,55.49383544921875,29.394626374424377,0.12632241377845277,-1.993336616429494,-1.489825470881849,1.2028954029083252,0.9914953112602234,77.58879852294922,1.6327515840530396,1
23056,242.83587646484375,55.479610443115234,27.285154468575104,0.12624736734196493,-1.809044516428326,-1.1699268814703332,-100.0,-100.0,-100.0,0.8928045630455017,6
2522,243.32655334472656,54.845096588134766,28.467405885258948,0.12622641922920413,-1.7564013830668246,-1.3894316535238669,1.0830479860305786,1.0122677087783813,7.536792755126953,0.14682191610336304,1
25594,242.86129760742188,55.1312370300293,10.838871258000719,0.12612577839232036,-0.8417313918521507,-0.24643532093405118,1.0448380708694458,1.0388745069503784,209.12681579589844,1.0352035760879517,1
11174,242.54855346679688,55.431396484375,22.983083885595118,0.12611971420082885,-1.3590207721060275,-0.8762489309732406,3.5201563835144043,1.014577031135559,192.66629028320312,0.41717714071273804,1
17236,243.11209106445312,54.90090560913086,20.34437422563994,0.12611368971958647,-1.21560378709623,-0.6880505228726503,1.2099971771240234,0.9781569242477417,79.04122161865234,0.5965753197669983,1
15881,242.8329620361328,55.25722885131836,15.21096981244969,0.12610851896810146,-0.9515040048372654,-0.4104724597870574,1.954096794128418,1.789018988609314,174.0430908203125,0.5494785904884338,1
17099,242.20440673828125,54.910545349121094,15.376306734339312,0.12595412907272044,-0.9643197028307169,-0.4175803022965307,1.650949478149414,1.1391863822937012,217.8517608642578,0.6107227206230164,1
39229,243.58535766601562,55.127830505371094,34.83169208584315,0.12593157912134997,-2.658995423771347,-2.2687587583922872,1.5746030807495117,1.018845796585083,346.2627868652344,2.7222564220428467,2
26066,241.94058227539062,55.146121978759766,22.730168007707547,0.12581512565012887,-1.406969620804284,-0.8538322257224827,3.0738492012023926,0.6168676018714905,86.39459228515625,1.0949735641479492,1
12476,242.49363708496094,54.8398551940918,12.887319555180325,0.12579567394832578,-0.8496335276619035,-0.3173960332819571,5.518647193908691,1.3274885416030884,10.281057357788086,0.43804746866226196,1
8442,242.1285400390625,55.702518463134766,42.14131189117103,0.12577993783032884,-3.537129661188593,-3.8942356754351533,-100.0,-100.0,-100.0,0.36317482590675354,6
1256,243.24632263183594,54.65214538574219,33.09652482485955,0.12570651898283722,-2.223189780581022,-1.9964715331738667,2.375868082046509,2.37552809715271,86.37210845947266,0.11882787197828293,1
2494,243.33070373535156,54.951351165771484,26.473149066261072,0.1257045618629899,-1.5829903495331932,-1.1810070467439924,2.9815430641174316,0.966559112071991,305.0003662109375,0.15849414467811584,1
37950,242.13430786132812,54.72938919067383,24.58173986066874,0.12569430790934696,-1.6296881053087497,-0.9963727714875842,0.8389809131622314,0.46930697560310364,278.5489807128906,2.459939479827881,2
24374,242.3427734375,54.78755187988281,17.6870551855884,0.12568551351438195,-1.1071505372083073,-0.5293740746541615,1.091254472732544,0.7509115934371948,187.4324188232422,0.9296941161155701,1
24617,241.55075073242188,54.91584396362305,36.337845687807096,0.12562499729884974,-2.738551061114983,-2.553707857827923,2.130174398422241,1.7354434728622437,201.51852416992188,0.9327296018600464,1
5535,242.55624389648438,54.72773361206055,19.280687678860136,0.1256170061465338,-1.1086916241832507,-0.623207547164315,1.3593326807022095,0.8866196870803833,329.06756591796875,0.2675771415233612,1
29845,242.60951232910156,54.589237213134766,27.590681978237683,0.12555144047443031,-1.8137197692496871,-1.288746307306582,1.1489574909210205,1.1407238245010376,4.360713958740234,1.4599968194961548,2
36286,242.66622924804688,55.210906982421875,10.16316014852043,0.12554369768442425,-1.0638171165336663,-0.1385392711261881,-100.0,-100.0,-100.0,2.1103897094726562,6
18937,243.36553955078125,54.74897766113281,32.51526372341435,0.1255210980597034,-1.9409604373528948,-1.8164313982748155,-100.0,-100.0,-100.0,0.7180728316307068,6
33662,242.20831298828125,55.03758239746094,12.810536012209985,0.12536490551008664,-0.96180336823424,-0.3063835071767085,0.6961553692817688,0.5333696603775024,166.32742309570312,1.8478106260299683,2
14322,242.17787170410156,55.06543731689453,13.870663041334463,0.1252472613057505,-0.8912728503293406,-0.3542920946175922,1.6805251836776733,1.3361480236053467,254.6717529296875,0.5006844401359558,1
35942,241.57289123535156,54.87089920043945,36.3126202291148,0.1251542843009894,-2.8108082443569127,-2.5434969163208625,2.609036445617676,2.558089017868042,203.28448486328125,1.9658231735229492,2
28058,241.90621948242188,54.73907470703125,29.77442880879819,0.1251355285198444,-1.9996213679792798,-1.537126500851919,0.9822445511817932,0.6174014806747437,92.93730163574219,1.1634280681610107,1
37031,242.00001525878906,54.63681411743164,31.82910515460068,0.12506607519458834,-2.2794070402474413,-1.8023642110147147,0.7360212802886963,0.6848843097686768,274.2169494628906,2.1521265506744385,2
8137,242.11083984375,54.416969299316406,41.25166460492528,0.1250622681411085,-3.4241558409060855,-3.720839241138103,1.624308466911316,1.2619291543960571,357.70556640625,0.3032950758934021,1
4127,243.27593994140625,55.34565734863281,29.74142823927099,0.12506218831152865,-1.8851696370424909,-1.5379423353800918,1.0096253156661987,0.863567590713501,227.4740753173828,0.1807498186826706,1
20723,242.295166015625,54.82927322387695,16.435756740622683,0.12505355504738605,-1.027878145934491,-0.46656281346074374,1.6568659543991089,1.2832201719284058,59.05803680419922,0.7469862103462219,1
22676,242.0885467529297,55.1139030456543,17.34006465534072,0.1250529934987128,-1.0795008834176327,-0.5111471548835845,1.2121917009353638,1.0368279218673706,54.93292999267578,0.8363354206085205,1
20804,242.15028381347656,55.43597412109375,27.499442700867963,0.12502665376734393,-1.7499484856049554,-1.28283092638906,1.925037145614624,1.0284972190856934,20.84080696105957,0.7660573124885559,1
12976,242.80377197265625,54.622135162353516,26.73643745608019,0.12499094210961087,-1.6495344014932556,-1.206058461440405,1.562761902809143,1.2063829898834229,240.79412841796875,0.46305954456329346,1
18414,242.3105926513672,55.3415412902832,19.848551987440107,0.12494020543322269,-1.1925054870180933,-0.6562676564762019,1.099304437637329,1.088868498802185,275.959228515625,0.6428784728050232,1
5468,243.15225219726562,54.999324798583984,19.889266646526153,0.12491342787125508,-1.1430244745730684,-0.6605713268720634,1.2490649223327637,0.9163384437561035,224.93614196777344,0.22697657346725464,1
28978,241.97581481933594,55.370880126953125,28.318597288291212,0.12489404706365376,-1.878742790322014,-1.3673967504802695,0.44242361187934875,0.40625903010368347,323.0433654785156,1.3484578132629395,1
20881,243.49073791503906,55.13160705566406,31.649331751206464,0.12488000932275928,-2.1511378414355318,-1.7834376261357243,1.3203234672546387,1.0741392374038696,221.357177734375,0.7373343110084534,1
5333,242.7643585205078,55.123348236083984,7.740035969227707,0.12485319635698511,-0.6785807280381304,-0.17178684483367618,1.2201639413833618,1.0751181840896606,13.635234832763672,0.254178524017334,1
24347,243.0168914794922,54.83913803100586,19.607345550929075,0.12480789386781341,-1.2084017203797075,-0.6394110381142756,1.8355042934417725,0.7591694593429565,320.3379821777344,0.9659588932991028,1
11759,241.39707946777344,55.14011764526367,40.99650574956301,0.1247652245758701,-3.3942455441904493,-3.648146470655293,1.7158071994781494,1.695705771446228,327.02239990234375,0.3810650408267975,1
6037,242.97137451171875,54.510231018066406,35.02997197571452,0.1247403622991184,-2.483144897130678,-2.3144007035137397,1.1820156574249268,1.114181637763977,94.81707763671875,0.24555417895317078,1
19268,242.5394287109375,54.97354507446289,4.729332026935222,0.12471295037634653,-0.6852084767146098,-0.11911415700745774,0.9819406867027283,0.6207689046859741,229.81475830078125,0.6870173811912537,1
26254,243.24154663085938,55.28167724609375,26.62029506202346,0.12469701460393717,-1.698499421111183,-1.191889016496011,1.5835824012756348,0.9577412605285645,180.0728759765625,1.086181879043579,1
33554,242.2169189453125,54.92955780029297,14.414056280524674,0.12460597397201759,-1.0226025449500886,-0.3690725461513625,1.0256171226501465,0.7863069772720337,193.90509033203125,1.7028120756149292,2
23723,242.1478271484375,55.42510223388672,26.997706566126276,0.12458776268505467,-1.7208631505273164,-1.2300472524242099,1.2811781167984009,0.29717111587524414,212.9910888671875,0.906223714351654,1
7257,242.138427734375,55.11458206176758,15.685824121656623,0.12458368730918871,-0.9384728922326702,-0.43285968987359186,0.7810025811195374,0.7103757858276367,273.228271484375,0.2999863624572754,1
4218,243.24623107910156,55.385894775390625,30.47025156565627,0.12456668698833334,-1.9572674851038283,-1.6287311211097621,4.319939136505127,0.9832367300987244,60.10723114013672,0.1922355741262436,1
9179,243.20611572265625,55.100067138671875,21.711417797020935,0.12454313851421514,-1.2679061785054082,-0.7819946195225314,1.1249147653579712,1.0350844860076904,153.90301513671875,0.364812970161438,1
25810,242.99522399902344,54.98080825805664,14.840528919043132,0.12450407450712273,-0.9813378613718409,-0.39159385148952025,2.1782102584838867,1.047112226486206,99.88082885742188,0.9882774949073792,1
18734,243.14752197265625,55.55683898925781,36.11599331114327,0.12448474225411296,-2.677764726549575,-2.5123584471159592,3.0478386878967285,0.9353452324867249,28.86906623840332,0.6357876062393188,1
31552,242.93637084960938,54.893341064453125,15.402362279883548,0.12440922112664936,-1.0508463444239255,-0.41298586314033336,1.4085626602172852,0.9819226861000061,135.31817626953125,1.5211671590805054,2
31543,242.57644653320312,55.30915069580078,15.623032582436034,0.12440059415811489,-1.0606272080980035,-0.42307147271614226,1.1847238540649414,0.7302975654602051,218.09568786621094,1.6627042293548584,2
19973,242.87757873535156,55.694053649902344,40.020032199709306,0.12435799907690172,-3.2656276139842513,-3.38289646976593,1.3463927507400513,1.115938663482666,125.51484680175781,0.680689811706543,1
18608,243.23751831054688,54.709136962890625,30.490952303447624,0.12433715625062391,-2.0190517245162116,-1.6294227098359533,1.4671586751937866,1.3250172138214111,319.58111572265625,0.6524143218994141,1
13619,242.13516235351562,55.343345642089844,23.34326701520547,0.12433465613288858,-1.6356584288237481,-0.8124332333849729,-100.0,-100.0,-100.0,0.47580936551094055,6
2162,242.97837829589844,55.11005401611328,14.15349170372503,0.12429423096942781,-0.852013267232657,-0.36707698421373314,1.3625612258911133,1.1420339345932007,183.2772674560547,0.1629490703344345,1
34170,241.9025421142578,55.43394470214844,32.738243676107274,0.12423028547976013,-2.354386188274381,-1.9347671466962453,2.0399246215820312,1.680422306060791,88.49333190917969,1.7148120403289795,2
17264,242.1877899169922,54.82957458496094,18.87145860665508,0.12421001910877587,-1.1321787932087228,-0.5972790744559611,1.71992027759552,0.9983791708946228,281.3277587890625,0.6200919151306152,1
11504,241.7567596435547,55.33078384399414,32.897181535177694,0.12418377309270279,-2.2471981741877087,-1.9654085719594045,0.9694356322288513,0.6001087427139282,155.00112915039062,0.41015002131462097,1
27121,242.47967529296875,54.473289489746094,34.70500665531004,0.12418097116499165,-2.5656659722396884,-2.16496260495851,-100.0,-100.0,-100.0,1.1023045778274536,6
30141,242.83602905273438,55.6700553894043,38.282270040672984,0.1241025245415422,-3.0543986321568566,-2.9589658491450415,0.7564460635185242,0.7480050325393677,213.8309326171875,1.474676251411438,2
16122,243.21743774414062,55.260528564453125,25.264212633801144,0.12403919251267033,-1.5432343020553574,-1.0660539090596632,1.6004023551940918,1.3393986225128174,177.12191772460938,0.5419039726257324,1
9434,242.6470184326172,55.48954391479492,26.54375868636906,0.12401248603826327,-1.6197832196000572,-1.187367329500803,1.7131563425064087,1.277277946472168,50.61512756347656,0.32845252752304077,1
21777,241.90667724609375,54.777000427246094,28.388103680520818,0.12399036759747675,-1.8344531725972115,-1.3785006492872838,0.8811160922050476,0.8516873717308044,132.00262451171875,0.7965195178985596,1
31818,241.95614624023438,55.01145553588867,21.5851947454416,0.12397000116181515,-1.3760322529452746,-0.7657863268911245,1.7532908916473389,1.5893237590789795,165.3229522705078,1.5576025247573853,2
39586,242.2788848876953,54.53706741333008,32.426204332978784,0.12393026544053015,-2.379857228406455,-1.8829639864522978,1.9374938011169434,1.853007435798645,54.92597579956055,2.9548544883728027,3
19449,242.5572967529297,54.81389617919922,14.115410599099139,0.12390911493986263,-0.9243926675109239,-0.3633727731840445,0.8308083415031433,0.821012020111084,273.9836730957031,0.7051418423652649,1
26266,241.93019104003906,54.728580474853516,29.540535437258832,0.12385079529567856,-1.96044708177263,-1.5101013481197885,3.6927084922790527,0.8191249370574951,53.52290344238281,1.0900218486785889,1
23320,242.6814727783203,55.03931427001953,3.5191615711494286,0.1238468345603784,-0.6928067590007341,-0.10520261544515541,1.2443692684173584,1.0793774127960205,216.03515625,0.8782799243927002,1
30081,243.6817626953125,54.95243835449219,38.338698088114604,0.12375946089226458,-3.063277629268118,-2.971950720433942,1.8203092813491821,1.5977002382278442,42.74900436401367,1.4773458242416382,2
9559,243.17816162109375,55.41820526123047,30.158275751830544,0.1236008015981127,-1.9484234186714586,-1.588723933984791,1.6280403137207031,1.5580568313598633,117.42401885986328,0.35003331303596497,1
36903,242.60540771484375,55.37863540649414,19.809954792308467,0.1235940577679385,-1.3053282652449185,-0.6451125483666029,2.819307327270508,2.0035269260406494,315.7063903808594,2.1962859630584717,2
26968,243.57691955566406,55.227210998535156,35.81258099648654,0.1235631482754151,-2.8622341412646573,-2.363457061347977,-100.0,-100.0,-100.0,1.1677113771438599,6
7307,242.72747802734375,54.7093505859375,20.988460809750272,0.1235540172264711,-1.2156385007535495,-0.7320630333650144,1.0424448251724243,1.0210188627243042,9.571495056152344,0.30349037051200867,1
8027,241.69522094726562,54.67134475708008,38.04434037602512,0.12349150758014138,-2.904754634167815,-2.910109452177701,2.9353599548339844,1.3706228733062744,337.12982177734375,0.27875736355781555,1
37260,242.526123046875,54.30181884765625,44.85707781250335,0.1234879739895375,-4.298271782670669,-4.939415236626816,2.7347724437713623,2.40305757522583,115.79795837402344,2.223114013671875,2
23441,242.58258056640625,54.78207015991211,16.002569451360475,0.12346488983745256,-1.0228772225681175,-0.4448450303475674,0.7493288516998291,0.6928620934486389,203.83029174804688,0.9140344858169556,1
24610,241.53395080566406,55.08851623535156,36.031601765568396,0.12338188027445395,-2.697464721875996,-2.4949891991482454,1.9006078243255615,1.7979435920715332,330.7095947265625,0.9417115449905396,1
13264,242.98648071289062,55.544342041015625,32.809703258166145,0.12335575238328177,-2.243969132413885,-1.952143150342873,1.8626121282577515,1.207804799079895,82.11104583740234,0.4350097179412842,1
33390,242.73876953125,55.007137298583984,5.990747812503949,0.12326406828958165,-0.790400564523983,-0.13094891272333836,1.3575531244277954,1.170365571975708,239.04559326171875,1.8106629848480225,2
29590,243.0614776611328,55.29707717895508,22.218043090209456,0.12323374232080081,-1.4051108957732872,-0.8134411128622694,0.5104182958602905,0.47047489881515503,141.58750915527344,1.4676954746246338,2
11471,242.81814575195312,54.5596809387207,30.475293430091906,0.12309974642107521,-1.987433321351979,-1.6287981180646942,2.7415947914123535,0.6618710160255432,291.3005065917969,0.4182890057563782,1
5621,243.07254028320312,54.74749755859375,24.799700731469922,0.12307216553553352,-1.4677135368621914,-1.026214190543244,1.3880776166915894,1.3867419958114624,229.60069274902344,0.2630276381969452,1
12824,242.93563842773438,55.33639144897461,21.113688536194367,0.12299637412380915,-1.2436809906742952,-0.7399140244395176,1.6451066732406616,0.8299810886383057,298.6783447265625,0.45617440342903137,1
3640,242.8496856689453,54.819252014160156,16.60697493458503,0.12295376977896877,-0.9653307343952044,-0.47743518292245546,2.171318531036377,2.079974412918091,145.72024536132812,0.19085779786109924,1
27011,243.55999755859375,54.673954010009766,40.62035367598984,0.12294763288511083,-3.5330627110708632,-3.4509826768644176,-100.0,-100.0,-100.0,1.2213069200515747,6
5470,242.53729248046875,55.319122314453125,16.28794458289572,0.12285474259215676,-0.9581592195315204,-0.4615274140100475,3.2991368770599365,2.7672040462493896,232.27243041992188,0.26002615690231323,1
9508,243.4097900390625,55.12739944458008,28.866791181991314,0.12278912153277627,-1.824630767861357,-1.4343393853988038,1.797849178314209,1.760398507118225,339.3284606933594,0.32751941680908203,1
23817,241.91810607910156,55.5131950378418,35.89908039904401,0.12274105117384618,-2.6751150760534057,-2.4702472236840674,2.4035563468933105,0.7546758055686951,331.2472229003906,0.9072093367576599,1
38019,242.53724670410156,54.604190826416016,26.71690828677764,0.1227211767159856,-1.7976221217128567,-1.1937389548647268,0.5444909930229187,0.5284788608551025,97.52640533447266,2.4217288494110107,2
5824,242.86376953125,55.47468185424805,27.328627023154393,0.12262403357908898,-1.6718878358235203,-1.2670281378522228,1.1478047370910645,0.9644581079483032,85.51337432861328,0.26012083888053894,1
21851,241.81480407714844,54.861759185791016,28.665797938845383,0.12256584884430193,-1.858976517996866,-1.4091742403147063,1.3038032054901123,0.7129896283149719,358.31976318359375,0.7966307401657104,1
20560,242.7530517578125,55.283634185791016,15.282760279273802,0.12246302635470988,-0.9764728742360559,-0.4124913798794188,1.700652837753296,0.6780262589454651,114.99346923828125,0.7392967343330383,1
39103,242.70643615722656,55.22666931152344,11.515048155311794,0.12243794652737386,-0.9686354664898884,-0.2562782249933379,0.9182913899421692,0.7488837242126465,77.12874603271484,2.84877610206604,2
37779,243.05291748046875,55.01149368286133,16.401017894541635,0.12243741180400482,-1.1385657131709757,-0.45470854910296327,1.3833688497543335,1.3820226192474365,323.51416015625,2.394632339477539,2
1136,242.04916381835938,54.704105377197266,27.640957460776015,0.12238338951636313,-1.673233097524489,-1.2996658345620915,1.965970754623413,1.9656529426574707,249.05764770507812,0.09445804357528687,1
23051,242.02908325195312,54.90922164916992,20.749230765569457,0.12230019948412055,-1.1778841911069036,-0.623780560535052,-100.0,-100.0,-100.0,0.8928601741790771,6
32193,243.25526428222656,55.442386627197266,33.022273216349745,0.12229770082266747,-2.372914681578808,-1.9782493797239369,1.5902591943740845,1.40105140209198,40.015724182128906,1.622695803642273,2
35469,241.99673461914062,55.092472076416016,20.22331827281552,0.1222825224160802,-1.317670257943147,-0.6719814378504361,1.083217740058899,0.5423964858055115,308.8857727050781,1.96470308303833,2
15660,242.74603271484375,54.837890625,13.880534745543635,0.12227730785954036,-0.8978922515898777,-0.35448634437231263,1.0939682722091675,0.28547403216362,1.0275650024414062,0.565958559513092,1
24401,243.15823364257812,54.93585205078125,21.010597770905537,0.12225853871680017,-1.2921386012080538,-0.730699386851413,3.4705395698547363,1.1981383562088013,245.21939086914062,0.9369686841964722,1
4005,241.86317443847656,54.88893508911133,26.499835906857797,0.1222523190575994,-1.593545280675898,-1.1835349271320874,2.7611799240112305,0.7293754816055298,130.92759704589844,0.22235332429409027,1
12493,242.33876037597656,55.039344787597656,8.32753609225226,0.12220942210646789,-0.7181881591311424,-0.18322419140968116,0.9130420088768005,0.8295100927352905,271.2296142578125,0.43565312027931213,1
29899,243.16387939453125,55.44482421875,31.030000899989776,0.12219620653308558,-2.1420084499720047,-1.6960858512947348,0.775840163230896,0.5778207778930664,26.712913513183594,1.3644909858703613,2
38665,241.90879821777344,55.23783493041992,25.673508046386488,0.12216870461062448,-1.723118492278532,-1.0929439141330923,1.0423506498336792,1.016619086265564,264.0040283203125,2.5698015689849854,2
37022,241.78323364257812,55.28887939453125,30.885397956368955,0.12209692058370025,-2.1759457465841043,-1.6725632550062353,1.4625617265701294,0.7778621912002563,325.1727294921875,2.1949894428253174,2
28405,242.73329162597656,55.093387603759766,5.8937389066364965,0.1220337765482692,-0.3765514733813312,-0.04588948475272769,-100.0,-100.0,-100.0,1.4452651739120483,6
17103,242.64749145507812,54.73102951049805,19.204724352373827,0.1220215792748113,-1.1512950684493497,-0.6173663588180934,0.9375358819961548,0.891861617565155,18.77760887145996,0.6088359355926514,1
35812,241.6665496826172,55.06643295288086,31.423740611592518,0.12189508714487941,-2.222443167864408,-1.7462169189401222,1.8790488243103027,1.2414381504058838,247.5148468017578,1.956316590309143,2
23705,242.4744110107422,54.5736083984375,28.74485564190863,0.12180110417683016,-1.8762683455438147,-1.417740894178697,1.6209380626678467,0.8433165550231934,281.46990966796875,0.9125282764434814,1
19644,242.69406127929688,54.62266540527344,25.866371266233138,0.12174573958570559,-1.6076613854367996,-1.1208272812059805,1.8781386613845825,1.2971855401992798,228.04837036132812,0.6910817623138428,1
19280,242.321533203125,55.06284713745117,8.937846014674827,0.12172750541323797,-0.7621568636729419,-0.1965434786119156,0.7162351608276367,0.6724311113357544,184.6323699951172,0.6781687140464783,1
29709,242.09671020507812,55.373435974121094,25.567018327905714,0.1216467012362399,-1.6460581794631817,-1.0895265733864172,1.1525561809539795,0.7103006839752197,156.18765258789062,1.4033753871917725,2
10763,242.86004638671875,55.21138381958008,13.681306031337623,0.12158522744223804,-0.871178261875954,-0.3472657534913397,0.6052108407020569,0.5748122334480286,252.13433837890625,0.39203184843063354,1
29604,242.31153869628906,54.70375442504883,22.6872979442783,0.12141803858098019,-1.4357388707083583,-0.8482581796139848,1.685555100440979,1.6300538778305054,61.26405715942383,1.4399865865707397,2
7467,243.0410919189453,54.71102523803711,25.75834191286557,0.12138204367091933,-1.549524644045776,-1.1126296015538795,3.306485891342163,0.7871226072311401,107.83561706542969,0.3059755265712738,1
24494,242.9394073486328,55.468116760253906,27.994438134755683,0.12136167092494357,-1.8125551043401549,-1.3341838246152011,0.9102419018745422,0.8542917966842651,83.75263977050781,0.933243989944458,1
34128,243.3887939453125,54.775146484375,32.35465089890653,0.12134030943835147,-2.3108819445922184,-1.8780773913035298,1.0409247875213623,1.0146145820617676,3.983917236328125,1.8057276010513306,2
28397,242.31190490722656,54.86997985839844,14.165680033096153,0.12130212148524802,-0.9481083262006199,-0.275235720521064,-100.0,-100.0,-100.0,1.482797384262085,6
21114,241.97181701660156,54.838829040527344,24.46678791010703,0.12127172070282509,-1.3931313631666116,-0.904984880334983,-100.0,-100.0,-100.0,0.7913528680801392,6
14497,242.58831787109375,54.65665054321289,23.529148767797544,0.12123586874078232,-1.4089412452907504,-0.91856661884046,1.0303845405578613,0.7823740243911743,162.70425415039062,0.5004320740699768,1
22106,242.83505249023438,55.520408630371094,29.60503997609894,0.12114150603030488,-1.8277662741262346,-1.4286503751733137,-100.0,-100.0,-100.0,0.8391222357749939,6
20185,241.86093139648438,54.81165313720703,28.59517923919222,0.12108956183563735,-2.1478202167709948,-1.3110589943482898,-100.0,-100.0,-100.0,0.7668923139572144,6
30931,243.48011779785156,55.16075897216797,31.603251234180803,0.12104618704050506,-1.6529769471271856,-1.6864229523453922,-100.0,-100.0,-100.0,1.546653389930725,6
9893,241.4805450439453,55.16510009765625,38.390902823156644,0.12090500634539145,-2.963647836137446,-2.987703784773852,2.1644742488861084,1.6221662759780884,347.11004638671875,0.32932788133621216,1
37770,242.28990173339844,55.21405792236328,14.059397781567968,0.120810303119726,-1.039949348306749,-0.35069088494010614,1.0328872203826904,0.6999291181564331,182.01023864746094,2.334973096847534,2
33591,242.71865844726562,54.766578674316406,17.59028287949163,0.1207569593820817,-1.1652153297987298,-0.5194433979784655,0.9219054579734802,0.8239943385124207,147.7078399658203,1.776197075843811,2
24592,243.30783081054688,54.65031433105469,34.68283546187966,0.12072247615599284,-2.5224402978253315,-2.2510852974048094,0.767968475818634,0.7281079292297363,251.32589721679688,0.9291338324546814,1
1148,241.75877380371094,55.1092414855957,28.453762559261705,0.12069246780429747,-1.7458839705313163,-1.3878697952842067,3.6480326652526855,1.6218347549438477,340.9916687011719,0.11746006458997726,1
5340,242.4340362548828,55.22899627685547,11.92207006408642,0.1206465268534735,-0.7891313945348601,-0.2845336645809468,1.1511414051055908,1.0600684881210327,307.77667236328125,0.2704368233680725,1
15446,242.65335083007812,55.156558990478516,6.93429348728299,0.12063993163531439,-0.7028074370721984,-0.15439164222542734,0.7750706076622009,0.7730205655097961,349.7956848144531,0.5284298062324524,1
7477,242.76304626464844,55.46271896362305,25.609380503862454,0.12055292293634175,-1.5371710746116671,-1.0986376448662423,1.678079605102539,1.6691169738769531,123.90509796142578,0.287562757730484,1
14943,241.46200561523438,54.7841682434082,41.70983429646401,0.12054826565210137,-3.5335695157759774,-3.8549466726535293,1.7199549674987793,1.714565396308899,182.61114501953125,0.5178096890449524,1
20518,242.52703857421875,55.31916809082031,16.326300862328896,0.12051129721528868,-1.0224206777205727,-0.4610590584080999,0.8363279104232788,0.7841609716415405,169.1951141357422,0.7713692784309387,1
10773,242.9005889892578,54.81147766113281,18.01471381600311,0.12048930547758872,-1.063192102477625,-0.5500900193013143,1.7304127216339111,1.214185118675232,108.15447998046875,0.42438769340515137,1
28026,243.29092407226562,55.302833557128906,28.722146733496402,0.1204273362942716,-1.8997309001027645,-1.4133695092677008,1.1734923124313354,1.1346144676208496,257.0714111328125,1.1975575685501099,1
28028,243.20022583007812,54.69778060913086,30.0221092759744,0.12040281313199128,-2.0244911524741176,-1.567782720252894,1.3135660886764526,0.8335130214691162,308.68902587890625,1.1020214557647705,1
29025,242.47711181640625,54.35165023803711,41.980732781210314,0.12036008177895129,-3.668804613102316,-3.932976149545258,3.704387664794922,1.04375159740448,258.0087585449219,1.4796464443206787,1
15992,243.21359252929688,55.20309829711914,23.612193893561052,0.12033301231870537,-1.4207866734369232,-0.9249434914561049,1.4222103357315063,1.2994632720947266,174.15406799316406,0.5524682402610779,1
18363,242.1343536376953,55.021705627441406,15.424245120227173,0.12027598036948406,-0.9714028087351405,-0.419213976960421,0.8907127380371094,0.7695215940475464,110.31912994384766,0.6501374840736389,1
35388,243.01646423339844,54.99787902832031,15.304497804057466,0.12021403393754457,-1.0686679297421635,-0.40533719419966086,1.009355902671814,0.5265941619873047,193.8096466064453,1.9164592027664185,2
29304,242.64056396484375,55.133766174316406,5.5013502632100915,0.12009099745685578,-0.7565184326907186,-0.12564146122977968,0.8779462575912476,0.444022536277771,164.49777221679688,1.4233548641204834,2
38489,242.49581909179688,54.832130432128906,13.321976683429137,0.12007288803200264,-1.0230741276121433,-0.3214086024788141,0.7507306337356567,0.744907796382904,78.3516616821289,2.5331313610076904,2
7115,242.7352752685547,55.13379669189453,7.367874452623473,0.1200395237317584,-0.6784976311287415,-0.1639379250799124,1.7255473136901855,0.7593225836753845,359.9869384765625,0.313256174325943,1
4304,241.67848205566406,55.311973571777344,34.701908747694986,0.11993823059069021,-2.433970614853389,-2.2575075560380498,2.549389600753784,1.985368013381958,205.4985809326172,0.19366149604320526,1
5432,242.43154907226562,54.8075065612793,15.359409422894139,0.11991933203166127,-0.9173921680815074,-0.4184506477596067,2.0000977516174316,1.0784226655960083,251.260498046875,0.27089330554008484,1
32852,243.3471221923828,55.35261917114258,31.9615741628577,0.11991837099265265,-2.230253371220575,-1.736543323811275,-100.0,-100.0,-100.0,1.812079668045044,6
37373,243.0204620361328,55.358577728271484,23.92692637411534,0.11990563794514299,-1.1389812010917435,-0.8596704913688448,-100.0,-100.0,-100.0,2.334378242492676,4
37656,242.43252563476562,55.13966369628906,7.451802543232202,0.1198586157129425,-0.8469639108478976,-0.15301613414637907,0.6601886749267578,0.5792532563209534,289.79736328125,2.48868989944458,2
9144,242.43624877929688,55.32565689086914,17.331497151305076,0.11983864015120647,-1.0214648181641692,-0.5133894621063891,1.5774903297424316,1.571384310722351,290.11871337890625,0.3290879726409912,1
7423,242.44650268554688,55.43881607055664,23.84658153050528,0.11977743825044146,-1.4047979469225746,-0.9452243099541058,1.4062888622283936,0.7865265011787415,242.97671508789062,0.2989189624786377,1
9453,243.06475830078125,54.729736328125,25.41193562876155,0.11974503720941641,-1.529091874597042,-1.080419455803587,0.9053407311439514,0.8981509804725647,347.8861999511719,0.34820109605789185,1
7432,241.89210510253906,54.95465087890625,24.351686994602545,0.11973962878402676,-1.4418479930833779,-0.9875116235724155,0.6739561557769775,0.5448912382125854,198.48577880859375,0.3002757728099823,1
37195,242.5675811767578,55.712066650390625,39.79980458341616,0.11972711507859546,-3.34315694270298,-3.3196864663602788,1.6605403423309326,1.535689115524292,29.32276725769043,2.2218780517578125,2
17126,242.8864288330078,54.9893684387207,11.112535493128314,0.11970371414040999,-0.8090774231605785,-0.25669199911962004,1.6808940172195435,0.9789369106292725,27.331924438476562,0.5863897800445557,1
23564,242.1786346435547,55.281856536865234,19.626856952298894,0.11969821872739898,-1.2047310530035034,-0.6408602037781375,1.797139048576355,0.4632175862789154,311.74237060546875,0.9123862385749817,1
1208,243.4639434814453,54.85978317260742,32.48319211967306,0.11956048819558057,-2.153910986339706,-1.904557807061922,0.8829472661018372,0.709094762802124,63.118431091308594,0.12234925478696823,1
21567,242.194580078125,54.9149169921875,15.524356617467255,0.11955847766907342,-0.9914171534734689,-0.42294280459987266,1.3979591131210327,1.0891265869140625,117.54315185546875,0.8101046085357666,1
24841,241.69113159179688,54.908329010009766,31.759759119140874,0.11951858414525188,-2.1354943207937533,-1.7081403573455802,-100.0,-100.0,-100.0,0.9841879606246948,6
1401,241.69053649902344,55.476951599121094,39.819914626274745,0.11949719604631125,-3.148205492816137,-3.3327317672237533,3.2601518630981445,3.2566871643066406,90.27449035644531,0.10458412766456604,1
9279,243.28334045410156,55.14426803588867,24.802392283197868,0.11947910837326858,-1.4824826640771827,-1.0260822073113438,2.413588523864746,2.391533851623535,101.70086669921875,0.32704997062683105,1
29679,242.61981201171875,55.47863006591797,25.826288673158142,0.11945912110805457,-1.6654849231399786,-1.113162357328523,1.7675094604492188,1.523701548576355,51.85984802246094,1.4298986196517944,2
9405,242.83230590820312,54.64291763305664,25.85929943853354,0.1194161702044793,-1.5646841712888497,-1.1218783362459677,3.5810117721557617,1.0212626457214355,245.30564880371094,0.3527456223964691,1
10835,242.86709594726562,55.176612854003906,12.474105900414395,0.11941058122844647,-0.828444659039518,-0.3027561954386335,3.0070624351501465,1.7299754619598389,47.8070068359375,0.39349427819252014,1
9479,242.57249450683594,54.53627395629883,30.75140131977316,0.11937973040783532,-2.0084321577949944,-1.6644660166045293,1.4694209098815918,1.1893284320831299,155.17373657226562,0.3477952182292938,1
17410,242.18519592285156,54.650596618652344,27.516812693603036,0.1193290571782951,-1.7339442550231723,-1.2849265017682516,1.0635168552398682,1.0350946187973022,45.36787033081055,0.5968601107597351,1
12257,242.47659301757812,55.005489349365234,4.416072516096127,0.11929730953737365,-0.6527795472557327,-0.11684221658565737,1.6726441383361816,0.4068521559238434,252.24661254882812,0.4569324254989624,1
6971,242.2371063232422,55.07112503051758,11.87408599483123,0.11927490445943263,-0.7950161856695868,-0.2827850975710192,0.52524334192276,0.5134127140045166,67.10749816894531,0.3153594136238098,1
24539,241.929443359375,54.66294479370117,32.27145100792002,0.11921918229640245,-2.2385824466769546,-1.8705848319341487,1.7730917930603027,1.2955467700958252,248.0020294189453,0.9617536664009094,1
19675,243.27169799804688,55.16605758666992,24.746929853121706,0.11914955427004274,-1.5212437875113745,-1.0196729982495438,0.9514105916023254,0.7514718174934387,149.62289428710938,0.7094153165817261,1
17601,242.22048950195312,55.628238677978516,36.8734925947383,0.11914280997268882,-2.7756544340256726,-2.661345162181282,1.204261302947998,1.114497423171997,342.2937316894531,0.5787646770477295,1
19672,242.3907928466797,54.6317138671875,25.86747242403729,0.11909583866989164,-1.607327903967936,-1.1207429309849468,1.1565635204315186,1.1387510299682617,310.8044128417969,0.7130807638168335,1
26447,242.7819061279297,55.62807846069336,35.43138696326095,0.11909340684093989,-2.6223716095786918,-2.383148257675311,2.7106122970581055,0.5578520894050598,11.205282211303711,1.0137001276016235,1
35835,241.64895629882812,54.9306640625,32.8384862504776,0.11906225659833222,-2.3779513788307165,-1.9490843147059769,1.312101125717163,0.6757621169090271,11.003580093383789,1.9660149812698364,2
8054,242.6265106201172,54.38754653930664,39.7059235061441,0.11902689913707336,-3.1626014069208526,-3.30351945171541,2.921854019165039,2.1724720001220703,129.3687286376953,0.2887082099914551,1
31533,243.11683654785156,54.92988586425781,19.794622042407624,0.11899973690680513,-1.2677755649324087,-0.6467427546855415,1.8041685819625854,0.9028853178024292,60.83662033081055,1.6190428733825684,2
11465,241.8492889404297,54.75519561767578,30.765389106253547,0.11897627551202582,-2.016522954675501,-1.6660218841524268,1.4926321506500244,1.2886216640472412,158.48886108398438,0.41130417585372925,1
19242,242.60960388183594,55.14632034301758,5.937613806336844,0.11874548952723454,-0.7024704932544468,-0.13636742056693663,3.0496413707733154,1.1559088230133057,53.715850830078125,0.7203088402748108,1
27510,242.40809631347656,55.05895233154297,5.954671935847833,0.1187315208125446,-0.7475083287156644,-0.13332195676760758,1.0016932487487793,0.6473464369773865,39.42864227294922,1.1727943420410156,1
23605,242.10108947753906,54.76265335083008,23.83564965228522,0.11866814652481195,-1.4746105458703405,-0.9416923404959296,2.0717668533325195,0.7399597764015198,234.6781768798828,0.9016651511192322,1
15533,242.5536346435547,54.89822769165039,9.080004916819469,0.11863795536104693,-0.7489645551705126,-0.2009299709691938,1.1542366743087769,1.1352293491363525,196.59725952148438,0.5533283352851868,1
10697,242.3531951904297,55.059814453125,7.8380942120998505,0.11858798455612476,-0.7017061184898905,-0.17299932282895916,0.8105862140655518,0.7910504341125488,220.99891662597656,0.400236576795578,1
17630,241.82147216796875,54.602108001708984,37.50196010662771,0.1185739666468635,-2.8640412076721167,-2.791136280219671,1.7833375930786133,0.4280692934989929,87.35942077636719,0.6053240895271301,1
39493,242.62303161621094,54.784427642822266,15.928804148785572,0.11851150948305225,-1.143346265289796,-0.42864322277734784,1.4254082441329956,0.7127454876899719,252.6527557373047,2.921250581741333,2
20652,242.81951904296875,55.32955551147461,18.731475591532288,0.1184241168928334,-1.1407360474774908,-0.5882477668781114,1.6267658472061157,0.36200371384620667,42.452972412109375,0.7651768922805786,1
14719,242.06820678710938,54.56462097167969,34.0236620274439,0.11836466044871788,-2.3928168870003366,-2.142425188972261,2.2069802284240723,1.4105699062347412,164.85491943359375,0.5042828917503357,1
3535,242.75132751464844,54.97366714477539,7.40775769563387,0.11828160880783474,-0.66367578801904,-0.16492757075064782,1.311084508895874,0.7057528495788574,345.10467529296875,0.21632596850395203,1
37206,241.7815704345703,55.49968719482422,38.43774495631366,0.11824169214034452,-3.1275767841320565,-2.990304331680722,1.8457716703414917,1.2229137420654297,165.5568389892578,2.2531867027282715,2
26030,243.25527954101562,55.015960693359375,23.288751609251122,0.1182118652674298,-1.4433894504859157,-0.89635234050289,0.9422916173934937,0.927926242351532,299.25640869140625,1.0894291400909424,1
39487,242.24061584472656,54.78181838989258,19.847166541433744,0.11810090640251447,-1.3444870402671516,-0.643408202640078,1.3291244506835938,1.2569818496704102,127.42132568359375,3.0140042304992676,2
8875,242.56069946289062,55.339725494384766,17.47001125424298,0.11807325011335049,-1.0292714515085295,-0.520986980681283,2.1825692653656006,0.6362490653991699,210.26449584960938,0.3571668863296509,1
12733,242.6024169921875,54.75135803222656,17.861222338292873,0.11803800835549717,-1.061718047740459,-0.5412319350327003,0.9337688088417053,0.5444517135620117,278.0110168457031,0.43949562311172485,1
23964,242.1659393310547,54.8457145690918,18.774093335241282,0.1180311275633534,-1.0077029021221338,-0.5010973473432847,-100.0,-100.0,-100.0,0.9446976184844971,6
34131,242.87777709960938,55.62369918823242,35.956601840813484,0.11799912641812875,-2.75245124674845,-2.4770870458015337,1.0868468284606934,0.9900966882705688,54.035396575927734,1.7560731172561646,2
14357,242.94354248046875,54.84574890136719,17.462814044902245,0.11795443542849612,-1.0477013964383535,-0.5195605991803757,0.9871964454650879,0.41759100556373596,197.37144470214844,0.5026601552963257,1
35671,242.02078247070312,54.72358703613281,27.454663821703935,0.1179106600006546,-1.840528953029398,-1.2714348469806824,1.8484766483306885,1.6365222930908203,86.10105895996094,2.086758613586426,2
34294,243.61209106445312,55.16176986694336,36.05330174710024,0.11788879225146787,-2.7649412767940404,-2.4951185361208132,1.253136157989502,0.8433356881141663,323.97283935546875,1.7178338766098022,2
25368,242.59361267089844,55.22429275512695,10.540637341331417,0.11770262306383873,-0.832239941845919,-0.23717051259808655,0.878832995891571,0.7148243188858032,124.6260757446289,1.0148204565048218,1
34413,241.468994140625,55.29216384887695,40.7903869634952,0.1176761870406548,-3.4846104548680876,-3.5841945015414254,3.5945417881011963,2.0333707332611084,124.27253723144531,1.7505016326904297,2
24767,242.31785583496094,54.84328079223633,15.294008848549304,0.11764332558508417,-1.1039682345030637,-0.3232177620607979,-100.0,-100.0,-100.0,1.0630159378051758,6
14481,243.18450927734375,55.28190612792969,24.985214621695892,0.11746372142413919,-1.5160016378310492,-1.0415434582658651,1.6381809711456299,0.5791949033737183,82.91365051269531,0.5242142677307129,1
15411,242.32289123535156,54.964473724365234,10.204005394889684,0.11735519857907745,-0.777773128058877,-0.23044741250959028,0.9802023768424988,0.24948348104953766,238.96087646484375,0.5583393573760986,1
24102,242.61253356933594,55.15770721435547,6.62799642218833,0.11733184597695587,-0.7387698129485623,-0.14669332296109525,2.465369701385498,0.5471163988113403,331.1478271484375,0.9539934992790222,1
20016,243.77615356445312,55.343997955322266,44.61441942110669,0.11719400060361429,-4.129039382573778,-4.8486952054083305,2.0268311500549316,1.9894095659255981,12.206926345825195,0.6828626990318298,1
26177,242.7781524658203,55.47115707397461,26.228861084416014,0.11716303425601007,-1.6667695584115607,-1.1538988862330424,2.250932455062866,1.9752908945083618,28.632431030273438,1.0719548463821411,1
5142,242.6990966796875,54.978797912597656,5.855940720143494,0.11710621572585071,-0.6445452057743397,-0.13742166685421212,2.0767650604248047,2.035729169845581,292.6294250488281,0.24816714227199554,1
20790,241.90460205078125,54.77100372314453,28.65589246408607,0.11710382149859483,-1.8529745853408575,-1.4083425083363619,1.4327276945114136,0.5741018056869507,142.97280883789062,0.756262481212616,1
9100,242.0233154296875,54.98710250854492,19.51868764163626,0.11700278416037088,-1.1364692130214646,-0.6372630211926342,0.8036787509918213,0.7332844734191895,286.0114440917969,0.3422301411628723,1
37657,242.9048309326172,54.84320068359375,16.64642145269532,0.11697332272863017,-1.150541299207565,-0.46690642739795796,1.296607494354248,0.9014028906822205,185.1377410888672,2.3654873371124268,2
6960,242.69952392578125,55.23554992675781,11.927217276293677,0.11696592763371097,-0.7962657927172735,-0.28435766507246896,1.059960126876831,1.0213167667388916,268.6447448730469,0.29446133971214294,1
35770,241.69085693359375,54.93758010864258,31.338158277574433,0.11694806532416364,-2.210990818744478,-1.7334748075362472,0.8769100308418274,0.5688377022743225,220.67929077148438,2.0067331790924072,2
7833,241.97402954101562,54.61803436279297,33.27280776405686,0.1168689012856034,-2.2764225154207716,-2.0233483581927842,2.308586359024048,1.7481924295425415,287.5378723144531,0.2783766984939575,1
2294,242.82559204101562,54.77928924560547,18.24627744004422,0.11686503808254053,-1.0368750963924651,-0.5634228744726565,1.136897087097168,0.42061710357666016,260.0318908691406,0.1460758000612259,1
34179,241.87493896484375,55.45943069458008,34.48354240927549,0.11685620177895753,-2.5607701865672423,-2.2125224030452597,0.9152482748031616,0.7945085763931274,89.18701171875,1.7936445474624634,2
29391,242.32107543945312,54.907249450683594,12.323523805383285,0.1168337859034556,-0.917853319234047,-0.29093713486292083,1.0210155248641968,0.5453587174415588,352.1847839355469,1.4771965742111206,2
14001,242.34544372558594,55.078182220458984,8.265122281251196,0.11681651039710148,-0.7237455059668813,-0.1818585141270687,1.87675940990448,1.0341088771820068,123.49198913574219,0.510327160358429,1
11953,242.2527313232422,55.07188415527344,11.34612956124387,0.11670917505551663,-0.24208069241933225,-0.1736337780355349,-100.0,-100.0,-100.0,0.44783005118370056,5
5815,242.54949951171875,54.572669982910156,28.58643969542878,0.1167020855325204,-1.7828991341196205,-1.4023284807260399,1.4815266132354736,1.2702637910842896,28.02234649658203,0.237161323428154,1
36629,242.20144653320312,55.07220458984375,13.098975057486163,0.11657109942917203,-0.9948615932752147,-0.3150090699558881,0.8578131794929504,0.8576505780220032,70.33386993408203,2.1015448570251465,2
14658,241.71255493164062,55.12483596801758,30.15052694121968,0.116541412315454,-1.9674195982657572,-1.5871291884244805,1.1605713367462158,0.6836414337158203,161.31509399414062,0.511427640914917,1
21566,243.191162109375,54.97916030883789,21.4214175772551,0.11652924215087383,-1.3026150962469434,-0.7594773807309715,1.1627233028411865,0.9430044293403625,195.61114501953125,0.7849138379096985,1
19737,243.4066162109375,55.14960861206055,28.999938132197094,0.1165223328846131,-1.8795384508021025,-1.447895222477516,1.5522241592407227,1.4039338827133179,184.6292724609375,0.7093207240104675,1
10539,242.55654907226562,54.8547477722168,11.670818682629362,0.11648777657796057,-0.8020764602997041,-0.27549757760954735,1.470018744468689,0.4387461841106415,301.6888732910156,0.4135035276412964,1
32350,242.15980529785156,55.611087799072266,36.666090526759504,0.11643052806263315,-2.8345339155031537,-2.614966130648524,1.6902382373809814,0.9104980826377869,177.9292449951172,1.6423702239990234,2
22581,242.95765686035156,55.22787094116211,16.81753504459434,0.11641190329153882,-1.055158870124596,-0.4847531684852351,2.5873422622680664,0.5990857481956482,43.462684631347656,0.8509683012962341,1
5135,242.5862579345703,55.02121353149414,1.6658380151750878,0.11640849651014819,-0.6029350772458022,-0.09573767469697071,3.087141990661621,2.8630788326263428,115.09672546386719,0.23233501613140106,1
18493,242.53370666503906,54.56336975097656,29.169231513090512,0.11638802096510303,-1.8897186151730958,-1.4677234775642523,1.6778162717819214,0.6491379141807556,302.4507751464844,0.653810977935791,1
34619,242.6784210205078,55.26701736450195,13.518286317348805,0.11630070226287574,-0.9622296341130451,-0.24960780382774328,-100.0,-100.0,-100.0,1.9996222257614136,4
27948,242.13084411621094,54.6832275390625,26.871089599104366,0.11629992496162402,-1.7363253982157127,-1.2156962786554406,1.2817689180374146,0.36972540616989136,62.53589630126953,1.127920150756836,1
25408,242.37567138671875,54.925559997558594,10.215208786393836,0.11629320548931103,-0.8238708157548903,-0.22821213472116453,1.2073917388916016,0.5472626686096191,69.88446044921875,1.0777093172073364,1
38999,242.47312927246094,55.08039474487305,4.146629886414933,0.11624148217356935,-0.8147893755397841,-0.0999761818840844,1.465612530708313,0.7876055240631104,335.0807800292969,2.7662367820739746,2
3641,242.225830078125,55.028812408447266,12.25076138722867,0.1162374961980825,-0.7916672183631839,-0.2957152979066267,2.357787609100342,0.4720313847064972,41.65397644042969,0.20669376850128174,1
29886,242.14755249023438,54.53371810913086,34.340538258914144,0.11620020710315813,-2.516982773122139,-2.1908173760891216,1.3878846168518066,0.6986191868782043,242.98265075683594,1.3389805555343628,2
29983,242.22647094726562,55.53742218017578,31.714558074802575,0.11613850103878359,-2.2132596699841507,-1.788641879920206,1.1798239946365356,0.7400032877922058,141.55239868164062,1.4959726333618164,2
21111,242.907958984375,55.092376708984375,11.55156985864404,0.11612842409962361,-0.8200729149359632,-0.18019904920020693,-100.0,-100.0,-100.0,0.8180054426193237,6
1435,243.331298828125,55.6358528137207,43.55544421236081,0.11612754448478683,-3.8247479879083675,-4.4564598026086255,3.0819363594055176,2.9502112865448,72.29888153076172,0.10665469616651535,1
5247,242.85125732421875,55.04893493652344,9.308590706224205,0.1160400121254905,-0.7140352675357443,-0.20782137508157744,1.1052439212799072,1.0478248596191406,177.19839477539062,0.23807547986507416,1
37334,242.91053771972656,55.183101654052734,13.901806807193074,0.11602978074397223,-0.562156306651394,-0.2645941217527622,-100.0,-100.0,-100.0,2.406764507293701,4
22879,241.7210693359375,55.13565444946289,29.963678612892117,0.11601906440080179,-1.9875594713978013,-1.562326825993191,1.9673832654953003,1.2078152894973755,33.89720153808594,0.8589718341827393,1
27301,242.8582000732422,55.00183868408203,9.959326474421191,0.1159440822743494,-0.834182985980747,-0.22025238000736888,1.3190581798553467,0.884589433670044,248.0877685546875,1.119750738143921,1
16560,241.72506713867188,55.18711471557617,30.501661446007276,0.11592857889470433,-2.381134343191707,-1.5399637290397725,-100.0,-100.0,-100.0,0.6145638823509216,6
19567,242.9439697265625,54.734214782714844,22.662229458436094,0.11590339182724006,-1.3723828541724843,-0.8499123121040265,1.0522838830947876,0.9726409912109375,324.8304443359375,0.7237042784690857,1
33559,242.08021545410156,55.080810546875,17.294424072046112,0.11573728467998774,-1.1502909896995668,-0.5038128711650857,0.4024096727371216,0.3837316036224365,336.7742919921875,1.767120599746704,2
1856,243.127685546875,55.718238830566406,44.28698096930492,0.11572865767022873,-4.017545910050553,-4.630838910687262,-100.0,-100.0,-100.0,0.13763785362243652,6
37214,241.7202606201172,55.49555587768555,39.78715366892583,0.11572782748156189,-3.339686439995068,-3.31588627565119,1.7043017148971558,0.8908283710479736,327.4124755859375,2.285466432571411,2
28197,242.77505493164062,54.78108596801758,17.407356278000382,0.11572615933971482,-1.554759747371227,-0.4256217774802799,-100.0,-100.0,-100.0,1.3106969594955444,4
25288,242.4574737548828,55.20763397216797,10.42320083995117,0.11570211157448576,-0.8282814225643155,-0.23350091470737097,1.509585976600647,1.509559988975525,248.35702514648438,1.0169575214385986,1
7828,241.77444458007812,54.76297378540039,32.66582318835713,0.1156902846210308,-2.206972694365712,-1.9311064528034436,2.501464605331421,2.0894269943237305,21.496124267578125,0.27867391705513,1
23864,241.24932861328125,55.101905822753906,45.83398556991617,0.1156802455273808,-4.421845579992248,-5.354047989769389,1.9369806051254272,1.6333959102630615,196.88186645507812,0.906398594379425,1
3748,242.68971252441406,54.73859786987305,18.98881902177033,0.11565115759911553,-1.0847578872346897,-0.6059715547776741,1.2857087850570679,1.285369873046875,280.9313049316406,0.17575107514858246,1
19708,242.1600799560547,54.64171600341797,28.4149173250499,0.11554006571213092,-1.8256725065350379,-1.381638964866113,1.0356311798095703,0.6831949949264526,226.72314453125,0.7147098183631897,1
28850,242.66671752929688,54.944915771484375,6.902930669140921,0.11543433856084316,-0.7787214524789736,-0.148492754169858,0.9002893567085266,0.7158591151237488,298.75927734375,1.4506877660751343,1
20883,243.42149353027344,54.80171585083008,32.56720167603168,0.11538494447797681,-2.251465190426335,-1.9146168145897546,1.7241829633712769,0.9095288515090942,192.9983673095703,0.7308976650238037,1
5871,242.49710083007812,54.54255676269531,30.509697125159843,0.11536552609980313,-1.9688860744932384,-1.6334773583667788,2.7889297008514404,1.169979453086853,43.55049133300781,0.2567653954029083,1
13952,242.77725219726562,55.07938003540039,7.007126032127935,0.11534480261690729,-0.6981810750033368,-0.15597061197998527,1.7804337739944458,0.6806647777557373,146.34011840820312,0.49778032302856445,1
23783,242.7418670654297,54.52674865722656,31.815645863993506,0.11523317852450507,-2.183245577788137,-1.8056142135922797,1.9114785194396973,1.8799381256103516,294.4615783691406,0.9113730788230896,1
31531,241.947265625,54.975830078125,22.2191318338732,0.11522021880451072,-1.4174493123117415,-0.811693785014414,0.9333375692367554,0.5098543167114258,331.5106506347656,1.5416568517684937,2
2427,241.8140411376953,54.92136001586914,27.47030883743367,0.11499329196495324,-1.6673491334659245,-1.2817636552983895,1.4901180267333984,1.0074023008346558,193.6717071533203,0.15683232247829437,1
24490,242.88687133789062,54.57822036743164,30.155664613924078,0.11481199416637995,-2.0158656655980796,-1.5855647714915262,0.7888025641441345,0.577828049659729,68.43435668945312,0.9693357348442078,1
12771,242.20262145996094,54.78972625732422,20.28131442343724,0.11480207579989272,-1.1938984706905427,-0.6847691471918677,0.809144914150238,0.8090856671333313,227.7765350341797,0.45236489176750183,1
32848,242.9530487060547,55.58812713623047,34.77142637524335,0.1147383858221657,-2.735734081152295,-2.1764458333987133,-100.0,-100.0,-100.0,1.7933013439178467,6
27579,242.67889404296875,55.16938400268555,7.986424028620905,0.11472155583828673,-0.7852535689624971,-0.17134497758052702,1.3430402278900146,1.2819061279296875,313.513916015625,1.230608582496643,1
19746,241.84829711914062,54.770408630371094,30.276600299548008,0.11468695385715724,-2.003474103767897,-1.6021470116665026,0.9884703159332275,0.869718074798584,303.0843811035156,0.7136973142623901,1
25479,242.55943298339844,54.871856689453125,10.639854364398099,0.11461919764241989,-0.8346886298871443,-0.23993008474719907,0.949851930141449,0.9428278803825378,335.7608947753906,1.0918951034545898,1
23943,241.3605499267578,55.19068908691406,42.713430514041434,0.1146072008859736,-3.392946899627245,-4.076838147313218,-100.0,-100.0,-100.0,0.9733114242553711,6
39862,241.71002197265625,55.10780715942383,30.105577074635267,0.11456775743599763,-2.1538475899318263,-1.5687407775811382,1.0852646827697754,0.7612307667732239,94.95929718017578,3.491615056991577,2
31338,242.61962890625,55.31570053100586,16.071584112907917,0.11450182156162013,-1.0791416977458939,-0.44350604812426503,0.7564398646354675,0.40155118703842163,157.7157745361328,1.5525457859039307,2
39845,242.93695068359375,54.715293884277344,23.48980982431293,0.11449579439051048,-1.5916584686451074,-0.9001631790179063,1.5562654733657837,1.55161714553833,295.2809143066406,3.3217153549194336,2
8068,243.50221252441406,55.43683624267578,39.194705920980645,0.11431422077576599,-3.080680965471091,-3.176778848458605,2.5506303310394287,0.9501906633377075,256.38519287109375,0.32344943284988403,1
28922,242.9515838623047,54.776771545410156,20.741270808655194,0.11422078669234982,-1.3097841722921921,-0.7089428177652952,0.6906357407569885,0.522601842880249,41.57449722290039,1.3669021129608154,1
29312,242.5876922607422,54.95115280151367,5.862750996553732,0.11419003130487956,-0.7597517047207037,-0.1301701917220282,0.8583437204360962,0.4370725452899933,273.4914245605469,1.443158745765686,2
32341,241.6513214111328,54.732975006103516,37.24226666358089,0.11418286991899299,-2.915747917249339,-2.7324601937545743,1.5060046911239624,0.9072749614715576,84.905517578125,1.5046987533569336,2
12917,242.19296264648438,55.425411224365234,26.19906409787069,0.11416667711993836,-1.6051369775921374,-1.1535493382486457,0.9426716566085815,0.9426167011260986,254.56866455078125,0.4301813542842865,1
24336,243.22789001464844,55.02858352661133,22.292983706819886,0.11406803275756217,-1.3722111828674686,-0.8208876209602802,0.6605807542800903,0.6371914744377136,326.1395263671875,0.9515612721443176,1
23132,242.2064971923828,54.40464401245117,40.761862958374046,0.11405455391934936,-3.3022345449212884,-3.4898462605240446,-100.0,-100.0,-100.0,0.8933438062667847,6
13310,243.2779998779297,55.523338317871094,37.13237179109156,0.11399102796727426,-2.7935931446053486,-2.7147979305048087,2.7595009803771973,1.5254868268966675,311.0755615234375,0.4417838454246521,1
377,243.56130981445312,55.11251449584961,33.904300095565794,0.11389762278193039,-2.3079952614234984,-2.1235704790657253,2.699418067932129,2.103335380554199,315.71112060546875,0.058098260313272476,1
20097,242.61257934570312,55.6087532043457,33.616481172056524,0.1138871616322825,-2.546144032667838,-1.9849543977972495,-100.0,-100.0,-100.0,0.750164270401001,6
24418,241.9345245361328,55.15970230102539,23.148550646627985,0.11387568388329664,-1.4294521437092562,-0.8857704353385577,1.6898540258407593,1.0589652061462402,118.52806091308594,0.9331523776054382,1
6846,242.38571166992188,54.949947357177734,8.948470769839213,0.11387260721778128,-0.7127293845953084,-0.1987336808818367,1.8169538974761963,0.8156877160072327,343.37896728515625,0.3213259279727936,1
12885,243.1888885498047,55.281822204589844,25.106930801746017,0.11384772442385316,-1.5185950218732653,-1.0523669993784863,0.5377148389816284,0.5358263254165649,126.29771423339844,0.4543200135231018,1
11155,241.8209991455078,55.1490364074707,26.75634261989424,0.11382741158974452,-1.6443503495440208,-1.208165523471041,2.2089991569519043,1.2579196691513062,172.7097930908203,0.42241835594177246,1
11362,242.613037109375,54.510684967041016,32.305204052794004,0.11379125668950014,-2.180377375800399,-1.8776593601451612,1.612505316734314,0.6027800440788269,332.87646484375,0.4045363664627075,1
23304,242.51950073242188,54.96202087402344,5.611889717450838,0.11355665426629832,-0.7176206888796702,-0.13030220684549124,1.4040530920028687,1.1390694379806519,104.21974182128906,0.9199928045272827,1
3830,242.02996826171875,55.13729476928711,19.63239964677349,0.11348461258938898,-1.1203979959301373,-0.6447532298474523,1.0596498250961304,0.8274579644203186,33.654296875,0.20298762619495392,1
33912,242.9633331298828,55.43644714355469,26.693985514899385,0.11348449117934672,-1.761651578010268,-1.1940167072219967,1.1024137735366821,1.099735975265503,4.571857452392578,1.7178407907485962,2
39634,242.9833221435547,54.665138244628906,26.89692739557056,0.11346712552691396,-1.735940227463068,-1.130472767270547,-100.0,-100.0,-100.0,3.1542584896087646,6
21484,242.29544067382812,54.89579772949219,13.438140937640494,0.1134227386024398,-0.9084985220919294,-0.3358413721931491,1.3294285535812378,1.3286992311477661,312.1004638671875,0.8200310468673706,1
6572,242.84532165527344,54.650474548339844,25.589791298421055,0.11342269672573484,-1.8740024148058698,-1.0046553031721626,-100.0,-100.0,-100.0,0.31747639179229736,4
7591,241.7908935546875,55.01189041137695,27.241391887937088,0.1134216384892422,-1.6715588416266833,-1.2577484105005887,1.2681936025619507,1.1317588090896606,216.77313232421875,0.2931599020957947,1
26323,242.68618774414062,54.501800537109375,33.021965681988945,0.11341374567573616,-2.3273662663106514,-1.9816606553035332,1.5973434448242188,0.940898597240448,334.7013244628906,1.0896086692810059,1
34353,242.53175354003906,54.37611770629883,40.394812948688966,0.11338431163559314,-3.418353390025116,-3.4768883447615884,1.405151605606079,1.2904704809188843,14.135198593139648,1.7771071195602417,2
1117,241.90049743652344,54.80123519897461,27.752429653425537,0.11335515635257845,-1.6830481374349218,-1.311431571316789,1.8632118701934814,1.0657562017440796,206.68931579589844,0.11509242653846741,1
12533,243.04563903808594,54.88488006591797,18.799731622157687,0.11332820979620592,-1.1104183306592845,-0.593875678462237,1.805605411529541,1.2624008655548096,194.08139038085938,0.4483009874820709,1
24951,242.47012329101562,54.56484603881836,29.285374420705025,0.1132847671937442,-2.002333083556752,-1.3905294413587308,-100.0,-100.0,-100.0,1.0577181577682495,6
5419,243.1196746826172,55.08642578125,18.66329726132716,0.11324668268046469,-1.0749530217471668,-0.5867446393355258,2.4970405101776123,0.7939555048942566,220.86175537109375,0.23946411907672882,1
5441,242.74703979492188,55.24354934692383,13.00778546403058,0.11317594609850846,-0.8253882428871394,-0.32239114315559,0.8714659810066223,0.2871107757091522,199.92491149902344,0.2653333246707916,1
14249,242.04388427734375,55.2144889831543,20.918706007331995,0.11316024820443882,-1.2377001020012233,-0.7262476558872268,0.6926388144493103,0.6397792100906372,357.3080139160156,0.48719924688339233,1
9818,243.63951110839844,54.91776657104492,37.29984781050278,0.11302406711735975,-2.8033888551579147,-2.749642808355062,2.0820910930633545,0.9516581892967224,87.8871078491211,0.34454840421676636,1
15535,242.7444610595703,55.06771469116211,5.749789122654799,0.11301540691951242,-0.6828596476734871,-0.13435797712144606,1.4716370105743408,0.7035782933235168,164.16981506347656,0.5472522377967834,1
9868,241.94705200195312,55.58967971801758,38.998046495051064,0.11299684046973413,-3.0573302645259655,-3.12929247341109,4.179150581359863,1.379172921180725,283.08892822265625,0.3709591329097748,1
18116,242.30926513671875,55.267303466796875,16.072432048704776,0.1129891376976625,-0.999640227734665,-0.44917631710307365,2.113835096359253,1.1639330387115479,342.4212646484375,0.6684802174568176,1
28902,242.4748992919922,55.38252639770508,20.34824358858603,0.11297547898568751,-1.2882708084404728,-0.6840397166087798,1.1947673559188843,1.1937741041183472,1.4338874816894531,1.3338311910629272,1
11670,243.4396209716797,55.51206970214844,40.43192502810363,0.11296324215007932,-3.2974186677722437,-3.492649284645899,4.350181579589844,1.7003073692321777,156.09434509277344,0.3870692849159241,1
38677,242.33995056152344,55.51433181762695,29.11711925625704,0.11290837356636813,-2.021348553672209,-1.4516825365014268,1.0448086261749268,0.9951116442680359,175.6722412109375,2.519446611404419,2
14980,241.27041625976562,54.90178680419922,45.96510311181376,0.11288462169975434,-4.407149738731154,-5.413309554949252,2.6223037242889404,2.3737878799438477,81.87338256835938,0.5072916746139526,1
8186,243.85507202148438,55.156219482421875,44.22538561319059,0.11288185767006315,-3.99569796253944,-4.700802347557661,4.759483814239502,1.336916208267212,277.14129638671875,0.29731571674346924,1
36614,242.28997802734375,54.898441314697266,13.46917605385054,0.11281256137601753,-1.0081077000307648,-0.32879913283835,1.356213092803955,1.000274896621704,192.01321411132812,2.219621181488037,2
6292,243.43124389648438,55.58399200439453,43.30132361058382,0.11280644879431523,-3.799906586621891,-4.367748207144333,3.741004467010498,0.851632833480835,158.826171875,0.25506046414375305,1
9071,242.07582092285156,54.82180404663086,22.091178790842314,0.11279441128758999,-1.2919410666859277,-0.80916674765598,3.49047589302063,0.7076854705810547,193.7366943359375,0.35428860783576965,1
29648,242.28854370117188,54.64228439331055,26.392024560091205,0.11278688275704826,-1.710534776032902,-1.1667795048370577,1.5917052030563354,0.9243684411048889,159.88514709472656,1.4049867391586304,2
24214,242.94549560546875,55.17690658569336,14.69849955759735,0.11273765325099147,-0.9714174538481777,-0.385922939710721,1.276923656463623,1.2246917486190796,210.42483520507812,0.9640055298805237,1
309,241.86134338378906,55.0330924987793,24.740071783015342,0.11272998771183766,-1.4272407617913012,-1.02067158697209,6.027571201324463,1.26552152633667,326.2008056640625,0.04244216904044151,1
22568,242.48953247070312,54.725467681884766,19.650627717920496,0.1127033190761035,-1.2004850404437966,-0.6422323369170478,1.6520357131958008,0.36031413078308105,120.66996765136719,0.8731208443641663,1
6584,242.26976013183594,54.93910217285156,12.556135494094272,0.11268633274225366,-1.042871576286953,-0.2141766634474523,-100.0,-100.0,-100.0,0.3168550431728363,5
18573,241.84619140625,55.26579284667969,28.338208803376713,0.1126457247496696,-1.8122464103310585,-1.372941791991755,0.9814826250076294,0.7613735198974609,342.93780517578125,0.6553871631622314,1
32216,241.4864044189453,55.044105529785156,37.6079672109657,0.11262912896606801,-2.9696179795841613,-2.810120510765919,1.930185079574585,1.7981525659561157,243.95484924316406,1.5120632648468018,2
11317,243.4171905517578,55.063655853271484,28.769620336247737,0.11260258022956329,-1.8218464374203422,-1.422739661926933,0.9708267450332642,0.9298275113105774,27.38719940185547,0.422770619392395,1
39507,242.46189880371094,54.806678771972656,15.089889945369567,0.1125099377886704,-1.1046175454950993,-0.38952850108360965,2.751246452331543,1.5164504051208496,196.1931610107422,3.089766502380371,2
11195,242.71812438964844,54.61098861694336,26.69478014073288,0.11250865451686032,-1.6395045167634097,-1.2022597335857201,1.7721084356307983,0.35606497526168823,161.22848510742188,0.387317419052124,1
12431,242.34909057617188,55.20514678955078,12.288877475191114,0.11250659028903985,-0.8287129661478229,-0.2959709673936536,1.4907920360565186,1.0720549821853638,137.52711486816406,0.4440459907054901,1
29014,241.55845642089844,55.01251983642578,35.211337608815064,0.11244508407393906,-2.6245949070741195,-2.340647920455374,0.9030713438987732,0.9030424952507019,119.16621398925781,1.3775317668914795,1
22876,241.66287231445312,55.084197998046875,31.59680599226127,0.11240022936895126,-2.1555198531069117,-1.775689695677677,1.2643791437149048,1.2148542404174805,241.43408203125,0.8543146252632141,1
21574,243.138916015625,55.23828887939453,22.271984148231873,0.11237120057763339,-1.3569262287670245,-0.8202938710777221,2.273688554763794,0.7159721255302429,236.60061645507812,0.8021944761276245,1
1054,242.52215576171875,54.6053466796875,26.681968955057805,0.11228721055009717,-1.5911719793376216,-1.2014687544693075,1.8957215547561646,0.45183265209198,6.483392715454102,0.08223403990268707,1
17338,242.02322387695312,55.334842681884766,25.667476672325478,0.1121433257016132,-1.5798472004328485,-1.1023588836913913,1.8218767642974854,0.5493665337562561,281.3419189453125,0.5845678448677063,1
35737,241.71829223632812,55.247474670410156,31.87416388754881,0.11213140290018672,-2.2695830145799163,-1.8080688389730215,0.9037842154502869,0.7588617205619812,345.4383850097656,2.0277764797210693,2
32248,241.61590576171875,55.23657989501953,34.942384781849036,0.11211468446820612,-2.6058532847563414,-2.292711687714178,1.1362111568450928,0.8437776565551758,283.84234619140625,1.568305253982544,2
2603,243.13824462890625,55.52588653564453,34.39041613601233,0.11210633092610318,-2.386700309773326,-2.204470101983649,3.4518203735351562,1.4415228366851807,250.8281707763672,0.15422973036766052,1
37148,243.30419921875,54.568328857421875,38.17436128348097,0.11209588045653031,-3.088546875690475,-2.930997793650574,2.3907437324523926,1.55026113986969,29.665145874023438,2.178342580795288,2
25283,242.76901245117188,55.02850341796875,6.596392631281054,0.11204753303212864,-0.7418060232868748,-0.14540969862849837,3.5999770164489746,0.9277423024177551,212.2189483642578,0.9940106868743896,1
5857,241.68551635742188,54.933101654052734,31.577436569799577,0.1120208870953306,-2.079862426115615,-1.7754060632430961,1.5517621040344238,1.094396948814392,284.8333435058594,0.226566344499588,1
33414,242.69320678710938,54.94977951049805,7.095212113918383,0.11201986468537194,-0.8077633482032839,-0.14935452627156248,1.1639602184295654,1.0715126991271973,191.12399291992188,1.725068211555481,2
31063,242.51589965820312,54.7006950378418,21.003428869696155,0.11199507385352178,-1.3400948536712074,-0.7257457891116182,0.7286578416824341,0.6964021921157837,283.23284912109375,1.5020865201950073,1
28155,241.6107177734375,54.52967834472656,45.776101391108305,0.11198169186927605,-4.433613028716074,-5.326595602727304,5.034133434295654,1.0975524187088013,147.1995391845703,1.2568761110305786,1
3904,243.34156799316406,55.083194732666016,26.231963113562262,0.11195431669988397,-1.5721392290636662,-1.1577987094000712,3.507399797439575,1.4142680168151855,21.55345916748047,0.21384549140930176,1
19805,243.01602172851562,54.65987014770508,27.763792377546544,0.11192172077543669,-1.7656786686953203,-1.31009734094171,2.7077651023864746,1.6602368354797363,206.13990783691406,0.7234652638435364,1
27380,242.40931701660156,55.116676330566406,7.151046931533938,0.111910479287515,-0.7682640688401439,-0.15434846879344594,0.7367987036705017,0.7292515635490417,2.197437286376953,1.2113693952560425,1
14842,243.16607666015625,55.59175491333008,38.22396382162009,0.11188957875820965,-2.9588848412727873,-2.9495784377083174,0.9355968236923218,0.896759569644928,52.05888748168945,0.519557535648346,1
10617,242.88143920898438,54.955108642578125,11.784572621923843,0.1118407973121875,-0.8056907153635327,-0.27918654129425036,0.9496128559112549,0.5718392729759216,313.3147888183594,0.40997448563575745,1
3478,242.23599243164062,55.158042907714844,13.519498670019345,0.11179893159642469,-0.8363314629688675,-0.3418819805166357,1.3946475982666016,0.5005300045013428,236.49822998046875,0.18493929505348206,1
14240,243.0968475341797,55.066139221191406,17.776877580356,0.11171106363270054,-1.0626108254764395,-0.5359907560540372,0.9422679543495178,0.9371740221977234,271.45147705078125,0.5190264582633972,1
1275,243.10690307617188,54.53374481201172,35.86906260983733,0.11161526231634877,-2.5660952547441114,-2.4668448517725037,2.235734701156616,2.22541880607605,299.2479248046875,0.09105946123600006,1
36159,242.09091186523438,54.34648513793945,45.42743024230171,0.11160974795999638,-4.290188658680816,-5.086979919210291,-100.0,-100.0,-100.0,2.11822772026062,4
11709,241.456298828125,54.96395492553711,39.01376700487538,0.11158335992768535,-3.0663470329636797,-3.132848921415384,2.2689311504364014,2.178422689437866,301.7413024902344,0.38415440917015076,1
24180,242.61550903320312,54.85380172729492,11.760733148309553,0.1115715198687162,-0.8648936500814745,-0.27540900072078334,1.5554512739181519,1.2548949718475342,265.905029296875,0.9365713000297546,1
30298,242.46609497070312,54.326454162597656,43.520415088731525,0.11150870563010398,-3.965035025717893,-4.439594038280094,1.378325343132019,1.2850595712661743,137.3078155517578,1.4827682971954346,2
26499,242.08969116210938,54.44928741455078,39.78177389677599,0.11140887884694474,-3.2561631864297134,-3.3202549923009186,2.193472385406494,2.1934711933135986,160.42295837402344,1.0690572261810303,1
19862,242.05523681640625,54.56744384765625,34.11545589029478,0.11139184761632821,-2.4270917709716433,-2.1565805102261035,4.428516864776611,1.6558245420455933,169.9944610595703,0.6821932196617126,1
9614,243.46893310546875,54.93816375732422,31.293603364866627,0.11138216606758394,-2.0644149573339763,-1.7362929249973853,3.264944553375244,1.0988621711730957,244.3580780029297,0.34199559688568115,1
12529,242.38473510742188,54.77290725708008,17.875648085415477,0.11137582600048175,-1.061904241145002,-0.5417977033247748,1.7941268682479858,1.0560516119003296,134.30657958984375,0.46386170387268066,1
25692,242.95721435546875,54.87644577026367,16.59375633005253,0.11131281593432733,-1.0584110168887884,-0.4726910465850896,1.8488216400146484,0.8112709522247314,267.4150390625,1.0968817472457886,1
7839,241.6674041748047,55.236778259277344,33.27961706819484,0.11128795422049305,-2.277212025183126,-2.0244397991075394,1.5433863401412964,1.2964566946029663,32.30487060546875,0.2894810140132904,1
37186,243.65313720703125,54.83127975463867,39.206496095011154,0.11125024424883592,-3.2466627635282514,-3.1714322255092626,1.4788683652877808,1.3574190139770508,33.82355499267578,2.1140658855438232,2
2341,241.8715057373047,54.97183609008789,24.82443727681792,0.11123933019370401,-1.4529052357034253,-1.0284504857554655,2.021273612976074,1.450439453125,260.1531677246094,0.12694106996059418,1
33930,243.14764404296875,55.36305618286133,27.06827659380693,0.11113636684682127,-1.7935437686995155,-1.231776614903705,0.7313496470451355,0.7245246171951294,229.65914916992188,1.834282398223877,2
8763,242.6072235107422,54.891353607177734,9.49031601846499,0.11113005168473565,-0.7328114899425422,-0.21197335424632338,0.8537926077842712,0.8523405194282532,45.235347747802734,0.3527040481567383,1
39856,242.49095153808594,54.57071304321289,28.850250409989396,0.11112525898195204,-2.0287140411640365,-1.4167055964391022,0.435373991727829,0.30730608105659485,207.13433837890625,3.467773199081421,2
4463,242.2749481201172,54.438926696777344,38.089915012710506,0.11111753319139347,-2.8959242942644106,-2.9204551957601708,1.1443462371826172,1.1200685501098633,232.14111328125,0.22499223053455353,1
36924,241.92750549316406,55.36710739135742,29.402227842682933,0.11110263840829124,-2.0275170377559797,-1.4867131446333663,1.2550395727157593,1.2522059679031372,20.759267807006836,2.1252119541168213,2
22147,242.66152954101562,55.56937789916992,31.3585510576922,0.11108581101645257,-2.3324929070461677,-1.652931570297535,-100.0,-100.0,-100.0,0.8462651371955872,6
5870,241.61956787109375,55.16038131713867,33.65449529491988,0.11104573235565088,-2.314132671852572,-2.083737929212535,2.773693561553955,1.599246621131897,6.70689582824707,0.24619796872138977,1
11693,242.20375061035156,54.43143844604492,39.270998681084976,0.11100249646905992,-3.107077475572129,-3.195072860677145,1.3705781698226929,1.0060185194015503,23.65253448486328,0.3767332434654236,1
7506,241.90269470214844,54.8209228515625,27.068261920832676,0.11094552846364135,-1.655578001802191,-1.239513139272893,2.5074191093444824,1.9208287000656128,159.08546447753906,0.2926843464374542,1
17248,242.55442810058594,55.432334899902344,23.03068469153452,0.11094100432547088,-1.3866054773430831,-0.8789224967809197,3.509464979171753,0.7026154398918152,95.50277709960938,0.5927655696868896,1
31066,242.964599609375,55.37736511230469,23.69849399646956,0.11093107336133026,-1.5199813630658097,-0.9267210845602375,0.8125752210617065,0.7688136696815491,132.46954345703125,1.5765509605407715,1
20320,242.7305450439453,54.8526611328125,12.853425844331715,0.11093097670488175,-0.8817932178592114,-0.31411730177319985,1.2023524045944214,0.9547470211982727,135.88851928710938,0.7625842094421387,1
21342,242.3665771484375,55.07331466674805,7.49494168908933,0.11085298118302896,-0.7402764662087007,-0.1637313769943248,0.8263014554977417,0.7654240131378174,120.22742462158203,0.7910425662994385,1
23174,242.65713500976562,55.04524230957031,2.6447282100611127,0.11085197810747736,-0.6850263908928496,-0.09777751646488621,1.2371820211410522,1.2319972515106201,88.28836059570312,0.9008974432945251,1
21165,242.3217315673828,55.26103973388672,15.519643838504576,0.1108155267318303,-1.5247313890326017,-0.33342708828986545,-100.0,-100.0,-100.0,0.8141013979911804,6
27529,242.30670166015625,54.94435501098633,11.314540851265606,0.11080652053172009,-0.8721584579893515,-0.2596051491421205,0.7096987962722778,0.6331110000610352,175.40625,1.1129097938537598,1
8124,242.4939422607422,55.748924255371094,42.1120952030974,0.11080156999806282,-3.5796096286831744,-3.978100660432586,6.032912731170654,1.23435378074646,303.3570556640625,0.3051944375038147,1
10959,242.5951690673828,55.449790954589844,24.066117861408152,0.1107376435287305,-1.434679695951759,-0.9630295027417314,2.9322702884674072,1.7858392000198364,56.284934997558594,0.38401952385902405,1
1271,241.896484375,54.588356018066406,36.36194722914826,0.11068376421682034,-2.6323049187382317,-2.560958029007074,9.204853057861328,2.1338577270507812,133.9483184814453,0.10308263450860977,1
19180,242.39825439453125,55.063541412353516,6.323541334300749,0.11067478763545893,-0.7090728284978249,-0.14283226896336004,1.4308953285217285,1.2930195331573486,311.8836669921875,0.6951955556869507,1
26844,242.8541259765625,55.6701545715332,38.43326747055808,0.11067023921101449,-2.7497494834054343,-2.9048314494196825,-100.0,-100.0,-100.0,1.172850251197815,6
37105,243.47930908203125,54.770206451416016,35.22181698922106,0.11061694562306866,-2.676154673023716,-2.3387102598071285,0.8753854036331177,0.7882938981056213,249.611083984375,2.261066436767578,2
28403,241.89590454101562,55.244266510009766,26.239386578828913,0.11060627822506927,-1.7223025290772607,-1.0658166114553327,-100.0,-100.0,-100.0,1.3496013879776,6
35233,242.4310302734375,55.25001525878906,13.11609901560068,0.11058724646028437,-0.9819482207884268,-0.3154485116472763,1.203440546989441,0.6144264340400696,312.55596923828125,2.0688493251800537,2
37778,242.37664794921875,54.731021881103516,20.321036538420262,0.11055562397332987,-1.3415351417023167,-0.6749405517587774,1.361235499382019,0.8631736040115356,228.07420349121094,2.42806077003479,2
2270,242.27886962890625,55.37272644042969,22.0085851599508,0.1105288968469072,-1.2556137512129433,-0.803705723721158,1.1027650833129883,1.0494060516357422,203.08099365234375,0.13074319064617157,1
11843,243.0830841064453,55.75635528564453,45.77784179089363,0.11043590305940126,-4.349617672652261,-5.330429519879829,2.444518804550171,0.543908953666687,320.41375732421875,0.3899462819099426,1
33074,242.91481018066406,54.825897216796875,17.65379930266361,0.11041660173415538,-0.9727579614101564,-0.4386964091599087,-100.0,-100.0,-100.0,1.7463533878326416,6
28143,243.53773498535156,55.47886276245117,41.67687136995078,0.11039821166746097,-3.5986366237772156,-3.8422560623817223,1.741245150566101,0.9049493670463562,277.3140563964844,1.2532349824905396,1
31450,242.83209228515625,54.83667755126953,15.400188632210558,0.11037998997927237,-1.0487259398614368,-0.4120430975901565,0.7758042812347412,0.6755090951919556,154.3146514892578,1.502094030380249,2
28663,241.91587829589844,55.273372650146484,26.466240778357083,0.11035969485659299,-1.0537916568389623,-1.0877851041134619,-100.0,-100.0,-100.0,1.3027126789093018,6
18108,242.12364196777344,55.10121154785156,16.003491859901402,0.11035584442443756,-0.9961935967387082,-0.44565262985554266,1.8039147853851318,0.5431431531906128,236.3377227783203,0.6399270296096802,1
24845,241.88633728027344,54.550941467285156,38.321028146002625,0.11029744139644972,-2.851665423399595,-2.8793098051534964,-100.0,-100.0,-100.0,1.0861515998840332,6
33437,242.50222778320312,55.277191162109375,13.964594706235195,0.11025444488251578,-1.0048461747908408,-0.3507203667155199,0.6513009667396545,0.34194415807724,201.1360626220703,1.7684681415557861,2
2391,241.8004150390625,55.08348846435547,26.88075149851907,0.11021445730171486,-1.61662512487485,-1.2212736755737035,2.0647213459014893,2.0635294914245605,30.12399673461914,0.13473987579345703,1
8660,242.81517028808594,55.032108306884766,8.131611502126932,0.11018246941087313,-0.701132301221363,-0.17961534124818637,1.7864513397216797,0.609747052192688,113.45177459716797,0.34792640805244446,1
11065,243.2180633544922,54.913936614990234,23.396820627837464,0.11012704729446098,-1.3864919859255302,-0.9083262702397137,2.8256731033325195,0.7996588945388794,31.229496002197266,0.37538671493530273,1
37968,241.76904296875,55.213558197021484,29.53631686160173,0.110107114829527,-2.0512108811565146,-1.5020141043748638,0.8697938919067383,0.4554394781589508,62.69184875488281,2.455935001373291,2
18938,242.11534118652344,54.39787673950195,42.24850837498163,0.11005832434942932,-3.5654745616400265,-3.9277371699078096,-100.0,-100.0,-100.0,0.7190395593643188,6
