id,ra,dec,separation_arcmin,total_flux_mjy,spectral_index,spectral_curvature,bmaj,bmin,pa,redshift,radioclass
32957,242.2642364501953,56.01711654663086,59.084004689933714,346.8936528339446,-4.7880882972760865,-5.905230939003587,-100.0,-100.0,-100.0,1.7921451330184937,6
4943,242.60736083984375,55.08000564575195,2.089552369312757,226.2676526896046,-0.5955536661941017,-0.0036745041621574093,-100.0,-100.0,-100.0,0.24774138629436493,6
6647,242.1952362060547,54.84638214111328,17.990777839607365,163.50250409776032,-0.8969723099013353,-0.2836175956822703,-100.0,-100.0,-100.0,0.30472734570503235,6
8395,241.6568603515625,54.83833312988281,34.24210616275931,149.7210769735067,-1.4909860568477347,-1.1769648821670815,-100.0,-100.0,-100.0,0.3727837800979614,4
3311,241.5021209716797,55.72932434082031,54.933504255073146,132.28054206589377,-4.435648999911651,-4.480136400591397,-100.0,-100.0,-100.0,0.1998153179883957,6
10239,243.23072814941406,54.24192428588867,53.41613773725964,95.69506053650518,-4.117552233232402,-4.062400758240744,-100.0,-100.0,-100.0,0.4247690439224243,6
32956,244.21994018554688,54.97956085205078,56.55404345588384,89.43472711029885,-4.779205479604813,-4.98186229353209,-100.0,-100.0,-100.0,1.7243854999542236,6
27148,242.37388610839844,54.77803039550781,17.7381691599759,81.7198465481541,-0.9400124485869821,-0.27538256533718997,-100.0,-100.0,-100.0,1.1765958070755005,6
15096,242.83018493652344,55.621009826660156,35.3759354109911,77.61560249397435,-2.6503670254750467,-1.2736147110243832,-100.0,-100.0,-100.0,0.5429530739784241,6
3310,243.00172424316406,55.14866256713867,15.655056950588044,76.717081308273,-1.0934982876936994,-0.2123062124244177,-100.0,-100.0,-100.0,0.18221594393253326,6
27149,241.68743896484375,54.31864929199219,53.65079536593013,55.57066547191197,-3.893460777903063,-4.123965631364184,-100.0,-100.0,-100.0,1.185646653175354,6
27192,242.4631805419922,54.73664855957031,19.159832536521336,54.5117361055001,-1.1249559448367632,-0.3237525647467963,-100.0,-100.0,-100.0,1.2343318462371826,6
18988,242.85855102539062,55.15412139892578,11.449489732209608,47.96992080909545,-1.0447107678556966,-0.11168404045261784,-100.0,-100.0,-100.0,0.6930854320526123,6
32920,244.27243041992188,54.57192611694336,65.12296685668386,46.396267786945366,-5.959718677154678,-9.151697814889442,-100.0,-100.0,-100.0,1.8311518430709839,6
28545,242.83758544921875,55.90277862548828,51.98075535272315,43.35497125033669,-3.6331203258802476,-3.7069235679493002,-100.0,-100.0,-100.0,1.3836859464645386,6
25015,243.62530517578125,55.80022048950195,57.43144799231694,38.0554666567461,-4.753374612617148,-5.280908185250168,-100.0,-100.0,-100.0,1.0913519859313965,6
37418,243.2599639892578,54.54322814941406,38.37320564327091,36.32033633129207,-2.2905689437905936,-1.5594511989124464,-100.0,-100.0,-100.0,2.469733238220215,6
31019,244.06573486328125,54.76461410522461,53.9956642630849,35.90594087048438,-3.85105357287179,-4.2165343298134115,-100.0,-100.0,-100.0,1.6890308856964111,6
17814,242.27627563476562,54.110260009765625,57.29563878844336,31.432474368172826,-4.799179009858495,-5.2332533928798055,-100.0,-100.0,-100.0,0.6622255444526672,6
32919,242.67141723632812,54.32341384887695,43.6359944019451,24.623219772022416,-2.3737545470606145,-2.191246469773791,-100.0,-100.0,-100.0,1.7619704008102417,6
20076,242.7466278076172,55.574913024902344,32.07412021429563,24.5700221520332,-1.8156968427740763,-1.0075439820142054,-100.0,-100.0,-100.0,0.7749364972114563,5
28395,241.3369140625,55.387367248535156,47.16150158409679,23.539696504508054,-3.094090080837974,-2.736414868852414,-100.0,-100.0,-100.0,1.3841267824172974,6
18987,243.2344970703125,55.29814910888672,26.946985258937058,21.532355978915906,-1.6732593741802555,-0.6768100769085458,-100.0,-100.0,-100.0,0.7246481776237488,6
20203,243.7505645751953,54.213340759277344,64.52825751189341,21.429290942425258,-5.947061730878721,-8.742084462562856,-100.0,-100.0,-100.0,0.7616007924079895,6
16573,241.36676025390625,55.4188117980957,47.08655060595175,21.002810972526152,-2.888878995381692,-2.7235461392381155,-100.0,-100.0,-100.0,0.5951557159423828,6
13605,240.83804321289062,54.908531188964844,60.58147738533262,20.76286544025151,-4.977737750247435,-6.550985295794354,-100.0,-100.0,-100.0,0.47721824049949646,6
36282,242.62254333496094,55.3016357421875,15.239957362008976,20.56361766783539,-0.6649634529314395,-0.2007802516774649,-100.0,-100.0,-100.0,2.247563362121582,6
21249,241.20404052734375,55.106204986572266,47.40142706984426,19.532810776499897,-2.949418219855574,-2.77786932463397,-100.0,-100.0,-100.0,0.7884682416915894,6
8507,241.5480194091797,54.48253631591797,49.30870715167065,19.51011965436169,-2.960224468190237,-3.1313870982006202,-100.0,-100.0,-100.0,0.3456263542175293,6
30702,241.51303100585938,55.355247497558594,40.91374101072274,19.28729516905496,-2.4723712741760897,-1.8412109895407045,-100.0,-100.0,-100.0,1.5343760251998901,6
23114,244.00363159179688,55.101280212402344,48.98732624980545,18.629641114911365,-3.6129875387509616,-3.068749007259657,-100.0,-100.0,-100.0,0.9061190485954285,6
27146,242.49949645996094,54.60884094238281,26.54398932802951,18.592280376663734,-1.4474061198602437,-0.6544717641704905,-100.0,-100.0,-100.0,1.286584734916687,6
17813,242.47361755371094,55.03286361694336,3.7947117839379736,18.23427542669395,-0.7846763142859219,-0.012065138108886405,-100.0,-100.0,-100.0,0.6295462846755981,6
34636,241.9446258544922,55.41895294189453,31.08884301208332,18.09252941044494,-1.361418419596744,-0.9368237384285996,-100.0,-100.0,-100.0,1.9183622598648071,4
23170,241.79042053222656,54.77656936645508,31.767205640062063,17.983384959783542,-1.6411479137189044,-0.9851043539268484,-100.0,-100.0,-100.0,0.8934860825538635,6
24796,243.0059356689453,55.13331985473633,15.465409874531744,17.936780952267608,-0.732910599589035,-0.20703249826758116,-100.0,-100.0,-100.0,1.0349857807159424,6
17786,241.64199829101562,54.777976989746094,36.21490280343278,17.87334076479909,-1.8324076793456474,-1.3490183964777458,-100.0,-100.0,-100.0,0.631221354007721,6
28463,242.1083526611328,54.665470123291016,28.191473398429466,17.607265426240133,-1.2681990125292633,-0.7489074914071621,-100.0,-100.0,-100.0,1.470903992652893,6
24976,242.2902374267578,54.81199645996094,17.37600524952061,17.404551801580475,-1.2915513930524376,-0.26376507158771034,-100.0,-100.0,-100.0,1.0358803272247314,6
30746,242.83657836914062,55.25006103515625,14.932400193902868,16.43725052184634,-0.7648619551544787,-0.19254415597008856,-100.0,-100.0,-100.0,1.513558268547058,6
33060,243.00534057617188,55.281429290771484,20.17223560286553,15.2794635214054,-1.1578707954789353,-0.36105090920569033,-100.0,-100.0,-100.0,1.8412684202194214,6
32885,243.12892150878906,55.46460723876953,31.212479570538434,15.277949166283745,-1.528362931527386,-0.9454942973315005,-100.0,-100.0,-100.0,1.7637819051742554,6
23145,243.00547790527344,53.93020248413086,68.72936065915006,14.513765389651306,-7.237761328757061,-12.289665415517787,-100.0,-100.0,-100.0,0.8805866241455078,6
21247,241.93515014648438,55.211097717285156,24.183228851457052,14.4546702072808,-0.7145091965095819,-0.533109326273462,-100.0,-100.0,-100.0,0.8235347270965576,6
6591,243.74188232421875,54.385074615478516,56.620313662720164,13.201021947982085,-4.1853768239711355,-5.003751662551679,-100.0,-100.0,-100.0,0.2948307991027832,6
30559,242.18951416015625,56.000431060791016,58.62233580781126,13.144787895025667,-4.330286193350577,-5.722206259342804,-100.0,-100.0,-100.0,1.568648099899292,4
16590,242.8090057373047,55.34782409667969,19.57563347154594,12.466352102952598,-0.7607819622226261,-0.3387795889881299,-100.0,-100.0,-100.0,0.60126131772995,6
32725,242.1374969482422,54.53439712524414,34.457090380006434,12.158118009242148,-1.2421934559018992,-1.1948373967489307,-100.0,-100.0,-100.0,1.7894269227981567,4
30872,242.50787353515625,55.3974494934082,21.067258900114833,12.061423057785028,-1.1549112497219898,-0.39595258224073404,-100.0,-100.0,-100.0,1.6665430068969727,6
11973,242.66030883789062,55.51397705078125,28.045121891904877,11.90107006282497,-1.2599693273361996,-0.7401448819330327,-100.0,-100.0,-100.0,0.444547176361084,6
22085,242.1072998046875,55.03593444824219,16.284059692253773,10.318904085124798,-0.9125343064410282,-0.2303867106654923,-100.0,-100.0,-100.0,0.8667441010475159,6
32730,242.66189575195312,55.40290451049805,21.42970398142847,10.231428757217827,-1.1164016022677528,-0.4106748435034774,-100.0,-100.0,-100.0,1.705154538154602,4
162,241.00880432128906,54.44759750366211,65.29169202627972,9.943899612590183,-6.194092369737619,-9.365226938699312,32.575618743896484,32.56498336791992,333.23797607421875,0.02761301025748253,1
26864,242.78916931152344,54.09893035888672,57.4511889632074,9.6704412613912,-4.576954390983037,-5.287980664552235,-100.0,-100.0,-100.0,1.16653311252594,6
20073,242.63394165039062,55.84132385253906,47.58765798392503,9.477154031817443,-3.084709287637985,-2.8105687926980423,-100.0,-100.0,-100.0,0.7404667735099792,4
27145,242.34707641601562,54.21651840209961,50.588844833593704,9.363619771623874,-3.5453294219651497,-3.3942770883272293,-100.0,-100.0,-100.0,1.2981128692626953,6
3271,241.6066131591797,55.00300598144531,33.60446357302345,8.805969184749134,-1.702710455662993,-1.2194368216125835,7.292745590209961,6.665802001953125,107.47470092773438,0.1604030579328537,1
13616,243.32887268066406,55.0471076965332,25.726163012726822,8.275731506341895,-1.0980233699787216,-0.6106052986305843,-100.0,-100.0,-100.0,0.49924352765083313,6
34848,241.48777770996094,55.2475700378418,39.317011860759315,8.149384996362482,-2.0192557839619734,-1.6594673269460005,-100.0,-100.0,-100.0,1.9191807508468628,6
13632,241.65866088867188,54.918739318847656,32.68036692170676,7.942815101013672,-1.7962834659435956,-1.0529622800498786,-100.0,-100.0,-100.0,0.4780101478099823,6
146,243.0290985107422,55.21661376953125,18.391129039319992,7.878728286048971,-0.9304362075650745,-0.38776132217711484,19.953577041625977,4.398859977722168,309.50469970703125,0.02395493909716606,1
24865,241.83132934570312,55.21989059448242,27.669163978601805,7.781609818770324,-1.4339198861851876,-0.7180921136749028,-100.0,-100.0,-100.0,0.9980069398880005,6
30950,243.88099670410156,55.51359176635742,52.46811243633886,7.6057151212927545,-3.9408109000949993,-3.823614570058442,-100.0,-100.0,-100.0,1.6086870431900024,6
36283,243.3149871826172,54.031341552734375,66.18328045627109,7.560557339160061,-6.337805618528655,-9.948371605926372,-100.0,-100.0,-100.0,2.25502872467041,6
12024,242.4431610107422,56.09885025024414,63.17622658276752,6.996468648953627,-5.651164377102739,-7.897048640954071,-100.0,-100.0,-100.0,0.4723985493183136,6
20202,243.5267791748047,54.50044250488281,46.421256906205684,6.903218258860303,-2.481645732038047,-2.612077976387884,-100.0,-100.0,-100.0,0.745124876499176,6
34813,241.7617645263672,55.2121696472168,29.744590377269603,6.884225641609926,-1.564655349501757,-0.8460205418635062,-100.0,-100.0,-100.0,1.9241093397140503,6
26683,241.99411010742188,54.723106384277344,28.129980728062566,6.817501636372658,-1.1839640732813188,-0.7452679177605318,-100.0,-100.0,-100.0,1.2260264158248901,4
6615,244.40347290039062,55.66864776611328,72.44791122951162,6.803571819137057,-9.475743809688716,-17.341627490811007,-100.0,-100.0,-100.0,0.2812879979610443,6
18923,242.52328491210938,54.28183364868164,46.05931312160473,6.689134818586348,-2.7166971710503534,-2.5532859243916977,-100.0,-100.0,-100.0,0.7069505453109741,6
23073,242.9542236328125,54.86662292480469,16.889792903353143,6.229784102033497,-0.6262223084466177,-0.24860437252288356,-100.0,-100.0,-100.0,0.9149507284164429,6
40019,242.343505859375,55.535404205322266,30.298888096809772,6.137975254520197,-1.630623087656778,-0.882611180417642,-100.0,-100.0,-100.0,3.9581823348999023,4
721,244.13223266601562,55.71904754638672,66.44211936045063,5.946023722961024,-6.543751659251359,-10.251006502390231,17.218088150024414,13.205735206604004,197.4148712158203,0.040511924773454666,1
30834,242.59173583984375,54.17085647583008,52.67668207251051,5.879074092945,-4.02396600788399,-3.874813684156468,-100.0,-100.0,-100.0,1.6454178094863892,6
34814,242.78536987304688,55.65622329711914,37.11105105535778,5.839544728701185,-1.8539823335551662,-1.4334549962511538,-100.0,-100.0,-100.0,1.9924448728561401,6
3279,240.5259552001953,55.27448272705078,71.70676211664701,5.689150873230965,-8.375974968166464,-16.125682850286832,-100.0,-100.0,-100.0,0.19234798848628998,5
30951,243.8933868408203,55.99226379394531,72.06277706776618,5.6668042432275065,-8.663535261515019,-16.693973230624263,-100.0,-100.0,-100.0,1.525032639503479,6
21221,242.916748046875,55.2263069152832,15.700148935702137,5.564978142698782,-0.7067631568606106,-0.2135240920147741,-100.0,-100.0,-100.0,0.7754199504852295,6
28259,242.9826202392578,54.52364730834961,34.44328974390428,5.471140948993301,-1.331143804172485,-1.1937302702392238,-100.0,-100.0,-100.0,1.4668450355529785,5
38918,242.50497436523438,54.3582763671875,41.5125538070765,5.46559097534383,-2.0894897266723724,-1.9135531647294264,-100.0,-100.0,-100.0,2.841822624206543,6
38250,243.7952880859375,54.677703857421875,47.49191831013077,5.44417781811755,-3.0771390046639944,-2.793666602638927,-100.0,-100.0,-100.0,2.620530366897583,4
36362,242.9815216064453,55.420188903808594,26.170613131438653,5.396006480225924,-1.6116160022366275,-0.6341679674800338,-100.0,-100.0,-100.0,2.105963706970215,6
24940,242.9464569091797,54.53227996826172,33.4766140093161,5.048295070684873,-1.824884308163806,-1.1148812983155654,-100.0,-100.0,-100.0,1.0092800855636597,6
28355,242.26438903808594,53.98896789550781,64.53394884129017,4.997468969104437,-6.414324353564561,-8.745894324827008,-100.0,-100.0,-100.0,1.3609999418258667,6
38935,241.9353790283203,54.399600982666016,44.90785984842827,4.925634027378639,-2.708003578229555,-2.374731365676183,-100.0,-100.0,-100.0,2.7302677631378174,6
33022,242.0828857421875,55.041751861572266,17.109077233410083,4.9105687808188065,-0.7915574796606304,-0.2552646844809458,-100.0,-100.0,-100.0,1.852216362953186,6
26727,242.84213256835938,54.659912109375,25.02140112318324,4.897738261991115,-0.9660686011610791,-0.5743659210237896,-100.0,-100.0,-100.0,1.133349895477295,5
39977,241.40809631347656,54.487159729003906,52.74469025916692,4.77443016221007,-3.7136068491363683,-3.891581372920379,-100.0,-100.0,-100.0,3.823439359664917,6
23112,243.52969360351562,55.419639587402344,39.368235238595084,4.765467205314264,-2.1198031635433527,-1.6650655999458137,-100.0,-100.0,-100.0,0.8943191766738892,6
10200,241.69647216796875,55.58904266357422,44.28902346296033,4.737541488165072,-2.6323188526043397,-2.37848200397472,11.692800521850586,4.94704008102417,230.30279541015625,0.3679982125759125,1
137,242.67088317871094,55.325077056884766,16.864980076186164,4.664565547168647,-0.8824718264258432,-0.3381847574084983,16.919248580932617,16.418981552124023,86.82992553710938,0.020963558927178383,1
3265,242.46633911132812,54.90523147583008,9.466613920477258,4.567775161221895,-0.7447604303070885,-0.16882632085875396,6.99370813369751,6.286972522735596,103.09673309326172,0.13481634855270386,1
28688,242.0934295654297,55.642208099365234,39.29175911905268,4.558555014895692,-2.5345917894737875,-1.6567605637045066,-100.0,-100.0,-100.0,1.3331308364868164,6
15136,240.8679656982422,55.490360260009766,64.25214068411869,4.527643978069233,-5.925772574851477,-8.560118785061825,-100.0,-100.0,-100.0,0.5737717151641846,6
714,242.6262969970703,55.67396545410156,37.54389712276355,4.48969635965396,-1.9660117285532728,-1.567774056962446,5.202088356018066,5.166098594665527,157.7670135498047,0.06150995194911957,1
20155,243.1695098876953,55.86648178100586,52.99699770803746,4.204727980605525,-4.353607848484406,-3.9548579050316537,-100.0,-100.0,-100.0,0.7314009666442871,6
26815,243.19712829589844,55.457393646240234,32.33894434263087,4.196498488064427,-2.494900123566243,-1.0272282318410058,-100.0,-100.0,-100.0,1.234752893447876,6
24908,244.10044860839844,54.237327575683594,71.79944776532028,4.184407824714206,-8.641156828513125,-16.271010816463548,-100.0,-100.0,-100.0,1.0888978242874146,6
156,243.96759033203125,54.618408203125,54.44704203911643,4.146942297526721,-3.8776932985449957,-4.432577389771051,5.725659370422363,5.1061601638793945,274.4573669433594,0.032335542142391205,1
16589,242.56495666503906,55.811038970947266,45.738767587399906,3.9836393368891323,-3.1240003325920433,-2.5023450933911215,-100.0,-100.0,-100.0,0.6189624667167664,6
28429,242.80108642578125,56.01264572143555,58.315387320922994,3.9567262044490246,-4.547414053216921,-5.604263046194421,-100.0,-100.0,-100.0,1.4999827146530151,6
28240,241.2470703125,54.972808837890625,46.10031225546241,3.9283624280086724,-2.6798262195980276,-2.559986365479523,-100.0,-100.0,-100.0,1.4390568733215332,4
32953,242.78594970703125,54.653812408447266,24.738178771218195,3.8862294953801197,-0.9679322340805493,-0.5601652951074237,-100.0,-100.0,-100.0,1.8752702474594116,6
11961,242.9079132080078,55.04311752319336,11.261932761824891,3.8605895122089575,-0.9962650393210271,-0.10804586253690718,-100.0,-100.0,-100.0,0.4416484832763672,6
4909,242.64527893066406,54.700050354003906,21.04296199885914,3.823874618800431,-0.8600264418532495,-0.394951569734504,-100.0,-100.0,-100.0,0.27045583724975586,6
4918,243.701171875,55.63017654418945,51.76145008306878,3.8087806782615585,-3.61027075444364,-3.6556901274477664,-100.0,-100.0,-100.0,0.24362438917160034,6
33062,243.5863494873047,55.86945724487305,59.962812583366116,3.732216691718741,-4.960689944543122,-6.273988878524433,-100.0,-100.0,-100.0,1.780128002166748,6
37504,242.64695739746094,54.422237396240234,37.66290639660521,3.7122153267101536,-2.34361708629765,-1.4874163999968935,-100.0,-100.0,-100.0,2.4702467918395996,6
38910,243.0325164794922,54.71710968017578,25.287691949502452,3.678624458790511,-1.2676283050583153,-0.5879401762051221,-100.0,-100.0,-100.0,2.865488290786743,6
30873,241.5792999267578,55.5308723449707,44.79489521987961,3.6552830075773737,-2.2387362821155667,-2.3578481347927402,-100.0,-100.0,-100.0,1.6035279035568237,6
149,242.8851318359375,55.8544921875,49.4419559637722,3.65446353927707,-3.1607570229791597,-3.248877908280706,6.323638916015625,5.494943618774414,65.61180877685547,0.02595820464193821,1
30700,243.19772338867188,56.05315017700195,63.799714322119485,3.544091188657964,-5.943093815590462,-8.272667738207174,-100.0,-100.0,-100.0,1.5991322994232178,6
30698,241.9204559326172,54.438053131103516,43.187970717730394,3.514419041156953,-2.348779309987459,-2.1297091918601643,-100.0,-100.0,-100.0,1.6594904661178589,6
16536,243.1558837890625,54.59544372558594,33.69694968561494,3.5121056665476753,-1.767793783262963,-1.226278093514298,4.646632194519043,3.745859384536743,28.103199005126953,0.5547724366188049,1
21164,241.0151824951172,54.580875396728516,60.96291624613202,3.438531138793027,-5.025891489243905,-6.729337974131568,-100.0,-100.0,-100.0,0.8070479035377502,6
24794,242.7017059326172,55.58081817626953,32.18985423453444,3.4357916931928956,-1.4420427126983368,-1.0161466961659178,-100.0,-100.0,-100.0,1.0195574760437012,6
694,243.1689910888672,54.903114318847656,22.070816198995804,3.403916138654219,-1.070021573062351,-0.5288475410768387,26.564895629882812,6.331520080566406,146.18699645996094,0.035853710025548935,1
705,243.51104736328125,55.018760681152344,32.049785147379765,3.3355805502097686,-1.5772702045526483,-1.0973557374879048,12.013238906860352,8.14761734008789,188.66323852539062,0.049383725970983505,1
28354,243.2523193359375,55.4205322265625,32.02978666048378,3.2843137002046214,-1.395295714002801,-1.0042311511322028,-100.0,-100.0,-100.0,1.4340310096740723,6
1804,243.47869873046875,54.79153060913086,34.60681953687141,3.257413743938792,-1.7583533790310366,-1.2999508172363128,7.76240348815918,3.3083131313323975,301.22125244140625,0.08541589975357056,1
692,242.57861328125,54.85701370239258,11.505960000798156,3.246336183185141,-0.7590858895174438,-0.20402228062917085,7.929995536804199,4.533761978149414,162.0701446533203,0.060966167598962784,1
28306,240.8246307373047,55.53089904785156,66.59607563177289,3.2368551406649275,-6.757397082368932,-10.283856723533216,-100.0,-100.0,-100.0,1.4320487976074219,6
34925,243.17393493652344,54.52781295776367,37.39797663723033,3.155953586982539,-2.1778540916736313,-1.4612632389118256,-100.0,-100.0,-100.0,2.0672249794006348,6
30977,242.2358856201172,55.59693145751953,34.92915881104046,3.1315995461323674,-1.7851810975337647,-1.2347843995941037,-100.0,-100.0,-100.0,1.6476694345474243,6
6606,240.7445068359375,55.299564361572266,64.68086429147706,3.101603096425701,-5.677706293411623,-8.844728991626205,-100.0,-100.0,-100.0,0.3140672445297241,6
24862,241.9124755859375,55.14828872680664,23.695805347640523,3.079254736130269,-1.126757301808088,-0.5099667982539853,-100.0,-100.0,-100.0,1.0187928676605225,6
34735,243.0486602783203,55.87864685058594,52.277051078234976,3.021060895573005,-3.678873783290448,-3.7773958051254506,-100.0,-100.0,-100.0,2.0063958168029785,6
17918,241.6495361328125,54.62184524536133,41.12075388567052,3.015937435412363,-2.3424799370370963,-1.865926957297358,-100.0,-100.0,-100.0,0.6438979506492615,6
34843,242.66282653808594,54.816162109375,14.24288591368599,3.001488236233439,-1.003291014204403,-0.17467391833655696,-100.0,-100.0,-100.0,1.9969429969787598,6
23140,242.00137329101562,54.87123107910156,22.61442267961973,2.926528322994461,-1.2590330953237439,-0.4609778100499252,-100.0,-100.0,-100.0,0.9217777848243713,6
701,242.31973266601562,55.56865310668945,32.43821430711907,2.867432744264051,-1.6013764036456606,-1.1259769735100698,7.33729887008667,5.904891014099121,43.22544860839844,0.07305553555488586,1
19,243.23391723632812,55.636878967285156,41.73975536594981,2.831332497507867,-2.311650244084407,-2.0310878745482346,24.48637580871582,16.353717803955078,79.34223175048828,0.008579449728131294,1
139,242.8240203857422,54.464439392089844,36.060203499974946,2.7426688001454984,-1.842993045626673,-1.4253103527049427,7.098728179931641,7.071497440338135,29.89208221435547,0.025079665705561638,1
30619,242.1161651611328,55.68577194213867,41.36856128686304,2.7327466656879142,-1.8415771242517418,-1.89588845951967,-100.0,-100.0,-100.0,1.5718662738800049,4
165,240.4650115966797,55.06597900390625,72.70210756779395,2.711460144333953,-8.786339021844011,-17.789018751244928,-100.0,-100.0,-100.0,0.03952397406101227,6
23143,243.7207794189453,54.934539794921875,39.84581984119849,2.7020060931234684,-2.1994507546864313,-1.7178050866334338,-100.0,-100.0,-100.0,0.9220457673072815,6
27035,242.1597900390625,54.564674377441406,32.484815911113444,2.697481533986988,-1.4925403741504915,-1.0382337392947512,-100.0,-100.0,-100.0,1.2689969539642334,6
17750,242.51028442382812,54.82915115356445,13.397576331691575,2.6603559688981857,-0.8874227109790873,-0.2465163458442282,5.965573787689209,4.310021877288818,272.7128601074219,0.6180489659309387,1
698,242.57681274414062,55.66338348388672,36.876607629131634,2.651994531294102,-1.91286472200501,-1.50246911027933,6.81937837600708,6.4765825271606445,279.8455505371094,0.06852006167173386,1
13604,241.2244110107422,55.83528137207031,66.0044860242546,2.568940341741256,-6.544593395358754,-9.80770550203042,-100.0,-100.0,-100.0,0.48945873975753784,6
34645,243.57720947265625,55.2818717956543,36.91335763493838,2.535365145939135,-2.0234871430665997,-1.41448492912877,-100.0,-100.0,-100.0,2.064606189727783,4
1801,242.9126739501953,55.60789489746094,35.41172908417481,2.530455927721283,-1.8147428544958333,-1.3689902093993034,14.062546730041504,5.023801803588867,222.45803833007812,0.09395428746938705,1
28183,242.34571838378906,54.27046585083008,47.40380486531309,2.5291021699908356,-2.916360027372069,-2.7783587638654734,-100.0,-100.0,-100.0,1.3110111951828003,4
39280,243.18856811523438,54.85713577270508,23.900472112744055,2.5180606955528844,-1.3957170117428979,-0.6058138749467799,2.2290844917297363,1.767639398574829,136.5545654296875,2.748364210128784,3
17838,242.7354278564453,53.6977653503418,81.24141040150832,2.507301820681406,-15.875449101071283,-53.20511477715109,-100.0,-100.0,-100.0,0.6718031764030457,6
26952,243.5287322998047,54.21451950073242,59.91694936412329,2.494815383874769,-5.328134960594868,-6.2540564359309405,-100.0,-100.0,-100.0,1.1809043884277344,6
4883,242.3468780517578,55.20884323120117,12.507278171491556,2.4665236305741653,-0.8093408201900624,-0.2262068906268803,9.749887466430664,8.630071640014648,226.99411010742188,0.18200784921646118,1
11991,241.05520629882812,55.42013168334961,56.73946287362547,2.4572312416738202,-4.172482700501605,-5.043338233157086,-100.0,-100.0,-100.0,0.4625537395477295,6
20156,241.13021850585938,54.54916763305664,58.431875211977,2.4440760968651327,-4.782405973801831,-5.64869226001379,-100.0,-100.0,-100.0,0.7443619966506958,6
132,241.8871307373047,55.16033172607422,24.721083697085177,2.411245691282236,-1.1733265001374593,-0.6493195851131192,13.0743408203125,10.520180702209473,83.89632415771484,0.0186002254486084,1
28636,243.58865356445312,54.160614013671875,63.77524663226083,2.409893611500081,-5.988378151459183,-8.257525357584369,-100.0,-100.0,-100.0,1.4070219993591309,6
39388,242.18724060058594,55.11157989501953,14.02069257262227,2.363306600486254,-0.6749529184281566,-0.16907131765469866,-100.0,-100.0,-100.0,2.916346311569214,6
1814,241.9115753173828,55.87790298461914,54.70296330909214,2.327858549954427,-3.937460289446318,-4.506612891110205,14.190003395080566,5.034728527069092,309.0257568359375,0.12302467972040176,1
8450,242.47003173828125,55.15025329589844,7.172000728044683,2.307083962480609,-0.4784892068818003,-0.04326777654832804,-100.0,-100.0,-100.0,0.36492854356765747,6
4893,243.5148468017578,55.47460174560547,40.90646636735256,2.307067789311209,-2.2780576529841965,-1.9331841960050715,7.831340312957764,6.540693283081055,132.20741271972656,0.1903514266014099,1
34815,241.04034423828125,54.437496185302734,64.73111136093607,2.306936986731715,-6.117790122594286,-8.879058917188344,-100.0,-100.0,-100.0,1.9270515441894531,6
39630,242.46221923828125,54.82477951049805,14.044042733063105,2.2968788520998773,-1.098680175453469,-0.16971064426719806,-100.0,-100.0,-100.0,3.274622917175293,6
18919,243.17898559570312,55.207618713378906,22.63665434799514,2.2794270531980048,-1.7064763741774882,-0.4619534985615123,-100.0,-100.0,-100.0,0.6878537535667419,6
17836,242.71766662597656,54.79154586791992,16.14293235157607,2.2711171866589908,-1.258474861571302,-0.22623913779140248,-100.0,-100.0,-100.0,0.6389248371124268,6
8444,242.35581970214844,55.768070220947266,43.83055654671493,2.2388175132217922,-2.948381477452109,-2.2184170845995803,-100.0,-100.0,-100.0,0.3520437180995941,6
32833,243.468994140625,55.5103874206543,41.09898983274074,2.1912080219671695,-2.129740979482639,-1.863362970586222,-100.0,-100.0,-100.0,1.7303850650787354,6
12058,242.34518432617188,55.43833923339844,24.720159047186407,2.17248417300806,-1.404148382243839,-0.5593539159960822,-100.0,-100.0,-100.0,0.4342970848083496,6
16538,242.247314453125,54.62391662597656,27.970089291862767,2.1641772557244865,-0.9725026317155553,-0.7356747682952617,-100.0,-100.0,-100.0,0.5908176302909851,4
18986,241.81361389160156,54.27207565307617,53.66492094354963,2.1388898354858714,-3.5941237264260044,-4.127771096254046,-100.0,-100.0,-100.0,0.7142036557197571,6
32731,242.9493865966797,53.787933349609375,76.73900018453934,2.136048379751527,-11.084260983583366,-27.87231170087385,-100.0,-100.0,-100.0,1.8849586248397827,4
3266,243.63314819335938,55.37797546386719,41.09309296037057,2.134904528797551,-2.2856366445871004,-1.9552448114718728,17.593175888061523,3.737704277038574,67.47004699707031,0.1402740627527237,1
32880,241.7538299560547,54.64060592651367,37.62013378024566,2.1263387271382,-1.7148772643646022,-1.4831842743858226,-100.0,-100.0,-100.0,1.7935560941696167,6
6607,240.7865447998047,54.247188568115234,78.68231859848885,2.1195703780800743,-13.362662560122924,-35.961742184078766,-100.0,-100.0,-100.0,0.28893622756004333,6
26953,243.3298797607422,56.11756896972656,68.97921949230964,2.119281060128924,-7.037714823905476,-12.559043543220772,-100.0,-100.0,-100.0,1.2685238122940063,6
32986,244.06275939941406,55.680999755859375,63.19639540899565,2.0735965352934382,-6.107948082991334,-7.908792610248531,-100.0,-100.0,-100.0,1.7876251935958862,6
706,243.7001495361328,54.54569625854492,49.10131601818836,2.058297313832878,-3.1250990804343868,-3.1826953107490117,11.499279022216797,4.97219181060791,343.13092041015625,0.06314416974782944,1
8383,241.93707275390625,55.52314758300781,35.96302233814048,2.0399776069757056,-1.890447724956906,-1.4189800806821256,12.477581024169922,7.631420612335205,1.586151123046875,0.29610368609428406,1
33100,243.4589080810547,55.65077590942383,46.932405968931285,2.0333486631430504,-2.6410407840769645,-2.697256522019743,-100.0,-100.0,-100.0,1.7585806846618652,6
38307,242.7193603515625,55.569637298583984,31.60960706396863,2.0223357524296564,-1.7949036001627139,-0.9736994689584682,-100.0,-100.0,-100.0,2.6351912021636963,6
24972,241.67176818847656,54.867088317871094,33.14798147794688,2.0170541464584257,-1.8715671376004026,-1.0890425789966967,-100.0,-100.0,-100.0,0.9795884490013123,6
1802,241.34555053710938,55.15700912475586,42.8832205643183,2.0147390142026045,-2.4443736780749385,-2.181228179822891,9.933465003967285,7.661853313446045,253.09994506835938,0.08652954548597336,1
37465,243.13693237304688,54.446372985839844,40.96066146600227,2.0110636834384947,-2.704028068391931,-1.8466801375450497,-100.0,-100.0,-100.0,2.4515392780303955,6
24937,242.20779418945312,54.41990661621094,39.879308170021645,2.0003724866654253,-2.3188462377742565,-1.7215687215220958,-100.0,-100.0,-100.0,1.0595225095748901,6
1772,242.30712890625,55.3117561340332,18.347939044563713,1.989962448368625,-0.9460296605997179,-0.3870559491748824,5.670274257659912,4.212226390838623,15.284042358398438,0.09174372255802155,1
3268,243.4892578125,54.53898620605469,43.86130068388749,1.9600814761336967,-2.5517505163101974,-2.315466300191308,11.986891746520996,7.890324592590332,322.0428466796875,0.1491706222295761,1
10244,241.5593719482422,54.90469741821289,36.2069058238828,1.9351544178374773,-2.5099238301606555,-1.3482374987469143,-100.0,-100.0,-100.0,0.40671825408935547,6
26820,240.75392150878906,55.24592590332031,63.73326226116134,1.9342367121249182,-5.696946043727405,-8.231515816810846,-100.0,-100.0,-100.0,1.1406506299972534,6
141,241.19395446777344,54.765995025634766,50.74495262394106,1.9252700868956243,-3.330649709878548,-3.5182790415623257,8.640512466430664,3.681689500808716,57.91400146484375,0.026727847754955292,1
4884,243.31980895996094,54.95017623901367,26.123838757495847,1.9158476347025315,-1.2771856967201716,-0.7240212533974282,7.756491184234619,6.674901485443115,170.17332458496094,0.1760968267917633,1
159,244.6237030029297,54.7989616394043,72.0253130565028,1.9106432723204172,-8.641098115462418,-16.72496629793233,15.3558931350708,11.902912139892578,145.22853088378906,0.03279944509267807,1
3257,242.43545532226562,55.65159225463867,36.50552134882945,1.8995660204863607,-1.9051589890342517,-1.468489102056351,6.102928638458252,5.830657958984375,235.03274536132812,0.1363852471113205,1
39642,242.5826416015625,55.169315338134766,7.232704399125292,1.8869618767885388,-0.4601189569248698,-0.04404421847570362,-100.0,-100.0,-100.0,3.1660802364349365,6
24864,241.8289794921875,54.486663818359375,42.591255949395375,1.8806262009609742,-2.243313773602534,-2.050460179350779,-100.0,-100.0,-100.0,1.0045479536056519,6
39609,242.30474853515625,54.96355056762695,10.77689922738952,1.8771360776058421,-0.23069742600636994,-0.0987652533830957,-100.0,-100.0,-100.0,3.150395631790161,4
15062,243.12612915039062,54.97365951538086,19.307649668720224,1.869118050751797,-1.042414507727246,-0.42146303011288483,4.289981842041016,4.279863357543945,77.57274627685547,0.5143028497695923,1
3263,243.21722412109375,54.45073318481445,42.116216788250284,1.8641595240011835,-2.380647814373891,-2.08172627510968,5.333586692810059,1.2006707191467285,39.26530838012695,0.15994147956371307,1
23920,243.3134002685547,55.763179779052734,49.605440805668344,1.8539576074095037,-2.9650486589310883,-3.1903806298260924,-100.0,-100.0,-100.0,0.9278824925422668,6
32832,241.80836486816406,54.896236419677734,28.119925933146604,1.8270093304740982,-1.4293605727911072,-0.7446905334624111,-100.0,-100.0,-100.0,1.8998411893844604,6
13614,241.59066772460938,55.40035629272461,39.90291488817553,1.8049018721984653,-2.1905684894397592,-1.724307728508412,-100.0,-100.0,-100.0,0.5138963460922241,6
18985,241.56146240234375,54.417545318603516,51.77315081365141,1.8032652840086125,-3.667838694724446,-3.6583562991610785,-100.0,-100.0,-100.0,0.6915063858032227,6
28629,242.86819458007812,55.52579879760742,30.262846842329864,1.801873776122136,-1.4943749656653915,-0.8801942320030601,-100.0,-100.0,-100.0,1.3341706991195679,6
4874,242.42405700683594,54.97257614135742,7.060720976748588,1.775378363132888,-0.7174638851918502,-0.13384625960716123,7.729146480560303,6.168426990509033,203.78085327148438,0.204584002494812,1
27083,244.22921752929688,54.56938171386719,63.854433292773805,1.7638632543119728,-5.96279741097555,-8.306794866482296,-100.0,-100.0,-100.0,1.1910918951034546,6
36363,241.81353759765625,54.199668884277344,57.490027441740494,1.7562742443878014,-4.513661279562324,-5.301623313140703,-100.0,-100.0,-100.0,2.1173887252807617,6
39643,241.77041625976562,55.3440055847168,32.91306428107204,1.7535827562758404,-1.3678769616049886,-1.0707184691865295,-100.0,-100.0,-100.0,3.1363093852996826,6
22188,242.5667266845703,54.64826965332031,24.035101217815814,1.7463494357577238,-1.4222055350245106,-0.5259883492329065,-100.0,-100.0,-100.0,0.8387218117713928,6
21130,242.6642608642578,55.31108093261719,15.998072351387824,1.7361334629935186,-1.4496051022441219,-0.22207274982673134,-100.0,-100.0,-100.0,0.7793638110160828,6
21195,243.5767364501953,55.2054557800293,35.447201420086074,1.7124978839790659,-1.8284408956135816,-1.2798871836104853,-100.0,-100.0,-100.0,0.8187679052352905,6
38342,241.46768188476562,55.287254333496094,40.730161915845564,1.7055083074872763,-1.7641953243193749,-1.8194309506226225,-100.0,-100.0,-100.0,2.6328978538513184,6
34766,241.38497924804688,55.20374298095703,42.052040243654055,1.7046332945817209,-2.4320041526297422,-1.9808936306550569,-100.0,-100.0,-100.0,2.0294740200042725,6
24903,243.25030517578125,54.71900177001953,30.430428083733926,1.7040389121502841,-1.6916950977677958,-0.8915653131285779,-100.0,-100.0,-100.0,1.0892839431762695,6
6628,242.0828399658203,55.86733627319336,51.94889995226509,1.6984990787419914,-3.459246897393408,-3.6994566237979565,-100.0,-100.0,-100.0,0.2857345640659332,6
37414,242.07664489746094,54.168453216552734,55.644713700031886,1.6953170672845346,-4.273591892568746,-4.692712528971445,-100.0,-100.0,-100.0,2.3391497135162354,6
34881,242.76138305664062,54.32008361816406,44.16967430290985,1.6876887830258065,-2.705212140736306,-2.2665719200278964,-100.0,-100.0,-100.0,1.9650160074234009,6
34844,241.70126342773438,54.72557067871094,36.00903239846091,1.6830080093778996,-2.1845910147936354,-1.3301842147322926,-100.0,-100.0,-100.0,1.9941339492797852,6
26821,242.59512329101562,56.124385833740234,64.53846001053526,1.6794159147312442,-5.7337135600405755,-8.748851291137239,-100.0,-100.0,-100.0,1.2167389392852783,6
36248,241.425537109375,54.274803161621094,61.341066449690544,1.6695123054470444,-5.410180586869185,-6.9123551098122284,-100.0,-100.0,-100.0,2.2767386436462402,6
17784,242.45008850097656,54.3092155456543,44.60346529600455,1.6633148759304692,-2.6660349066511735,-2.329577024681714,-100.0,-100.0,-100.0,0.6311535835266113,6
18981,243.80584716796875,54.88352966308594,43.35560270370594,1.6575735659940944,-2.6617308632784717,-2.1526153827299783,-100.0,-100.0,-100.0,0.7237160205841064,6
3334,243.26248168945312,55.139461517333984,24.04068201541386,1.6430349389883916,-1.2513647315591108,-0.5263066224128696,-100.0,-100.0,-100.0,0.22358284890651703,6
4889,243.3877410888672,55.38605499267578,34.24951557626007,1.6340101061758887,-1.7503687595496844,-1.2698146555700756,4.140581130981445,3.6138224601745605,221.1790771484375,0.18081997334957123,1
24821,242.50852966308594,55.65788269042969,36.62857976860044,1.616823665838144,-1.8688329248174693,-1.387455561968557,-100.0,-100.0,-100.0,1.028427243232727,6
650,242.7340545654297,55.19511795043945,10.240771037578677,1.6048833153691022,-0.7341244172013883,-0.17955137270530575,8.91513442993164,4.325176239013672,172.34356689453125,0.04441902041435242,1
26818,242.713623046875,54.12892150878906,55.38516907165184,1.591952866352619,-3.881927982046812,-4.613874660567228,-100.0,-100.0,-100.0,1.1717684268951416,6
24941,240.61854553222656,55.5167350769043,72.68007838738393,1.539923085184624,-9.022083702848505,-17.749587523179013,-100.0,-100.0,-100.0,1.0541293621063232,6
15213,243.02749633789062,55.10721206665039,15.750379760883497,1.510138933874368,-1.3290955276885348,-0.2149266039768497,-100.0,-100.0,-100.0,0.5304008722305298,6
8377,242.99041748046875,55.07831573486328,14.197762221984467,1.5012813829277596,-0.863033752347022,-0.26544836294632396,2.937577724456787,2.9120359420776367,202.01385498046875,0.2920630872249603,1
22131,241.23513793945312,54.97164535522461,46.51639744869114,1.4923409618241155,-2.8781364873742783,-2.6277117891136244,-100.0,-100.0,-100.0,0.8306962251663208,6
27078,241.72801208496094,55.33980178833008,34.017058091006106,1.4908936113902305,-2.192449321192861,-1.1584892850887387,-100.0,-100.0,-100.0,1.1000393629074097,6
686,241.38320922851562,55.1042594909668,41.25770854375738,1.4904927136497743,-2.2795974224278974,-1.9739005270807841,4.028908729553223,1.8131399154663086,129.34762573242188,0.07210362702608109,1
1748,242.70481872558594,55.29013442993164,15.095659206984894,1.4856933722380243,-0.8502809159004451,-0.28805196000284955,3.1608939170837402,3.0954861640930176,25.950136184692383,0.09981879591941833,1
32881,243.40548706054688,55.655250549316406,46.00142846964534,1.458337473497017,-2.745588284924139,-2.5440755882917636,-100.0,-100.0,-100.0,1.8590031862258911,6
20063,241.9875946044922,55.293582916259766,25.06912122595546,1.4260465860400922,-1.2961746997541699,-0.6683959539667875,3.0618350505828857,2.7401766777038574,137.74142456054688,0.6778333783149719,1
27186,241.97747802734375,55.042213439941406,20.73094646686473,1.4216163386309324,-0.961806141985542,-0.38263416266845374,-100.0,-100.0,-100.0,1.2977182865142822,6
6636,242.1457061767578,55.080909729003906,15.061000161464015,1.420986311346928,-0.6028696363012961,-0.1959683113756854,-100.0,-100.0,-100.0,0.315634161233902,6
28686,242.53468322753906,55.70699691772461,39.52399980589008,1.4105530980816305,-1.8188159976034877,-1.6821457208289388,-100.0,-100.0,-100.0,1.355447769165039,6
745,241.6434326171875,54.54291915893555,44.40273678538848,1.4020980156322582,-2.222464975657501,-2.3002017119842804,-100.0,-100.0,-100.0,0.09398714452981949,6
12057,242.25599670410156,54.84598922729492,16.523952990092717,1.3867689292845382,-0.5995642562795415,-0.23744367898469304,-100.0,-100.0,-100.0,0.4603608548641205,6
4872,243.30401611328125,55.079368591308594,24.929217817667876,1.3827783739281678,-1.2201643743081192,-0.6616452393966579,1.7432103157043457,1.7100316286087036,311.5672912597656,0.1955811083316803,1
38934,242.8063507080078,54.12374496459961,56.05484473388531,1.3614016016760293,-4.0919643196072375,-4.820705544053153,-100.0,-100.0,-100.0,2.798563003540039,6
30870,243.6909942626953,54.801143646240234,41.07167908531587,1.3513578573365173,-1.9154294420124505,-1.859954921684952,-100.0,-100.0,-100.0,1.574303150177002,6
147,241.30601501464844,54.28804397583008,63.5498860451573,1.3446043328718162,-5.718955280952027,-8.21020817741052,8.419380187988281,6.693741798400879,206.1302032470703,0.024273071438074112,1
18878,242.3523712158203,55.33438491821289,18.83288448875143,1.344245185534556,-0.7004502591516736,-0.312183145228742,-100.0,-100.0,-100.0,0.7247564196586609,4
32834,243.54286193847656,54.45315933227539,48.86415496584725,1.337805893782013,-3.255980585600168,-3.0450941767049606,-100.0,-100.0,-100.0,1.7710378170013428,6
130,242.66529846191406,54.63139343261719,25.21403670666924,1.3345534082110049,-1.1950022646682508,-0.6736441354164961,15.803694725036621,3.2116873264312744,268.23291015625,0.019326137378811836,1
30697,243.98324584960938,55.69865798950195,61.70515520139175,1.3325281596930516,-5.489757909657149,-7.094652726881033,-100.0,-100.0,-100.0,1.5459085702896118,6
23985,243.6914825439453,54.91074752807617,39.14095823446005,1.324906908214553,-2.0863745931721667,-1.6403930306559118,-100.0,-100.0,-100.0,0.9589018225669861,6
21133,241.39523315429688,54.943702697753906,41.276125565398374,1.3219003262288684,-2.572514916043988,-1.8847321358576887,-100.0,-100.0,-100.0,0.8217657804489136,6
28302,243.61376953125,55.36588668823242,40.1687817005784,1.3138867923942723,-2.053069028491315,-1.7544058425405433,-100.0,-100.0,-100.0,1.3535293340682983,6
4978,243.72740173339844,54.03369140625,72.82095865093187,1.305432724779206,-8.75640234771668,-18.003918598932383,-100.0,-100.0,-100.0,0.22776682674884796,6
40100,243.09361267089844,55.54562759399414,34.5827166152944,1.2783458811067447,-1.9942660751882577,-1.2052700110462549,-100.0,-100.0,-100.0,5.573781490325928,4
27188,243.64195251464844,55.065101623535156,36.4923229692658,1.2681716963478187,-1.9511004820541478,-1.3747694287574066,-100.0,-100.0,-100.0,1.277994990348816,6
34921,243.11473083496094,55.016380310058594,18.474836201399178,1.2664763285887306,-1.0401929364078648,-0.29990453271289746,-100.0,-100.0,-100.0,2.085646867752075,6
34609,242.67828369140625,55.21275329589844,10.395262108686158,1.264158199607112,-0.9243187324218458,-0.17703441746062035,4.626407146453857,3.7593045234680176,16.725053787231445,1.8843505382537842,2
30949,244.01956176757812,54.88677215576172,50.50957234421931,1.2628301199725236,-3.0570371124035334,-3.3773114180082766,-100.0,-100.0,-100.0,1.610832929611206,6
6627,242.87969970703125,54.09553146362305,58.13391281583272,1.2562350447436565,-4.662210731266737,-5.536026022837742,-100.0,-100.0,-100.0,0.2759115397930145,6
30973,242.9999237060547,55.15098571777344,15.651672161778308,1.2413483655467517,-0.7631612784959902,-0.2122355442980736,-100.0,-100.0,-100.0,1.560894250869751,6
13548,242.75677490234375,54.97455596923828,7.525629793662478,1.2409545867635832,-0.7596990940181791,-0.13881084137115382,5.006618976593018,3.1330738067626953,95.02220916748047,0.4298703968524933,1
4885,243.7235565185547,55.06959915161133,39.30112429588971,1.2407033843088136,-2.136279750177549,-1.7498635995999787,5.326146602630615,2.817307949066162,264.18084716796875,0.1994398683309555,1
20112,244.2181854248047,56.03917694091797,81.37172309162847,1.2369167165438493,-16.047493446150973,-54.3941162574609,-100.0,-100.0,-100.0,0.7455170154571533,6
27107,241.4873809814453,54.44490051269531,52.39872204920755,1.235066709967942,-3.3048050590433746,-3.806765766395117,-100.0,-100.0,-100.0,1.2365301847457886,6
3200,242.65110778808594,54.930484771728516,7.502794232882016,1.2342521588177224,-0.712435600416169,-0.138520783792826,3.5094382762908936,1.8743261098861694,219.71017456054688,0.14833350479602814,1
27219,242.03009033203125,54.915618896484375,20.5639840879767,1.2304455399931042,-1.332254193535865,-0.37609236679126057,-100.0,-100.0,-100.0,1.1140919923782349,6
17867,242.48410034179688,54.258758544921875,47.51890321294497,1.2065070216746496,-2.8839568630924597,-2.798426811340719,-100.0,-100.0,-100.0,0.6663244962692261,6
18951,243.91619873046875,54.291507720947266,64.90125939951261,1.1963637342763533,-6.063161037504205,-8.996024602433579,-100.0,-100.0,-100.0,0.6801847815513611,6
8373,242.11561584472656,54.977081298828125,16.56013520310384,1.1910931583779885,-0.9257414526329871,-0.33037555902294874,7.7592973709106445,1.947969675064087,286.9400634765625,0.2860109806060791,1
21079,241.6914520263672,54.95972442626953,31.053929744432686,1.186657069312267,-1.6184108578510614,-1.025609029768739,3.5978615283966064,2.2526919841766357,11.391963958740234,0.7690575122833252,1
10227,241.2139434814453,55.933021545410156,70.51278795780294,1.1805602307554928,-7.655410197497891,-14.408454444127504,-100.0,-100.0,-100.0,0.40715527534484863,6
24905,241.5856170654297,55.761993408203125,54.58596041371647,1.1803375122196909,-3.8571467132714683,-4.380324204498716,-100.0,-100.0,-100.0,1.0198413133621216,6
37486,242.3771514892578,54.257896423339844,47.97457312165224,1.1778584364537474,-2.8132936405511346,-2.8796900814267046,-100.0,-100.0,-100.0,2.4398133754730225,6
17754,242.6720428466797,55.048309326171875,3.1486619088842205,1.1713954575930696,-0.2745172781526444,-0.00834258474741501,-100.0,-100.0,-100.0,0.6380463242530823,4
37353,242.01243591308594,53.99784469604492,66.08474941430745,1.160299589959904,-5.8772763175851805,-9.870463240852548,-100.0,-100.0,-100.0,2.4839537143707275,4
28304,244.16592407226562,55.29196548461914,56.255504204017086,1.155316277873198,-3.9325535918610663,-4.884693993075427,-100.0,-100.0,-100.0,1.3589043617248535,6
18,241.56649780273438,55.44162368774414,41.93202962771247,1.1534273134861381,-2.3280589770408735,-2.054517804445003,10.783539772033691,2.653333902359009,314.35943603515625,0.01435170229524374,1
38308,241.37466430664062,55.121891021728516,41.63927960228659,1.151155765632648,-2.4679359867485147,-1.9291871081460974,-100.0,-100.0,-100.0,2.6200156211853027,6
36203,242.9051971435547,55.28672409057617,18.102262553677445,1.1485895897168295,-0.5426490825581783,-0.28733775865397054,-100.0,-100.0,-100.0,2.1247973442077637,4
635,242.95523071289062,54.70366287231445,24.416360473366943,1.1295480008083014,-1.1667458012542073,-0.6348857258205092,9.902528762817383,5.336409568786621,201.76966857910156,0.04527529701590538,1
39631,241.87069702148438,54.29228591918945,51.63881181703896,1.1264967797202288,-3.4437673494064573,-3.6273563841821224,-100.0,-100.0,-100.0,3.2673983573913574,6
636,242.11666870117188,54.693843841552734,26.64374113995842,1.1155697483384017,-1.2720753227309076,-0.7506067077967232,10.244186401367188,7.210259914398193,303.1133117675781,0.03984502702951431,1
26734,242.17726135253906,55.49087905883789,29.89261545356785,1.1082448779001541,-0.9270885206297946,-0.8557348008742318,-100.0,-100.0,-100.0,1.1936391592025757,5
11942,241.97027587890625,55.517333984375,35.00111178348204,1.1042857262775936,-1.646470438393083,-1.2409781567636284,-100.0,-100.0,-100.0,0.4505763351917267,4
36171,243.01687622070312,54.804866790771484,20.990037264086165,1.0907728086125812,-0.8753475775708822,-0.3927956804713004,-100.0,-100.0,-100.0,2.148642063140869,4
155,241.36190795898438,56.004154205322266,70.69745081468898,1.0879730573370194,-8.054158915560322,-14.747809142051619,15.574187278747559,13.382376670837402,186.8813018798828,0.019485902041196823,1
38907,243.41748046875,54.9738655090332,29.14660986877749,1.0862082944180314,-1.5678828505693392,-0.8077037363222102,-100.0,-100.0,-100.0,2.854581356048584,6
22083,241.49346923828125,54.13221740722656,66.72356341133666,1.081370887811116,-6.9944001995686484,-10.390561110220986,-100.0,-100.0,-100.0,0.8340217471122742,6
28583,242.89089965820312,55.74226379394531,42.93278890826997,1.0800601143003767,-2.5354229224245244,-2.0955519816984443,-100.0,-100.0,-100.0,1.426537036895752,6
33094,242.69439697265625,55.10664749145508,5.2322374816622235,1.0792000436673508,-0.6478435632839417,-0.022966084318196744,-100.0,-100.0,-100.0,1.7795724868774414,6
37487,243.8741455078125,55.55116653442383,53.489430088226634,1.0784685931752278,-3.206532628748778,-4.081545435926664,-100.0,-100.0,-100.0,2.495086431503296,6
17809,241.34341430664062,54.58725357055664,50.94624383199409,1.0739298404949305,-3.389329622340522,-3.4717369306994543,-100.0,-100.0,-100.0,0.6379659175872803,6
37445,241.7390594482422,54.29100799560547,54.03093417364652,1.0654668067516477,-3.800402988363154,-4.2261092160264395,-100.0,-100.0,-100.0,2.43790864944458,6
1878,243.3646240234375,54.49740982055664,42.78941737108813,1.0653943670713142,-2.4115806784279004,-2.0764894817043253,-100.0,-100.0,-100.0,0.166866734623909,6
28496,242.8633575439453,55.56848907470703,32.6450520757159,1.062226989237596,-1.4713868667527354,-1.0502617313720135,-100.0,-100.0,-100.0,1.3308780193328857,6
27084,242.98472595214844,56.1881103515625,69.71856402324215,1.0619935866429744,-7.586808295803966,-13.406267370740439,-100.0,-100.0,-100.0,1.2171276807785034,6
11929,242.2052001953125,55.138824462890625,13.970620759230664,1.0603414504543867,-0.8703524826475619,-0.2587824010628387,3.8689675331115723,2.1859076023101807,140.29747009277344,0.42021769285202026,1
1785,243.491943359375,55.658443450927734,48.00746270199083,1.0587148661332966,-2.9995240510876595,-2.9774469169179834,4.6819939613342285,4.595855236053467,228.3909149169922,0.08105721324682236,1
3216,242.30882263183594,55.27695083618164,16.555917884124938,1.0531021252690007,-0.8994997946431491,-0.3297018518919716,4.071211338043213,2.6835110187530518,287.2807312011719,0.13465504348278046,1
10183,242.6804656982422,54.93191909790039,7.81122138386375,1.045817090091325,-0.7484778294903541,-0.1423180739043398,1.7728906869888306,1.731050729751587,330.4658203125,0.34251609444618225,1
33063,245.29385375976562,54.487159729003906,99.77423617330355,1.0432901969013635,30.489368999988955,-291.48300658479087,-100.0,-100.0,-100.0,1.8243769407272339,6
30906,243.35650634765625,55.38261413574219,33.26920747482769,1.0394333005206635,-1.4666404551485428,-1.098516344923507,-100.0,-100.0,-100.0,1.6175466775894165,6
18984,242.3050994873047,54.100982666015625,57.66814303536823,1.0365700909324214,-4.638205900399576,-5.36527640580811,-100.0,-100.0,-100.0,0.6848443746566772,6
24676,241.65444946289062,54.99147033691406,32.036524387879076,1.0342431146353934,-1.0392828726946475,-1.0047291111139072,-100.0,-100.0,-100.0,1.0146077871322632,4
6560,243.09490966796875,54.49346160888672,37.77810192692828,1.033337253618848,-2.01920242309193,-1.5908558498436185,4.760568618774414,1.1262931823730469,162.31930541992188,0.2690836489200592,1
28687,243.77076721191406,55.686519622802734,55.78010287522066,1.0309068135746793,-3.703479663108566,-4.734542447294266,-100.0,-100.0,-100.0,1.4878804683685303,6
10225,242.6398162841797,55.12325668334961,4.911947732867841,1.030215967976927,-1.0135192168591003,-0.020250003971675225,-100.0,-100.0,-100.0,0.3825327455997467,6
124,242.41685485839844,55.325927734375,17.547774539740473,1.030039884253316,-0.8995905452512695,-0.3581098633129294,6.303936004638672,1.9847090244293213,8.831205368041992,0.022793259471654892,1
28305,240.95352172851562,54.6494026184082,61.09366448488239,1.0288953041097417,-5.210662397781985,-6.791944258819602,-100.0,-100.0,-100.0,1.4411042928695679,6
13602,242.64169311523438,54.93424987792969,7.187777061907986,1.0264021016154214,-0.7217237299700141,-0.04352451734815223,-100.0,-100.0,-100.0,0.5019140243530273,6
38341,242.20266723632812,55.87178421020508,51.02515455238639,1.0190703414730813,-3.5188276030155357,-3.489157272391166,-100.0,-100.0,-100.0,2.6178433895111084,6
12023,244.31871032714844,54.84720993041992,61.10626221072653,1.017927667443784,-5.283535813430382,-6.798072850947452,-100.0,-100.0,-100.0,0.45421794056892395,6
11930,242.45321655273438,55.404876708984375,21.805038397989524,1.0170046630153098,-1.1178595448285844,-0.5177357781948742,2.702308416366577,0.8493635654449463,340.7613830566406,0.3999076187610626,1
15114,243.25009155273438,54.336360931396484,48.64500273820095,1.0093874736228308,-3.514346914685587,-3.0034631422941436,-100.0,-100.0,-100.0,0.5490098595619202,6
4926,240.72544860839844,55.37065505981445,66.3740834974713,1.00671484256456,-6.7774109747038676,-10.101576847759146,-100.0,-100.0,-100.0,0.23277753591537476,6
6598,242.2445068359375,54.92304229736328,13.808179448036778,1.004534201394719,-0.9087672043498138,-0.16380824494570687,-100.0,-100.0,-100.0,0.3115597069263458,6
32947,243.9059295654297,54.73456954956055,49.471041273016716,1.0009977805998744,-3.660090534119752,-3.163447263985188,-100.0,-100.0,-100.0,1.836092233657837,6
30736,243.43679809570312,55.0115966796875,29.533094790906613,0.9974594307157635,-1.3285036184781,-0.8322928332330175,-100.0,-100.0,-100.0,1.6904613971710205,6
4862,241.83534240722656,54.807926177978516,29.473699909504777,0.9964450558832808,-1.4508253043116666,-0.9201149084054395,6.517988204956055,1.6946065425872803,94.80720520019531,0.2223070114850998,1
703,241.97747802734375,55.96107864379883,58.44643153372232,0.9956264783544875,-4.588272041999722,-5.7458605840688435,10.727971076965332,10.478551864624023,298.66400146484375,0.04977957904338837,1
30978,240.8634796142578,55.059852600097656,59.01083724836891,0.9912195065302573,-4.823001936712381,-5.875711512341759,-100.0,-100.0,-100.0,1.6357923746109009,6
32980,242.94326782226562,55.21213912963867,15.842071222859577,0.9840261939303284,-1.3325605213468827,-0.21766265931071196,-100.0,-100.0,-100.0,1.8923076391220093,6
638,242.64427185058594,54.529293060302734,31.24714235461479,0.9839303582937098,-1.5253442463944478,-1.0384963393333242,7.119246006011963,3.505108118057251,68.6241226196289,0.07287745922803879,1
24965,242.6714324951172,54.93959426879883,7.261070548998721,0.9759712956204077,-1.0891939575691612,-0.044403591647867724,-100.0,-100.0,-100.0,1.0012050867080688,6
19039,244.19216918945312,55.06495666503906,55.395501235714036,0.974432886865855,-4.41956465658413,-4.61700946692801,-100.0,-100.0,-100.0,0.6846252083778381,6
18978,242.1658477783203,54.713069915771484,24.708325947904104,0.9690838047675852,-1.0556047250053657,-0.5587503566512623,-100.0,-100.0,-100.0,0.6972613334655762,6
32723,242.46542358398438,54.842899322509766,12.973002859798253,0.9663797543347323,-0.6751023695074885,-0.14419378484610446,-100.0,-100.0,-100.0,1.8765815496444702,4
38306,243.49594116210938,55.593318939208984,45.21315920945834,0.9605364005734233,-2.7876616663470175,-2.4209111005121113,-100.0,-100.0,-100.0,2.577192783355713,6
680,242.90586853027344,54.25969696044922,48.67347833498913,0.9513819040376162,-3.0696694356716767,-3.09988062693959,7.421954154968262,4.393354415893555,204.73031616210938,0.04895830154418945,1
28689,244.27288818359375,54.24580383300781,75.97916147862054,0.9367404875440625,-10.942381660209655,-25.425743279262203,-100.0,-100.0,-100.0,1.4243981838226318,6
26626,242.69305419921875,55.51885223388672,28.46579709449833,0.932314236926255,-1.4939183330019687,-0.8548712597730036,1.9857263565063477,1.7223176956176758,94.10759735107422,1.0752912759780884,1
31014,242.76768493652344,54.44417953491211,36.85081075460027,0.9320860843820621,-1.8215252010434029,-1.4084357400982577,-100.0,-100.0,-100.0,1.5461487770080566,6
25014,242.5827178955078,55.627532958984375,34.72545492872904,0.9297488948459194,-1.7265685899862373,-1.2174145692620424,-100.0,-100.0,-100.0,1.0618151426315308,6
32827,242.44142150878906,55.2056999206543,10.554366300883677,0.9283906207519498,-0.9078944866891457,-0.09468701052095974,-100.0,-100.0,-100.0,1.7104636430740356,6
3206,242.43865966796875,55.47329330444336,25.928170941051338,0.925568337474775,-1.2572979909970086,-0.7126341436882101,3.121265411376953,2.187113046646118,218.81443786621094,0.12622052431106567,1
22030,243.10433959960938,55.74077606201172,45.19473959483206,0.9207239919808449,-2.9355665783285456,-2.418103820241225,-100.0,-100.0,-100.0,0.8490979075431824,4
3269,243.92037963867188,55.7724494934082,62.992768789899756,0.9177305600131249,-5.607674700042119,-7.883814830771742,20.973064422607422,4.341163635253906,335.3835144042969,0.15374144911766052,1
32879,243.3453369140625,54.31101608276367,51.60792895709393,0.9164333986186722,-3.3647780029733796,-3.6202187913285173,-100.0,-100.0,-100.0,1.8557054996490479,6
10283,243.12411499023438,56.09540557861328,65.44928057039724,0.9076946655036513,-6.545014781317775,-9.387423715457018,-100.0,-100.0,-100.0,0.39515525102615356,6
651,243.41604614257812,54.679256439208984,36.38824026771233,0.9073946118278932,-1.8736425207837777,-1.4556363811998116,12.960943222045898,2.822439432144165,18.393430709838867,0.0373411551117897,1
3308,242.00631713867188,54.931724548339844,20.97384872967112,0.9059909608209805,-1.4777626018790244,-0.39221375277003884,-100.0,-100.0,-100.0,0.19552384316921234,6
746,242.22994995117188,55.51760482788086,30.573134758883736,0.9038387511435692,-1.237199248967958,-0.90114514643455,-100.0,-100.0,-100.0,0.11549098789691925,6
28586,243.73182678222656,55.88142776489258,63.478109674449136,0.8998046079850048,-5.989762670612836,-8.076046735523368,-100.0,-100.0,-100.0,1.4771349430084229,6
684,241.1366424560547,55.309696197509766,51.88266279969676,0.898160272202094,-3.496461114461457,-3.7751869647898495,11.709924697875977,6.47923469543457,78.17794036865234,0.05271221324801445,1
32938,242.54000854492188,54.736515045166016,18.787587907172778,0.8941435445025522,-0.9202321569585282,-0.31069131369412567,-100.0,-100.0,-100.0,1.7043342590332031,6
33095,242.83900451660156,55.616294860839844,35.17585670200134,0.8908412924450294,-2.0478866351923783,-1.2561564268071435,-100.0,-100.0,-100.0,1.8456037044525146,6
22081,243.94236755371094,55.5757942199707,56.23505415344669,0.8882121858172203,-4.388576995309978,-4.8782004896185365,-100.0,-100.0,-100.0,0.8371891975402832,6
3226,243.38699340820312,55.34962463378906,32.99434749062752,0.8867914543240303,-1.6557510043316281,-1.1685201500026727,3.6882078647613525,2.926311492919922,47.64444351196289,0.13355706632137299,1
10192,241.53952026367188,55.252498626708984,37.72309213475306,0.8847761792150429,-2.030749417281363,-1.5855504507451292,5.757140159606934,4.03522253036499,270.10308837890625,0.36389198899269104,1
695,243.8699188232422,55.64630889892578,56.748842406378316,0.883997323601627,-4.272427160811397,-5.138076184955882,6.165327072143555,2.06215500831604,324.9203186035156,0.06921874731779099,1
32776,241.9612274169922,54.65544509887695,31.849801472493557,0.8783826006377861,-1.4061623595397184,-0.9910996018491944,-100.0,-100.0,-100.0,1.8427151441574097,5
3186,242.66627502441406,55.391563415527344,20.775923012965297,0.8776913302209653,-1.0376156812335708,-0.4752298003294781,3.6275157928466797,2.3188412189483643,213.07211303710938,0.15329284965991974,1
1861,242.330322265625,54.81523513793945,16.45281737036366,0.8701768122776828,-1.299693662987159,-0.2353830082282987,-100.0,-100.0,-100.0,0.12720046937465668,6
18975,242.6768035888672,55.35173797607422,18.474711223568487,0.8672305401176787,-0.7277905280453079,-0.29978958670424855,-100.0,-100.0,-100.0,0.6911965012550354,6
37330,242.028564453125,54.49403381347656,38.37551770863544,0.8666894460125313,-2.244098992469465,-1.6450769513128038,3.838754415512085,3.2871038913726807,151.43263244628906,2.224332332611084,3
6559,241.4835662841797,55.134803771972656,38.013808319328504,0.8652566417119752,-2.0375896523388137,-1.614349599421506,3.0228915214538574,2.593966007232666,79.8191909790039,0.255206435918808,1
21218,243.67816162109375,55.27023696899414,39.90391729147533,0.8649527389228718,-1.8460947751857089,-1.7243737804359984,-100.0,-100.0,-100.0,0.8226785063743591,6
11915,242.5475311279297,54.82451248168945,13.503597879689021,0.8637717182655671,-0.8584085954491267,-0.24704139647726148,4.042344093322754,1.0748924016952515,239.21270751953125,0.40405452251434326,1
39655,242.95384216308594,54.98037338256836,13.485390017854746,0.8612058079103515,-0.6386006729757671,-0.15615173107464422,-100.0,-100.0,-100.0,3.106538772583008,6
27183,243.64724731445312,55.01795959472656,36.72928144407537,0.8577528528306954,-2.238367012057572,-1.3969906870575601,-100.0,-100.0,-100.0,1.201706886291504,6
4894,240.93763732910156,54.74896240234375,59.463437308974136,0.8568103561572744,-4.8208468313512425,-6.154013913949834,3.1417269706726074,2.6248064041137695,90.08514404296875,0.21443043649196625,1
1749,243.13182067871094,55.61865234375,39.028133706791536,0.856508638846661,-2.09402937070268,-1.7196677558964268,3.376176595687866,2.4124505519866943,184.15316772460938,0.07715195417404175,1
1731,242.04605102539062,54.55575942993164,34.879577092474634,0.850764084971998,-1.7745517944893046,-1.3218671492328171,23.852373123168945,5.449629306793213,274.0458984375,0.07640814781188965,1
32988,242.94375610351562,53.83016586303711,74.20726807490912,0.8423036090128421,-9.85975736717407,-20.812240622913812,-100.0,-100.0,-100.0,1.8477548360824585,6
6551,241.63267517089844,55.11470413208008,32.789775907378754,0.8369147858735603,-1.659487557701426,-1.1528804181454944,4.5257744789123535,3.225867986679077,223.29290771484375,0.22878506779670715,1
30535,242.92762756347656,54.88676834106445,15.410259124871002,0.8327001414194085,-1.0073547844668898,-0.29232778081893745,2.508310556411743,2.4835643768310547,289.0687561035156,1.4086618423461914,2
36245,242.30303955078125,54.197998046875,51.94816454284916,0.8313536489627317,-3.6186874068059396,-3.6992082217819657,-100.0,-100.0,-100.0,2.1121957302093506,6
709,240.7417449951172,55.248268127441406,64.1677690126067,0.828623203682639,-5.88875122322399,-8.59752129467784,5.467419147491455,3.3486483097076416,193.40966796875,0.05334920808672905,1
36336,244.8595733642578,54.9519157409668,78.64612104020685,0.8283526667964989,-13.032445665488309,-35.78088117477085,-100.0,-100.0,-100.0,2.175792932510376,6
6626,242.0676727294922,55.38062286376953,26.542640042306736,0.8263663516146358,-1.0290520546686923,-0.6543536463649506,-100.0,-100.0,-100.0,0.27616187930107117,6
1770,242.84304809570312,55.83219528198242,47.84723200287027,0.8221384639898517,-2.9795238156586685,-2.9482052956412117,9.865277290344238,5.682184219360352,33.17467498779297,0.09925168007612228,1
8504,241.86038208007812,55.4516716003418,34.50760512005869,0.8161348427578009,-1.8098648269469835,-1.1991265083751308,-100.0,-100.0,-100.0,0.3355043828487396,6
740,241.3881072998047,56.108619689941406,75.35749482325966,0.815937382531627,-10.29257334103254,-23.65104170065637,-100.0,-100.0,-100.0,0.11829796433448792,6
3141,242.40054321289062,55.12276077270508,7.60737028375012,0.815283491834229,-0.7130903803945132,-0.1395072822144213,3.0432071685791016,0.9704688191413879,13.060340881347656,0.16323892772197723,1
40037,241.57154846191406,55.38786315917969,40.07874362286046,0.8145233896696764,-2.0578190899847852,-1.744101386945881,-100.0,-100.0,-100.0,4.2578444480896,4
15158,241.88919067382812,54.31726837158203,50.012029783924596,0.8143698937614783,-3.2109132498736344,-3.2730513291079473,-100.0,-100.0,-100.0,0.5653464794158936,6
37331,241.11180114746094,54.73200225830078,54.126155865847416,0.8083424700193464,-4.050376809451623,-4.339858979493597,6.902890682220459,5.300403594970703,288.7343444824219,2.1690406799316406,3
4892,244.2500457763672,55.07512664794922,57.39032204181291,0.8080221200539176,-4.418814549191907,-5.359502466014544,6.5537519454956055,4.197608947753906,221.03720092773438,0.17688210308551788,1
25011,242.960205078125,54.542537689208984,33.09293728309203,0.8066138927839759,-2.3542588971890863,-1.0847597535758768,-100.0,-100.0,-100.0,1.0433381795883179,6
23917,241.65386962890625,54.525970458984375,44.850034789710115,0.8023313075904173,-2.793073841063005,-2.3661373623125583,-100.0,-100.0,-100.0,0.9747031927108765,6
36195,243.24961853027344,55.45566177368164,33.46153146706803,0.792295259254718,-1.5777924956719867,-1.1137598700529998,-100.0,-100.0,-100.0,2.173964500427246,4
39598,241.1904754638672,55.92408752441406,70.64492058809527,0.7896670473382721,-7.489232502673636,-14.585367738271055,-100.0,-100.0,-100.0,3.247077703475952,4
629,243.25437927246094,55.34850311279297,29.257503810934253,0.7892678005412196,-1.4089421714693224,-0.9050789772963779,4.399382591247559,3.0125865936279297,81.3843994140625,0.06656350940465927,1
3203,243.24241638183594,54.61211395263672,34.78211673135219,0.788749080562886,-1.777379382599793,-1.313860567600837,4.267613410949707,4.1098504066467285,194.77078247070312,0.1568266749382019,1
33061,242.47474670410156,53.85655212402344,71.62841207787825,0.7885471716350155,-8.186850443529707,-16.00428420455536,-100.0,-100.0,-100.0,1.788625955581665,6
28303,240.7624053955078,55.30801773071289,64.19916241472743,0.7870660207210985,-6.294192003247988,-8.525729315455742,-100.0,-100.0,-100.0,1.3738088607788086,6
715,244.53219604492188,54.848976135253906,68.31201388978147,0.7865495346615177,-7.151531617272753,-11.949276196841454,11.833660125732422,7.889349460601807,190.52516174316406,0.037446487694978714,1
6595,244.0959014892578,54.8856315612793,53.10529465058026,0.7803622517242926,-3.7900346836323315,-3.982312407317586,-100.0,-100.0,-100.0,0.2790834903717041,6
6568,243.86676025390625,55.64015579223633,56.435176213515035,0.7789036116759269,-4.255031850592196,-5.035714437553086,10.125727653503418,4.664959907531738,74.47322845458984,0.24027466773986816,1
23916,241.80215454101562,55.200103759765625,28.202680798955573,0.7780170497556532,-1.1707074269224167,-0.7495449582550774,-100.0,-100.0,-100.0,0.9335042834281921,6
37409,242.8974609375,54.55386734008789,31.653924812546727,0.7767538251492524,-1.5079915151872905,-0.9769258963114177,-100.0,-100.0,-100.0,2.488288640975952,6
13650,242.7333984375,56.13144302368164,65.1666207669774,0.7765286843257753,-6.588925174134499,-9.18278781720866,-100.0,-100.0,-100.0,0.4981710612773895,6
30531,242.9679718017578,54.8648567199707,17.321166504966634,0.776024791472388,-1.0614488472068415,-0.34875429914243505,1.3856582641601562,1.3852711915969849,79.25674438476562,1.3652782440185547,2
3140,242.74021911621094,55.007450103759766,6.028329970769258,0.7758283372876473,-0.6948204784481189,-0.12124905816066772,4.067358493804932,3.9623923301696777,33.20119857788086,0.1271493136882782,1
12055,242.98500061035156,54.90351486206055,16.432698689163338,0.7754291823070294,-0.7181421909728627,-0.2347695102235936,-100.0,-100.0,-100.0,0.47287580370903015,6
13660,242.5085906982422,55.195125579833984,9.120424901529354,0.7735323896534512,-0.2962424771281362,-0.07040631694501603,-100.0,-100.0,-100.0,0.488620787858963,6
22076,242.26107788085938,54.519439697265625,33.627460597037135,0.7718874120021996,-1.4811813631420578,-1.1269424986723202,-100.0,-100.0,-100.0,0.8560706973075867,6
8363,243.2693328857422,55.260833740234375,26.825447704300874,0.7700961514600143,-1.3254825885269017,-0.7612169411797363,7.481649398803711,7.218170166015625,238.85006713867188,0.3145064413547516,1
3143,242.58657836914062,54.894710540771484,9.246390988904107,0.768083108022022,-0.7364441819125497,-0.16310881827695028,4.947311878204346,3.1793487071990967,140.45144653320312,0.15914994478225708,1
4819,242.34938049316406,55.282737731933594,16.11727116211072,0.7674412855404091,-0.8952662727567635,-0.31652096613258784,2.561713457107544,2.4966509342193604,43.223907470703125,0.22415412962436676,1
1754,243.72898864746094,54.77796936035156,42.81433589077163,0.7645647187499276,-2.436072245637692,-2.1713200669469805,11.080414772033691,10.074646949768066,140.38278198242188,0.07916497439146042,1
15208,242.94883728027344,55.105472564697266,13.102992046604832,0.7641969751309747,-0.9683095166605399,-0.1471781420974767,-100.0,-100.0,-100.0,0.5624241828918457,6
11916,241.9289093017578,55.12376022338867,22.821800565113175,0.7569993208529014,-1.15695579475993,-0.5608084461093333,2.925610065460205,0.7991586327552795,328.6202087402344,0.40340906381607056,1
3211,242.56712341308594,54.47572326660156,34.386305088068134,0.7528902747653444,-1.7489869396087832,-1.280135703103944,3.2892158031463623,1.6712349653244019,280.01678466796875,0.15978564321994781,1
17743,242.80166625976562,55.02186965942383,7.776017531332336,0.7499976649976691,-0.780407158312368,-0.14100353557933085,3.4156973361968994,2.7370963096618652,182.09573364257812,0.5897702574729919,1
26733,242.2801513671875,55.250579833984375,15.893753106113829,0.74979293108847,-1.217698027173198,-0.2190558738844817,-100.0,-100.0,-100.0,1.2131341695785522,5
34951,242.6981964111328,54.19911193847656,51.14369981585985,0.7489536478059158,-3.3731627975091083,-3.515383111120616,-100.0,-100.0,-100.0,1.9828993082046509,6
1855,245.17774963378906,55.15549850463867,89.3819422799286,0.7452939577451025,-52.65168138482067,-575.1804528428233,-100.0,-100.0,-100.0,0.1739843338727951,6
28425,243.15057373046875,54.473976135253906,39.73615497380542,0.7426108422812234,-1.8027333679612765,-1.7056904866703024,-100.0,-100.0,-100.0,1.3631553649902344,6
23982,243.30792236328125,54.594886779785156,37.067481207174225,0.742313800811219,-1.9394909255701525,-1.429137221598616,-100.0,-100.0,-100.0,0.9707571864128113,6
6552,241.4307861328125,55.00661087036133,39.61807809097746,0.7376008213824518,-2.170042056688071,-1.7840780305072013,2.7825188636779785,2.004875659942627,244.42330932617188,0.2263806313276291,1
17812,242.35240173339844,56.233306884765625,71.48997093000995,0.7373413058239344,-8.315331435430766,-15.793064361997299,-100.0,-100.0,-100.0,0.6561529636383057,6
634,242.62257385253906,54.38017272949219,40.14280967374774,0.7361418277407213,-2.1778073638677324,-1.8419119707631124,7.693414688110352,5.0762038230896,261.4815673828125,0.06986299902200699,1
1807,244.0341796875,55.69695281982422,62.99805882324842,0.7319451941839995,-5.59901536541274,-7.886425995889278,7.382716178894043,6.970928192138672,24.937419891357422,0.07682893425226212,1
4930,243.38201904296875,55.62680435180664,44.1696404347679,0.7257706976532319,-2.4147367172548453,-2.266582367470266,-100.0,-100.0,-100.0,0.23440012335777283,6
18983,243.48541259765625,54.285091400146484,55.547782563473426,0.7209895589469667,-4.090536574844611,-4.663094508710653,-100.0,-100.0,-100.0,0.6890106797218323,6
24977,241.5471649169922,53.94511795043945,75.37268171124146,0.720785086534413,-10.415496450119969,-23.692249575706477,-100.0,-100.0,-100.0,1.06746506690979,6
32825,242.4331817626953,55.26129913330078,13.714308192148874,0.7202285748433256,-1.019351543934637,-0.16158564937415956,-100.0,-100.0,-100.0,1.7072359323501587,6
33052,242.1623992919922,54.69739532470703,25.54944585096694,0.7180327053653969,-1.0034924526433504,-0.6013875026025751,-100.0,-100.0,-100.0,1.732898473739624,6
27184,243.7327423095703,54.7071418762207,44.74670248026033,0.714483056086598,-2.8442334560330083,-2.3507083712547314,-100.0,-100.0,-100.0,1.293212652206421,6
39311,242.81869506835938,54.59366989135742,28.521335814395375,0.7139635269259704,-0.9987381485021063,-0.7688670834748605,-100.0,-100.0,-100.0,2.916395902633667,4
32790,243.07591247558594,55.282047271728516,22.00554752633008,0.7129469351479333,-0.914161349973702,-0.4346987759288437,-100.0,-100.0,-100.0,1.8314346075057983,5
11922,242.2701873779297,54.54887390136719,31.8558559284668,0.7129173585214847,-1.6221260151938428,-1.0826182024493585,2.7900712490081787,2.013373374938965,91.10420989990234,0.4236800968647003,1
1742,243.81320190429688,55.157711029052734,42.816837188964236,0.7106066765381209,-2.4358431015319315,-2.1713605252712718,4.823911666870117,1.8769348859786987,114.16416931152344,0.10513144731521606,1
38878,244.11985778808594,55.77056121826172,68.00481850214567,0.7093221888924354,-6.9631872972851685,-11.552309948393901,-100.0,-100.0,-100.0,2.8010480403900146,4
1795,242.6062469482422,54.058414459228516,59.428523656231114,0.7063896612000696,-4.7943342668076765,-6.138613173391763,7.341038703918457,7.025559902191162,8.86922836303711,0.11376072466373444,1
10191,241.3732147216797,54.90411376953125,42.466572273678906,0.7053392186000447,-2.444764971448738,-2.126087424684248,5.538552761077881,3.166728973388672,265.51251220703125,0.3668406903743744,1
30910,243.89617919921875,54.54582977294922,54.60361311397667,0.7040018459300702,-3.7222379705199935,-4.385306962559296,-100.0,-100.0,-100.0,1.5687962770462036,6
6538,241.79095458984375,55.212486267089844,28.807524259695864,0.7007877373466473,-1.4208405469853982,-0.8774729800070192,10.471835136413574,4.679745674133301,80.83534240722656,0.25666722655296326,1
12054,242.0006866455078,55.32408905029297,25.831210650363143,0.6987400974220235,-1.8784350460216965,-0.6161129694074422,-100.0,-100.0,-100.0,0.4528876841068268,6
33018,241.48135375976562,54.81637191772461,40.37227260095146,0.6976204712125685,-2.4163079917284978,-1.777725001327749,-100.0,-100.0,-100.0,1.7971038818359375,6
16527,242.7122344970703,54.78799819946289,16.293381782552917,0.6972731798994398,-0.9495064838424033,-0.3205685557358218,3.1801958084106445,2.7688939571380615,180.90921020507812,0.5374221801757812,1
4822,242.93621826171875,54.83466339111328,17.759115589473428,0.6959091962473827,-0.9430672078138863,-0.3667035142745394,5.079677104949951,4.025698184967041,35.936363220214844,0.19148489832878113,1
33102,244.8406219482422,55.16240692138672,77.87379658861303,0.6947545021526269,-12.661900076571639,-32.22258624457225,-100.0,-100.0,-100.0,1.73208487033844,6
4803,242.95167541503906,55.2139778137207,16.136929317911896,0.6943705516012938,-0.8954463654379807,-0.3169197128085013,2.1718826293945312,1.6959984302520752,50.307167053222656,0.21451114118099213,1
38876,243.3614501953125,55.943302154541016,59.87603979341887,0.6847937500266442,-4.561980551735862,-6.236320891414628,-100.0,-100.0,-100.0,2.7034859657287598,4
28210,241.71859741210938,54.34844970703125,51.560866426952124,0.6837536196841665,-4.019438803857144,-3.609517179813228,-100.0,-100.0,-100.0,1.4078012704849243,4
16528,243.07838439941406,55.27456283569336,21.79023916782188,0.6784491570855271,-1.1349896679230969,-0.5157993782863577,3.360619068145752,3.0483438968658447,342.3507080078125,0.5611763000488281,1
24855,243.2264404296875,54.57960510253906,35.93395586313316,0.6780998257561673,-2.3252386978639565,-1.3233788816265877,-100.0,-100.0,-100.0,1.0418530702590942,6
6466,242.55941772460938,54.926231384277344,7.388267542128198,0.6759700607427698,-0.7276352267347698,-0.13692419061462843,5.432282447814941,1.2299894094467163,338.4856872558594,0.22688353061676025,1
36360,243.1241455078125,55.4388313293457,29.892556956316177,0.6748988624111408,-1.3754849837452654,-0.855755571558785,-100.0,-100.0,-100.0,2.209024429321289,6
4846,241.88345336914062,54.65679931640625,33.65547308512729,0.6748622519291748,-1.707581683762957,-1.220328709110909,4.529763221740723,1.2263332605361938,287.8470458984375,0.18589064478874207,1
13532,242.68484497070312,54.67247772216797,22.86399458801799,0.6722164031688297,-1.165760100548958,-0.562688941729701,2.674314498901367,2.6742124557495117,243.0095977783203,0.45041337609291077,1
30940,241.80384826660156,54.94257354736328,27.477993206842648,0.670584083880696,-1.3629156839482728,-0.7069809344009126,-100.0,-100.0,-100.0,1.6040048599243164,6
15060,241.76968383789062,55.576786041259766,42.07153282621378,0.6686414752038784,-2.4282933924895174,-2.075296729212295,3.2360963821411133,2.3040947914123535,168.445556640625,0.4754297137260437,1
1638,242.4879913330078,55.27052307128906,13.676976949129603,0.66825503356889,-0.8136053434335753,-0.2511529034353859,6.800871849060059,3.841909646987915,220.71730041503906,0.09117607027292252,1
3241,242.00628662109375,55.772926330566406,47.64693988660264,0.6682046449118212,-2.9649249135824145,-2.912672770604954,5.46049165725708,3.6362481117248535,189.51193237304688,0.16805927455425262,1
28499,243.94151306152344,55.83688735961914,66.19258161649955,0.6665507675133432,-6.4583493045519385,-9.95578616445434,-100.0,-100.0,-100.0,1.300714373588562,6
1654,242.990478515625,54.83673858642578,19.014429836017875,0.666521649851143,-0.9657685610766982,-0.4091786307572648,3.5505919456481934,3.059951066970825,287.3819274902344,0.08928384631872177,1
15115,241.31190490722656,54.467838287353516,56.06834264093941,0.6629734357645444,-4.191409819603015,-4.824976562432123,-100.0,-100.0,-100.0,0.5662562847137451,6
642,243.77035522460938,55.21223831176758,41.978207114085414,0.6620663903996746,-2.3442025635071,-2.0620779724392584,3.2284750938415527,2.699211359024048,354.68511962890625,0.05259731411933899,1
18949,244.1710205078125,54.697792053222656,58.80982575339494,0.6609639547519894,-4.110475723550257,-5.795720654121382,-100.0,-100.0,-100.0,0.678244948387146,6
6509,241.9786376953125,55.11085891723633,21.002560357710884,0.6608023282941716,-1.0632158838791967,-0.4844474698240093,2.6620266437530518,2.6620051860809326,136.0914306640625,0.25603264570236206,1
8371,243.6560821533203,54.84699630737305,38.99238916538619,0.6586369754743079,-2.1252987354566155,-1.7160759682502933,2.9963912963867188,2.851135015487671,25.768003463745117,0.3024594485759735,1
6558,242.70018005371094,54.26913070678711,46.96296957741479,0.6555311204346075,-2.9031262386760974,-2.794711492999729,2.9710640907287598,2.944485902786255,324.98358154296875,0.2572821378707886,1
16572,242.7684783935547,54.385738372802734,40.31247430793917,0.6550015614126763,-1.8276299989064024,-1.7708640621573317,-100.0,-100.0,-100.0,0.6047027707099915,6
39312,243.3253173828125,56.247222900390625,76.19970361033766,0.6546824628303218,-11.11034298686186,-26.102462642696572,-100.0,-100.0,-100.0,2.987614631652832,4
32781,243.6045684814453,55.491363525390625,43.93877232011561,0.6508408182531153,-2.474113873388434,-2.233758864716358,-100.0,-100.0,-100.0,1.8615354299545288,5
28299,243.1441650390625,55.01701736450195,19.47771503376628,0.6495943426493329,-0.9950016629623906,-0.3352376953974071,-100.0,-100.0,-100.0,1.4994579553604126,6
15044,242.7246856689453,55.029396057128906,5.093704573685982,0.6477896478618074,-0.738594657631019,-0.11192752863227383,7.4154839515686035,2.1431972980499268,229.95999145507812,0.49691998958587646,1
3332,242.22796630859375,55.451786041259766,27.018643482252457,0.6439348571783314,-1.542650958243953,-0.6808046440401122,-100.0,-100.0,-100.0,0.21241730451583862,6
24974,242.72996520996094,55.92803192138672,52.99956993112085,0.643896885380581,-3.6485171002632377,-3.9554404718928144,-100.0,-100.0,-100.0,1.0609546899795532,6
3142,243.3949737548828,54.99078369140625,28.23297359690977,0.6420687271016375,-1.373410087467018,-0.8425819476276032,7.826666831970215,1.9651447534561157,265.46197509765625,0.12573333084583282,1
1676,242.64903259277344,54.585716247558594,27.884632710238144,0.6410226835190358,-1.3446932235262268,-0.8213367661227101,7.5559587478637695,3.477385997772217,319.4855041503906,0.1194656491279602,1
10284,243.05511474609375,56.219844818115234,72.07927483764416,0.6361483638818389,-8.421862457693532,-16.721050099630055,-100.0,-100.0,-100.0,0.4232516288757324,6
720,241.2307891845703,55.97235107421875,71.92376792429202,0.6351487825256926,-8.599854468229383,-16.560797959612263,14.503632545471191,3.6279196739196777,269.6850891113281,0.054843511432409286,1
19012,243.1135711669922,54.65856170654297,29.786525729280278,0.6342528036028763,-1.1296242805238716,-0.8487445637958541,-100.0,-100.0,-100.0,0.7095613479614258,6
8327,242.26309204101562,55.049949645996094,10.908295618748957,0.6327029003622008,-0.7889647400107185,-0.19157164358557863,3.529914140701294,2.620720624923706,152.06005859375,0.281552255153656,1
30540,241.74417114257812,55.07582473754883,28.78087649149221,0.6296935611608935,-1.5412524738099247,-0.87109699534949,2.339648723602295,1.196640968322754,293.5254211425781,1.3769099712371826,2
15219,242.06488037109375,56.356292724609375,80.3634722331231,0.62756574487983,-14.851260800750472,-46.11787315736415,-100.0,-100.0,-100.0,0.5347291827201843,6
13535,242.29776000976562,54.76974868774414,19.374041577980258,0.6256852218495548,-1.031369789640178,-0.42095547677321987,1.940532922744751,0.8833112716674805,112.85697174072266,0.455323725938797,1
38966,241.94403076171875,54.812644958496094,26.116502297785825,0.6252925304857645,-1.8398367480587672,-0.6313070241137445,-100.0,-100.0,-100.0,2.819639205932617,6
595,242.46315002441406,55.38985061645508,20.85446604288791,0.6244732032622294,-1.019845638598845,-0.4773703370889484,2.196380376815796,1.6798194646835327,356.3733215332031,0.048692598938941956,1
6635,242.06649780273438,55.38614273071289,26.81753666141929,0.6237828814202754,-0.8934456857991351,-0.6695797075184963,-100.0,-100.0,-100.0,0.30144599080085754,6
20105,241.89247131347656,54.997642517089844,23.86055089804631,0.6218212931476639,-1.0863586162752696,-0.5177342141805332,-100.0,-100.0,-100.0,0.7726628184318542,6
34727,241.6940155029297,55.22222900390625,32.134549165230844,0.6206742758870228,-1.561981639948348,-1.0120258762918457,-100.0,-100.0,-100.0,1.9846851825714111,6
3086,242.60179138183594,54.904788970947266,8.670488945905005,0.618299292693787,-0.7274705153089868,-0.15409971740543546,4.716737270355225,1.8735899925231934,76.65281677246094,0.12887275218963623,1
6488,242.84420776367188,54.97199249267578,10.1774361597989,0.6177798228791362,-0.7680630513981052,-0.17839040062947742,4.992900371551514,1.1730239391326904,5.687313079833984,0.2638384997844696,1
16535,243.70632934570312,55.03937530517578,38.70800615673134,0.6164902971151576,-2.1355896109980135,-1.685206273607804,4.898971080780029,2.40339994430542,20.11467933654785,0.542455792427063,1
34602,242.19024658203125,55.4788818359375,29.050209726478567,0.615259877730398,-1.5825904488661262,-0.8855048759459507,3.780895471572876,2.243962049484253,4.439764022827148,1.8734050989151,2
8467,243.15512084960938,53.8557014465332,74.33774293838594,0.6151283283509115,-9.893335083308752,-21.108505757902613,-100.0,-100.0,-100.0,0.3422175347805023,6
27102,242.48216247558594,54.7982292175293,15.410069741647481,0.6134077706594074,-0.9142514875930772,-0.2054794960922598,-100.0,-100.0,-100.0,1.1752161979675293,6
1669,242.06430053710938,54.64653396606445,30.006402728178944,0.6120558961182625,-1.461651299323541,-0.9538978226251092,2.6452178955078125,2.620755434036255,101.1864013671875,0.12148357927799225,1
36216,243.5997772216797,55.60371398925781,48.15785227578385,0.6098971465997304,-2.788101930054344,-2.9129456760954144,-100.0,-100.0,-100.0,2.163128137588501,5
23950,243.1073455810547,56.34092330932617,79.5492484822113,0.6091056938173861,-13.498919806514166,-40.73074720603049,-100.0,-100.0,-100.0,0.9445510506629944,6
37313,242.96664428710938,55.21299362182617,16.509932613466272,0.6066911771030084,-1.0842054136472992,-0.31809104020806844,2.058511734008789,2.0580508708953857,356.7059020996094,2.113121747970581,2
26812,242.87123107910156,56.027252197265625,59.53270561376191,0.6060119306132838,-5.026583314660754,-6.090021750721543,-100.0,-100.0,-100.0,1.1291989088058472,6
656,241.6182861328125,54.436309814453125,49.606870400991355,0.6030411300930769,-3.186699556115415,-3.2813058907994592,8.085333824157715,7.866721153259277,340.92437744140625,0.052349597215652466,1
38863,243.03443908691406,54.536678314208984,34.50661381425388,0.6026507003659141,-1.6382885319263847,-1.1989134917271898,-100.0,-100.0,-100.0,2.781391143798828,4
34578,242.45504760742188,54.922386169433594,8.726108877500941,0.6021552188706144,-0.8928689934897538,-0.14750128556540948,1.6912338733673096,1.6822924613952637,108.74207305908203,1.8138712644577026,2
1698,242.73980712890625,55.61573028564453,34.44924539190928,0.6020596434512911,-1.7434610496957157,-1.2849823525596547,7.176774501800537,5.565110683441162,44.166412353515625,0.07585682719945908,1
37463,242.228515625,54.50914764404297,34.59214724317995,0.6008873839893025,-1.8122779491213803,-1.206116138669923,-100.0,-100.0,-100.0,2.341987371444702,6
4785,242.51025390625,55.287662506103516,14.533576939529956,0.599386974511751,-0.8526339817262711,-0.2728134837781145,3.0757124423980713,0.7003911137580872,233.52529907226562,0.2063812017440796,1
3199,241.5678253173828,55.34650421142578,39.007180343155866,0.5982320506382542,-2.1010089934667286,-1.7173343344836087,5.427105903625488,4.187267780303955,319.55133056640625,0.1346314400434494,1
27143,242.31143188476562,56.25041198730469,72.6709025611668,0.5971451096330266,-8.845792845175373,-17.733260718872586,-100.0,-100.0,-100.0,1.250855565071106,6
30575,242.10919189453125,55.34093475341797,23.827440865907146,0.5964461345817199,-0.9286352170254795,-0.5161937625381374,-100.0,-100.0,-100.0,1.5876590013504028,4
677,242.87379455566406,54.113990783691406,57.00707296691783,0.5953717607946594,-4.317498833005131,-5.224711124097879,4.54345178604126,4.254575252532959,39.11201477050781,0.061296455562114716,1
34879,242.9416961669922,55.55649185180664,32.86665539624232,0.5919538333890687,-1.6218123620002622,-1.0672352767697888,-100.0,-100.0,-100.0,2.0097079277038574,6
6514,243.3660125732422,55.06890869140625,27.022234484982746,0.5904423009317237,-1.326419629191607,-0.7717327751915639,3.5383341312408447,2.873696804046631,15.036592483520508,0.23416690528392792,1
1655,241.80616760253906,55.29420471191406,30.34463504949715,0.5886285797739745,-1.4817302340045604,-0.9766811746280929,6.457921981811523,5.160681247711182,268.52166748046875,0.07709360122680664,1
37503,242.7174530029297,54.1057243347168,56.78337258609488,0.5876528710821356,-4.332368278463882,-5.058084809632591,-100.0,-100.0,-100.0,2.4930520057678223,6
3244,242.73895263671875,54.15483474731445,53.91866052774369,0.5852634964148982,-3.8202615208112602,-4.287949704442444,4.150842189788818,2.4443199634552,46.13459777832031,0.16480784118175507,1
1744,243.2341766357422,54.36867904663086,46.67541054396954,0.5807906443035243,-2.8422076384603936,-2.74536129204101,5.11510705947876,2.6674532890319824,216.3607940673828,0.10817408561706543,1
4746,242.48675537109375,55.001827239990234,4.2799474202365095,0.5793360135615357,-0.6875202735144967,-0.10574459039294794,4.189584732055664,2.2058894634246826,86.75920104980469,0.177439883351326,1
598,241.88241577148438,54.80168533325195,28.266740197122225,0.5776108891528681,-1.3539463408398478,-0.8433718857185963,2.0454928874969482,1.814947247505188,182.41725158691406,0.07355719804763794,1
30871,240.59423828125,55.22481155395508,68.93266309865118,0.5728121625620776,-7.798568163678693,-12.508217759343664,-100.0,-100.0,-100.0,1.663975715637207,6
13,243.11505126953125,54.87774658203125,21.081249612903548,0.5725975774303694,-1.0150389438813725,-0.4840725196753326,18.644729614257812,18.641244888305664,26.780977249145508,0.0032077860087156296,1
30945,241.64024353027344,54.44697952270508,48.61913930231105,0.5720994075073462,-2.570195244478288,-2.9985862908938685,-100.0,-100.0,-100.0,1.6345458030700684,6
6515,241.77273559570312,54.79443359375,31.7578153350944,0.5679445875418466,-1.5932676327172093,-1.075582829832728,8.106668472290039,2.4435718059539795,1.3538932800292969,0.23227231204509735,1
30733,242.5936737060547,55.3870849609375,20.303538680468783,0.5677859356845611,-0.8506566183680757,-0.3660515832747235,-100.0,-100.0,-100.0,1.5095276832580566,6
17806,242.1618194580078,55.56025314331055,33.85541184622299,0.5672627410362356,-1.494970397208491,-1.1453224446335226,-100.0,-100.0,-100.0,0.6560235619544983,6
4795,242.1905975341797,55.10301971435547,13.780799784195526,0.5653511924313482,-0.8338787560164469,-0.2538348494158024,1.7206825017929077,1.5517396926879883,141.41111755371094,0.22368596494197845,1
28195,243.4273681640625,54.84123229980469,31.731749233775503,0.5636750119458099,-1.553822660677856,-0.9825747040442052,-100.0,-100.0,-100.0,1.4758636951446533,4
34724,242.75088500976562,55.04037857055664,5.880780096940507,0.5619463920811437,-0.9206628982074176,-0.029105561180054383,-100.0,-100.0,-100.0,1.9330848455429077,6
1718,241.51646423339844,55.36388397216797,41.04134134273525,0.5566801592675222,-2.268330250584494,-1.9473758862824915,6.221845626831055,5.370020389556885,267.0344543457031,0.10737016797065735,1
3201,241.5067596435547,55.39730453491211,42.277802382111496,0.5557450041356374,-2.3929486331121774,-2.1010740344890304,2.3484363555908203,2.3482847213745117,149.45741271972656,0.13150237500667572,1
22051,242.50001525878906,55.85707092285156,48.57478339337344,0.5541361014112965,-3.054938568049883,-2.9902475431301756,-100.0,-100.0,-100.0,0.8716182112693787,5
17811,241.4095916748047,56.040611267089844,71.55993343858194,0.5525322071207468,-8.522830503408636,-15.899324312181493,-100.0,-100.0,-100.0,0.6393650770187378,6
3229,241.42628479003906,54.57969665527344,48.829593905172544,0.5518358719560494,-3.108117512902296,-3.1298053802813928,4.372931003570557,2.6789045333862305,101.6874771118164,0.17399394512176514,1
8311,242.33209228515625,55.297855377197266,17.19775247641639,0.551366870548737,-0.9414528018236759,-0.3485320085746864,4.635246276855469,1.5170842409133911,135.78981018066406,0.3041415810585022,1
34696,242.21189880371094,54.11813735961914,57.28973332557212,0.5510699754823133,-4.777082397182671,-5.231212502195851,-100.0,-100.0,-100.0,2.0134246349334717,5
628,243.17807006835938,55.62856674194336,40.32384714757132,0.5481526618685335,-2.1931089177289835,-1.8623912914282568,3.904024124145508,2.1132853031158447,304.22808837890625,0.06090255826711655,1
17892,241.4994659423828,55.51689529418945,46.40333083866848,0.5476616020424179,-2.8589384705106227,-2.609177826077563,-100.0,-100.0,-100.0,0.6452553272247314,6
154,240.9817657470703,55.91061019897461,75.02123565788912,0.5463424093384778,-10.238493998271473,-22.856755911153726,28.954238891601562,28.771556854248047,47.112892150878906,0.015376395545899868,1
734,241.1892852783203,54.38536071777344,62.519510125904304,0.5426874613489029,-5.354458418323937,-7.525024913594182,-100.0,-100.0,-100.0,0.11362848430871964,6
3192,241.3597412109375,55.074134826660156,41.9726382140753,0.5420423367172286,-2.3635769346807525,-2.0620069039719904,3.844522714614868,3.477684259414673,254.83140563964844,0.13881060481071472,1
8435,241.83956909179688,54.257171630859375,54.010947675239485,0.5385725548018433,-3.7745758738526636,-4.220731788382248,-100.0,-100.0,-100.0,0.33539438247680664,6
1628,242.7541961669922,55.45428466796875,25.04553869391769,0.537529075697903,-1.2044567663938064,-0.6659947572810945,4.057170391082764,4.02989387512207,20.608978271484375,0.11220794171094894,1
3049,242.177001953125,54.897281646728516,16.602825913474625,0.5372109350511246,-0.8996767937156857,-0.33049641198065344,4.681106090545654,4.258603572845459,104.25373077392578,0.12635190784931183,1
10172,242.88336181640625,54.44460678100586,37.73752800887475,0.5371287044510307,-2.029491641840343,-1.585885809252672,2.876119375228882,1.9070014953613281,193.61859130859375,0.3384608030319214,1
24758,241.16880798339844,55.10429763793945,48.601590869443385,0.5364373614643217,-3.016429367512553,-2.995237241367357,-100.0,-100.0,-100.0,0.9887607097625732,6
30695,243.58644104003906,54.52071762084961,47.0665353924436,0.5307004429980585,-2.5147307074242407,-2.720133302474587,-100.0,-100.0,-100.0,1.6522494554519653,6
626,241.95843505859375,55.63894271850586,41.28218963220877,0.5304765319837814,-2.2789140199632,-1.9755749789537824,6.5672173500061035,4.158762454986572,144.06861877441406,0.05423591658473015,1
123,243.812255859375,55.23332977294922,43.66967501925648,0.5279348483086919,-2.500166245604448,-2.285163310112125,2.776336669921875,2.1742441654205322,315.8974609375,0.029302936047315598,1
6424,242.1978302001953,55.10804748535156,13.614382176116585,0.5274452829516943,-0.8381520301225925,-0.24975227506178557,1.8146405220031738,1.6509541273117065,101.99715423583984,0.23136870563030243,1
37443,242.53219604492188,55.93703842163086,53.32091773100616,0.5270063247142182,-3.9002169201825905,-4.037687988727374,-100.0,-100.0,-100.0,2.4866437911987305,6
27185,242.1454620361328,54.2543830871582,49.99787914655508,0.5266097643167819,-3.404837762911594,-3.270130058038758,-100.0,-100.0,-100.0,1.264040470123291,6
13513,242.82810974121094,54.8943977355957,12.591589862304279,0.5244426708170589,-0.8425207809270421,-0.22505419910434102,1.3397334814071655,1.1789124011993408,292.854736328125,0.43319305777549744,1
568,243.037109375,55.1831169128418,17.62195931684701,0.524374663662576,-0.9098398462696491,-0.36149902542281737,7.075442790985107,2.24186110496521,104.36737060546875,0.058707401156425476,1
32917,242.2603302001953,56.17536544799805,68.4600243489969,0.5217643202096451,-7.238833277882866,-12.008163710329956,-100.0,-100.0,-100.0,1.7756718397140503,6
4867,243.9666748046875,54.823265075683594,49.66048464335543,0.5212560464484078,-3.223064094256236,-3.29310125664758,4.584109306335449,4.525134563446045,181.31527709960938,0.2050023078918457,1
39890,244.10899353027344,54.811004638671875,54.592033585021994,0.5206886698510814,-3.8122131036699303,-4.382110877006767,-100.0,-100.0,-100.0,3.643378734588623,4
23016,243.09268188476562,54.912498474121094,19.440138787016366,0.5178880221580444,-1.0795891358343783,-0.4217960480732013,3.8189260959625244,1.1752499341964722,359.8570861816406,0.8293355703353882,1
36135,243.3777313232422,55.05418395996094,27.40488151581492,0.5170506787216251,-1.504720156568037,-0.7846519867088965,3.497225761413574,3.0429036617279053,129.8700714111328,1.994556188583374,2
1589,243.0055694580078,54.93021011352539,16.271829765843158,0.5158397282034243,-0.8801831570731882,-0.3202086569350132,6.835657119750977,1.367705225944519,60.638179779052734,0.08238734304904938,1
38404,240.6041717529297,54.861446380615234,69.00768732924405,0.5154505513339688,-7.190682120815177,-12.590260206512923,-100.0,-100.0,-100.0,2.6866540908813477,6
15091,241.94593811035156,54.66648483276367,31.722588207067197,0.5143735785236513,-1.7115091229970125,-0.9819201005361633,-100.0,-100.0,-100.0,0.5617377161979675,6
17803,243.0772247314453,55.26997375488281,21.589542241844423,0.5137866628897233,-1.1232051266343548,-0.4172411179061957,-100.0,-100.0,-100.0,0.6595881581306458,6
1715,243.65040588378906,55.46009826660156,44.13288735580241,0.5112974341028025,-2.566517148988302,-2.3522890838006916,6.388354301452637,4.018918991088867,46.60014343261719,0.1083257794380188,1
30868,243.0744171142578,55.74419021606445,44.99146109169068,0.5106608334723356,-2.204617634444481,-2.387267557639656,-100.0,-100.0,-100.0,1.6760990619659424,6
4768,242.76251220703125,55.27176284790039,14.763085917806109,0.5101771752838657,-0.857903167142804,-0.278563740334297,6.501225471496582,1.6644082069396973,41.667449951171875,0.18895690143108368,1
4794,243.06874084472656,55.2640266418457,21.142061019795012,0.5100252630098863,-1.0593655601022298,-0.4895974033468183,6.936960697174072,2.29882550239563,107.47074890136719,0.18162056803703308,1
23139,243.6248321533203,55.630775451660156,49.89293814266432,0.5091559408095367,-3.1794283306057665,-3.248639785940053,-100.0,-100.0,-100.0,0.8878490924835205,6
743,241.38931274414062,54.738468170166016,45.12053805491505,0.5086301793892058,-2.8099652902885115,-2.406817764983425,-100.0,-100.0,-100.0,0.09487173706293106,6
24818,242.39593505859375,55.73658752441406,41.74481731372742,0.5084839809171154,-2.448324069536318,-1.942400627771065,-100.0,-100.0,-100.0,1.0218141078948975,6
1578,242.5537872314453,55.266021728515625,13.066683317815757,0.5083690159975843,-0.7992792018484902,-0.23669460606399087,4.4641499519348145,2.6327364444732666,92.74349212646484,0.11011264473199844,1
26774,241.19798278808594,55.84883499145508,67.20903411784347,0.5066134468780092,-7.555182352275687,-10.81100658765107,-100.0,-100.0,-100.0,1.1751234531402588,6
1781,240.88616943359375,54.84073257446289,59.70580343664991,0.5054306513203327,-4.850829282413508,-6.255222796300431,5.4395599365234375,3.5025746822357178,299.45733642578125,0.09880924224853516,1
22121,242.83901977539062,55.01183319091797,9.164181204087164,0.5046816426559873,-1.115365092166489,-0.0711263460881424,-100.0,-100.0,-100.0,0.8301286101341248,6
6476,243.27894592285156,55.101470947265625,24.20094111038459,0.5036336436807557,-1.192025716866331,-0.6243125266734423,2.4761998653411865,2.470731735229492,152.02090454101562,0.25189271569252014,1
24760,244.4451446533203,54.77350997924805,66.39949925199862,0.5027736978027308,-6.761242588975963,-10.12227485764094,-100.0,-100.0,-100.0,1.0589702129364014,6
22073,242.65655517578125,55.297481536865234,15.148475074205319,0.5014969819009069,-0.7377398110722176,-0.1983489779177937,-100.0,-100.0,-100.0,0.8642244338989258,6
3184,243.75863647460938,54.816585540771484,42.937302123359814,0.5014247566330955,-2.4563357003786495,-2.187372423830622,3.414924383163452,3.4095802307128906,213.76605224609375,0.15040604770183563,1
3028,242.82972717285156,55.32359313964844,18.568849319655598,0.4993354158001053,-0.95986211967725,-0.39360809574235583,3.851480007171631,1.5231208801269531,52.90354919433594,0.13322564959526062,1
1652,241.7491455078125,54.74650955200195,33.934257740215465,0.4985692244156268,-1.7078254661001266,-1.2423842538783945,6.221735954284668,4.730172157287598,120.8880615234375,0.07583504170179367,1
36382,242.54966735839844,55.4116325378418,21.796795374265287,0.49848806076404595,-0.9941069354159836,-0.42583122160737064,-100.0,-100.0,-100.0,2.287642240524292,6
8317,241.98797607421875,54.921058654785156,21.789090536140787,0.4983913541129826,-1.1001379180263164,-0.5161370935674149,4.123549938201904,0.8793229460716248,101.99209594726562,0.28452059626579285,1
653,241.1776580810547,54.84040451049805,49.93246657837078,0.49806244490633106,-3.2288126002239372,-3.347344815908363,3.3338823318481445,3.3328166007995605,170.09591674804688,0.07088921964168549,1
15036,242.53683471679688,54.67341613769531,22.571934072506412,0.4977930944873533,-1.1587393773564405,-0.5489208118272733,2.8922348022460938,2.128098249435425,235.80995178222656,0.47634148597717285,1
15046,241.88674926757812,54.94976043701172,24.601628045177264,0.4937804188861664,-1.245048353242657,-0.6430180021471773,9.608430862426758,2.664665460586548,238.9556427001953,0.47650548815727234,1
36332,243.64439392089844,55.44143295288086,43.35104409114942,0.4931202229063832,-2.195925508262034,-2.1520053323187103,-100.0,-100.0,-100.0,2.105520486831665,6
39912,242.56190490722656,55.05595779418945,0.7691679548805004,0.4922789917914063,-0.5984391580595759,-0.0005406140506886474,-100.0,-100.0,-100.0,3.6953606605529785,6
1667,241.89596557617188,54.55503463745117,37.92040217615722,0.492131476938613,-2.001898679408288,-1.6038632617131487,3.581920862197876,1.7410774230957031,245.7650146484375,0.10233756899833679,1
30970,241.98377990722656,54.66482162475586,30.908883200031482,0.4915487912290562,-1.3919372293833645,-0.9241987840561275,-100.0,-100.0,-100.0,1.6496186256408691,6
23167,242.9699249267578,54.62095642089844,28.983550332506297,0.4907479363148833,-1.2912363686480177,-0.7974953869086688,-100.0,-100.0,-100.0,0.8805327415466309,6
10154,241.678466796875,54.82669448852539,33.82421434677282,0.4890726998443135,-1.7420685111521312,-1.2335536739062867,3.949477434158325,3.8703927993774414,146.86428833007812,0.32789769768714905,1
26893,242.78955078125,54.99871063232422,7.794215502486385,0.4887553769651106,-0.6243037283319384,-0.051315420288209845,-100.0,-100.0,-100.0,1.11784029006958,6
1761,241.1488037109375,55.45958709716797,54.81012312239317,0.48817456616982047,-3.9514298921644277,-4.535900623089631,7.36552619934082,5.227549076080322,263.6470642089844,0.08522482216358185,1
17746,242.66192626953125,54.39065170288086,39.588333948610114,0.48801767572920135,-2.215623746463612,-1.7799617030365782,2.5563390254974365,1.2359157800674438,180.5540313720703,0.5838357210159302,1
18918,243.26858520507812,54.52273178100586,39.53494970649791,0.4880165537050164,-1.9400047185560203,-1.6833583975296584,-100.0,-100.0,-100.0,0.6964830756187439,6
601,242.13023376464844,55.585960388183594,35.7084284725548,0.4878440745464106,-1.8218366981108811,-1.3931228402511913,3.332336902618408,2.626206874847412,204.413330078125,0.03692049905657768,1
6471,242.59300231933594,54.65190505981445,23.816256973175452,0.4871553117333991,-1.1755149060776584,-0.6061371933981237,4.042338848114014,3.355607032775879,69.44088745117188,0.2613568902015686,1
37405,242.82907104492188,55.50497817993164,28.660625685757708,0.4868344780318818,-1.5601633723185877,-0.777410927230554,-100.0,-100.0,-100.0,2.337437152862549,6
15043,242.254150390625,54.66984176635742,25.375342162544385,0.48590268394606756,-1.2821028783200497,-0.6826712302288044,3.496415853500366,3.2502551078796387,261.8045349121094,0.5177962183952332,1
38828,242.5266876220703,55.01285171508789,2.83961329264866,0.485206788639388,-0.8743971745306337,-0.08384704430369898,3.7796506881713867,3.779615879058838,246.07066345214844,2.6969385147094727,2
37375,244.21450805664062,54.12158966064453,79.51236524791764,0.4842828998603611,-13.49695865192036,-40.5092264309677,-100.0,-100.0,-100.0,2.327802896499634,4
8346,241.6468963623047,55.23870849609375,33.97999527390376,0.48418280787400125,-1.7448584423806441,-1.24620036922986,3.3736050128936768,2.3051509857177734,184.20870971679688,0.3028188943862915,1
556,243.14605712890625,55.22715759277344,22.15497892288523,0.4835623378330184,-1.0695638637515974,-0.53082206602468,3.75885009765625,2.2507829666137695,5.7602691650390625,0.038609981536865234,1
1548,242.54074096679688,55.13862228393555,5.560407534201388,0.4831962308801038,-0.6802182880286534,-0.11616065039769735,2.984307050704956,1.970348596572876,305.7315673828125,0.1214907318353653,1
10127,242.42323303222656,54.80963897705078,15.337784177504144,0.4817332202461192,-0.8947986904840641,-0.2931956665131569,2.6205832958221436,1.6771680116653442,151.00115966796875,0.3331080377101898,1
4777,243.18667602539062,55.28072738647461,25.007607821396036,0.48162098600373726,-1.2206051679447045,-0.6642322542796929,5.132200717926025,4.910012245178223,15.06551742553711,0.19132624566555023,1
23977,243.09422302246094,54.55182647705078,34.71010597516118,0.48157078793323754,-1.689310554108375,-1.2161331881784028,-100.0,-100.0,-100.0,0.9322971701622009,6
32775,242.80252075195312,55.30204772949219,16.994881926875514,0.48061058650266375,-0.9751301900417052,-0.25180103737757836,-100.0,-100.0,-100.0,1.8416587114334106,5
593,242.076171875,55.52041244506836,33.1312205549965,0.4802709752627344,-1.6434177046465694,-1.1778249986179559,6.682680130004883,6.635509490966797,258.6408996582031,0.046871308237314224,1
30534,242.555419921875,55.643489837646484,35.6929918100119,0.47918259313433964,-1.9790722941776575,-1.3875140615677517,3.5025014877319336,2.7478880882263184,176.98631286621094,1.3627066612243652,2
18941,243.04148864746094,54.99660110473633,16.163724547660635,0.47725848704268875,-1.259831563379414,-0.22682770465074967,-100.0,-100.0,-100.0,0.7223489284515381,6
37369,243.8424835205078,54.377197265625,59.471782038569266,0.4759145122132844,-4.332400923819071,-6.06460065918884,-100.0,-100.0,-100.0,2.4136784076690674,4
6427,242.80543518066406,55.36148452758789,20.282271834731134,0.47432212911472976,-1.0359455261988388,-0.45596312295192004,3.01371431350708,2.6590218544006348,240.9310302734375,0.23107312619686127,1
572,242.49368286132812,55.51982498168945,28.41794571030612,0.47390261417645874,-1.3618686064385126,-0.8524716764994302,1.7817981243133545,1.4031617641448975,94.29557037353516,0.05364879593253136,1
24970,241.63572692871094,54.81453323364258,35.47028034810057,0.4734367478303277,-1.8650149225188941,-1.2819371089747293,-100.0,-100.0,-100.0,1.0582118034362793,6
3099,241.93905639648438,54.73786163330078,28.944899977971676,0.47262410842700675,-1.410797912671198,-0.8856802764107413,3.690429925918579,2.007035255432129,36.900672912597656,0.14913730323314667,1
36275,243.2985382080078,55.43951416015625,33.95463910894896,0.472490685941125,-1.845970384742833,-1.1533238632796452,-100.0,-100.0,-100.0,2.26273775100708,6
33058,244.20420837402344,55.778167724609375,70.52171458161915,0.4720302665167045,-8.2889956677825,-14.420358116875265,-100.0,-100.0,-100.0,1.7065569162368774,6
524,242.68997192382812,54.959110260009766,6.568843051419722,0.4717537729058353,-0.6795641339496133,-0.1258547708772154,3.140256881713867,3.0444176197052,53.192195892333984,0.07165645807981491,1
4887,240.89105224609375,55.026729583740234,58.09862381329308,0.470695457616124,-4.549711955588774,-5.6151359903088,4.928770542144775,3.0043115615844727,292.3692932128906,0.2065073847770691,1
10124,242.40760803222656,54.742156982421875,19.339594843685443,0.47026156611533604,-1.0171372252232007,-0.42031871265582116,2.609544515609741,1.7131778001785278,252.4603271484375,0.3304445743560791,1
6492,241.72225952148438,54.926692962646484,30.43741329650411,0.4690871658341652,-1.5120205986210435,-0.9824513193772613,7.657766342163086,2.6904828548431396,157.4623260498047,0.23729364573955536,1
10236,241.4318389892578,55.4010124206543,44.627467696138716,0.4685912567453637,-2.842629652873946,-2.3330766659987567,-100.0,-100.0,-100.0,0.4221631586551666,6
12021,243.34292602539062,55.343441009521484,31.534126887564327,0.4667642055649278,-1.6313516083504664,-0.9683566241136152,-100.0,-100.0,-100.0,0.4488157629966736,6
3181,243.34207153320312,55.65867614746094,44.87760923453729,0.4659908581326931,-2.654097916332688,-2.461607886713107,4.055700778961182,2.520490884780884,7.4329376220703125,0.13701419532299042,1
37318,241.6096649169922,55.432838439941406,40.419591820700155,0.46579290932740064,-2.412362845017525,-1.866169249639208,3.4800021648406982,2.751500368118286,276.9005432128906,2.2534046173095703,2
8294,242.7348175048828,54.83395004272461,13.944504601028898,0.4642414396129841,-0.8519702797071708,-0.25691106971620103,1.7787024974822998,1.640257716178894,143.12010192871094,0.32040515542030334,1
1728,241.1679229736328,55.22209548950195,49.549645343036936,0.46360612818304386,-3.189719070207075,-3.2703089911555545,2.2934067249298096,2.1574366092681885,353.8650817871094,0.11429450660943985,1
16633,242.20237731933594,54.85551834106445,17.439728994625014,0.46359454752076323,-0.7193987211508112,-0.2657252895623993,-100.0,-100.0,-100.0,0.5989434719085693,6
20059,243.09893798828125,54.499576568603516,37.52074499324755,0.46354359434662096,-2.056064971406611,-1.5630926723303442,2.936568260192871,2.405534029006958,291.6799011230469,0.6866761445999146,1
4788,242.89874267578125,55.48194122314453,28.17582544489415,0.46147394968029626,-1.3777566233670837,-0.8386764347064294,2.2669315338134766,2.223939895629883,28.912067413330078,0.20279774069786072,1
10093,242.59854125976562,54.9239501953125,7.515467195700472,0.4610158290791464,-0.7422847058830108,-0.1374688097810689,4.040022850036621,2.319127082824707,218.27224731445312,0.3295295834541321,1
15092,243.22523498535156,55.35750198364258,28.818999665127883,0.4585155080720997,-1.49739017089703,-0.7872292520167578,-100.0,-100.0,-100.0,0.5749568939208984,6
632,241.1360626220703,54.89134216308594,50.63280243688989,0.45584180068331515,-3.3217753970547665,-3.494329597222869,10.887685775756836,4.400104999542236,270.77935791015625,0.05499250441789627,1
4836,241.70970153808594,54.617183685302734,39.698853628614316,0.45477202314848003,-2.1673779995646396,-1.792417928734796,4.594565391540527,4.460096836090088,281.66070556640625,0.22464652359485626,1
6481,242.0322265625,55.39936447143555,28.1860400484602,0.4538730827475545,-1.3868456255812704,-0.8394253197019838,2.1520936489105225,2.1331844329833984,96.4293212890625,0.22606278955936432,1
38931,241.27882385253906,55.11294937133789,44.86921744608766,0.4535836799703616,-2.4588904064797554,-2.3690074340221043,-100.0,-100.0,-100.0,2.831838369369507,6
1688,242.4380340576172,55.75959014892578,42.923823422267,0.45228172534741107,-2.4452664944324214,-2.185196965586657,4.400481224060059,4.386098384857178,126.60266876220703,0.11675883829593658,1
1651,241.9834442138672,55.5460090637207,36.13741700991938,0.45147210877167365,-1.8638222382278868,-1.4323485250760548,3.3736135959625244,3.3049981594085693,198.88858032226562,0.08497905731201172,1
4818,243.22653198242188,55.548091888427734,37.20965171936806,0.45099521762263206,-1.9638947785317737,-1.5338167821481354,2.9899098873138428,2.604207754135132,53.915748596191406,0.18592539429664612,1
39347,242.371826171875,55.39768600463867,22.118462506079865,0.4499114346094718,-0.8553871202378741,-0.43947660952660245,-100.0,-100.0,-100.0,3.0928471088409424,6
574,242.91542053222656,55.498634338378906,29.319278767668177,0.44848400869551985,-1.4114244577619819,-0.9085546042592001,2.3602402210235596,2.095698118209839,20.758495330810547,0.06363874673843384,1
4781,243.05307006835938,54.626190185546875,30.15925034277328,0.447940640219213,-1.4881340611154594,-0.9640740183266564,6.3143310546875,2.1607587337493896,119.59768676757812,0.18685829639434814,1
27142,241.17526245117188,54.34553909301758,64.45159381203639,0.4470161093413344,-5.7339198295593174,-8.691029119346485,-100.0,-100.0,-100.0,1.2100542783737183,6
28385,242.7111358642578,54.346405029296875,42.38522558168272,0.446172844345226,-2.502418366688872,-2.023591854690358,-100.0,-100.0,-100.0,1.4411128759384155,6
13582,242.8907470703125,56.27206039428711,74.14440160464038,0.44500107887848916,-9.725690393048382,-20.671495171817927,-100.0,-100.0,-100.0,0.5104158520698547,6
3113,243.5082550048828,55.288909912109375,34.907490340397544,0.44448175945558555,-1.7840377229700692,-1.3235628555576076,3.091602087020874,2.317063093185425,148.53781127929688,0.1556999236345291,1
32656,242.10403442382812,55.31298065185547,22.752528074122726,0.4440367179527605,-1.2644189923396898,-0.55060555300897,3.0651967525482178,1.6115578413009644,155.9634552001953,1.541614294052124,2
32722,242.65138244628906,55.660396575927734,36.77686761347995,0.44353416543168045,-1.8074933995552926,-1.4014678542432868,-100.0,-100.0,-100.0,1.7978318929672241,4
34666,242.07789611816406,54.59473419189453,32.3097679749495,0.4433051297115432,-1.6174894332975969,-1.0250464767178706,-100.0,-100.0,-100.0,1.9363799095153809,4
10090,242.8139190673828,55.31064224243164,17.630843847830885,0.4432503696756863,-0.9611380294328141,-0.36175277650606763,1.3389415740966797,1.2569336891174316,27.831802368164062,0.3740392327308655,1
3015,242.6715850830078,55.315372467041016,16.29762513749893,0.44240375589156217,-0.8901354185680376,-0.3210585904402182,3.630528688430786,3.4843480587005615,40.37595748901367,0.15947049856185913,1
36209,241.78713989257812,55.60658264160156,43.04981638773469,0.44228596790952507,-2.3404169472212137,-2.111134501141192,-100.0,-100.0,-100.0,2.1172854900360107,4
693,241.59530639648438,54.1547737121582,63.634739999799905,0.44197349404741954,-5.7476148732162775,-8.262342100417332,8.180619239807129,2.185279607772827,153.41616821289062,0.05456231161952019,1
564,243.32907104492188,54.99910354614258,25.920120153343507,0.441838544754346,-1.2341734560404436,-0.7103309568730681,2.5667340755462646,1.616877555847168,193.85032653808594,0.07356315106153488,1
6500,243.4956512451172,55.31282424926758,35.12929360442989,0.43873233303103343,-1.8165284386283362,-1.3426454510158632,3.1162126064300537,3.107879877090454,263.331298828125,0.2478150874376297,1
24668,243.7957305908203,55.0513916015625,41.77114156458599,0.43793267862591917,-2.4468904103523195,-2.03460862834196,3.639035701751709,2.4905364513397217,120.08442687988281,0.9274668097496033,1
17913,244.0195770263672,54.866905212402344,50.76490513605649,0.43737903391115274,-3.2686080726078632,-3.4321676526241296,-100.0,-100.0,-100.0,0.6322438716888428,6
4877,243.50204467773438,54.29531478881836,55.37182122744193,0.4373230018041589,-4.062945372345339,-4.701877541204157,4.1529364585876465,3.7753305435180664,251.4167938232422,0.19375573098659515,1
37500,242.95147705078125,55.19159698486328,15.34603184599822,0.43534625936672366,-0.6800332938692819,-0.20369143329967598,-100.0,-100.0,-100.0,2.36476993560791,6
10099,242.5934295654297,54.807655334472656,14.47421498214911,0.4350220858989626,-0.8728001456384756,-0.2703490138054598,2.6199703216552734,2.1701605319976807,13.946800231933594,0.3564402759075165,1
15038,241.89199829101562,55.19491195678711,25.195303788852264,0.4348776893111033,-1.2724352412524875,-0.6728372300891728,4.432616710662842,1.5459785461425781,86.37065124511719,0.48711898922920227,1
8457,241.09022521972656,55.571346282958984,59.77003598253357,0.43459243830127753,-4.92834353757133,-6.190693486103458,-100.0,-100.0,-100.0,0.3687586784362793,6
13553,242.12986755371094,55.94129943847656,55.697802576124204,0.4343898771548192,-4.156223418056801,-4.801274578161158,4.148463249206543,3.755669116973877,158.68093872070312,0.44486600160598755,1
6356,242.73455810546875,54.86115646362305,12.446613906809976,0.4332098497676259,-0.8115986216265074,-0.22286464908410894,4.131625652313232,1.4894756078720093,300.4720458984375,0.2523661255836487,1
537,242.46087646484375,54.784423828125,16.388387205425932,0.43251168778799176,-0.8722531215794278,-0.3229014086175533,7.819349765777588,4.5214738845825195,324.5761413574219,0.038007888942956924,1
6410,242.17039489746094,55.08511734008789,14.255809768021267,0.4321515104899411,-0.8523114084432505,-0.2650011709803536,2.5273702144622803,1.7511340379714966,227.43243408203125,0.22535592317581177,1
26773,244.00711059570312,54.45366287231445,60.95336881123047,0.43134027139408176,-5.014427989695944,-6.724872455556894,-100.0,-100.0,-100.0,1.2528338432312012,6
27221,243.5668182373047,55.58289337158203,46.4879973431964,0.43085092767227706,-2.397216182866746,-2.623070810245008,-100.0,-100.0,-100.0,1.1654132604599,6
3202,243.88967895507812,55.33253479003906,47.96479269897954,0.4300419373421294,-3.0023334601666107,-2.969315623252829,5.00665283203125,2.9299049377441406,210.71656799316406,0.1305798441171646,1
1809,240.8343963623047,54.43911361694336,70.6722186961122,0.42946557194761015,-8.062350872888437,-14.715098326807002,10.502655982971191,2.6911609172821045,250.461669921875,0.1199641153216362,1
1695,241.24295043945312,55.06398391723633,45.97291571908115,0.42942689668889333,-2.762527797059441,-2.6303333845925843,4.948826789855957,3.9272589683532715,154.48416137695312,0.10098150372505188,1
40087,242.00543212890625,55.0699577331543,19.800255369608337,0.42829791387580696,-0.618399772547093,-0.3471077431324265,-100.0,-100.0,-100.0,4.943021297454834,4
34765,240.8195343017578,55.14144515991211,60.710706060501025,0.4280005799536492,-5.101766175128532,-6.610668223118781,-100.0,-100.0,-100.0,1.9989049434661865,6
18977,241.8578338623047,54.27281951904297,52.88133302197051,0.42757713023081095,-3.6435624684555723,-3.925679105829636,-100.0,-100.0,-100.0,0.6922817230224609,6
34758,241.5264434814453,55.194419860839844,37.20338798790446,0.4269430245684406,-2.2036871453692424,-1.442340750203118,-100.0,-100.0,-100.0,2.0769574642181396,6
38909,240.5469207763672,55.44334030151367,73.4682591424485,0.42648847284020763,-9.65053778679752,-19.242257954193516,-100.0,-100.0,-100.0,2.737914562225342,6
619,243.21083068847656,54.3620491027832,46.63984634162636,0.4261050045737402,-2.8267392879376554,-2.7385625993553133,3.7499427795410156,3.0977563858032227,67.02930450439453,0.06808537244796753,1
16500,242.81198120117188,55.292999267578125,16.663519718403393,0.4259844912666786,-0.9579271221128428,-0.33060924869693903,4.624173641204834,2.2402937412261963,358.03961181640625,0.5374944806098938,1
3153,243.15890502929688,54.455570220947266,40.84120754588899,0.42545027007487835,-2.259326429840686,-1.9235448360673104,2.766420602798462,2.405496597290039,269.62689208984375,0.17079201340675354,1
6429,243.05850219726562,54.78091049194336,23.024514245128533,0.4253917509267298,-1.1413900445782912,-0.5693382497811246,2.5338594913482666,2.385793924331665,16.42756462097168,0.2351856678724289,1
4769,242.42442321777344,55.449615478515625,24.635129596388765,0.4249748846443333,-1.2028683614250362,-0.6452563692967902,2.333207607269287,2.142747640609741,106.24423217773438,0.19103124737739563,1
17868,241.39010620117188,56.09252166748047,74.51204258843251,0.42399536496683204,-10.019750399705238,-21.513991356381467,-100.0,-100.0,-100.0,0.653224766254425,6
6478,242.57350158691406,55.596065521240234,32.83817700223653,0.42303991037134453,-1.6605952499856276,-1.155713803493383,6.167891025543213,4.406986236572266,237.74061584472656,0.254317045211792,1
1702,243.8118133544922,55.254051208496094,43.97624737992378,0.4220137851864544,-2.5503640302911226,-2.3298577752723117,13.619562149047852,2.891138792037964,259.8070983886719,0.0862150713801384,1
3051,242.8649139404297,55.42875671386719,24.78882884279577,0.41968669173270734,-1.20166712131748,-0.6531453310284161,7.247972011566162,6.396361827850342,131.74795532226562,0.13281506299972534,1
32939,241.55616760253906,55.24478530883789,37.03727690388626,0.41928170591028174,-1.717748096661157,-1.4263691168991268,-100.0,-100.0,-100.0,1.8475369215011597,6
4670,242.61190795898438,54.86811828613281,10.89357512007862,0.4190144880106943,-0.7720151253382618,-0.19117519104916877,2.295931577682495,0.889868438243866,283.72491455078125,0.22422847151756287,1
23142,241.3000946044922,55.9922981262207,71.38470318108037,0.4176963536421113,-8.479591102262152,-15.635007574842165,-100.0,-100.0,-100.0,0.8896018862724304,6
1534,242.84005737304688,54.72735595703125,21.264770240490726,0.4169943684732319,-1.0451416627636356,-0.4940084713079578,4.89877986907959,4.879667282104492,169.73886108398438,0.07683075964450836,1
31013,241.32675170898438,55.465423583984375,49.62386758938957,0.41606637739373653,-3.0660579344965866,-3.1940908214019506,-100.0,-100.0,-100.0,1.5486571788787842,6
30737,242.70848083496094,54.301265716552734,45.07007252878582,0.4147203675845543,-2.649172430478922,-2.3992802575161756,-100.0,-100.0,-100.0,1.6910241842269897,6
4898,242.97100830078125,56.454925537109375,85.39306139305775,0.41444724076184586,-24.216301222624704,-125.9203517590141,-100.0,-100.0,-100.0,0.26597681641578674,5
4866,242.55332946777344,54.14982604980469,53.9452777364071,0.4140920619481306,-3.831370992151874,-4.294332927953671,4.726493835449219,2.0961873531341553,276.5597839355469,0.2117755264043808,1
6360,242.51712036132812,55.09876251220703,3.70492638784791,0.4140277514501985,-0.6909299620965933,-0.10143520476911368,3.549997091293335,1.4479320049285889,77.11861419677734,0.25190651416778564,1
30742,241.4405517578125,54.33797073364258,58.14795442449171,0.41384286034247275,-4.286521733322268,-5.541215408981744,-100.0,-100.0,-100.0,1.5437884330749512,6
6530,242.8491668701172,54.365108489990234,42.064458080187805,0.41358805332965065,-2.3889319550861297,-2.0736009983399577,1.2819037437438965,1.0691640377044678,6.527252197265625,0.25141677260398865,1
8300,242.99952697753906,54.631343841552734,28.930347630632696,0.4126346017928438,-1.4347866801107478,-0.8848111138046991,5.187067031860352,1.1234570741653442,98.118896484375,0.32424837350845337,1
8255,242.60345458984375,54.6851921081543,21.829546897035378,0.41258446548337274,-1.100879781992462,-0.5174231373617912,3.4065964221954346,3.0654358863830566,149.62152099609375,0.30297836661338806,1
1561,241.99119567871094,55.023719787597656,20.316037798349893,0.41239626398287554,-1.010323955088674,-0.4567372991680827,6.429742813110352,1.7159483432769775,33.058204650878906,0.08342873305082321,1
8422,242.49781799316406,54.54621887207031,30.288597902715665,0.411210872057238,-1.034514001305657,-0.8819787096587285,-100.0,-100.0,-100.0,0.33584901690483093,6
8265,242.0469970703125,54.95193862915039,19.255645640450997,0.41048246582277753,-1.0059949446788499,-0.41704301958123596,3.977306604385376,1.8528400659561157,210.32174682617188,0.2988240718841553,1
13657,243.54257202148438,55.30116271972656,36.27792795595247,0.40994043282109305,-1.8165030446658201,-1.3548162264776875,-100.0,-100.0,-100.0,0.49759024381637573,6
6458,243.1278533935547,54.70210647583008,28.10246814484972,0.40991049599333484,-1.3813143869927358,-0.8338967410057416,3.7749080657958984,3.4621317386627197,198.39137268066406,0.26410526037216187,1
32636,242.38526916503906,54.735923767089844,19.942787779902574,0.40966042314816753,-1.1570165747728105,-0.4359374086535522,1.4732496738433838,1.4660402536392212,326.1488952636719,1.5358048677444458,2
32666,242.87718200683594,54.57851028442383,30.02324993660585,0.4086802991673514,-1.6212684247513955,-0.9476506218831549,1.8681479692459106,1.4126834869384766,212.85494995117188,1.5550445318222046,2
24866,241.27516174316406,53.976409912109375,78.78116006757483,0.4085701364990968,-12.990464879884257,-36.46244702231672,-100.0,-100.0,-100.0,1.0986645221710205,6
22160,241.2783203125,54.757686614990234,48.19505377081621,0.40762625337504943,-3.3056403321079673,-2.9197764442981238,-100.0,-100.0,-100.0,0.8594422936439514,6
32914,241.97589111328125,54.247432708740234,52.46114579971019,0.40755862276602156,-3.7007710676952215,-3.8218885810885888,-100.0,-100.0,-100.0,1.7903356552124023,6
1624,243.36048889160156,55.398372650146484,33.949798295118796,0.4075167435181243,-1.7077725719261145,-1.2431814993490717,4.052412986755371,3.378904342651367,253.4136505126953,0.08815407752990723,1
36074,242.41615295410156,54.95588684082031,7.938930774802483,0.4073904415805901,-0.8904143433601277,-0.13376274067263463,5.762400150299072,2.881368637084961,315.3909606933594,1.9894638061523438,2
24691,241.88612365722656,56.36815643310547,82.56782009399419,0.4062452980446061,-17.569095283876344,-67.44057567323054,-100.0,-100.0,-100.0,0.9962906241416931,4
13481,242.49740600585938,55.31061553955078,15.965823993854496,0.405198439261071,-0.9260511486920011,-0.3106707911611825,2.4028713703155518,2.4020397663116455,204.60397338867188,0.46719545125961304,1
26851,242.91598510742188,55.861175537109375,50.062795554997216,0.4050878201196045,-3.708199264038747,-3.283514821589274,-100.0,-100.0,-100.0,1.2284852266311646,6
3026,242.76690673828125,55.35002517700195,19.169536399114527,0.4040694988979755,-0.9790550780389843,-0.41426897415693137,3.2443320751190186,2.2660932540893555,121.91099548339844,0.13007615506649017,1
8432,242.15670776367188,55.66025924682617,39.43309204725813,0.40401744831454395,-1.876495583496374,-1.6721528975691333,-100.0,-100.0,-100.0,0.3673005998134613,6
28584,240.8601531982422,55.035526275634766,59.14471185783229,0.4029811145115501,-4.710724478874495,-5.929743834069448,-100.0,-100.0,-100.0,1.4753354787826538,6
665,244.26577758789062,54.956336975097656,58.25954282194586,0.4014580247781937,-4.5504405996834105,-5.674034848599722,6.991086483001709,5.132302761077881,149.6000518798828,0.059339381754398346,1
14998,242.3251495361328,55.18246841430664,11.878147557809509,0.40139637287044333,-0.8340951177019159,-0.20959761007687408,3.102541446685791,1.2178709506988525,78.25724792480469,0.4992811977863312,1
26763,242.64512634277344,54.82649612426758,13.521905851426832,0.4011661820600813,-0.793750819865328,-0.15699663169285877,-100.0,-100.0,-100.0,1.121948480606079,6
33021,244.50595092773438,55.19203567504883,66.62112951692492,0.39923863249698216,-6.705530852596655,-10.30474710886191,-100.0,-100.0,-100.0,1.785748839378357,6
11893,242.7627716064453,55.55958557128906,31.274698178246542,0.39866482680433096,-1.5836967303857012,-1.0397604759038797,3.6084091663360596,1.2541078329086304,46.20283126831055,0.39566323161125183,1
30514,242.39630126953125,54.44631576538086,36.70581690022909,0.39864236527883273,-2.055898399669054,-1.481088984077388,2.0287344455718994,1.2646914720535278,71.1373291015625,1.3976796865463257,2
4764,242.8959197998047,55.49666213989258,28.955731853102733,0.3977160845733595,-1.419351952233022,-0.8860451149838248,6.285763263702393,1.4846032857894897,6.645441055297852,0.1868886947631836,1
34682,244.28939819335938,54.70186233520508,62.55791333467953,0.39767171976627874,-5.642053046818844,-7.546097694653052,-100.0,-100.0,-100.0,2.023691415786743,4
39772,243.17286682128906,54.7244873046875,28.22411095912218,0.3969223467240897,-1.1906754561848807,-0.7509340852251287,-100.0,-100.0,-100.0,3.3517038822174072,4
3177,243.22267150878906,55.76096725463867,48.00615812500107,0.39640163390176364,-3.006842744131537,-2.976513469051629,7.192434787750244,2.1298139095306396,7.143945693969727,0.14739789068698883,1
28678,241.22128295898438,54.844337463378906,48.415958141995624,0.3955139704980487,-3.0271996084496027,-2.9605858679923096,-100.0,-100.0,-100.0,1.4567524194717407,6
39290,242.84608459472656,55.78797149658203,45.2647721211047,0.3953058986428613,-2.5305347994939185,-2.4287222929166994,-100.0,-100.0,-100.0,2.922964096069336,4
26941,242.36415100097656,54.636329650878906,25.850466875392392,0.3951084155019338,-0.9956671210426543,-0.6171892635188996,-100.0,-100.0,-100.0,1.2847968339920044,6
24867,242.3782501220703,56.448936462402344,84.2864905162389,0.39454329208491923,-21.025717997987694,-96.26881199371509,-100.0,-100.0,-100.0,0.9836124181747437,6
10255,243.63101196289062,55.24291229248047,37.85928642984159,0.3942138099165125,-1.5623975049943484,-1.5070589373183627,-100.0,-100.0,-100.0,0.41177016496658325,6
1723,241.65792846679688,55.72472381591797,51.31575314277462,0.3938965978144445,-3.4255527253341596,-3.6448969314024953,5.064457416534424,2.182084798812866,197.95474243164062,0.09464001655578613,1
37482,241.04513549804688,55.48087692260742,58.539773827334564,0.393132131447266,-4.646551731203823,-5.690209067653567,-100.0,-100.0,-100.0,2.388369083404541,6
18852,242.36337280273438,55.33153533935547,18.52312584914721,0.3927396107502103,-1.0274373513679111,-0.39025775113223793,2.602358102798462,0.9445460438728333,166.15843200683594,0.6403509974479675,1
32677,242.4075164794922,55.6247444152832,35.05824712215437,0.39108968289361573,-1.947396290668203,-1.3306023670969853,2.652412176132202,2.5496156215667725,188.1839599609375,1.559509038925171,2
27187,241.66139221191406,54.14126205444336,63.129735398547346,0.39010973210939326,-5.93050993618412,-7.869911182866236,-100.0,-100.0,-100.0,1.2224833965301514,6
32634,243.14707946777344,54.88999557495117,21.716562985657728,0.38964675143415384,-1.222081275789634,-0.5056409647990371,2.1705477237701416,2.1704890727996826,240.55123901367188,1.5062198638916016,2
36137,242.02024841308594,54.419647216796875,42.44377938792135,0.3890442575115277,-2.584589332963093,-2.1137157531079067,2.8971004486083984,1.4495584964752197,203.84255981445312,1.9831924438476562,2
561,243.09727478027344,54.65022277832031,29.842407136886813,0.3882511586259285,-1.4403179269537025,-0.9420082364071382,5.1668009757995605,2.1720423698425293,81.69862365722656,0.061009541153907776,1
28458,242.57679748535156,54.6516227722168,23.829575818908232,0.3882122184047826,-0.8117154134398739,-0.5162608419725787,-100.0,-100.0,-100.0,1.3716517686843872,6
4886,240.85926818847656,55.32721710205078,61.27517979786405,0.3865590048231807,-5.207570122235357,-6.972064116666018,8.54195785522461,2.3576107025146484,208.66616821289062,0.2035006880760193,1
38973,241.7478485107422,56.069278717041016,67.43279445532201,0.38648828501307986,-6.616054690888443,-11.012694695543166,-100.0,-100.0,-100.0,2.8913722038269043,6
28252,243.94338989257812,55.890220642089844,68.53692768343629,0.38641306935485353,-6.868959851524879,-12.08756363826952,-100.0,-100.0,-100.0,1.3215291500091553,5
32623,241.86585998535156,55.023834228515625,24.615264949971593,0.3858094641237328,-1.3436019916179136,-0.637210571802638,1.9291757345199585,1.1957852840423584,308.39154052734375,1.6446020603179932,2
21057,242.74411010742188,54.63350296020508,25.550035651741055,0.38573118737393514,-1.3175928763647748,-0.6898899643044385,2.6722445487976074,2.645428419113159,279.5751037597656,0.74253910779953,1
33054,241.3519744873047,55.6585578918457,55.62694705343858,0.3855909906129091,-4.311431604388918,-4.687261330135869,-100.0,-100.0,-100.0,1.8342269659042358,6
8279,242.4248046875,54.58043670654297,28.61095177930211,0.3855037234629239,-1.4162846904122706,-0.864552159804107,2.2929794788360596,1.048920750617981,3.034543991088867,0.30205482244491577,1
13556,242.89056396484375,53.982688903808594,64.87061736661515,0.3852600620787325,-5.754893680770807,-8.97480062368239,-100.0,-100.0,-100.0,0.4819658100605011,4
21061,242.4097900390625,55.52482223510742,29.15179824522255,0.3845294224436735,-1.5012459527900948,-0.8960285214805096,1.9488639831542969,1.9419974088668823,76.93571472167969,0.7484127283096313,1
3280,243.57415771484375,54.14910125732422,64.08331272288916,0.3842847344060149,-5.98604477401738,-8.451320448565399,-100.0,-100.0,-100.0,0.18781490623950958,5
13500,242.95716857910156,54.71758270263672,23.747531013506343,0.38212751845716186,-1.1996912305716996,-0.6015315797987614,3.1365671157836914,2.4297988414764404,37.45899963378906,0.4299319088459015,1
6414,242.0857391357422,54.897789001464844,19.295240327293627,0.38203653180792524,-0.9992410503693506,-0.4183984516684039,3.5575525760650635,0.9840598702430725,99.16697692871094,0.2481709122657776,1
23113,240.22955322265625,55.35971450805664,82.6218715165413,0.3817694451589493,-18.025749083212485,-68.13738665784834,-100.0,-100.0,-100.0,0.9062417149543762,6
20177,244.5411834716797,55.66826629638672,76.50518789629787,0.38118742347759765,-11.212193494480573,-27.08401626705089,-100.0,-100.0,-100.0,0.7396079301834106,6
30491,241.9651641845703,54.56145477294922,36.16130904260161,0.38078480179304364,-2.013960348129998,-1.4299556582397628,1.4832789897918701,1.2953100204467773,282.0483093261719,1.3767186403274536,2
28682,243.65162658691406,54.21566390991211,62.30917386461154,0.3807741402163259,-5.566892474466244,-7.410756014437205,-100.0,-100.0,-100.0,1.480164885520935,6
4622,242.68141174316406,55.01496505737305,4.021262795750386,0.38071375983884953,-0.684449332012833,-0.10339344331174985,3.3624870777130127,3.343893527984619,316.22015380859375,0.18142521381378174,1
18889,241.9351348876953,54.4614143371582,41.72737709801408,0.3802224646937876,-2.2188384562679664,-1.9401615529397536,-100.0,-100.0,-100.0,0.7243867516517639,4
10246,240.85284423828125,54.29829406738281,74.96376995581636,0.37985194413709344,-10.16714704924772,-22.61901871221098,-100.0,-100.0,-100.0,0.40879473090171814,6
675,242.400390625,53.99278259277344,63.669097621378214,0.3796928772852934,-5.756042888449022,-8.283153307666453,4.846505165100098,4.846410751342773,236.2886199951172,0.059624187648296356,1
4875,241.78855895996094,54.202484130859375,57.74809733793425,0.37933309218883265,-4.483291968068401,-5.486295945134718,11.455385208129883,2.6239192485809326,265.30859375,0.2055286467075348,1
3041,241.83926391601562,54.75086212158203,31.19892977388134,0.3792222910045977,-1.5403441164799623,-1.0348965205595946,0.8634652495384216,0.8622501492500305,230.1596221923828,0.1703450232744217,1
23030,242.50732421875,55.29304122924805,14.868507775596767,0.37864004980237054,-0.5184221798429017,-0.19079365229906248,-100.0,-100.0,-100.0,0.8977528810501099,4
11923,241.5330047607422,55.555904388427734,46.963913217008916,0.3779856007842501,-2.923858782199538,-2.7938259856261194,2.582899808883667,2.470871686935425,109.45489501953125,0.41165682673454285,1
26767,243.5584259033203,54.936283111572266,34.33281748966385,0.3776042549371846,-1.7538414056933944,-1.1845022311969438,-100.0,-100.0,-100.0,1.1612166166305542,6
30605,242.8885955810547,54.52140808105469,33.38995639634231,0.37629025909149433,-1.5357184431619988,-1.108002359573286,-100.0,-100.0,-100.0,1.5151413679122925,4
3291,242.15115356445312,55.69607162475586,41.50388347263816,0.3750353671014372,-2.8295073844816123,-1.912486978852713,-100.0,-100.0,-100.0,0.21567820012569427,6
38249,243.04461669921875,56.06622314453125,63.04580009328339,0.3748709492419724,-5.5202287216945605,-7.8212749178353365,-100.0,-100.0,-100.0,2.5570926666259766,4
22082,241.5045623779297,54.18442916870117,63.92595643031633,0.37398057719236044,-5.71901129829262,-8.351576781661826,-100.0,-100.0,-100.0,0.8701919913291931,6
10195,243.93980407714844,54.4759635925293,58.271089775051266,0.37318569163795395,-4.60686813019405,-5.679946402676923,4.2073259353637695,1.0404926538467407,335.0347595214844,0.3671940267086029,1
23910,243.51385498046875,54.750091552734375,36.8537121158003,0.3730777077074907,-2.2534709501763617,-1.4087076158910032,-100.0,-100.0,-100.0,0.9354113936424255,6
34802,243.7297821044922,54.463626861572266,53.0666908435528,0.37221928032400203,-3.818554070834395,-3.9725236578965353,-100.0,-100.0,-100.0,2.022810220718384,6
3066,243.19190979003906,55.42896270751953,30.94983230559024,0.3721261536705136,-1.5254524030556607,-1.0175579561965433,4.010505199432373,3.179081678390503,61.1634635925293,0.1331503689289093,1
3316,241.47900390625,55.6046142578125,50.2554559008295,0.37186144692106965,-3.5301954140891447,-3.3236929286498667,-100.0,-100.0,-100.0,0.20621927082538605,6
620,243.472412109375,54.42522048950195,48.52160638327161,0.3716354472946502,-3.0490025124741615,-3.0704666067161774,9.050548553466797,8.63123607635498,121.52973175048828,0.041961487382650375,1
24936,242.7818603515625,54.12825393676758,55.67345448724418,0.37135020461320345,-3.905027795008726,-4.701541789892686,-100.0,-100.0,-100.0,0.9936990737915039,6
23987,244.9044952392578,55.42538833618164,82.65212884897439,0.37126454844558654,-18.475401689506533,-68.53217262621337,-100.0,-100.0,-100.0,0.9748273491859436,6
10000,242.57972717285156,55.13686752319336,5.285499287265695,0.37067608637412436,-0.718180450127241,-0.11326887771101742,3.1570422649383545,1.8313441276550293,221.15469360351562,0.35020744800567627,1
37302,242.2502899169922,54.74671936035156,21.405905680280462,0.37032176715163734,-1.2439722268960458,-0.48869870386170805,3.382267951965332,1.7103419303894043,75.0724105834961,2.1038360595703125,2
30478,243.55763244628906,55.170352935791016,34.321468451833695,0.3703120122788613,-1.8821343436275348,-1.2695221893707058,2.459402561187744,1.7801576852798462,133.8113250732422,1.3602778911590576,2
3020,242.46499633789062,54.60249328613281,27.07268802756996,0.37006536091174347,-1.3108856136313856,-0.7741032861600656,4.29831600189209,2.4879844188690186,186.17173767089844,0.14711640775203705,1
658,240.8797607421875,55.01014709472656,58.52976602916933,0.369679193787674,-4.602359318597811,-5.777019877877985,4.685932636260986,2.145333766937256,7.930755615234375,0.07472053915262222,1
30515,242.6835174560547,55.665992736816406,37.19943770336256,0.36966173777598577,-2.0902488574486693,-1.526609146909361,1.5262401103973389,1.5039058923721313,45.276031494140625,1.3729839324951172,2
6516,242.6607666015625,54.349876403808594,42.02639426178484,0.36917874186785254,-2.3850608722606315,-2.0686756972472184,5.3383002281188965,1.2913622856140137,75.54078674316406,0.2441767007112503,1
30504,243.2826690673828,54.59016799926758,36.69371450436213,0.36907650430662814,-2.0523177693595365,-1.4787688290307919,1.7958142757415771,1.3849005699157715,115.86911010742188,1.353176474571228,2
20045,241.72398376464844,55.01586151123047,29.51691538891068,0.36824006133304377,-1.5169054896442942,-0.9196754294789214,1.9686081409454346,1.5961992740631104,20.0555419921875,0.6971246600151062,1
28163,243.25604248046875,55.487911224365234,35.036581269061266,0.36814009563951644,-1.9164778155064226,-1.3308955626611931,3.3433902263641357,1.7278231382369995,236.06460571289062,1.1458566188812256,1
10139,243.60533142089844,55.054988861083984,35.2271209422743,0.36793314838031893,-1.8390141096889046,-1.3511825408346108,3.789546251296997,3.62165904045105,355.0843811035156,0.3417973518371582,1
4730,241.98233032226562,55.327171325683594,26.43354059384924,0.3678485359231174,-1.2873939366315372,-0.7384960731277668,2.626255989074707,1.8417835235595703,176.98065185546875,0.1923731565475464,1
3248,243.5321807861328,54.24064254760742,58.675325478614496,0.367592006499507,-4.651534508875563,-5.834535500352666,4.132565021514893,3.6658875942230225,277.00970458984375,0.1672772467136383,1
34922,241.67930603027344,55.71120071411133,50.23142991180416,0.3675073050780706,-3.1082277356607335,-3.31860344923591,-100.0,-100.0,-100.0,1.9926725625991821,6
32649,243.4102783203125,54.74876022338867,33.81885506710514,0.36733270348215724,-1.861367232251528,-1.2269574116862547,1.8343229293823242,0.9534775614738464,64.96035766601562,1.6638391017913818,2
18867,241.4558563232422,55.36900329589844,43.0277282306061,0.36690030421475733,-2.5348378945346686,-2.1979417486409,4.067188739776611,1.835615873336792,262.441162109375,0.6362091302871704,1
39749,242.5833282470703,54.891605377197266,9.430810022181063,0.3657868830359758,-0.9652927490492904,-0.1480051411004806,2.1097772121429443,1.622082233428955,312.5086669921875,3.251182794570923,2
39382,242.60250854492188,55.99538803100586,56.80161603484876,0.3656412716486205,-3.9848155078247554,-5.064172072255845,-100.0,-100.0,-100.0,2.9245903491973877,6
4783,241.8235321044922,54.62667465209961,36.40630233128252,0.3649709917090056,-1.9021112425827165,-1.4573832053733582,3.874926805496216,3.756103992462158,24.156103134155273,0.20360229909420013,1
4910,242.63807678222656,56.34502410888672,77.79924172865529,0.3645688859322068,-12.399655618130483,-31.907028112719747,-100.0,-100.0,-100.0,0.2294749915599823,6
4693,242.75485229492188,54.787288665771484,16.80259197924833,0.364499738323991,-0.9125341128017173,-0.3358830297136916,2.249291181564331,0.6092596650123596,248.8332061767578,0.2170068621635437,1
36172,241.39207458496094,55.66301345825195,54.78187094048734,0.36445357454173427,-3.455098916343889,-4.436302213963848,-100.0,-100.0,-100.0,2.1120312213897705,4
11879,241.66275024414062,55.057498931884766,31.544305009771517,0.36441577048885415,-1.6011129753686386,-1.0593944729757538,4.337242603302002,0.9134091138839722,75.96282196044922,0.3940669894218445,1
21181,242.5811767578125,55.0493278503418,0.04157235951449145,0.36403862142354476,-0.7278603033704979,3.3596945582137975e-05,-100.0,-100.0,-100.0,0.7826066613197327,6
3160,241.8533477783203,55.6950569152832,46.023274545636795,0.36402441810581365,-2.7769690540968885,-2.638414040111738,2.0113699436187744,1.996925950050354,291.1855163574219,0.17235831916332245,1
3194,243.78175354003906,54.58566665649414,49.96787854975844,0.36396530451813436,-3.2531955416377234,-3.355159385228536,5.319919586181641,1.472456455230713,130.7633056640625,0.157193124294281,1
2988,242.13307189941406,54.87398910522461,18.640740363403886,0.3629208814938811,-0.9619095951723086,-0.39593252232109616,2.8839845657348633,2.307358980178833,100.96564483642578,0.13327430188655853,1
34801,243.42799377441406,54.80204391479492,32.75790680068105,0.3619069118193069,-1.376078119483869,-1.0589117960623844,-100.0,-100.0,-100.0,2.038299798965454,6
27100,242.16441345214844,54.53330993652344,34.112470480863635,0.3615229677110895,-2.1101718465040125,-1.166259853572276,-100.0,-100.0,-100.0,1.1461892127990723,6
21037,242.96485900878906,55.105403900146484,13.63417349620443,0.36015989842350393,-0.9000051457293913,-0.24711993680176098,1.5083351135253906,0.891859233379364,359.71014404296875,0.7464783787727356,1
38207,242.54112243652344,55.12628936767578,4.842800284456607,0.3598899678464875,-0.8744779132388136,-0.09628725569238554,1.4219038486480713,1.4187296628952026,77.34803771972656,2.4431228637695312,2
20050,243.4921112060547,55.38139724731445,37.04168670985308,0.3598236077993143,-2.0164947484618616,-1.5154017859772277,1.8724026679992676,1.0111075639724731,168.72793579101562,0.712152361869812,1
3259,244.02981567382812,55.768394470214844,65.58476545815756,0.35959798426969825,-6.301598384905327,-9.57982454148105,13.453904151916504,2.691626787185669,297.2751770019531,0.1307116597890854,1
3163,241.3308563232422,55.27726364135742,44.968973083023116,0.3588752780630719,-2.662754266188762,-2.474845405747725,2.9675629138946533,0.6109215021133423,262.6652526855469,0.15948297083377838,1
36334,241.01950073242188,55.37614440917969,56.928592406024485,0.3578621460225747,-4.102564895563551,-5.106972901546294,-100.0,-100.0,-100.0,2.205838918685913,6
28146,242.61500549316406,55.08229064941406,2.335288567712584,0.3578222274555817,-0.7869525172857101,-0.0891553047188895,2.0005035400390625,1.424968957901001,305.70074462890625,1.1865016222000122,1
4718,242.8249969482422,55.50229263305664,28.46566851431688,0.35737163777052705,-1.3925301287993204,-0.8558119559275669,4.444915771484375,1.5509028434753418,242.89483642578125,0.18887794017791748,1
37444,241.6898651123047,55.81650161743164,55.14419848427921,0.357300576333869,-3.487913378938325,-4.54193165671457,-100.0,-100.0,-100.0,2.3214004039764404,6
4688,242.05287170410156,55.19676208496094,20.161008178901152,0.3557903091523125,-1.0218842065576914,-0.45066414261119053,5.980030536651611,2.296671152114868,30.685672760009766,0.1816246658563614,1
30966,243.17218017578125,54.701866149902344,29.16376232952525,0.3547269032207126,-1.467155592291965,-0.808695928858481,-100.0,-100.0,-100.0,1.6261003017425537,6
34918,242.71319580078125,54.321861267089844,43.85727686899421,0.35463235999379716,-2.435265315001684,-2.2221952085803425,-100.0,-100.0,-100.0,2.069214105606079,6
22126,244.02084350585938,55.516136169433594,56.64687775989091,0.3534090176585276,-4.656990703760876,-5.012519034304051,-100.0,-100.0,-100.0,0.8630273342132568,6
23137,243.8034210205078,55.479244232177734,49.14397794961546,0.35337227052687076,-2.8830043817310784,-3.0991460245194853,-100.0,-100.0,-100.0,0.9053953886032104,6
18883,242.09657287597656,54.41288375854492,41.67370788108297,0.3531618578862337,-2.1404013161638837,-1.9334445079333218,-100.0,-100.0,-100.0,0.7216914892196655,4
588,243.00381469726562,55.716827392578125,42.60140424104303,0.3527841826475949,-2.4022845716922046,-2.1416452971505118,2.8155109882354736,2.0475635528564453,123.76278686523438,0.054287854582071304,1
570,241.81288146972656,54.715213775634766,33.202530485435084,0.3527388804399639,-1.647114421151247,-1.1829802788150983,3.593890428543091,1.5886212587356567,289.4585876464844,0.06423662602901459,1
1512,242.53102111816406,55.36094665527344,18.80647114373661,0.35269262493764364,-0.9569756585971393,-0.4010893563513318,3.6967599391937256,0.7550502419471741,77.44880676269531,0.1020718589425087,1
30832,240.41748046875,54.89511489868164,75.05482345242308,0.3518806691785832,-10.065095925124572,-22.851781298049737,-100.0,-100.0,-100.0,1.6245810985565186,6
1678,241.88987731933594,54.361026763916016,47.70611611412075,0.3516680644773969,-2.961269392591806,-2.922386844102265,3.431781053543091,2.6072514057159424,137.41390991210938,0.12077659368515015,1
10128,242.19656372070312,54.472476959228516,37.04382179190992,0.35084871958404906,-1.9737904791612833,-1.5172942725021832,3.534694194793701,3.156806707382202,237.77821350097656,0.3302687108516693,1
14988,242.097412109375,55.13430404663086,17.361073584031413,0.35071444947607777,-0.9723321812677775,-0.35235191693357676,1.9550426006317139,1.0071266889572144,129.30221557617188,0.484681099653244,1
36094,242.05718994140625,55.36908721923828,26.272553058280707,0.35032067536354095,-1.4440474942955657,-0.7196401989278741,1.4046392440795898,1.0680317878723145,336.928955078125,2.026362180709839,2
6564,241.1714630126953,54.40437316894531,62.273589715304155,0.34973524609977685,-5.447781028728535,-7.483895458390198,7.011441230773926,4.231757640838623,278.4528503417969,0.2286440134048462,1
32878,244.36666870117188,55.363922119140625,64.0099803214274,0.34961509231015175,-5.747303804620315,-8.404664623191358,-100.0,-100.0,-100.0,1.8657230138778687,6
15189,241.53404235839844,55.04360580444336,35.97099161151141,0.3495662854804922,-1.9352568561660908,-1.3267331448556012,-100.0,-100.0,-100.0,0.5589423179626465,6
3154,242.7521514892578,54.32954788208008,43.562635297764565,0.34854766936008497,-2.5174488912213118,-2.2719417049666837,8.234984397888184,2.2324984073638916,299.22637939453125,0.1628275364637375,1
36364,242.7206268310547,56.314971923828125,76.1195113797127,0.3485053694384999,-10.981936157408034,-25.8534046262045,-100.0,-100.0,-100.0,2.2552833557128906,6
21052,241.8292236328125,54.92340850830078,26.933448401672024,0.3484931625233661,-1.3845437354027843,-0.764289770815094,1.5618958473205566,1.4531816244125366,157.2685089111328,0.7495265007019043,1
34491,242.3599090576172,55.42917251586914,24.03827174596853,0.3475863788849116,-1.3310904702524438,-0.6082754666471681,2.934739112854004,1.8731266260147095,296.4324951171875,1.73074471950531,2
17808,243.3560333251953,54.14031982421875,60.80973797223742,0.3473711652710136,-5.251423363180303,-6.657018996002721,-100.0,-100.0,-100.0,0.6295084357261658,6
34529,242.20236206054688,54.66270065307617,26.591551037035195,0.34678444119940327,-1.450022647616959,-0.7391329771905971,1.5295830965042114,1.4520927667617798,73.01642608642578,1.8127636909484863,2
6311,242.36692810058594,55.00576400756836,7.783359462427361,0.3467747576337759,-0.7298559420637872,-0.14077830032475824,2.094493865966797,1.4973043203353882,106.09042358398438,0.2724332809448242,1
519,243.03131103515625,55.31480026245117,22.211314318619042,0.34661216350774293,-1.07074337842449,-0.5327375604405961,4.022817134857178,3.684858560562134,49.524478912353516,0.07276523858308792,1
10156,243.6894073486328,55.29305648803711,40.72971487386772,0.34640209732034516,-2.2803054103271956,-1.9097460915329578,2.9715921878814697,2.2890138626098633,13.940448760986328,0.3519282341003418,1
6297,242.75856018066406,55.12739181518555,7.723908144279203,0.3463228931890933,-0.7296994030331714,-0.14025146738197186,3.437798500061035,2.3198447227478027,82.13370513916016,0.22558395564556122,1
20023,243.3021240234375,55.13536834716797,25.31799281463556,0.34621706581497486,-1.3013806207605512,-0.6781019420069162,1.9316037893295288,0.8900324702262878,260.058837890625,0.6910443902015686,1
4787,243.08116149902344,55.57942581176758,36.13866646108474,0.3453980420884768,-1.8819526598084164,-1.4326284389584005,2.390120029449463,1.287076473236084,227.5211944580078,0.20870783925056458,1
36114,241.70945739746094,54.83092498779297,32.741533599300475,0.3435960025536493,-1.8111057426822528,-1.1384711628610826,1.9040340185165405,1.7852914333343506,350.35968017578125,1.9758039712905884,2
32721,242.052734375,55.152286529541016,19.150333017970894,0.3434168221816466,-0.6638017500219812,-0.32342483835403274,-100.0,-100.0,-100.0,1.8119033575057983,4
8205,243.07569885253906,54.76915740966797,23.943374881941203,0.3428802722653221,-1.1882314287048799,-0.6117861183990838,4.245510101318359,2.5314066410064697,61.42481994628906,0.31304582953453064,1
24687,243.24716186523438,54.31020736694336,49.98583781907578,0.3423866391904002,-3.4064511487535203,-3.267607823146391,-100.0,-100.0,-100.0,1.0856801271438599,4
22110,242.50486755371094,55.234893798828125,11.463822935188572,0.34205266172605564,-0.9961769838358274,-0.11201865117123457,-100.0,-100.0,-100.0,0.8362082242965698,6
22163,241.3651885986328,55.39796447753906,46.567634934702596,0.3415868057786327,-2.816523316824317,-2.6362184623961413,-100.0,-100.0,-100.0,0.8402246832847595,6
30728,241.91334533691406,54.89864730834961,24.67570012314938,0.34158399313632043,-0.98467088650594,-0.5570872279399464,-100.0,-100.0,-100.0,1.6166328191757202,6
6487,243.59548950195312,54.8679084777832,36.613466221613024,0.34141644952696837,-1.9254016810424153,-1.4765185168364667,1.8087131977081299,1.8077830076217651,155.80682373046875,0.2740258276462555,1
24740,242.75306701660156,55.04054260253906,5.954680289339771,0.3411768488960821,-0.7811548981325622,-0.029820607545444636,-100.0,-100.0,-100.0,1.0941269397735596,6
491,242.1282958984375,55.0755729675293,15.619289330498502,0.3411530824117156,-0.8502687036230153,-0.30047496090543285,3.619363784790039,2.5544872283935547,103.11295318603516,0.04203600063920021,1
11816,242.6412353515625,54.88207244873047,10.219088305908038,0.34109178800036766,-0.7889231363773831,-0.17788951993935198,1.6925671100616455,1.4275115728378296,71.48983764648438,0.4240494966506958,1
109,241.58987426757812,55.37328338623047,39.10211754278073,0.34107919166608464,-2.078513120580071,-1.7248211634722337,3.6562774181365967,3.107168436050415,133.40158081054688,0.030516743659973145,1
32828,243.59713745117188,55.629642486572266,49.174602213906546,0.3410071259386765,-2.9907014742552906,-3.105022015124755,-100.0,-100.0,-100.0,1.8637220859527588,6
6562,243.31240844726562,54.10581588745117,62.039347455845345,0.3404114494297206,-5.392282776842976,-7.359570133232955,2.3817148208618164,1.4483126401901245,23.426713943481445,0.24537326395511627,1
22119,242.8329315185547,54.62638854980469,26.802901496784017,0.3391099716529682,-1.4038141640853328,-0.6687412012792787,-100.0,-100.0,-100.0,0.8346617817878723,6
28534,242.92135620117188,55.58890914916992,34.434459943321784,0.3386780892903947,-2.0192686900606565,-1.1928722374542848,-100.0,-100.0,-100.0,1.3433711528778076,6
32773,243.3349151611328,54.86650085449219,28.199186930356763,0.338416516171499,-1.1925327453948593,-0.7493905177926147,-100.0,-100.0,-100.0,1.7410597801208496,4
1776,244.36000061035156,54.7340087890625,64.24489128877501,0.3383401803868629,-5.918068933708384,-8.647049156146048,2.6742022037506104,2.661694288253784,123.76974487304688,0.12457386404275894,1
38203,242.6991424560547,54.99553298950195,5.184036718656751,0.3378904426997058,-0.8760989600179407,-0.09858281716400973,1.2758210897445679,1.0167797803878784,154.345458984375,2.4665863513946533,2
32626,242.92568969726562,54.57960891723633,30.57613609801897,0.3374427475826273,-1.6532388420942348,-0.9846018952567078,2.099008083343506,1.107340693473816,217.88282775878906,1.6131398677825928,2
17711,242.52732849121094,55.37948226928711,19.92545065890791,0.33728055215055464,-1.06803191292461,-0.4400875576444734,0.8915624022483826,0.8438160419464111,294.3997802734375,0.6025699973106384,1
36387,241.37796020507812,54.377994537353516,57.93701839330547,0.3371395367531496,-4.696292292993523,-5.463040366621007,-100.0,-100.0,-100.0,2.179739236831665,6
38221,242.49598693847656,55.47500991821289,25.736478482154283,0.3367704368035605,-1.4399858608417384,-0.6891640345597992,3.188185214996338,1.5943690538406372,271.1952819824219,2.353752613067627,2
10013,242.8289337158203,54.735687255859375,20.649780026961825,0.33672727405251657,-1.0629186104902226,-0.46923074408422677,1.2006521224975586,1.007694959640503,21.842365264892578,0.3277238607406616,1
20030,241.83718872070312,54.982765197753906,25.873566767804668,0.3363884377200549,-1.326601488996071,-0.706598775043003,1.5829038619995117,1.4920659065246582,64.94129943847656,0.7002089619636536,1
32546,242.65794372558594,54.90591049194336,8.977776310523705,0.33634565559853674,-0.8781465367508172,-0.14981904074765606,2.6846606731414795,1.3811856508255005,112.63423919677734,1.5900342464447021,2
37280,243.08131408691406,55.16069030761719,18.456958665255822,0.33611010914024914,-1.1392615128718513,-0.3781302005915712,3.63946270942688,1.8229612112045288,229.88153076171875,2.283533811569214,2
15214,241.5618896484375,54.429561614990234,51.23432361700652,0.33530317033182894,-3.089172634383081,-3.535605684537209,-100.0,-100.0,-100.0,0.5265412926673889,6
30348,242.53350830078125,54.74473571777344,18.314202756339085,0.3347915431549905,-1.0863426607464477,-0.3783094589295377,1.4874192476272583,1.478505253791809,215.2859344482422,1.3975830078125,2
4682,243.1879119873047,55.170654296875,22.09374525404195,0.3347393838378754,-1.094840833088792,-0.5284555054324171,3.2925193309783936,2.0615956783294678,23.824968338012695,0.21308325231075287,1
26573,242.8030548095703,55.009361267089844,8.01248261179017,0.3347107913982016,-0.8201867656832819,-0.1401734961120572,3.480285406112671,1.440646767616272,317.3894348144531,1.0031739473342896,1
34552,241.95730590820312,54.606388092041016,34.181500618794786,0.33465387952940345,-1.8965260672015856,-1.2544023062175509,2.082989454269409,1.7599316835403442,321.0871887207031,1.7309727668762207,2
1653,243.7616424560547,55.37289810180664,44.86916508795345,0.3344878244211404,-2.642570402265403,-2.459633850230438,6.68959903717041,1.8713037967681885,285.8621826171875,0.12205350399017334,1
15126,242.17239379882812,55.10368728637695,14.398153833916517,0.3339853149355595,-1.0891563864614278,-0.1786047005639717,-100.0,-100.0,-100.0,0.5344051718711853,6
1704,241.89051818847656,54.30167007446289,50.815795890853195,0.33379888730854224,-3.3570574173049432,-3.534258173822825,5.199206352233887,3.575902223587036,178.5696258544922,0.11976704001426697,1
3217,242.28819274902344,54.133384704589844,55.855196507093055,0.3337949781929918,-4.134761748870275,-4.849428178847328,2.781736135482788,2.710163116455078,7.744846343994141,0.16484908759593964,1
3157,241.70484924316406,54.524330139160156,43.678234422630965,0.33369140544887405,-2.529065871449047,-2.287993953094028,6.330030918121338,1.4382251501083374,183.12158203125,0.13034656643867493,1
16529,241.32374572753906,55.4560432434082,49.436486073589876,0.3333711873362247,-3.244099735368151,-3.247492632243477,1.6688978672027588,1.331188440322876,8.908967971801758,0.5347023606300354,1
26670,242.98399353027344,54.98322296142578,14.428877918042634,0.33332294681177355,-0.9451425463806442,-0.17941408843577353,-100.0,-100.0,-100.0,1.2423839569091797,4
24650,242.98516845703125,54.7778205871582,21.427541665517687,0.3328247235428039,-1.1601548189548423,-0.4974105354206529,1.966713309288025,1.965024471282959,160.24966430664062,0.9436680674552917,1
23103,243.65396118164062,55.576622009277344,48.441844810271576,0.332794434054913,-2.8167513240394864,-2.965397915028173,-100.0,-100.0,-100.0,0.8853035569190979,6
16540,240.3210906982422,54.611122131347656,82.37665065721664,0.3326323001553148,-16.972837038850155,-65.06000803547329,-100.0,-100.0,-100.0,0.6189891695976257,4
30474,241.52093505859375,54.933692932128906,37.11804252629996,0.33252743161054754,-2.0853297629635184,-1.5194481808361027,2.1439242362976074,2.1093032360076904,351.78179931640625,1.4747086763381958,2
33050,243.0166015625,54.645751953125,28.49141009768892,0.33118064862249297,-1.1056548040231327,-0.7670460161314014,-100.0,-100.0,-100.0,1.7365907430648804,6
30263,242.5858612060547,54.889408111572266,9.563942978642638,0.3305607558323066,-0.8732005463904485,-0.16018065766875075,3.0302720069885254,1.9192029237747192,53.82038879394531,1.3418118953704834,2
9968,242.66513061523438,55.210018157958984,10.101233512995034,0.33052301925371813,-0.7796002728167342,-0.17589943477142794,0.9868559241294861,0.8988480567932129,117.5925064086914,0.3638893961906433,1
26897,241.6339111328125,55.892173767089844,59.97400119524909,0.3303350998481669,-5.230313798166523,-6.278906963294377,-100.0,-100.0,-100.0,1.1996041536331177,6
30946,241.5330047607422,54.213661193847656,61.91817440521117,0.330263187947695,-5.384113760855356,-7.204011613577763,-100.0,-100.0,-100.0,1.5552302598953247,6
1531,241.67440795898438,55.18539810180664,32.15202123625808,0.33016972145495327,-1.589953650274567,-1.103578895424087,1.7992995977401733,1.7895616292953491,288.8598327636719,0.1032106876373291,1
1570,241.72650146484375,55.32555389404297,33.63579633661251,0.33007869525606126,-1.6864304733634197,-1.2178576494382662,5.792463779449463,1.3294776678085327,156.71026611328125,0.10399936884641647,1
37407,243.2745819091797,54.327579498291016,49.51708708257837,0.33000955478865696,-3.3435702363982633,-3.1726487994770483,-100.0,-100.0,-100.0,2.3607051372528076,6
40083,241.59991455078125,55.158878326416016,34.29898824541741,0.3298385295612748,-1.467795223794216,-1.1817128560397432,-100.0,-100.0,-100.0,4.940820693969727,4
21242,243.79611206054688,55.63471221923828,54.37240404529978,0.3298130722323979,-4.14714415869506,-4.3202275200405875,-100.0,-100.0,-100.0,0.7829810380935669,6
4643,242.6830596923828,54.81746292114258,14.322533022176483,0.3288992661691508,-0.8453222263210857,-0.2665689674866771,3.9226818084716797,2.5034213066101074,138.48704528808594,0.21197080612182617,1
11,241.9280242919922,55.3801383972168,29.90002168364012,0.32856701089042445,-1.4287674381516966,-0.9428166550447661,7.717666149139404,6.014376163482666,51.943016052246094,0.01040483545511961,1
30536,241.96597290039062,55.699127197265625,44.288504910918924,0.3281858485389192,-2.7300221364693056,-2.369781636884175,5.55418586730957,2.8114731311798096,179.19216918945312,1.3970142602920532,2
38824,242.7448272705078,55.154903411865234,8.50809670954878,0.32792687442858537,-0.9207658547305864,-0.13456544078353658,2.600884199142456,2.040342092514038,111.4681396484375,2.5259647369384766,2
17915,243.80470275878906,55.95527648925781,68.47491872014442,0.32758363384772915,-7.334341292125834,-12.02344313602598,-100.0,-100.0,-100.0,0.6501799821853638,6
23004,242.75982666015625,54.608646392822266,27.125790534643873,0.3275580337442941,-1.4035727055035505,-0.7741507081256809,2.063742160797119,1.6397799253463745,259.8738708496094,0.8745083808898926,1
26777,240.53501892089844,54.59016799926758,75.8706626389716,0.32745893166188805,-10.948332763338998,-25.10228808647777,-100.0,-100.0,-100.0,1.1534738540649414,6
3055,242.04762268066406,54.517093658447266,36.84476079852248,0.3263999373427161,-1.9265018252259178,-1.498519308029044,11.927445411682129,6.181149005889893,7.348995208740234,0.14308786392211914,1
115,241.9108428955078,54.50135803222656,40.19651623032696,0.32633701689250644,-2.171542658519774,-1.8458474688983795,5.547801971435547,3.1824889183044434,156.29957580566406,0.030756467953324318,1
4925,241.9609832763672,55.80495834350586,50.03298858679456,0.3262760285908632,-3.293943245773786,-3.2773820003239686,-100.0,-100.0,-100.0,0.2591884732246399,6
18834,242.521728515625,55.453758239746094,24.38170766817868,0.3261429185144832,-1.25219814953973,-0.6311928926206436,3.6636507511138916,0.8237047791481018,273.3436279296875,0.6360101103782654,1
4740,242.7349090576172,54.49032211303711,33.931105855298,0.3259429733543106,-1.7238486820165244,-1.2415213543001866,4.364386081695557,3.1119532585144043,241.7684783935547,0.21546532213687897,1
6310,242.27554321289062,55.2308349609375,15.12145842044563,0.32587870557520615,-0.8734441903513652,-0.2872224821700003,2.4974615573883057,2.462141752243042,30.700607299804688,0.26261964440345764,1
32628,242.88351440429688,54.60771179199219,28.461424972657877,0.325599682398619,-1.5333990893564726,-0.8482318456012888,0.9886990189552307,0.9680629968643188,234.59234619140625,1.6023586988449097,2
8322,242.68072509765625,55.723114013671875,40.604324702296644,0.32505497193057337,-2.2621659677486297,-1.8953870889296902,2.5925889015197754,2.585343837738037,94.13128662109375,0.3083617389202118,1
16459,242.43630981445312,55.307525634765625,16.29139142572965,0.3248955510303714,-0.9461443944272522,-0.3190700398029461,0.9341028332710266,0.859972357749939,196.7791290283203,0.5251871943473816,1
21083,242.8894805908203,55.473289489746094,27.575308656400484,0.32472542745305527,-1.376361649026405,-0.7126280750715839,-100.0,-100.0,-100.0,0.7759376168251038,4
13493,241.7279815673828,55.18775939941406,30.415800464229086,0.3242223856734478,-1.5390064876054363,-0.9802168638375608,3.7049877643585205,2.913074016571045,354.9642333984375,0.47010788321495056,1
1679,241.6591033935547,54.46842575073242,47.22198782047552,0.32366384312192453,-2.9036262098195187,-2.837343626013622,5.26869535446167,5.043632507324219,116.53575897216797,0.10760479420423508,1
18857,243.11935424804688,54.55191421508789,35.15850175480445,0.3233633560858555,-1.8719433357780866,-1.3438566868903006,2.021111488342285,2.021026134490967,214.25357055664062,0.6532659530639648,1
39575,242.90203857421875,55.43732833862305,25.778007537658112,0.3232762698058434,-1.46726956917066,-0.6874300618199538,2.2534303665161133,1.6150091886520386,73.14439392089844,2.9644033908843994,2
28160,243.5277557373047,55.18687057495117,33.54462777546141,0.32220884066861594,-1.811221044269568,-1.2061011318605226,2.6564619541168213,1.391281008720398,350.5064392089844,1.2238761186599731,1
8178,242.68399047851562,55.297794342041016,15.356562161835374,0.32156137870175905,-0.8875062089928913,-0.293626760817951,2.3854520320892334,0.6921852231025696,0.43292999267578125,0.2888363301753998,1
6350,243.07420349121094,55.11664581298828,17.439538320940322,0.3210489882559983,-0.9396553911723646,-0.35562329027759154,4.198758125305176,0.8991273045539856,299.48541259765625,0.2454906404018402,1
34635,243.0562744140625,55.47248077392578,30.182111069209675,0.3205646428626925,-1.0419416101685548,-0.8748437563612985,-100.0,-100.0,-100.0,1.9248466491699219,4
28251,243.2185516357422,55.91521453857422,56.33118354126737,0.32027125039050475,-3.806586384219786,-4.909152950190702,-100.0,-100.0,-100.0,1.328429937362671,5
140,242.26808166503906,56.23555374145508,71.98768292544517,0.3190459476825448,-8.619722831119054,-16.662160886285733,6.038999557495117,5.428615570068359,196.22877502441406,0.02309456840157509,1
16470,243.0205535888672,54.941253662109375,16.464620988553865,0.3189681297672325,-0.9504089451068862,-0.3239123088391816,2.1539387702941895,0.7382209897041321,359.0370788574219,0.5334110856056213,1
27211,242.58224487304688,54.93284225463867,6.956350413851857,0.31834610215867304,-0.8443997579114927,-0.04071590575154277,-100.0,-100.0,-100.0,1.2573742866516113,6
9963,242.8708038330078,54.889469146728516,13.833652640659455,0.3182260780090687,-0.8561117821365476,-0.2538010201855391,3.128843069076538,1.2094895839691162,236.43316650390625,0.349936842918396,1
2969,241.7510986328125,55.110652923583984,28.725566761088217,0.3178360868609304,-1.3975472883853262,-0.8715481803659519,3.350217580795288,2.4090044498443604,248.77630615234375,0.1564561128616333,1
28532,243.0657196044922,54.600685119628906,31.68860808635525,0.31781838345770574,-1.5816558118866468,-0.9793966177722303,-100.0,-100.0,-100.0,1.4531341791152954,6
14992,241.94906616210938,55.11600112915039,22.05580925229651,0.31749322254455165,-1.1359754490954417,-0.5257058414878488,2.103163003921509,1.2349491119384766,272.08251953125,0.49030351638793945,1
33020,243.58958435058594,54.053104400634766,69.29548536752677,0.3174212644679273,-7.2099309076396105,-12.911971461751873,-100.0,-100.0,-100.0,1.7580822706222534,6
11787,242.4691925048828,54.92015075683594,8.615725283357463,0.3171569360107965,-0.7635741334115662,-0.15213498576497933,2.361877918243408,0.559771716594696,67.3736572265625,0.4169197380542755,1
3104,241.5441131591797,55.413265228271484,41.66015959248419,0.316577527491772,-2.3336337961831513,-2.022586299739177,4.372926712036133,2.5717933177948,20.453710556030273,0.16332878172397614,1
1565,243.57534790039062,55.23731231689453,35.94313751596453,0.31543104965984753,-1.8489066381548862,-1.4144203968553664,4.434991359710693,0.9850109219551086,43.324501037597656,0.11777203530073166,1
19008,241.5522918701172,55.70566940307617,52.74283856517803,0.31495827132722864,-3.943737800125489,-3.8911951931050246,-100.0,-100.0,-100.0,0.7199409008026123,6
37285,242.10658264160156,54.880516052246094,19.191936960836873,0.31448626973716526,-1.160724372038256,-0.40236428043095696,1.1417230367660522,1.133854627609253,222.81809997558594,2.2026607990264893,2
37480,242.19448852539062,55.49630355834961,29.91710699589243,0.3140207405011302,-1.6688615550019466,-0.8573075423002575,-100.0,-100.0,-100.0,2.404357671737671,6
16467,243.2278594970703,54.95978546142578,22.909013291329597,0.3137866354730343,-1.17785361409882,-0.563211530211983,1.1934620141983032,1.1629570722579956,168.83746337890625,0.5336626768112183,1
13517,242.7484588623047,54.38824462890625,40.05734565347268,0.3134459395941335,-2.234253349388236,-1.8315635868022735,2.388744831085205,2.054084062576294,201.89669799804688,0.45615532994270325,1
38339,243.22283935546875,54.37548065185547,46.1271882227199,0.31331949201088677,-2.778839150714257,-2.5642191093038895,-100.0,-100.0,-100.0,2.5674846172332764,6
10089,243.03236389160156,55.50127410888672,31.23584977968021,0.31316235626291483,-1.5740375011118812,-1.0370449315875165,3.1510534286499023,0.6302857398986816,199.14007568359375,0.3444220721721649,1
4800,242.6523895263672,55.795921325683594,44.895554996559724,0.31309568384194936,-2.6633901896987995,-2.4637950583072925,5.678922176361084,1.1363861560821533,294.9975891113281,0.18968722224235535,1
16463,242.28021240234375,55.33910369873047,20.22788363427245,0.31275696342853854,-1.0727492471084483,-0.4517601251287307,2.5599236488342285,0.9055456519126892,162.0326385498047,0.5575705766677856,1
27130,242.38059997558594,54.882686614990234,12.1115838189726,0.3125128121446262,-0.797531673966066,-0.12524998353685424,-100.0,-100.0,-100.0,1.2879137992858887,6
28491,241.83950805664062,54.8765869140625,27.534277112440495,0.3118698742041349,-0.8576335866265231,-0.710224821618999,-100.0,-100.0,-100.0,1.4283033609390259,6
3125,241.63638305664062,54.55259704589844,44.184868329777345,0.3116860626115105,-2.5801550996378877,-2.359392792419948,2.1538991928100586,0.7755563259124756,213.22393798828125,0.16698424518108368,1
28216,242.47361755371094,55.59748458862305,33.123805128992,0.31154080002734086,-1.5595144136603905,-1.0871184965057328,-100.0,-100.0,-100.0,1.378114104270935,4
11874,242.8256072998047,54.547393798828125,31.25518265014825,0.3109206100557685,-1.5819152680216741,-1.0380777211165688,2.130819797515869,1.3111401796340942,187.321533203125,0.4182678461074829,1
26601,243.04893493652344,54.857688903808594,19.79912130587589,0.3104331084733749,-1.1042467475805415,-0.43327952020510785,0.9393216371536255,0.9199854731559753,213.21775817871094,1.0862644910812378,1
533,241.97000122070312,54.67156982421875,30.92947640648735,0.31007043751194646,-1.5034789186356547,-1.0150801921306654,7.5377068519592285,5.282761573791504,292.70135498046875,0.04142377898097038,1
36050,242.8590545654297,55.17438507080078,12.174667397851945,0.3100412226221651,-0.959869066915605,-0.20575299365071986,2.7686543464660645,1.7850453853607178,15.187225341796875,2.0354952812194824,2
27214,242.76385498046875,54.85971450805664,12.985097085112379,0.3097781962365988,-1.0705268041886817,-0.14448610352971678,-100.0,-100.0,-100.0,1.2239012718200684,6
11851,242.3540802001953,55.48747634887695,27.435769553388564,0.3097500812377444,-1.367822887223449,-0.7941263492151738,2.208540201187134,2.065931558609009,329.10052490234375,0.38179975748062134,1
16641,240.66552734375,54.7881965637207,67.85814312013308,0.30909578687188477,-6.937178975602494,-11.41054346791201,-100.0,-100.0,-100.0,0.5850726366043091,6
8284,243.6453399658203,55.15071487426758,37.064538813189984,0.3089152949603438,-1.967099286981159,-1.519028334510942,3.651238441467285,3.6383883953094482,257.77789306640625,0.27552568912506104,1
36048,242.9936065673828,54.895790100097656,16.932542555184828,0.3075607891288785,-1.080128591612588,-0.3293637511484325,2.63449764251709,2.1667299270629883,305.3681640625,2.0714633464813232,2
8394,242.9436492919922,55.883872985839844,51.606067547083555,0.30738626427445565,-2.966363209161336,-3.6197822607262666,-100.0,-100.0,-100.0,0.3561616539955139,4
637,244.1761016845703,55.254180908203125,56.07603756658906,0.30736918980094113,-4.151551692220889,-4.917702292294368,6.432568073272705,2.2618725299835205,65.95513153076172,0.06905368715524673,1
30393,241.8660430908203,55.32047653198242,29.404859830550308,0.3073093946058552,-1.5703731983690383,-0.9077546205906323,2.0630481243133545,1.888134241104126,267.4992370605469,1.3414795398712158,2
8290,243.18170166015625,55.52950668334961,35.41107880630699,0.30673786793913377,-1.843512161784211,-1.3667562269802331,1.6006338596343994,1.5963811874389648,301.78411865234375,0.3229629695415497,1
22023,243.08326721191406,54.364051818847656,44.62804911662825,0.30618092962558763,-2.7129258486566146,-2.422052932079697,4.858330726623535,1.818507432937622,319.945556640625,0.7980474233627319,1
1417,242.29067993164062,55.30977249145508,18.54133330551152,0.30585580019753744,-0.9485606788350079,-0.3920013458193262,5.173412799835205,4.95991849899292,227.6626434326172,0.11553262919187546,1
549,241.58251953125,55.09622573852539,34.398764637195995,0.30560561748258214,-1.7274564692134633,-1.2794560913287094,3.042381525039673,1.5608638525009155,147.69375610351562,0.04890044406056404,1
20118,242.6094207763672,55.79191207885742,44.59903182194981,0.30551078713454666,-2.6509761946892256,-2.3288621781445205,-100.0,-100.0,-100.0,0.7266579270362854,6
8391,241.609130859375,54.30849075317383,55.7501535213927,0.3050869265788789,-3.5434300675739947,-4.725265061797552,-100.0,-100.0,-100.0,0.35719218850135803,4
1564,242.10311889648438,55.573673248291016,35.461383418024504,0.3047963939922086,-1.8136629342341928,-1.3713014930318754,2.7063934803009033,2.443251609802246,336.14105224609375,0.07757826894521713,1
11785,242.916259765625,54.91233825683594,14.167152646376104,0.3046484328233078,-0.8718638027283481,-0.26224715666264503,2.124689817428589,0.8141263723373413,97.45954895019531,0.39103177189826965,1
8269,241.85873413085938,54.73127746582031,31.355408915399718,0.3045713964622633,-1.5741594206370566,-1.0456995666174107,2.6538286209106445,1.6753994226455688,261.1462097167969,0.3182428181171417,1
1436,242.0182342529297,55.27339553833008,23.51546555721623,0.30430190979734145,-1.1352846861273307,-0.5914099523994084,3.2658064365386963,0.9960477352142334,128.03106689453125,0.08063068240880966,1
23165,242.6891326904297,55.0482292175293,3.7361130801444182,0.3042610992879917,-0.6810490390094704,-0.01166444055052782,-100.0,-100.0,-100.0,0.9187711477279663,6
23975,241.79681396484375,54.61332702636719,37.62987543694616,0.3040499028444428,-2.283452884983883,-1.4842110731022213,-100.0,-100.0,-100.0,0.9483910202980042,6
1431,243.03387451171875,55.1243896484375,16.218368797632653,0.3035455381264288,-0.8781060450217957,-0.31842570152943817,3.517667055130005,1.9238581657409668,299.10028076171875,0.10497492551803589,1
28672,241.9825897216797,54.62255096435547,32.87533900851224,0.30308700433916136,-1.8477148784125692,-1.0679253611547919,-100.0,-100.0,-100.0,1.4529452323913574,6
26648,242.66323852539062,55.343528747558594,17.910966423347706,0.3025404922414091,-0.7095410814549419,-0.28097737593669836,-100.0,-100.0,-100.0,1.2789206504821777,4
6541,242.4606475830078,55.867862701416016,49.313828161509164,0.3024538129475078,-3.1845107617106274,-3.223091554038604,4.090848922729492,1.7989485263824463,121.56440734863281,0.26216524839401245,1
26810,241.55055236816406,55.4621696472168,43.07445514522715,0.3023516126353034,-2.564027153028928,-2.114503619383524,-100.0,-100.0,-100.0,1.2243143320083618,6
11854,242.53433227539062,54.64241409301758,24.433746787360516,0.30151194862211633,-1.223547692713092,-0.6347451784972156,3.275547742843628,2.490983724594116,213.7884521484375,0.3824942409992218,1
34438,242.40074157714844,55.32511901855469,17.686262375818544,0.30147481866766146,-1.0899172661962533,-0.3536627201739005,1.7813668251037598,1.7309030294418335,239.8184051513672,1.7998740673065186,2
18811,242.86854553222656,54.776519775390625,19.12010380936254,0.301381028038521,-1.0457376948336645,-0.4104279307513028,1.241157054901123,1.1917709112167358,227.3519287109375,0.6312840580940247,1
8192,243.13262939453125,54.91913604736328,20.54053430012561,0.3009088616094876,-1.0510152466846674,-0.4648455363238436,1.1941527128219604,1.0042496919631958,62.87501525878906,0.3238280117511749,1
16571,243.68328857421875,55.76732635498047,57.182519376699844,0.300110307157211,-4.286929012601763,-5.194007497409957,-100.0,-100.0,-100.0,0.6238177418708801,6
6525,241.36524963378906,55.5274543762207,50.483969323616606,0.3000272237282595,-3.3384384531979947,-3.463128462052867,1.585111141204834,1.5043070316314697,288.9420471191406,0.23012711107730865,1
32692,243.97433471679688,55.11708068847656,48.04527370218517,0.3000084243143885,-3.163383094082936,-2.977346191587343,1.8977148532867432,1.2840245962142944,267.338134765625,1.5996387004852295,2
33090,241.05093383789062,55.00703811645508,52.659347005888705,0.29958677831491504,-3.6599663724428004,-3.8704847173909185,-100.0,-100.0,-100.0,1.7133218050003052,6
34920,243.82977294921875,55.47551345825195,49.79890546961496,0.299300423385932,-2.968609409963475,-3.2294008700957226,-100.0,-100.0,-100.0,2.039828062057495,6
38247,242.89671325683594,55.86560821533203,50.176984539137436,0.2992022886322247,-3.0285007482829673,-3.3073130709811593,-100.0,-100.0,-100.0,2.684375524520874,4
39879,242.36439514160156,55.00469970703125,7.88687180147245,0.2988731653699466,-0.3836202348206058,-0.05246727585978461,-100.0,-100.0,-100.0,3.668504476547241,4
3038,243.29115295410156,54.58161926269531,37.27426448874996,0.2986751344674655,-1.9590581867208832,-1.5395051708415717,3.975773334503174,3.7835817337036133,251.5484619140625,0.13597749173641205,1
30634,241.1043701171875,55.212852478027344,51.579800861337056,0.29853580527040313,-3.069838915043546,-3.613701287207152,-100.0,-100.0,-100.0,1.579149842262268,5
2870,242.0421600341797,54.98916244506836,18.858311202975997,0.2984702768403777,-0.9680148330050169,-0.40298261482960074,5.347225666046143,3.1510348320007324,105.44926452636719,0.136980339884758,1
14957,242.22097778320312,55.289974212646484,19.004730870221955,0.29841728405699036,-1.0239084067496167,-0.40690244185047597,2.0883002281188965,1.6461591720581055,221.2112579345703,0.5119489431381226,1
18950,244.22264099121094,54.16524887084961,77.88695006961952,0.29838289652755884,-12.176936899959415,-32.27867558179477,-100.0,-100.0,-100.0,0.7152670621871948,6
30330,243.22377014160156,55.29094314575195,26.40335326610144,0.2972127774179427,-1.411372833051236,-0.7298716583580764,1.3054050207138062,1.305237054824829,264.3442687988281,1.376901626586914,2
30427,243.35108947753906,54.63447189331055,36.425991955120175,0.2971809701668865,-2.029989168195103,-1.4526961208677642,2.7042667865753174,1.4390528202056885,61.314697265625,1.49978506565094,2
32744,242.53378295898438,54.488094329833984,33.67969355392889,0.2968953432163329,-1.2888524521814229,-1.1311031914459717,-100.0,-100.0,-100.0,1.7220755815505981,4
482,242.45358276367188,55.04615783691406,4.363523480735187,0.2966678536108818,-0.6580438609423789,-0.10505154369978188,1.0543675422668457,0.9034827351570129,69.20579528808594,0.07194679975509644,1
22162,243.6702880859375,55.26321029663086,39.51337311910875,0.29659602699133264,-2.120901318212668,-1.6810036793910106,-100.0,-100.0,-100.0,0.8359926342964172,6
1472,243.11329650878906,55.42359924316406,28.94971658014121,0.29624107944360517,-1.4005363442186596,-0.8853485907660922,1.733020305633545,1.6589057445526123,157.58755493164062,0.09480476379394531,1
34723,241.73756408691406,54.76577377319336,33.669306573692,0.2962309505147457,-1.6088808058367154,-1.1302855755204049,-100.0,-100.0,-100.0,2.0036280155181885,6
8491,241.71304321289062,54.374427795410156,50.40767330319809,0.2961635864649942,-3.266393512455536,-3.3557172390226393,-100.0,-100.0,-100.0,0.33922460675239563,6
24690,241.5714111328125,55.9107780456543,62.063563221645275,0.2961079833599235,-5.159812346848014,-7.279999989791813,-100.0,-100.0,-100.0,1.0794728994369507,4
4813,241.35076904296875,54.832359313964844,44.32531797198892,0.29532077942924273,-2.6031146274349255,-2.379574247728007,3.7791833877563477,3.7735846042633057,345.29034423828125,0.18850964307785034,1
32583,243.3760528564453,54.879207611083984,29.23256452937232,0.29518516646052095,-1.5755262846041296,-0.8960812248212046,1.5587682723999023,1.164595365524292,225.08523559570312,1.545989990234375,2
2948,242.61280822753906,54.65751266479492,23.502449948256707,0.2951763471101081,-1.1445121655048625,-0.5911638322290493,2.3646626472473145,2.338827133178711,214.29339599609375,0.15777336061000824,1
10029,243.18873596191406,54.79581832885742,25.889867921669072,0.29503695410560477,-1.2839695182847604,-0.7088995837356625,1.5015850067138672,1.1371828317642212,252.14816284179688,0.36468324065208435,1
25009,243.69924926757812,55.382564544677734,43.215875868034615,0.2937964637632175,-2.524356726234157,-2.1335354300728535,-100.0,-100.0,-100.0,1.0193448066711426,6
1549,241.92543029785156,55.49335861206055,34.82551159903346,0.29327809658528603,-1.768232480133148,-1.3160901493033053,6.423223495483398,2.323202133178711,150.75439453125,0.09418626874685287,1
34538,242.80918884277344,55.56407165527344,31.889290667977114,0.29326669271978767,-1.7431285385705397,-1.0749352581410112,2.413522243499756,2.3475914001464844,166.05157470703125,1.890222430229187,2
6265,242.45233154296875,55.33251953125,17.580941470644483,0.2927817231009584,-0.9427181213533634,-0.35959778876153775,1.3820875883102417,1.2595793008804321,264.248046875,0.22709515690803528,1
30198,242.66915893554688,55.05393600463867,3.064866630110492,0.2923475841290456,-0.8047939187641441,-0.09085414043829447,2.032519817352295,1.2067090272903442,332.02734375,1.3544399738311768,2
28671,242.4644775390625,55.56946563720703,31.491305781169753,0.29226628074913275,-1.7424515081514533,-0.9652036114703404,-100.0,-100.0,-100.0,1.471230387687683,6
26566,242.0000762939453,54.93670654296875,21.07797198909116,0.2919852323019302,-1.1510361273871168,-0.4827690931525771,2.079841136932373,2.0797007083892822,318.3283386230469,1.016633152961731,1
11848,243.08905029296875,55.39311218261719,27.015461261113234,0.29195506814713057,-1.3464713674596842,-0.7702345232132224,1.4522429704666138,1.4012340307235718,199.2921600341797,0.4245167076587677,1
17911,242.13742065429688,54.90742874145508,17.453703944641468,0.2917259657977103,-0.7197957537616794,-0.2661655031503102,-100.0,-100.0,-100.0,0.6623829007148743,6
22996,242.6642303466797,55.2982063293457,15.238663499366726,0.291520907497495,-0.9490814130556628,-0.2873310734106418,4.488391399383545,1.2589918375015259,28.959274291992188,0.838225781917572,1
30314,243.0709686279297,54.91408920288086,18.72281894170608,0.2911184725705489,-1.098106390907835,-0.3915817388333438,1.481889247894287,1.3590013980865479,37.278587341308594,1.4464521408081055,2
26711,243.42848205566406,54.32670974731445,52.36338175071008,0.29067229507337045,-3.775554961893443,-3.7981549414716467,-100.0,-100.0,-100.0,1.1260557174682617,5
36383,242.04034423828125,54.389015197753906,43.78739769353194,0.2904765091222345,-2.6697745814313927,-2.212383519020709,-100.0,-100.0,-100.0,2.1639597415924072,6
17684,242.5947265625,55.27812957763672,13.769869942326265,0.29020216400101745,-0.8860298160984561,-0.250903977847573,1.7139949798583984,0.9160378575325012,58.99409484863281,0.6177634000778198,1
32745,243.1873779296875,54.921234130859375,22.252351607477152,0.29010435996866524,-0.31851129232285674,-0.44518399195191916,-100.0,-100.0,-100.0,1.7083762884140015,4
3236,242.18048095703125,54.09663391113281,58.79755123529787,0.2901008456636592,-4.675377882212114,-5.882445794290597,2.995556116104126,2.994572162628174,246.82322692871094,0.14061500132083893,1
30729,242.20252990722656,54.72153091430664,23.571981900487945,0.2895696416560626,-0.9999848318348048,-0.5042549965262788,-100.0,-100.0,-100.0,1.512519359588623,6
36313,240.3169708251953,55.098602294921875,77.80737043356928,0.28946949458156496,-12.189403288299147,-31.941276545252766,-100.0,-100.0,-100.0,2.2505319118499756,6
10015,242.5326690673828,55.52062225341797,28.357750002313324,0.2893055733321494,-1.4095083593527065,-0.8488046883404113,2.93709659576416,1.7462680339813232,208.22344970703125,0.33978819847106934,1
6337,242.23794555664062,55.40049743652344,24.13961973426457,0.28930530911734825,-1.1876488887236563,-0.6205957866067351,2.364488124847412,0.7575563192367554,314.1126708984375,0.24793364107608795,1
30533,243.6006317138672,55.523555755615234,45.01706275659031,0.2888691324725758,-2.803993477898098,-2.4761641661337177,2.791480779647827,2.7787609100341797,339.8332214355469,1.3780090808868408,2
30256,242.8703155517578,55.07074737548828,10.047801403977916,0.2886232834179161,-0.882069733318374,-0.16873050301608844,1.10438871383667,0.5755985379219055,301.9945983886719,1.4990516901016235,2
36214,243.5459747314453,55.64946365356445,48.82447560595424,0.28862138768878726,-2.9894260646404804,-3.037500898393162,-100.0,-100.0,-100.0,2.1004889011383057,5
39887,243.1833953857422,55.23334503173828,23.455950610955416,0.28810614877082746,-1.3835653974780233,-0.4988681266845589,-100.0,-100.0,-100.0,3.657996416091919,4
1413,242.00592041015625,54.93386459350586,20.9436002059371,0.287761054392056,-1.0322879301401269,-0.4807592288070018,2.5318710803985596,1.5921142101287842,62.86977767944336,0.1096309944987297,1
4727,241.7064971923828,55.3362922668457,34.54697321198262,0.28772175925625976,-1.7665899493053197,-1.2926370409480719,2.585866689682007,2.360351800918579,283.996826171875,0.1828760951757431,1
16431,242.26182556152344,55.163795471191406,12.93142892747186,0.2876569108155983,-0.8618813498354474,-0.23188240463853513,1.7572340965270996,1.295068383216858,167.814697265625,0.5662144422531128,1
14947,243.01687622070312,54.97017288208008,15.739290142981066,0.28754074033318755,-0.924026501159083,-0.3030437798813513,7.03485107421875,1.5389362573623657,157.3201904296875,0.47766005992889404,1
10058,241.71493530273438,55.031558990478516,29.774014468066202,0.28725727150401287,-1.4869112913504876,-0.9374079907203361,1.7517445087432861,1.4666129350662231,305.6923522949219,0.3660094141960144,1
1738,243.78053283691406,55.72793960571289,57.733487675006046,0.2872403045195975,-4.460936350817342,-5.48010980007411,2.1618924140930176,1.5283383131027222,54.575443267822266,0.11700953543186188,1
16455,242.594482421875,54.7341194152832,18.885658797226142,0.28668188536792727,-1.0255988180814908,-0.40224060291955344,1.834314227104187,0.5053113698959351,176.07496643066406,0.5507397651672363,1
24659,242.12249755859375,55.458370208740234,29.14095786209949,0.2862785104535962,-1.5189289344946517,-0.89368022251743,2.227064847946167,2.0722174644470215,309.2675476074219,0.9436866641044617,1
22125,241.48338317871094,54.741451263427734,42.10524654774237,0.28624202840241453,-1.8605736513381266,-1.9876955591049341,-100.0,-100.0,-100.0,0.8614834547042847,6
4798,243.8923797607422,55.027469635009766,45.12427851198199,0.2859075774487246,-2.687629655835819,-2.498212597576206,4.400873184204102,3.589902400970459,149.13494873046875,0.18438158929347992,1
33047,242.5531463623047,55.09416961669922,2.880484117502375,0.2854350875098015,-0.5149329809175064,-0.006927588968697908,-100.0,-100.0,-100.0,1.7957122325897217,6
32498,242.64926147460938,54.91344451904297,8.458587311383512,0.28533947330168186,-0.8691177576167942,-0.14142872168654647,1.3208410739898682,1.0968823432922363,289.81787109375,1.6259212493896484,2
11839,242.04673767089844,54.64141845703125,30.615999383216163,0.28533810441266716,-1.5435843273708059,-0.9937558063316231,2.0692856311798096,1.0591962337493896,132.4097137451172,0.39336931705474854,1
38173,242.23545837402344,55.1357536315918,12.943809299710932,0.28531351777537106,-0.9934045790589839,-0.218505799289594,1.582489013671875,1.1669319868087769,83.74199676513672,2.3342835903167725,2
39303,242.3112030029297,55.85008239746094,48.943367206507396,0.2852276159472894,-3.1180692646332924,-3.0603366402288144,-100.0,-100.0,-100.0,2.9751062393188477,4
26611,243.46881103515625,54.71984100341797,36.46334541399263,0.2849432862458024,-2.0018107271277756,-1.458937552922698,1.583796501159668,0.8477842807769775,208.06552124023438,1.0947842597961426,1
18831,241.8739471435547,55.060264587402344,24.290405533055694,0.28365657837324065,-1.247640911893874,-0.6265620810483762,4.312973976135254,3.0455009937286377,304.46075439453125,0.6580862998962402,1
13441,242.11679077148438,55.379920959472656,25.429265504088637,0.28356801737579324,-1.2758753526182707,-0.6845814361642097,1.877399206161499,1.6599452495574951,176.85430908203125,0.4577207863330841,1
4702,241.8538055419922,55.3294792175293,30.05165108584222,0.2833445745876264,-1.4803738184038662,-0.9562853138464606,7.449025630950928,1.711129903793335,148.37045288085938,0.19632788002490997,1
18876,241.7797393798828,55.59027099609375,42.459228399353705,0.28281748493869596,-2.2879634730054508,-2.0331357520631483,-100.0,-100.0,-100.0,0.7130699157714844,4
4760,242.92800903320312,55.67235565185547,39.24740872959928,0.2826711327867675,-2.128125169800674,-1.7424774185702283,2.431500196456909,1.7908283472061157,144.1751251220703,0.2210221290588379,1
15185,242.22488403320312,55.137393951416016,13.315634917640326,0.2825285699597624,-0.8753943920635576,-0.15216602148920513,-100.0,-100.0,-100.0,0.5274834036827087,6
14925,242.47964477539062,54.79007339477539,15.906623714560926,0.28182082114511253,-0.9289144042440275,-0.30792152625260655,3.973093032836914,3.4143359661102295,324.57647705078125,0.48508256673812866,1
32647,243.606201171875,54.6781005859375,41.82395458223199,0.2817293276896323,-2.500286703463281,-2.0365156684869636,3.2596018314361572,2.2483949661254883,9.509868621826172,1.6043074131011963,2
36089,243.36471557617188,55.352699279785156,32.46088453181058,0.2812996781768201,-1.793209964654161,-1.1171867138569156,2.1041648387908936,2.104081392288208,152.2164306640625,2.0883851051330566,2
9985,243.2396240234375,55.14495849609375,23.35473121485031,0.2808576679540481,-1.1694222871309903,-0.583754314897391,2.1609256267547607,1.591385006904602,91.26334381103516,0.3431079089641571,1
38953,241.57058715820312,55.69845962524414,52.00755699493986,0.28057551837402406,-3.8102300162486786,-3.713197969740696,-100.0,-100.0,-100.0,2.753819704055786,6
36031,242.12612915039062,55.33346176147461,23.10600997776098,0.2801699465148589,-1.2998269064226875,-0.5624238023200855,1.2744139432907104,1.2647775411605835,229.4896240234375,2.0119569301605225,2
28575,243.4081573486328,54.48717498779297,44.22884943757402,0.2799583438918931,-2.6030766067869657,-2.275110297825071,-100.0,-100.0,-100.0,1.4393268823623657,6
4812,243.25633239746094,55.716793060302734,46.229700396900725,0.279940360793456,-2.808251305820124,-2.6715037475297967,2.2601966857910156,2.242974281311035,61.92332458496094,0.19089604914188385,1
8378,243.11709594726562,54.08222198486328,60.923418832022264,0.27989829695473534,-5.14452734430088,-6.802312722696405,5.684016704559326,4.762889385223389,87.90470123291016,0.28028953075408936,1
27103,244.1761474609375,55.32784652709961,57.16318381313985,0.27983880560630187,-4.654198289312877,-5.187358049128395,-100.0,-100.0,-100.0,1.2204962968826294,6
100,242.93161010742188,54.47458267211914,36.53352276692199,0.27982933526876064,-1.8731032734765123,-1.4666642440415747,6.39063835144043,4.597650051116943,196.4431915283203,0.019454345107078552,1
1868,243.84947204589844,55.17511749267578,44.205287925107015,0.2797967636639014,-2.996294881266641,-2.2716996094972943,-100.0,-100.0,-100.0,0.1345049887895584,6
38908,242.95913696289062,53.96908187866211,66.11090016103512,0.2797174337223014,-6.300116735022779,-9.891105182185497,-100.0,-100.0,-100.0,2.8599677085876465,6
32541,242.78880310058594,54.71864318847656,21.073026714163817,0.279560681775584,-1.1926853176427457,-0.4771664054104811,1.0411852598190308,0.9974641799926758,318.4178771972656,1.5404928922653198,2
1527,241.7271728515625,55.37924575805664,35.30213644984,0.27937463640192545,-1.8018220469266155,-1.3571628690841488,3.891298770904541,2.870978355407715,142.1441192626953,0.09573059529066086,1
4647,242.2366180419922,54.654727935791016,26.45808941466064,0.27919003904223205,-1.2880469726950377,-0.7396185109149047,2.4539239406585693,2.406797170639038,165.8136444091797,0.18911734223365784,1
26809,242.65501403808594,54.517459869384766,31.98325605745338,0.27907639530849393,-1.381600414054962,-1.0009165102093764,-100.0,-100.0,-100.0,1.1228867769241333,6
18914,243.46615600585938,55.02513885498047,30.48614559690388,0.27900965544166634,-1.4222995062750405,-0.895281893120226,-100.0,-100.0,-100.0,0.724892795085907,6
16462,242.78269958496094,54.65382385253906,24.70554029079844,0.2788774063100981,-1.253874354421745,-0.6469736745269123,4.359272480010986,0.9546990990638733,82.32527923583984,0.5722286701202393,1
10189,240.9461669921875,55.15440368652344,56.45595668976679,0.27860058386261566,-4.271317473407258,-5.041262365555946,5.32457160949707,1.5202085971832275,65.34676361083984,0.3613184690475464,1
27177,242.85377502441406,54.57048416137695,30.213752733547658,0.2784571018447221,-1.2389168417886096,-0.8769568616993202,-100.0,-100.0,-100.0,1.2460895776748657,6
36043,243.18951416015625,54.89512634277344,22.912009809493796,0.2783340459256926,-1.2910877752214611,-0.5533591115753352,1.5902894735336304,1.388380765914917,90.1754379272461,2.0325076580047607,2
34496,242.24185180664062,55.45969009399414,27.2381551593596,0.2779009853986397,-1.4796628455499643,-0.7739909241251949,2.2163970470428467,1.51926589012146,206.43490600585938,1.841712236404419,2
16568,242.63182067871094,55.6596794128418,36.6960226488734,0.27738529522793254,-2.1589544899665785,-1.3938890779691357,-100.0,-100.0,-100.0,0.57808518409729,6
27137,243.2621612548828,55.83875274658203,52.77153161846273,0.2771544195263288,-3.459116281347242,-3.8982717952629855,-100.0,-100.0,-100.0,1.2930546998977661,6
502,243.1382598876953,55.47643280029297,31.97026273365848,0.2771525864518682,-1.5671921284296506,-1.0893294441703167,3.441844940185547,3.3815109729766846,269.5942687988281,0.039579831063747406,1
3159,244.07733154296875,54.911712646484375,52.191071542820495,0.2768215730205604,-3.558296105892977,-3.8478013429347966,7.154857158660889,2.434100389480591,323.8180847167969,0.14101827144622803,1
2909,242.09986877441406,55.35531997680664,24.679167784724577,0.276751379473203,-1.1957536993622933,-0.6472433982081724,6.548203468322754,1.3835837841033936,283.06231689453125,0.15121860802173615,1
13458,241.86672973632812,54.97526550292969,24.947679132536248,0.27671607207018456,-1.2523327000147464,-0.6595056157823905,2.715092182159424,1.8420741558074951,68.36491394042969,0.4503255784511566,1
23111,240.48573303222656,55.385746002197266,74.4905275300976,0.27649866284110847,-9.81132846481698,-21.463378235089532,-100.0,-100.0,-100.0,0.9067617654800415,6
38827,243.48316955566406,54.86170196533203,33.064767856920014,0.2764797961385523,-1.8606354365439683,-1.1590069453067988,2.431398868560791,1.8320770263671875,319.29583740234375,2.5324208736419678,2
4631,242.13613891601562,55.453514099121094,28.64603173229128,0.2763976997816464,-1.4019007183541428,-0.866643063924273,2.381229877471924,1.8237234354019165,179.1588592529297,0.17797677218914032,1
20107,244.2975311279297,55.24861526489258,60.080553867505635,0.2763575763595724,-5.1480643568823,-6.3256113485856265,-100.0,-100.0,-100.0,0.7312079071998596,6
6361,241.67649841308594,55.1573600769043,31.70526614130541,0.27621147835882254,-1.5865122899008994,-1.0702294446688483,3.3661632537841797,3.3632240295410156,133.37033081054688,0.2706137001514435,1
2826,242.17935180664062,55.09918975830078,14.106036782432723,0.27579398500932506,-0.8311749645839265,-0.26099063885719304,2.988203763961792,0.9469138383865356,256.2885437011719,0.15444014966487885,1
8480,242.63560485839844,55.47837448120117,25.844753645077713,0.27572220498438865,-1.2822159509466933,-0.6168421398988961,-100.0,-100.0,-100.0,0.34660038352012634,6
4521,242.58984375,54.90146255493164,8.844781555372574,0.27556371263398954,-0.7366749051756579,-0.15587631024456947,6.894538879394531,1.8653826713562012,182.0372772216797,0.180230513215065,1
3213,241.26824951171875,54.51040267944336,55.722712121205745,0.2752319276227591,-4.1117917499619425,-4.808112131198764,4.31447696685791,2.275831937789917,293.5087585449219,0.1361585557460785,1
1474,242.48129272460938,54.553226470947266,29.930102193308045,0.27514559372161135,-1.455393401136968,-0.9480631316556829,2.842388868331909,0.8937761783599854,235.75021362304688,0.11796741932630539,1
32483,242.1085968017578,54.863155364990234,19.705366812992082,0.2749723445802898,-1.145524360536664,-0.42555600687862793,1.5124444961547852,1.2360297441482544,59.15433883666992,1.5277811288833618,2
36096,243.4940948486328,54.84904098510742,33.68642968899405,0.2729529613926681,-1.8736038322591253,-1.2125277711157427,1.2414441108703613,1.2412983179092407,197.70816040039062,1.9722543954849243,2
4711,243.064697265625,55.558509826660156,34.76931126793472,0.2728666681903261,-1.7817564775804526,-1.3112924450022456,2.2555196285247803,1.68472158908844,127.66533660888672,0.18675638735294342,1
1646,241.32769775390625,54.654483795166016,49.31579120634764,0.27281163216663734,-3.1586304855175626,-3.2233462234955264,9.577492713928223,5.825011730194092,245.75497436523438,0.08036281913518906,1
20038,242.0418701171875,55.55411911010742,35.46410685574182,0.27270623202933436,-1.8971917726597396,-1.3694346435627227,2.5213897228240967,0.6140015721321106,350.5571594238281,0.6828594207763672,1
21238,242.00787353515625,55.07770538330078,19.750048083448025,0.2719591595423708,-1.2372147595008456,-0.34516730395679773,-100.0,-100.0,-100.0,0.7958234548568726,6
23163,242.2643280029297,55.26346206665039,16.833123408895016,0.2718155040810168,-1.1474762613925842,-0.24678045663922088,-100.0,-100.0,-100.0,0.8961038589477539,6
4648,241.97601318359375,55.358116149902344,27.79900749421727,0.2716757124405024,-1.3567399148811043,-0.8158580559294983,6.010341644287109,1.4039604663848877,70.9410400390625,0.2222839891910553,1
1668,241.06626892089844,54.95649337768555,52.39858375297286,0.2715888961344689,-3.5788774156899152,-3.897513443721251,4.717162132263184,2.5568227767944336,292.89825439453125,0.09236899763345718,1
28392,244.02076721191406,55.943519592285156,72.64993680817754,0.27140480205428397,-8.65197124770825,-17.695904082438922,-100.0,-100.0,-100.0,1.3093525171279907,6
21998,243.2172088623047,55.26919174194336,25.520818420468142,0.27102157220033113,-1.3192108649175158,-0.687136539820761,2.37160325050354,2.3286614418029785,189.38841247558594,0.821310818195343,1
17742,241.77801513671875,55.638519287109375,44.73897262450318,0.2709119187002697,-2.7009859765431,-2.4386623231184634,1.6728445291519165,1.3854302167892456,98.84107971191406,0.5971917510032654,1
713,244.48257446289062,54.3869514465332,76.9530302223378,0.27028228488600664,-11.559018322565992,-28.71573778923422,26.968690872192383,5.417827606201172,1.3373279571533203,0.051494330167770386,1
28225,243.32553100585938,53.84870147705078,76.55136877369289,0.270228927471014,-11.105710198875173,-27.23709971956523,-100.0,-100.0,-100.0,1.4472618103027344,4
14912,242.41192626953125,54.74420928955078,19.176748940312812,0.2696772136570785,-1.0296045589574891,-0.41296558789554455,2.4403533935546875,2.433622121810913,158.5672149658203,0.5235477089881897,1
30205,242.91122436523438,55.04803466796875,11.370023059448934,0.26959050326536077,-0.9035172169218719,-0.19200346509815183,2.175450086593628,1.101891040802002,185.26278686523438,1.4883098602294922,2
30902,242.5682830810547,55.84441375732422,47.74000951392116,0.2695113260477375,-2.4310834538911448,-2.8375981405125192,-100.0,-100.0,-100.0,1.5311181545257568,6
21090,243.88589477539062,55.39533615112305,49.27833597177196,0.26935850000104855,-2.7788219260792366,-3.1254180155681506,-100.0,-100.0,-100.0,0.8094130754470825,4
17705,242.6908416748047,54.62942123413086,25.448830307946427,0.2693422765826908,-1.2939846473479217,-0.6843390221683483,1.9355502128601074,1.4177659749984741,346.25927734375,0.6124076843261719,1
32477,242.39151000976562,54.79273223876953,16.686978667573676,0.2692643246074617,-1.0478151861660188,-0.3239382206986712,1.6055829524993896,1.5873183012008667,165.04391479492188,1.6966979503631592,2
11935,242.65025329589844,56.03719711303711,59.35253980933907,0.2691082178475334,-4.825726478974961,-6.106302654505158,4.0808939933776855,3.3868424892425537,89.22804260253906,0.4201206862926483,1
13533,242.3190460205078,55.841468811035156,48.38619798273735,0.26888331266406135,-3.0982986705969338,-3.0454626342990005,2.7414698600769043,1.6785517930984497,62.516326904296875,0.4250585734844208,1
32975,243.8140869140625,55.0220832824707,42.44749854423623,0.268844394254905,-2.3468405019507905,-2.0316666397769074,-100.0,-100.0,-100.0,1.7622754573822021,6
17894,244.45579528808594,55.172908782958984,64.78851788464814,0.2679110157155434,-6.33285856256955,-8.9182035022012,-100.0,-100.0,-100.0,0.6543201208114624,6
34788,242.3629913330078,55.404151916503906,22.583617113129556,0.2677237245672482,-1.2748557978506194,-0.45958908216981875,-100.0,-100.0,-100.0,1.9027392864227295,6
1386,242.0579376220703,54.94757843017578,18.98002373836977,0.26758723263369477,-0.963233922715428,-0.40743970920730554,6.258749961853027,1.596510410308838,334.65753173828125,0.1026897206902504,1
1828,242.05140686035156,55.086246490478516,18.314393137855653,0.26748588397188067,-0.9642481617387132,-0.29446441648299854,-100.0,-100.0,-100.0,0.1461772620677948,6
28353,240.77291870117188,55.59142303466797,69.76762747147676,0.26735878495646764,-7.756338528552777,-13.465312873958759,-100.0,-100.0,-100.0,1.3570797443389893,6
26665,240.65328979492188,54.886165618896484,67.08696972473253,0.26709262208465406,-6.318325182391194,-10.703116715684555,-100.0,-100.0,-100.0,1.2304152250289917,4
11735,242.35992431640625,55.091339111328125,7.994657348561114,0.266547844220605,-0.7540041792661909,-0.14290315972630513,2.0722544193267822,1.0104035139083862,222.7344970703125,0.4188811480998993,1
13671,242.74978637695312,55.45488739013672,25.04536118976954,0.26617363350164996,-1.160122420116843,-0.5756234140014161,-100.0,-100.0,-100.0,0.507063090801239,6
38900,242.1200714111328,55.73033905029297,43.799883486896405,0.2660364541443664,-2.789354832563326,-2.214154523994638,-100.0,-100.0,-100.0,2.7736082077026367,6
17773,243.17410278320312,55.464752197265625,32.171183249138586,0.266013803611627,-1.7880006212300095,-1.0147327519625347,-100.0,-100.0,-100.0,0.6254417896270752,6
30512,243.98497009277344,55.08787155151367,48.31000955570253,0.26596230734569437,-3.1826078208133977,-3.027489795802899,2.375974178314209,2.3504440784454346,305.9046936035156,1.3452682495117188,2
30283,243.045166015625,55.340843200683594,23.672506669943605,0.26578090468427484,-1.286556456820066,-0.5924059917397606,2.4404656887054443,2.423309087753296,69.81648254394531,1.300911545753479,2
26813,241.57997131347656,54.186214447021484,62.34110308595159,0.2657454396458819,-5.1420648560099185,-7.427930629286525,-100.0,-100.0,-100.0,1.196738600730896,6
16440,242.5035400390625,54.75708770751953,17.701283882222608,0.2656174351380699,-0.9876290195313265,-0.3624117621096372,1.2459338903427124,1.095153570175171,206.8151397705078,0.5656080842018127,1
10018,243.30996704101562,55.00726318359375,25.211936418729582,0.26546140709967286,-1.2508096244697824,-0.6731922912670018,6.481710433959961,1.3013216257095337,112.57363891601562,0.3327432870864868,1
24662,243.6054229736328,55.100887298583984,35.346649927407306,0.26541251379912045,-1.9147983243225872,-1.3582253823535098,0.9402612447738647,0.8699067234992981,169.9028778076172,0.9614164233207703,1
8214,241.68731689453125,55.130165100097656,31.054127216488816,0.2647341603102241,-1.5546527647817252,-1.023956934867564,2.4725282192230225,2.4634575843811035,3.615446090698242,0.291573166847229,1
33012,242.77792358398438,54.8498649597168,13.738339461483031,0.26459499908703604,-0.7371812968405347,-0.16211165389146848,-100.0,-100.0,-100.0,1.7642078399658203,6
18814,243.1310272216797,55.35381317138672,26.27536094547376,0.26436416326168627,-1.3393860740120254,-0.7278610531657137,2.094416618347168,1.7943332195281982,26.13226890563965,0.6394838094711304,1
34400,243.04087829589844,55.25599670410156,20.093809325282507,0.264259785914442,-1.1708605090655868,-0.43839373879331894,1.7481772899627686,1.592949390411377,153.00119018554688,1.8137423992156982,2
8035,242.95755004882812,55.1401252746582,14.059682781492192,0.26400032952866526,-0.8544144917075517,-0.2595661225464521,2.021441698074341,1.423995018005371,39.449241638183594,0.28297194838523865,1
2783,242.28109741210938,55.02389144897461,10.400270878955823,0.26366167265462515,-0.753275706288382,-0.18159365936781838,5.0066423416137695,1.1533703804016113,135.33482360839844,0.1251663714647293,1
30414,243.49295043945312,55.369876861572266,36.70220652579559,0.2636535719514585,-2.051186562040049,-1.4787135304677168,3.1262412071228027,3.1038029193878174,303.4321594238281,1.3861180543899536,2
22158,242.5878448486328,54.24341583251953,48.32234249236271,0.2635629838165805,-3.252805073046461,-2.9432196679546263,-100.0,-100.0,-100.0,0.8325883150100708,6
15153,242.52340698242188,54.47212219238281,34.65557397834328,0.26320130606773134,-1.4054049943128393,-1.2114833308347115,-100.0,-100.0,-100.0,0.5454915165901184,6
26904,242.80189514160156,53.893253326416016,69.75994063724838,0.26314358189629944,-7.464549736309614,-13.4560175164855,-100.0,-100.0,-100.0,1.2341102361679077,6
36000,242.0948944091797,55.01075744628906,16.8526378206474,0.26292739856668995,-1.0752213139080138,-0.3256432529646268,1.6230624914169312,0.9172240495681763,301.29754638671875,2.0878546237945557,2
30690,243.1039276123047,54.41389465332031,42.18955255134452,0.2627891751101997,-2.020783740085918,-1.9985217866478144,-100.0,-100.0,-100.0,1.6601221561431885,6
37270,242.7501983642578,54.628849029541016,25.8693746846978,0.2626781659306795,-1.433387811409191,-0.6960041439058643,1.9365028142929077,1.232846975326538,331.4747619628906,2.1013293266296387,2
13498,241.6972198486328,55.473716735839844,39.521064762196744,0.2625035058418196,-2.187245788644276,-1.7712064438519708,3.406214714050293,0.9651852250099182,143.83120727539062,0.4282658100128174,1
22989,241.9430694580078,55.241397857666016,24.723058628686637,0.26206330784247706,-1.286800208251801,-0.6461598494781706,2.1533126831054688,2.1095616817474365,43.77931594848633,0.8483570218086243,1
8176,242.63540649414062,54.601890563964844,26.880389071451106,0.26187873763115194,-1.324259569844511,-0.7624979453376861,3.578545093536377,1.8747738599777222,76.35360717773438,0.30254068970680237,1
30331,242.15133666992188,55.50826644897461,31.226896206766643,0.26176722316218465,-1.6783455720904055,-1.0308773360373968,2.606764078140259,2.2727363109588623,74.614501953125,1.493985652923584,2
30553,241.6903839111328,54.827117919921875,33.43681206005751,0.2611546521542754,-1.8188690550194322,-1.196147395475638,2.9168431758880615,2.8908793926239014,236.99990844726562,1.3175586462020874,3
26591,243.29710388183594,54.89747619628906,26.296570991954873,0.26082481411084496,-1.3747850308680372,-0.7268309388456163,1.9186149835586548,1.483500361442566,178.9083251953125,1.094948649406433,1
22991,241.9499053955078,55.27132797241211,25.40514079527997,0.2607063880113212,-1.3179509162630016,-0.6804853500032793,2.994076728820801,1.8768388032913208,142.67901611328125,0.8344322443008423,1
36023,243.21414184570312,55.19191360473633,23.377558919983677,0.2601065967780131,-1.3114309057188724,-0.5748384347100788,2.6354968547821045,1.8363760709762573,214.23159790039062,2.0675110816955566,2
10061,243.24728393554688,55.513336181640625,36.00282396306886,0.2598689910372012,-1.8940566118271907,-1.4195022152060772,1.8796683549880981,1.8794997930526733,143.19871520996094,0.34125444293022156,1
17686,243.0729522705078,54.868587493896484,20.118636800174585,0.2594912512740501,-1.074290011093343,-0.44708303178585584,2.640091896057129,0.9297457933425903,84.09905242919922,0.586208164691925,1
1528,241.8673858642578,55.53196334838867,37.86751827265028,0.25923125597196855,-1.9965879304381262,-1.598126519089368,2.921907901763916,2.540607213973999,56.24347686767578,0.11314987391233444,1
14969,242.7314453125,55.460731506347656,25.250862358058676,0.2591491931698896,-1.2719136159310211,-0.6742528492968565,1.6661131381988525,0.9638462066650391,261.99859619140625,0.510814368724823,1
14846,242.8162078857422,55.02264404296875,8.256751066120902,0.2582196535959878,-0.770513893879574,-0.14607747199392276,2.1410410404205322,0.5334970951080322,269.1742248535156,0.4755702018737793,1
2912,243.2120361328125,54.761932373046875,27.764742433353085,0.25801905664853,-1.3454469535270275,-0.8134113510408573,7.386792182922363,2.5198543071746826,250.9268798828125,0.1281714141368866,1
8056,242.91404724121094,55.03794479370117,11.486811809165564,0.2578579104773686,-0.7973255241353822,-0.20161364042723726,4.233476161956787,0.9436901211738586,293.00958251953125,0.2994808256626129,1
21110,242.1206817626953,54.849388122558594,19.852100792126862,0.25772163677585685,-0.7382653237828162,-0.34906370764999634,-100.0,-100.0,-100.0,0.7766085267066956,5
1327,242.89222717285156,54.94236755371094,12.486729251709477,0.2577037532144674,-0.7847361823954074,-0.22289257983578897,4.359933853149414,0.8794277310371399,10.92616081237793,0.10131198167800903,1
39741,242.19448852539062,54.962684631347656,14.249770252928565,0.25732047917458184,-1.059361140377332,-0.24581711719426744,1.9612174034118652,1.7805778980255127,126.4306640625,3.1163599491119385,2
38305,244.1607666015625,54.64738464355469,59.66642077228834,0.2572357041088731,-4.804225416141072,-6.146501804524867,-100.0,-100.0,-100.0,2.5039432048797607,6
37436,242.16958618164062,55.557857513427734,33.613765860419015,0.2569683147210728,-1.5787254193211664,-1.1258651603698606,-100.0,-100.0,-100.0,2.321038007736206,6
11700,242.3289031982422,55.10622024536133,9.302004571173823,0.25691108156488085,-0.77340491059178,-0.1623269005972038,1.1324656009674072,1.1219544410705566,321.1205139160156,0.39238685369491577,1
4845,244.03497314453125,55.470245361328125,55.79123832156174,0.2567926693329878,-4.131889206729921,-4.829227141062022,9.131834030151367,2.0220305919647217,214.25640869140625,0.195055291056633,1
13502,243.01824951171875,55.619747161865234,37.37443799795697,0.25661296348390056,-2.011464165293364,-1.5482593137554694,2.334498405456543,1.2939374446868896,100.78350830078125,0.4400412440299988,1
13529,241.30361938476562,54.64154052734375,50.42500239090193,0.25652294102756185,-3.3591939095712218,-3.4500128058594433,2.281109094619751,1.65274977684021,172.44337463378906,0.4726133346557617,1
21985,242.11190795898438,55.29661178588867,21.88328589024207,0.2565217403471765,-1.161667472506918,-0.5163930972413343,2.7737202644348145,0.6585845351219177,229.45391845703125,0.8054258823394775,1
27191,244.21275329589844,54.22120666503906,75.35397007527529,0.2564496461049257,-10.156758634142555,-23.64147848562065,-100.0,-100.0,-100.0,1.2004932165145874,6
38184,243.22145080566406,55.170230865478516,23.175161318097427,0.2562820176135577,-1.323491657203179,-0.5631251184721455,1.507487177848816,0.8145347833633423,302.343505859375,2.443934202194214,2
17910,241.9682159423828,55.388916015625,29.25027525568804,0.25621729967435086,-1.3604479050883453,-0.8143082109597246,-100.0,-100.0,-100.0,0.6671726107597351,6
24638,242.62171936035156,55.22415542602539,10.617514960857537,0.25619568090511213,-0.853985548379545,-0.18087859747739857,3.7058234214782715,1.6607439517974854,247.794921875,0.9580902457237244,1
6227,242.82302856445312,55.304500579833984,17.45003190345242,0.2560273722011318,-0.9392036853038359,-0.3557133438049084,2.2176246643066406,2.0816938877105713,137.95755004882812,0.24937908351421356,1
38787,242.61111450195312,55.212562561035156,9.883301561346537,0.25593323024841635,-0.945108092126171,-0.15754162188244641,1.7049826383590698,0.8609618544578552,298.92681884765625,2.5014607906341553,2
32549,241.7957000732422,55.2316780090332,29.063408571587622,0.25579961214013996,-1.5668513906776935,-0.885755521213869,2.721142053604126,1.3844730854034424,3.7252235412597656,1.6587343215942383,2
8458,243.5966033935547,55.906620025634766,61.99156771640166,0.2556439093733589,-5.19403166738712,-7.2422847641873815,-100.0,-100.0,-100.0,0.36843401193618774,6
28485,242.15122985839844,55.449710845947266,28.180987164917923,0.2553157645459573,-1.8901136849206874,-0.7482706078741007,-100.0,-100.0,-100.0,1.457305669784546,6
18802,242.07452392578125,54.80952453613281,22.589379808605127,0.2553134172960815,-1.1742217810233389,-0.5476027684840422,0.8409088850021362,0.7154865264892578,31.37472152709961,0.6557043790817261,1
6441,243.7255859375,54.84893035888672,41.24089133962783,0.2552330015171417,-2.311351162648143,-1.970986352718042,4.190147876739502,1.4969381093978882,191.5560760498047,0.2668014466762543,1
16504,243.2239227294922,54.512210845947266,39.14332648596602,0.2551760082108632,-2.1682646492151383,-1.7299390103943608,5.0271100997924805,1.2865694761276245,215.70684814453125,0.5704555511474609,1
11730,242.1884002685547,54.992149353027344,13.906545219124157,0.25475588255266707,-0.863703398514106,-0.254994474549557,1.4213265180587769,0.5228660106658936,39.45525360107422,0.4038487672805786,1
10101,242.71060180664062,54.40108871459961,39.12209341362102,0.2543506886974293,-2.1395087503224146,-1.7280824262058747,4.85088586807251,2.858156204223633,0.5423641204833984,0.33996903896331787,1
14987,242.58786010742188,55.54405975341797,29.718055755671855,0.254097524891957,-1.5037388779780583,-0.9331267496017202,0.9510764479637146,0.8794518113136292,279.0627746582031,0.5175608992576599,1
663,243.43228149414062,54.09751510620117,64.30574971512962,0.2538992292284128,-5.923216322616542,-8.685951890612879,5.578132629394531,3.4888830184936523,129.96250915527344,0.05688248574733734,1
4602,243.2788543701172,55.20010757446289,25.623457658715218,0.25382848998364643,-1.2477012427994945,-0.6950866008650353,2.7809531688690186,2.4477548599243164,322.2987976074219,0.18424348533153534,1
7974,242.5735321044922,55.1260986328125,4.6453753915626015,0.2537984672120369,-0.7037899067228394,-0.10728609949364068,4.367759704589844,1.005953073501587,109.83092498779297,0.31462547183036804,1
36029,242.73300170898438,55.39118957519531,21.197872366305194,0.2537933211171289,-1.221436170180216,-0.4796046409554948,2.4565796852111816,1.3524476289749146,22.232465744018555,2.052480697631836,2
38965,242.48599243164062,55.66134262084961,36.89486544388938,0.2533235857594629,-2.529054863529903,-1.4126388086888246,-100.0,-100.0,-100.0,2.707946300506592,6
30284,243.1978759765625,55.41206741333008,30.355266164821742,0.2532914182245114,-1.6265695904454232,-0.9709084319346991,1.400618076324463,1.3566935062408447,166.72250366210938,1.3042960166931152,2
4750,242.54319763183594,54.365753173828125,41.00175112620101,0.25281376315061654,-2.280521873452286,-1.9417968098902436,3.57304048538208,2.9250259399414062,36.115753173828125,0.2055840939283371,1
32945,240.86080932617188,55.045894622802734,59.109415580715925,0.2522378891861531,-4.8156155777937695,-5.915487116308819,-100.0,-100.0,-100.0,1.8325824737548828,6
6229,242.1463165283203,55.05806350708008,14.930777523779238,0.2522045691971009,-0.8679799093212403,-0.28194538175078054,2.335326671600342,2.2884085178375244,28.78718376159668,0.22939860820770264,1
21131,241.63912963867188,55.79892349243164,55.253839745878224,0.2521549288502859,-3.8718981139870117,-4.574596427544003,-100.0,-100.0,-100.0,0.8098681569099426,6
38256,242.5731964111328,54.68368911743164,21.90669151607814,0.2520739007271057,-0.7575445151645035,-0.4304368127819512,-100.0,-100.0,-100.0,2.569577693939209,4
4890,241.5395050048828,54.096675872802734,67.63048677567703,0.2519563297425165,-6.946553818211138,-11.287510391693006,3.2568976879119873,2.962841272354126,357.3306579589844,0.2009688913822174,1
28462,244.17568969726562,56.08421325683594,82.39005689836404,0.25149764278515113,-17.152239975035133,-65.22279697614772,-100.0,-100.0,-100.0,1.4337966442108154,6
6258,243.0646514892578,54.75096893310547,24.461122271390522,0.2512218145749365,-1.201949520098579,-0.6361957633402222,4.099667549133301,3.120349168777466,145.6905517578125,0.24640017747879028,1
510,242.04371643066406,55.49869155883789,32.63814658749089,0.2511396882730511,-1.6096548846190806,-1.1391726033034593,2.5728843212127686,2.127462863922119,90.86997985839844,0.07458627969026566,1
4444,242.20498657226562,55.082157135009766,13.054634729179273,0.2510859813315709,-0.8148602086476853,-0.23565377424812647,3.190401315689087,0.6502028703689575,2.5120925903320312,0.21485307812690735,1
8096,241.9452362060547,55.12839889526367,22.329055708787433,0.2507473726193917,-1.118844578251383,-0.5378274160185469,0.8498091101646423,0.7142577767372131,154.4740447998047,0.31757843494415283,1
30203,242.1058349609375,54.94422912597656,17.497873793228464,0.25056803470757183,-1.0576776859864219,-0.3500613090062552,1.7773703336715698,1.540363073348999,154.2337188720703,1.3940397500991821,2
13477,243.63185119628906,55.13652801513672,36.48171124834069,0.25033484695075214,-1.9427891986179584,-1.4629057215096597,1.8225176334381104,1.073524832725525,234.57398986816406,0.4691876769065857,1
13474,241.70468139648438,55.06846618652344,30.117916940563198,0.2501893315255487,-1.5204627204214072,-0.9597083255438845,1.6675394773483276,1.5534497499465942,90.50434112548828,0.4276261627674103,1
38219,241.84835815429688,54.58673095703125,37.5373532494145,0.25008861427319884,-2.1747520066915937,-1.5534274238698718,2.3948028087615967,1.3295146226882935,359.957763671875,2.4499523639678955,2
24894,242.0225067138672,55.59541702270508,37.92744187082622,0.2500504997292267,-2.176311669869745,-1.513961500461659,-100.0,-100.0,-100.0,1.0330384969711304,6
4456,242.38865661621094,54.93950271606445,9.303930497077301,0.24938277191803826,-0.74354589914882,-0.1629515537353313,2.077531337738037,0.4156647026538849,232.51422119140625,0.2132297307252884,1
4669,243.39114379882812,55.40927505493164,35.176074670445274,0.24932965539121046,-1.810839609256429,-1.346381576672123,3.465161085128784,1.156779170036316,307.6886901855469,0.20572084188461304,1
30409,241.6529998779297,55.306053161621094,35.326952020768594,0.24914816509029136,-1.9486084035634728,-1.3531755687032578,2.1472716331481934,1.2316244840621948,180.91787719726562,1.4872610569000244,2
37234,243.09010314941406,54.766448974609375,24.413240927230905,0.24904377339578684,-1.366682839378383,-0.6224048453196345,3.155486822128296,1.6032452583312988,244.0841064453125,2.2543232440948486,2
660,242.37437438964844,56.11429977416992,64.31214029235936,0.24886317028094843,-5.9244828333512904,-8.689944329619388,7.260962963104248,6.748650074005127,302.629150390625,0.04066398739814758,1
2954,242.51795959472656,54.51936340332031,31.83828665947187,0.24830730623923797,-1.5789839296225041,-1.0803798424475517,2.345453977584839,2.2738218307495117,30.24012565612793,0.1375417560338974,1
36105,242.34951782226562,54.42125701904297,38.49157479084989,0.24796486285939062,-2.2294900633424857,-1.651948070740877,1.8872300386428833,1.2667657136917114,80.48472595214844,1.9290224313735962,2
22157,242.06146240234375,55.5196647644043,33.35745684750066,0.24766434277066413,-2.104197464008836,-1.1054143555476723,-100.0,-100.0,-100.0,0.8606160879135132,6
27072,243.8004608154297,55.182098388671875,42.622271770079344,0.24764892375068276,-2.686223412305937,-2.054466872572281,-100.0,-100.0,-100.0,1.2406541109085083,6
4552,241.8071746826172,54.9207878112793,27.70711632517394,0.24763042520606396,-1.3509674409750083,-0.8099619413084889,5.783755302429199,1.6590666770935059,305.0268249511719,0.22007279098033905,1
34912,242.0363006591797,54.83041763305664,22.87754832469824,0.24728104260792047,-1.3062587283064349,-0.4725879708967351,-100.0,-100.0,-100.0,2.08805513381958,6
14922,242.32879638671875,54.769020080566406,18.896847344041028,0.2469744930897181,-1.019726686351778,-0.4029023764675656,1.1440401077270508,0.8550204634666443,281.4736633300781,0.48096004128456116,1
19949,242.39340209960938,55.01331329345703,6.774791837500792,0.2466705718253932,-0.7736248229755025,-0.12560080732202106,1.8085306882858276,1.738560676574707,145.25469970703125,0.6855635046958923,1
11990,243.81808471679688,54.56349563598633,51.762706968107736,0.24633481130557852,-3.0135040240367856,-3.6559020071697432,-100.0,-100.0,-100.0,0.43398943543434143,6
8116,242.2581024169922,55.4030647277832,23.948791522224877,0.24612795317851774,-1.1872660687120464,-0.6114886522986452,3.1346654891967773,0.8780224919319153,43.344154357910156,0.31431540846824646,1
37319,241.6576385498047,55.75287628173828,52.66006820270822,0.24599851104411063,-3.8159442871809444,-3.9530164412400723,4.028241157531738,2.9262681007385254,148.3570556640625,2.218290328979492,2
32602,242.07403564453125,54.557891845703125,34.266321964786705,0.2457208314443886,-1.886680351580509,-1.2611414973801205,2.7709310054779053,1.3855435848236084,208.79190063476562,1.5533692836761475,2
34477,242.6139373779297,55.48982238769531,26.487489453868516,0.2455672982149013,-1.4401208900242737,-0.7311844615584335,1.8309885263442993,1.0089633464813232,217.30845642089844,1.7817928791046143,2
32524,242.7279052734375,54.535888671875,31.193188445266454,0.24549650487144364,-1.6882604757296862,-1.0265385421139424,2.1164493560791016,1.1413226127624512,48.14732360839844,1.6211892366409302,2
38310,242.59263610839844,53.75727462768555,77.49130131519496,0.2454688447201469,-12.465324603458335,-30.65091966051236,-100.0,-100.0,-100.0,2.6405954360961914,6
11873,242.5823516845703,55.649208068847656,36.0259336051651,0.24500344648051656,-1.9020590084470759,-1.421180451399056,4.369683742523193,1.307309627532959,242.69570922851562,0.41315534710884094,1
14914,242.7435302734375,54.67005157470703,23.411089846756056,0.24466057754302364,-1.1908789923051815,-0.5854339866430525,1.4683395624160767,1.3138911724090576,336.84698486328125,0.5183291435241699,1
3090,241.2369384765625,55.10222625732422,46.259689553719255,0.24436997439258493,-2.8026506307655903,-2.676267794484004,9.72546100616455,9.609465599060059,14.242057800292969,0.13359245657920837,1
38334,241.85720825195312,54.53293991088867,39.79764236348204,0.24432658138391183,-2.175974146023401,-1.7124632908305872,-100.0,-100.0,-100.0,2.5894789695739746,6
30487,243.31793212890625,55.67100524902344,45.01540801337606,0.24427407099247728,-2.8041905719381304,-2.4760391398413786,1.754710078239441,1.3433198928833008,180.8585662841797,1.3900562524795532,2
13411,243.14476013183594,55.28977966308594,24.1469583845613,0.2440648822801234,-1.2166451712290878,-0.6203039700664493,4.029223442077637,0.8073784112930298,129.66502380371094,0.4643634259700775,1
13655,242.59754943847656,54.402740478515625,38.76671156929064,0.24404904069089792,-2.3882544190314707,-1.600484058941177,-100.0,-100.0,-100.0,0.4866974651813507,6
38357,241.442626953125,54.58625030517578,48.13866919694702,0.2433562998369562,-2.9777967643768144,-2.9095009506791643,-100.0,-100.0,-100.0,2.589743137359619,6
3139,243.8872833251953,54.649009704589844,51.119034977243636,0.24330999187581875,-3.406342161953359,-3.6005245344087453,5.383641719818115,1.3261417150497437,296.6640625,0.1656126230955124,1
21158,243.4645538330078,54.607887268066406,40.41567107162476,0.24312884397344292,-1.6850709081854116,-1.7828114933778665,-100.0,-100.0,-100.0,0.7921386957168579,6
26947,242.40188598632812,56.22658920288086,70.9269133008966,0.24304681087409616,-8.83273002377736,-14.973301514994615,-100.0,-100.0,-100.0,1.1720632314682007,6
436,242.43702697753906,55.00169372558594,5.684209963279482,0.24287090358991303,-0.6691026285520759,-0.11613522638645979,1.2430765628814697,1.0675705671310425,255.8533935546875,0.05126137658953667,1
32707,243.53094482421875,55.83469009399414,57.183555410145516,0.2428622149522216,-4.138141750654866,-5.19428956579558,-100.0,-100.0,-100.0,1.7906986474990845,4
23848,242.52894592285156,54.6329231262207,25.014580767346523,0.24273068144462112,-1.303945697636114,-0.6600407985262156,2.3854639530181885,1.9989278316497803,183.33006286621094,0.9038065075874329,1
8146,242.07627868652344,54.78449630737305,23.53146610905369,0.242684767424255,-1.169047756003692,-0.5917874555859849,1.304027795791626,1.2908475399017334,162.20669555664062,0.2965652644634247,1
2778,242.49722290039062,55.22370529174805,10.876888240265712,0.24265999089339446,-0.7618569050758419,-0.19034590065850687,3.2541327476501465,2.3560667037963867,301.1846008300781,0.14983515441417694,1
1666,242.5142059326172,54.160743713378906,53.3316818660513,0.242322199709653,-3.717512287388516,-4.13114493026597,8.53603458404541,3.5146970748901367,286.60943603515625,0.08306920528411865,1
38830,243.7221221923828,54.79058074951172,42.30675806181598,0.2418299568312199,-2.6003487321144707,-2.0919009774892934,1.803785800933838,1.2446390390396118,4.144935607910156,2.6279959678649902,2
30694,241.04454040527344,55.35428237915039,55.693098227199194,0.24180167585409998,-4.006939940802909,-4.707654116892456,-100.0,-100.0,-100.0,1.608809232711792,6
8384,244.40065002441406,55.71108627319336,73.6780759689316,0.2412576881843063,-9.520267957063673,-19.763393131583413,12.876664161682129,9.90233325958252,18.495397567749023,0.3201630413532257,1
9929,242.87612915039062,54.82526779174805,16.843861684148667,0.2408067070099282,-0.9352343515261368,-0.3361162332233548,1.1730493307113647,0.7827759981155396,131.29452514648438,0.3356822729110718,1
15053,243.82406616210938,55.50419616699219,50.527998280675924,0.24067607135887556,-3.379097462440614,-3.471535799655424,1.3504366874694824,1.3312275409698486,61.21805191040039,0.49620556831359863,1
30402,243.58778381347656,55.46743392944336,42.6298397445928,0.24056528439686456,-2.5639998434931095,-2.1413715524241743,2.5506224632263184,1.2912594079971313,128.2095947265625,1.4798983335494995,2
4922,244.51866149902344,55.519195556640625,71.99033031603841,0.24041963490535923,-8.638395906141648,-16.57605513196784,-100.0,-100.0,-100.0,0.2476385086774826,6
23099,241.50360107421875,54.6455192565918,44.37570965700654,0.24028133795102707,-2.368216832796566,-2.296289932464487,-100.0,-100.0,-100.0,0.8774526715278625,6
1544,242.6854248046875,54.35139465332031,42.000930194941255,0.24022546797752142,-2.355492809162971,-2.0647535530049588,3.7124452590942383,1.1725038290023804,202.17813110351562,0.10825353115797043,1
6344,243.1167449951172,54.57183837890625,34.0990962183321,0.24003300840366837,-1.7431399471046416,-1.255105179785518,1.5823637247085571,1.5276199579238892,323.4225769042969,0.23696593940258026,1
4548,242.10311889648438,54.74323654174805,24.643777938056477,0.23991132747129001,-1.2022723366296684,-0.6453144129517815,5.419747829437256,1.6170579195022583,83.57901000976562,0.1896785944700241,1
21048,242.2941131591797,55.597900390625,34.36662471419506,0.23944681502412574,-1.8247771937945443,-1.2750479338336802,2.6318349838256836,0.754069447517395,148.70956420898438,0.7443394064903259,1
1480,243.54391479492188,54.86018371582031,35.070373109547155,0.2392934193346499,-1.7853600464473474,-1.3371098301514721,2.2289862632751465,0.6909027695655823,232.77394104003906,0.11908631771802902,1
8189,242.12559509277344,55.507904052734375,31.630642972063157,0.23928217084332784,-1.58981176264087,-1.064802984985189,1.2529864311218262,1.1759600639343262,53.94226837158203,0.28675875067710876,1
30377,243.4813690185547,55.34415817260742,35.5805743166582,0.23920352547598392,-1.9665191575761718,-1.3754426760989835,1.8905571699142456,1.6594332456588745,325.5390625,1.4849570989608765,2
9932,242.9952850341797,54.88234329223633,17.43244390693948,0.23919720738838446,-0.9528488521260483,-0.35441812817473217,1.1297348737716675,0.9441501498222351,357.55535888671875,0.33964115381240845,1
160,244.1466827392578,53.97261428833008,84.52799334923117,0.23915841154273643,-21.888660380540188,-101.85935927875055,22.521135330200195,17.24047088623047,56.86248779296875,0.03049231506884098,1
3122,241.66360473632812,54.42756271362305,48.96699056942548,0.23899361153287482,-3.123662022605576,-3.1554407231740407,2.158947229385376,1.7885162830352783,8.24026107788086,0.14694178104400635,1
11907,242.6541290283203,54.245540618896484,48.26200799357045,0.23897330767314126,-3.076451777018268,-3.0227599953702193,5.219964981079102,1.396224021911621,119.62300109863281,0.39305031299591064,1
9976,242.2248077392578,54.7314338684082,22.652953485210475,0.2389297906580681,-1.1384747068160415,-0.5515642267929158,3.893253803253174,1.0267776250839233,266.7859802246094,0.35592639446258545,1
6386,243.53921508789062,54.84506607055664,35.22736961975792,0.2387439803542115,-1.822064798296853,-1.3505012126565628,4.521666049957275,4.249475479125977,211.6714324951172,0.23880693316459656,1
11766,243.1802520751953,54.83280563354492,24.398107570878846,0.2386080296095106,-1.2208016986971912,-0.6325150170497345,2.4295220375061035,2.3046908378601074,259.45501708984375,0.39492088556289673,1
1422,243.05856323242188,55.358455657958984,24.763619554415133,0.2384863386048447,-1.1896373909613926,-0.651020751042071,2.834638833999634,2.4566895961761475,206.51043701171875,0.10367704927921295,1
16488,243.55926513671875,55.02965545654297,33.67207987557694,0.23834866377664135,-1.7545863380273998,-1.2190702033663285,1.5887786149978638,0.9358949661254883,150.5701141357422,0.5587823987007141,1
14907,242.2018585205078,54.755008697509766,21.937581365118522,0.23800191302068827,-1.1309351063688813,-0.5205498729596639,2.3293051719665527,2.318960189819336,359.9785461425781,0.516198456287384,1
16517,243.69459533691406,55.42517852783203,44.30374878752172,0.23767899980029453,-2.650045939218161,-2.3752716388715616,2.083911418914795,1.5880305767059326,272.42041015625,0.5744036436080933,1
11684,242.9710235595703,54.992591857910156,13.851187835223314,0.2375374688738591,-0.8628405974187687,-0.2538363381287811,1.643677830696106,1.6352324485778809,145.01292419433594,0.41038286685943604,1
20147,241.953125,55.36859130859375,28.799992863825537,0.23732465450243695,-0.9665795617977024,-0.7859908389776961,-100.0,-100.0,-100.0,0.7376931309700012,6
32612,242.6936798095703,54.49102020263672,33.69410721154395,0.23706443662841895,-1.846577719585073,-1.2139236524892352,2.0921058654785156,1.7594677209854126,309.9488525390625,1.5302050113677979,2
26620,243.71861267089844,55.45633316040039,45.96587350898941,0.23672859787639272,-2.8754922356721786,-2.6259979981974024,3.1954057216644287,1.3262345790863037,59.11322784423828,1.049391508102417,1
20051,242.014404296875,55.80105972290039,49.079116364659,0.23669013158359956,-3.214139984537947,-3.17591578146509,1.2961862087249756,1.0611951351165771,90.5791015625,0.7233073115348816,1
1792,242.02401733398438,53.925689697265625,70.11974359499447,0.2365890306695286,-7.835291978366438,-13.991795824327816,7.915157318115234,4.351482391357422,282.7939147949219,0.09705279022455215,1
26615,242.36688232421875,54.31442642211914,44.67935302992791,0.2363918155441701,-2.7362531081966295,-2.4281291906206564,4.228182792663574,2.090721845626831,140.31549072265625,0.994606077671051,1
34948,243.81886291503906,54.553428649902344,52.13132105478269,0.23635950679812964,-3.558303858747347,-3.742509272295402,-100.0,-100.0,-100.0,2.0677669048309326,6
23102,241.9015350341797,54.282493591308594,51.660754007741296,0.23618875430233255,-3.6242080939152017,-3.6323564773674732,-100.0,-100.0,-100.0,0.9155355095863342,6
4667,242.8245849609375,55.66910171508789,38.13947383326991,0.2357586948709314,-2.03600622758624,-1.6256367909990868,2.496924877166748,2.3267440795898438,10.723857879638672,0.1899966448545456,1
17718,242.23751831054688,55.62082290649414,36.262963156164204,0.23572013520703278,-1.9449293772998808,-1.4420105063586197,1.6390759944915771,0.3815922141075134,304.4439392089844,0.5979928970336914,1
6352,241.97947692871094,54.61465072631836,33.31361071900896,0.23560087669016683,-1.6901531131588863,-1.1918965954688927,3.700779438018799,1.2978615760803223,237.25181579589844,0.26592639088630676,1
2861,242.0261993408203,55.19961929321289,21.058939049135674,0.23558950605261775,-1.045634624548137,-0.4853474259127758,8.485963821411133,1.75569748878479,180.94276428222656,0.16771237552165985,1
24750,242.4649200439453,54.364845275878906,41.23082275383294,0.2355382646019355,-2.0370420786467744,-1.8791976794497165,-100.0,-100.0,-100.0,1.0081087350845337,6
4605,241.96917724609375,55.32528305053711,26.714111392598547,0.23544687774321993,-1.3008742978879326,-0.7537603525866673,2.3020846843719482,2.1779472827911377,276.8560791015625,0.18905851244926453,1
11820,241.5845947265625,55.17399597167969,34.99225570560905,0.23518709980996538,-1.8267615718537158,-1.329512708487256,1.8037630319595337,1.1439582109451294,104.87574768066406,0.4151107966899872,1
16387,242.95388793945312,55.13822937011719,13.899944988824942,0.23516484659065445,-0.8823657607646205,-0.25389019882496794,1.770301342010498,0.5626736283302307,264.4129333496094,0.5271105766296387,1
30651,242.16827392578125,54.11018753051758,58.11041492948135,0.23504975714355136,-4.141833522865915,-5.527306081495693,-100.0,-100.0,-100.0,1.577785611152649,5
16512,243.34600830078125,54.480167388916016,43.19951517231281,0.23466015507418378,-2.53820590221439,-2.2206959046699426,1.5226340293884277,1.3000867366790771,219.48426818847656,0.5274100303649902,1
11814,242.99032592773438,55.454708099365234,28.10136050435016,0.2344319975240807,-1.4009883963669485,-0.8324562941182823,1.0922588109970093,1.0531007051467896,275.3792724609375,0.4141542315483093,1
17860,243.5872344970703,54.42225646972656,51.27722194339284,0.2343715224231381,-3.584032154879496,-3.5451614458052947,-100.0,-100.0,-100.0,0.6723107099533081,6
38359,243.1229705810547,55.830406188964844,50.401808528230475,0.2341400343346313,-3.4523933049605406,-3.3544066313086303,-100.0,-100.0,-100.0,2.676542282104492,6
30576,241.06930541992188,54.740047454833984,55.333202979972064,0.23401515429738617,-3.6326564093653424,-4.598226458317966,-100.0,-100.0,-100.0,1.6966880559921265,4
32463,242.13150024414062,54.787132263183594,22.048356658381895,0.2339838342398355,-1.2303240516770197,-0.517334532435569,1.9621328115463257,1.0274354219436646,275.3969421386719,1.5165982246398926,2
581,243.31866455078125,55.72848129272461,47.91766759124517,0.23396328720685602,-2.974956065132181,-2.9592932541108206,3.381269693374634,1.5740998983383179,358.5348815917969,0.05255025997757912,1
18726,242.79808044433594,54.96518325805664,9.013052453485972,0.23360966454892754,-0.798990780135731,-0.15635275486859398,1.3985819816589355,1.2726147174835205,332.48773193359375,0.6290202736854553,1
7927,242.75404357910156,55.01187515258789,6.367213289682747,0.23349304129952247,-0.720322575335447,-0.12353362979581156,1.7814799547195435,1.3396227359771729,138.5382843017578,0.28989511728286743,1
14854,242.8289794921875,55.033302307128906,8.594803038648429,0.23345756717327842,-0.7736292766338037,-0.15018309145591605,1.9679594039916992,1.3646018505096436,193.33302307128906,0.4845992624759674,1
24778,242.90496826171875,54.860076904296875,15.912347986729689,0.23332136225051828,-0.8239208598796232,-0.21958850852850492,-100.0,-100.0,-100.0,1.0193393230438232,6
30788,240.6827850341797,54.9978141784668,65.3387753291491,0.2331972060471459,-6.197477957085154,-9.306697737226004,-100.0,-100.0,-100.0,1.6547858715057373,6
17657,242.54364013671875,54.703407287597656,20.761081536347238,0.23308416135205037,-1.0969918223710389,-0.4715858775741934,1.2291256189346313,1.051382303237915,290.1405944824219,0.5766802430152893,1
34590,243.12881469726562,54.349082946777344,46.08612525548333,0.2330577605273903,-2.9473143275150364,-2.640560457080845,2.4889371395111084,2.033059597015381,92.33931732177734,1.8125150203704834,2
14781,242.50918579101562,55.0565185546875,2.4927469870067176,0.23298628439228833,-0.7173131605226588,-0.09324229322531852,2.312373399734497,2.3123483657836914,178.5011444091797,0.5084506273269653,1
4817,244.10348510742188,54.961395263671875,52.66872974692112,0.23293721675286116,-3.6363302326571856,-3.9637388450740727,2.7323343753814697,1.4830845594406128,307.31085205078125,0.21948623657226562,1
32867,242.6921844482422,55.47177505493164,25.665832961247396,0.2324073095432849,-1.041623199417045,-0.6075445407150328,-100.0,-100.0,-100.0,1.846652626991272,6
1577,243.66357421875,55.39175796508789,42.39881228280003,0.23239983750218365,-2.3926272204721553,-2.1154325436236654,1.7281938791275024,1.5325963497161865,271.6494140625,0.09952399134635925,1
30350,242.3975372314453,55.630184173583984,35.43832990977038,0.2322653085771811,-1.954929998594675,-1.3622573327101468,0.9692825675010681,0.7804934978485107,305.33563232421875,1.3830313682556152,2
664,242.43141174316406,56.1427116394043,65.83021716081868,0.2321507736902338,-6.352359184175254,-9.764023714616817,3.748178243637085,3.4453446865081787,161.2345733642578,0.05781376734375954,1
8041,243.03956604003906,54.765865325927734,23.215208021001846,0.2319363245689061,-1.1550959851633091,-0.5770678929362537,2.559189558029175,1.8870536088943481,44.26614761352539,0.32298988103866577,1
2801,242.88327026367188,55.288150787353516,17.7194271602976,0.2317832216703577,-0.9311089120022722,-0.36452277775681535,2.7670578956604004,1.8320353031158447,331.94659423828125,0.17401544749736786,1
20099,242.35140991210938,55.247928619384766,14.29856966321843,0.23176670144730513,-0.8706155927221266,-0.17605636452947362,-100.0,-100.0,-100.0,0.7659556865692139,6
11610,242.70054626464844,55.09396743774414,4.937122084030663,0.23172345048155366,-0.719952414039785,-0.10908330145224424,3.654428720474243,0.8266769051551819,120.54344940185547,0.4006577432155609,1
13673,242.68470764160156,54.62390899658203,25.745398901760076,0.23146625449939168,-1.3700269404801697,-0.6116076636620054,-100.0,-100.0,-100.0,0.4895884692668915,6
2729,242.70057678222656,55.2204704284668,11.095103674034519,0.2313819901057326,-0.7659424616862301,-0.19440993372513235,1.7627707719802856,1.7615859508514404,13.636951446533203,0.17384281754493713,1
34907,242.523193359375,55.18343734741211,8.315036353632324,0.23135898129275545,-1.0093445914061137,-0.058384143981200745,-100.0,-100.0,-100.0,1.9277442693710327,6
28498,243.08966064453125,56.171390533447266,69.53182189450422,0.2312731718503829,-7.401378651244411,-13.184933823288075,-100.0,-100.0,-100.0,1.3585809469223022,6
26472,242.5717010498047,55.15830612182617,6.578606068369972,0.23124527009838708,-0.7980531043172197,-0.12038973010825922,1.0848376750946045,1.0409010648727417,191.8769073486328,1.0325485467910767,1
589,241.1994171142578,55.377357482910156,51.21968443274179,0.23120694026429928,-3.400535429367532,-3.6223489349523392,3.481034278869629,3.3520328998565674,2.017364501953125,0.04845847189426422,1
18761,242.7515106201172,54.76695251464844,17.90943098267141,0.23021274036701095,-1.004856817321522,-0.36833869874951125,0.8290486335754395,0.6111171245574951,165.0828857421875,0.6337891817092896,1
19911,242.76446533203125,55.14487838745117,8.553454932232802,0.22978395894874287,-0.7974612307661334,-0.14915900594855938,3.8649837970733643,0.9158479571342468,82.84867095947266,0.7236136198043823,1
36218,243.0105743408203,54.78889465332031,21.520810520212823,0.22895014184490478,-0.9340900509668986,-0.4143791532881965,-100.0,-100.0,-100.0,2.2078781127929688,5
8275,241.7245330810547,54.596073150634766,40.16313036313986,0.2287155539894921,-2.2218589542025815,-1.8438516129937,2.264423370361328,0.9778723120689392,245.7318878173828,0.30551186203956604,1
30410,242.47296142578125,55.70590591430664,39.59762030396183,0.22841936281226013,-2.2843806432600293,-1.774340295759118,1.7675187587738037,1.381090760231018,128.00660705566406,1.3078663349151611,2
22179,243.30810546875,55.26237106323242,28.04429310689341,0.22830604281460992,-1.280251977050259,-0.7402212488936755,-100.0,-100.0,-100.0,0.8335596919059753,6
1463,241.53663635253906,54.95729064941406,36.336122813531766,0.22804400040413156,-1.8779167476028071,-1.4503035938087077,5.323217868804932,2.1068902015686035,184.8557891845703,0.08405399322509766,1
13287,242.376953125,55.105857849121094,7.783522264664609,0.22762702889941847,-0.7569328816339967,-0.13949493517858622,1.1646908521652222,1.1245721578598022,151.52403259277344,0.4550880193710327,1
26565,242.6825408935547,54.61728286743164,26.12893853051721,0.2275852913390813,-1.3661532315784113,-0.71755031462161,1.337052822113037,1.244974136352539,161.88714599609375,1.032657504081726,1
38227,241.39915466308594,55.25501251220703,42.34710731983727,0.22747303712036443,-2.594139934278027,-2.0979691358154726,1.9662562608718872,1.965570330619812,157.62274169921875,2.4704928398132324,2
30152,242.415771484375,54.77840042114258,17.187974640246477,0.2271654831155657,-1.0462311262984036,-0.33933069861161863,2.63112735748291,1.5759371519088745,241.71217346191406,1.3298076391220093,2
18785,242.35421752929688,54.87368392944336,13.080423325007366,0.2271539593737617,-0.8745205257552957,-0.23379891253874346,3.3882107734680176,3.107717275619507,242.92324829101562,0.660273015499115,1
9990,242.0135955810547,55.36881637573242,27.30058346426704,0.2270530008919559,-1.352633335300537,-0.7859391813838211,2.3846042156219482,0.5195260643959045,255.2962646484375,0.3413476049900055,1
32413,242.23704528808594,54.776084899902344,20.198267755216175,0.22691240639101626,-1.1599805186170207,-0.4426720336505616,1.106610894203186,0.6617365479469299,244.3870849609375,1.5075006484985352,2
34547,241.83116149902344,54.48493957519531,42.62756799153597,0.22689869076181418,-2.5888943504261945,-2.1380979956375405,1.5674240589141846,1.5452314615249634,205.9032745361328,1.8895734548568726,2
4566,243.0762939453125,55.48595428466797,31.230716896793748,0.22685948483820934,-1.5501003674903002,-1.0367753551766943,3.1778459548950195,3.0499370098114014,127.0545654296875,0.2163051813840866,1
37213,243.02430725097656,55.11604690551758,15.769250777192743,0.22649744668765034,-1.053959651620146,-0.2920536467262729,1.6084580421447754,0.9596062302589417,238.9127197265625,2.2062814235687256,2
23974,242.90213012695312,55.18016815185547,13.565043279773638,0.22618701372183703,-0.6488751520193929,-0.1579935880517002,-100.0,-100.0,-100.0,0.9471813440322876,6
30520,243.58473205566406,55.635223388671875,49.11453949102472,0.22611569785671093,-3.279930819169384,-3.1786910429270425,2.7844152450561523,1.490685224533081,282.3063049316406,1.4235484600067139,2
38148,242.38296508789062,54.690731048583984,22.538743096702497,0.2260525866170468,-1.2951006259546496,-0.5337564318705553,2.301752805709839,2.3007848262786865,262.1534423828125,2.3331010341644287,2
18781,242.63809204101562,54.711727142333984,20.32064079393066,0.22599088446931193,-1.0857061303741535,-0.4537981686043555,2.543889284133911,2.1371545791625977,273.81182861328125,0.6746756434440613,1
11931,242.27549743652344,56.00571823120117,58.342828745417265,0.22568449987239644,-4.625628279598653,-5.706037769635204,3.843756914138794,2.522703170776367,298.1405334472656,0.411641389131546,1
12,241.2006072998047,55.332794189453125,50.23781001367807,0.2256600444906213,-3.2537536986738163,-3.407377936765582,25.1314640045166,7.315837383270264,7.584085464477539,0.005200141575187445,1
6539,243.3219451904297,54.22202682495117,55.88940298210519,0.2255860080529112,-4.155999211899362,-4.859455025855236,4.327225685119629,4.312993049621582,319.9807434082031,0.24754032492637634,1
30976,240.6626434326172,54.46697998046875,75.01141754095423,0.22536728154196484,-10.357249407510043,-22.74051382427093,-100.0,-100.0,-100.0,1.6430574655532837,6
34261,242.57862854003906,55.106475830078125,3.4625017326544714,0.22511541398633034,-0.830387763912407,-0.08925086094713612,0.979966938495636,0.5040677189826965,90.07149505615234,1.8127580881118774,2
16437,242.61834716796875,55.48815155029297,26.394304527389917,0.2248677127312038,-1.332929555072739,-0.7343962654320704,2.933793306350708,0.9695343971252441,108.43008422851562,0.5440943837165833,1
2970,243.55624389648438,54.72686004638672,38.821080941185926,0.22469764614200774,-2.0832667128010103,-1.6965527050830551,1.3368922472000122,1.2797545194625854,144.3916015625,0.15768329799175262,1
34768,241.79005432128906,56.2130241394043,74.80790307197505,0.22454661227555986,-10.064869957865902,-22.228642009205828,-100.0,-100.0,-100.0,1.9424527883529663,6
10049,242.85842895507812,54.46585464477539,36.275332672630036,0.224406570623364,-1.913587704295004,-1.4441458229371895,2.5678043365478516,2.2611095905303955,235.28860473632812,0.3408888578414917,1
1767,244.2468719482422,54.5006103515625,66.38802185907454,0.22440271126370182,-6.530641687292451,-10.20428036800815,9.500639915466309,5.268218040466309,9.795856475830078,0.085715152323246,1
30510,241.4408416748047,54.53435516357422,50.06682248388424,0.22435886131246635,-3.4030756476077952,-3.3699308166365953,4.786045551300049,4.19942569732666,208.66839599609375,1.3505659103393555,2
1430,242.39576721191406,55.53261184692383,29.707808948947182,0.22396531658629779,-1.4417303925619658,-0.9331651886352724,2.29825758934021,1.1069740056991577,217.04161071777344,0.11895958334207535,1
14783,242.55496215820312,55.10165023803711,3.290938836719912,0.22376724545328658,-0.7209419295548697,-0.09696465835772294,3.1382803916931152,2.7890567779541016,90.41576385498047,0.4954468607902527,1
8478,242.77113342285156,55.165531158447266,9.58698219786473,0.22369675463300334,-0.7772239204590704,-0.0778552343526587,-100.0,-100.0,-100.0,0.33234286308288574,6
16489,243.233642578125,55.4888801574707,34.58087220457695,0.22360993329668366,-1.816241963330121,-1.2934397304681964,1.7262603044509888,1.187256097793579,191.97244262695312,0.5685828924179077,1
14917,243.07394409179688,54.74454879760742,24.962392478923014,0.22358596639689526,-1.258466180960275,-0.65955812844619,1.33626127243042,1.3255348205566406,8.485479354858398,0.5048613548278809,1
1681,243.09475708007812,54.1697998046875,55.684111719787694,0.22322707840197908,-4.095029922647098,-4.7956326566970375,3.5983033180236816,2.7203006744384766,296.95452880859375,0.10750460624694824,1
742,244.1690216064453,55.4417839050293,59.22983192295404,0.2232037211584828,-4.905366019496345,-5.9645701638426525,-100.0,-100.0,-100.0,0.11103560030460358,6
1492,242.49810791015625,54.39073944091797,39.58520212930187,0.2229930824043072,-2.138073017028722,-1.778913606157627,3.0258796215057373,1.4476903676986694,173.7118682861328,0.10542473196983337,1
27067,241.58688354492188,55.14066696166992,34.554551041192454,0.22294177284564742,-1.864381825145181,-1.2029868727553157,-100.0,-100.0,-100.0,1.2526966333389282,6
8142,243.06973266601562,54.69490432739258,27.132256922103206,0.2220018409715659,-1.3363860511970762,-0.776465868751267,2.1494762897491455,2.1439578533172607,225.4451141357422,0.2854817807674408,1
34734,242.07852172851562,53.92226791381836,69.81733067511867,0.22169495608979956,-7.674950623853664,-13.525404522245296,-100.0,-100.0,-100.0,1.9001389741897583,6
16438,241.92694091796875,54.751407623291016,28.75156497710853,0.22163568935516353,-1.4546619296334362,-0.8709954160212562,1.3700296878814697,1.0121651887893677,64.67788696289062,0.5518589615821838,1
30258,242.7657012939453,54.55912399291992,30.06957731575762,0.22157982866274234,-1.6070547312653312,-0.9505714628955186,1.1370340585708618,0.6547806859016418,355.7545471191406,1.3374269008636475,2
40045,243.85646057128906,55.73120880126953,59.72736894994952,0.2213640720961684,-4.702556031161758,-6.172465929537031,-100.0,-100.0,-100.0,4.209383010864258,4
2974,243.50852966308594,54.69089126586914,38.572354021130046,0.2213169713224549,-2.0624564218144363,-1.6702559170616549,4.158498764038086,1.110753059387207,235.57150268554688,0.1718072146177292,1
21012,243.39749145507812,55.07851028442383,28.13020818267072,0.2211235560018984,-1.4440826020710875,-0.8324709542772143,2.0906856060028076,1.32644522190094,17.648849487304688,0.7392905354499817,1
8140,243.35826110839844,55.322479248046875,31.29835711325114,0.2208392043318089,-1.5692578923852427,-1.041043347385399,2.2084012031555176,2.0533156394958496,230.02297973632812,0.3158130943775177,1
20124,242.74176025390625,53.60922622680664,86.55718296012246,0.22073744993048183,-28.625318237256558,-175.04368104800835,-100.0,-100.0,-100.0,0.7639414668083191,6
30604,242.4227294921875,55.6015739440918,33.60187631882106,0.22044889694273884,-1.5015107499841918,-1.1248265206801034,-100.0,-100.0,-100.0,1.5054644346237183,4
9933,242.42391967773438,54.627262115478516,25.862693512281485,0.21988960107608063,-1.281052569314381,-0.7067034606558267,1.5005662441253662,0.8219534158706665,314.5008850097656,0.34417834877967834,1
2713,242.26419067382812,55.04957962036133,10.870463218902932,0.2197941360444109,-0.7614975545287161,-0.19008201037369357,4.451462745666504,4.231192111968994,176.19882202148438,0.14272336661815643,1
1316,242.69483947753906,54.76819610595703,17.29108327074521,0.21967511130393985,-0.908229628223331,-0.35049725946510607,2.3405911922454834,2.2703471183776855,161.0071258544922,0.08298539370298386,1
17642,241.8435821533203,55.09049987792969,25.438101283050347,0.2195615595849534,-1.2937566360265256,-0.6838629898018469,0.9401810765266418,0.6232603192329407,262.9284973144531,0.617897629737854,1
17603,242.33633422851562,54.89946746826172,12.285031186930624,0.21953591826218766,-0.8511337677948567,-0.2161384035665341,4.763801097869873,1.0993515253067017,341.98260498046875,0.600890040397644,1
21180,243.2629852294922,54.829254150390625,26.961177134016115,0.21953124367413263,-1.6921175017714871,-0.6775814447445432,-100.0,-100.0,-100.0,0.7922844886779785,6
30456,241.32435607910156,55.0074462890625,43.26796934231792,0.2194921227101182,-2.624253888199696,-2.2255482983837895,2.495436906814575,2.4943795204162598,234.76272583007812,1.3063400983810425,2
20041,243.1002655029297,54.32328796386719,47.11499350968826,0.21942881450473362,-2.9754289547731765,-2.8172261474470845,2.1841013431549072,1.6824069023132324,223.99209594726562,0.7098719477653503,1
32694,242.44577026367188,54.09077072143555,57.67089001838001,0.2193758435724512,-4.6136120211802005,-5.453006607424924,3.085223436355591,1.6565700769424438,333.8666076660156,1.5313748121261597,2
10095,243.6279296875,55.416072845458984,42.07241793974441,0.2193680722534873,-2.4026975022270816,-2.0734658724283013,1.5549355745315552,1.2036926746368408,315.41876220703125,0.3378627896308899,1
13526,241.13084411621094,55.197566986083984,50.52800409068019,0.21926485161101128,-3.37200570505794,-3.4714402381825966,1.8197616338729858,1.757663369178772,18.715810775756836,0.4250115156173706,1
22992,242.87509155273438,55.51259231567383,29.59446615378992,0.21912754982692279,-1.5344701879336005,-0.922927629987811,2.2562520503997803,1.570375680923462,47.128257751464844,0.8621268272399902,1
80,242.98812866210938,54.890708923339844,16.943817003244586,0.21902795778376694,-0.8778932341529233,-0.33766815875053524,3.141324043273926,2.997194766998291,279.2159729003906,0.024222927168011665,1
30497,243.58534240722656,54.519691467285156,47.08025078820874,0.21895859735345563,-3.033281792572552,-2.807454037833869,2.6132960319519043,2.5648744106292725,208.97987365722656,1.4658796787261963,2
631,242.7639923095703,56.04655456542969,60.189917221843466,0.21891039228415876,-4.939428147962559,-6.464360479087791,2.839503765106201,0.7309598922729492,53.39381408691406,0.06808444857597351,1
38233,243.6870574951172,55.470706939697266,45.523944799123825,0.21890312680515842,-2.9183448567245778,-2.5483360346272224,3.399491310119629,1.759751558303833,72.85369110107422,2.422083854675293,2
8022,243.13815307617188,54.795013427734375,24.528317537694107,0.21889632840807727,-1.2120442391196828,-0.6390316725572823,1.589847445487976,1.5843836069107056,113.22561645507812,0.3214772045612335,1
32544,241.8173370361328,55.43712615966797,34.989443664775344,0.21887718829956943,-1.9372344605388687,-1.322243258944042,2.0117287635803223,1.9376051425933838,74.97370910644531,1.570369005203247,2
34408,241.9281005859375,55.084442138671875,22.51466501662219,0.21887406003360083,-1.25918786876306,-0.5352241910116197,1.8490208387374878,1.1256654262542725,332.9752502441406,1.8537399768829346,2
8184,242.0246124267578,54.6009521484375,33.03118346166146,0.218705671599137,-1.6788370192231064,-1.1695128375010726,2.0427186489105225,1.4253931045532227,189.83705139160156,0.27687397599220276,1
36278,241.09828186035156,55.79758834838867,67.56700786963347,0.2187025519737724,-7.300228615766276,-11.136159373504476,-100.0,-100.0,-100.0,2.159853458404541,6
36107,243.15707397460938,55.655540466308594,41.37947945411412,0.21833755734809435,-2.4802666242717897,-1.977695616753858,1.5059715509414673,1.4337716102600098,180.7478485107422,1.9368501901626587,2
24628,243.1623992919922,54.798702239990234,25.055229245540705,0.21829932805539012,-1.3090672719428882,-0.661085848456189,2.4145050048828125,1.2796152830123901,228.6561279296875,0.9573478102684021,1
441,242.05384826660156,55.09467697143555,18.29852937412593,0.21821928922531977,-0.9290735043641547,-0.3828335677080232,1.8433805704116821,0.8525620698928833,177.19744873046875,0.07153409719467163,1
35964,242.60499572753906,55.317501068115234,16.145377670001523,0.217981143161545,-1.0531407800121435,-0.3037517406535032,1.6866216659545898,0.8551406860351562,139.163818359375,2.082256317138672,2
438,242.96446228027344,54.914188385009766,15.492882463172146,0.21792340394364962,-0.8459411789288348,-0.2964854292655365,3.1945013999938965,3.188124179840088,8.142328262329102,0.0432809442281723,1
4590,243.3373260498047,55.26177978515625,28.923376267624818,0.2178859171825385,-1.4155708698101301,-0.8831228112031506,1.8609286546707153,1.362539291381836,234.06869506835938,0.19216223061084747,1
1768,244.3612060546875,54.589420318603516,67.4458780902616,0.217589441984305,-6.86646856893344,-11.116267507880764,3.365478515625,3.2991275787353516,120.24459075927734,0.10817688703536987,1
4856,241.51077270507812,55.89997863769531,62.70048090182219,0.2174811560693236,-5.541361236909687,-7.716992832450973,6.280511856079102,2.1880555152893066,126.27496337890625,0.22334562242031097,1
8267,242.50350952148438,54.36982727050781,40.82416234213363,0.21745167277264132,-2.280135101502533,-1.9204623150366582,2.5339791774749756,2.2484447956085205,329.216064453125,0.2837652266025543,1
32606,242.2505340576172,54.44584274291992,37.93719045629638,0.21715268316851571,-2.161265850449592,-1.5979535056363845,1.7808374166488647,1.7467401027679443,37.2239990234375,1.5419502258300781,2
18910,242.8611602783203,55.571144104003906,32.775133255765354,0.21710368351301798,-1.8424978701455876,-1.0601561868177551,-100.0,-100.0,-100.0,0.7207595705986023,6
17627,242.74790954589844,55.27679443359375,14.836341848952507,0.21688396783978475,-0.9116832644968536,-0.27767709698148013,1.9705740213394165,1.5342097282409668,185.58517456054688,0.5974575281143188,1
35980,242.4284210205078,54.87385940551758,11.729034385150255,0.21685293883898196,-0.9412363223677103,-0.19207133490132652,1.6554323434829712,1.0950664281845093,52.4018669128418,2.009683132171631,2
38874,244.13702392578125,54.23405456542969,72.87096304570625,0.21673218017995158,-9.113970598650821,-18.095322439798935,-100.0,-100.0,-100.0,2.7416365146636963,4
38302,243.35411071777344,55.72628402709961,48.452490011956,0.21668932971041838,-2.7184240794170877,-2.9673654386085113,-100.0,-100.0,-100.0,2.677912473678589,6
4528,242.33790588378906,54.63233947753906,26.35401136508754,0.21656603006939382,-1.282515563417234,-0.7337453659712795,2.116842746734619,1.5444601774215698,189.1572723388672,0.2130645364522934,1
28455,242.22882080078125,54.5994758605957,29.571092950341317,0.21654114916798467,-1.341268666324619,-0.8347138500113991,-100.0,-100.0,-100.0,1.4909950494766235,6
1362,242.74649047851562,54.774139404296875,17.445088411953588,0.21638069252325728,-0.9126860759222184,-0.3553314078958526,2.400272846221924,0.9769843220710754,333.91082763671875,0.10931731760501862,1
8465,242.99307250976562,55.26314926147461,19.118690729308753,0.21631558285076508,-0.7821402376035252,-0.3222707661420844,-100.0,-100.0,-100.0,0.37069326639175415,6
6645,243.2385711669922,54.927703857421875,23.791860338841293,0.21626903497362351,-1.0597280333418522,-0.5144952453602746,-100.0,-100.0,-100.0,0.2806064784526825,6
18737,242.26504516601562,54.845542907714844,16.33461900710395,0.21625519382873748,-0.9577879892373501,-0.3192457093112021,1.538793683052063,1.2523273229599,172.47152709960938,0.6536937355995178,1
30136,242.186767578125,54.748600006103516,22.557920887991354,0.21591363490925147,-1.2382442310474304,-0.5411998875321556,1.0896179676055908,1.0145727396011353,30.99843978881836,1.3111153841018677,2
11742,243.30746459960938,54.79002380371094,29.487989215528575,0.2158841411549494,-1.477362943327067,-0.9184867890217164,1.6807743310928345,1.0335590839385986,317.9604797363281,0.4235711693763733,1
30470,241.35418701171875,54.898250579833984,43.18335396371248,0.2158649682979124,-2.6143009439666,-2.2133969213467295,2.6154630184173584,1.5868184566497803,222.5218963623047,1.436050534248352,2
32478,242.67967224121094,54.620059967041016,25.95054776963979,0.21481678962136175,-1.3996833917755913,-0.7026909728212899,1.5895448923110962,0.9748736023902893,93.84178161621094,1.6585206985473633,2
15109,242.61277770996094,55.82147979736328,46.37524046554896,0.21480949080227546,-2.8020478680517416,-2.6045189022263946,-100.0,-100.0,-100.0,0.5262873768806458,6
30271,242.46092224121094,54.51664352416992,32.19470051549995,0.21464045049478642,-1.7345088233994999,-1.0991986219546488,1.6639512777328491,1.661118507385254,333.9805908203125,1.3412343263626099,2
1641,241.954833984375,55.81913757324219,50.8913769260881,0.21367515962359487,-3.3662504249006293,-3.550351059236287,6.703395843505859,1.3445605039596558,34.9451904296875,0.1140429750084877,1
2842,242.86839294433594,55.45399475097656,26.231570079015945,0.2136185224289954,-1.2683299390039984,-0.7273418949902374,1.5124160051345825,1.4991114139556885,275.5189208984375,0.1432959884405136,1
24814,243.2836151123047,54.72734069824219,30.997091121594835,0.21346304852510892,-1.3983225491403626,-0.9303952893392895,-100.0,-100.0,-100.0,1.0955462455749512,6
38361,242.16102600097656,56.08623504638672,63.85279195507988,0.21337650968322552,-5.769713440017249,-8.305746801436701,-100.0,-100.0,-100.0,2.5767223834991455,6
30900,241.15248107910156,55.0310173034668,49.104561944853245,0.2132902108437686,-3.1503568159402104,-3.091432610252908,-100.0,-100.0,-100.0,1.543366551399231,6
6052,242.62429809570312,55.239105224609375,11.518293862032145,0.21324771845730442,-0.790061768501836,-0.2023012966667367,2.5749640464782715,1.3129723072052002,279.76934814453125,0.24788032472133636,1
17676,241.63775634765625,55.03818130493164,32.41300973584738,0.21318378987657524,-1.6780146569306487,-1.1210593166683365,1.8234186172485352,1.7115882635116577,264.638427734375,0.606121838092804,1
7883,242.76708984375,54.93256759643555,9.481300702834886,0.21300760025612367,-0.761056804582287,-0.16516517860485405,2.0782649517059326,1.9976298809051514,129.0996551513672,0.2981998026371002,1
38849,241.88504028320312,54.83870315551758,27.07785761116371,0.21299878129803557,-0.8863365902613086,-0.684098351280013,-100.0,-100.0,-100.0,2.846959352493286,4
32431,241.89231872558594,55.0489387512207,23.652588321996877,0.2129411527915859,-1.2965878995792326,-0.5888982682717187,1.7136296033859253,1.0138453245162964,73.40644073486328,1.5558284521102905,2
30139,242.38380432128906,54.66584777832031,23.958408233252207,0.2129369514536097,-1.296805736468342,-0.604938326779696,2.0365827083587646,1.3972053527832031,15.00955581665039,1.4369604587554932,2
15135,242.8904266357422,56.325321197509766,77.30670333338618,0.21290513754648732,-11.83324084027594,-29.932588015823473,-100.0,-100.0,-100.0,0.5481083989143372,6
20049,242.7944793701172,55.89879608154297,51.51786480452263,0.21281530592137507,-3.5387104999572982,-3.6892961284204278,4.776788711547852,3.340480089187622,263.4288024902344,0.6894690990447998,1
32690,244.036865234375,54.70474624633789,54.34718855187861,0.21247316041508107,-4.037329894500207,-4.398159832416767,2.860353946685791,1.4310026168823242,287.20355224609375,1.5935138463974,2
11812,242.62847900390625,55.648189544677734,36.00207582538281,0.21244497129566015,-1.900228673046316,-1.4189474957480193,2.719479560852051,0.8365282416343689,298.9205627441406,0.4192027151584625,1
38266,243.3370361328125,53.68552780151367,85.96290678675305,0.21242479898863237,-26.003877156468985,-146.91422738236088,-100.0,-100.0,-100.0,2.535290002822876,4
21980,241.9639129638672,55.358680725097656,28.131067739537478,0.21238024050509358,-1.4493333325904325,-0.832283105810653,3.631864309310913,1.5142885446548462,121.3631362915039,0.8075600266456604,1
6412,243.0391387939453,55.70219421386719,42.20845512626634,0.21232845971641592,-2.400093659918891,-2.090794521794814,2.994626760482788,2.2450459003448486,103.51318359375,0.23574231564998627,1
8091,243.3548583984375,55.224212646484375,28.569991664088686,0.21228589256806218,-1.412516003633011,-0.8614069386809148,3.095640182495117,3.095564603805542,327.2561950683594,0.32237300276756287,1
6196,241.9770050048828,55.243404388427734,23.759122770557415,0.21226978599784696,-1.1703512671513578,-0.6022570263321861,3.267270088195801,3.1994693279266357,254.3191680908203,0.23049071431159973,1
6540,243.81594848632812,54.42179489135742,56.98073267234282,0.21212570512099602,-4.347998027698254,-5.215749551354253,3.511455774307251,3.302521228790283,237.85092163085938,0.26165875792503357,1
39567,242.99212646484375,54.99684524536133,14.498593787164202,0.21204746797521012,-1.0512010544425208,-0.250234323385762,1.6891169548034668,1.672137975692749,341.25433349609375,2.924809694290161,2
5984,242.56410217285156,54.977779388427734,4.296783793173481,0.21194642756344975,-0.6934857860482313,-0.10476693994766495,3.2509124279022217,0.6503236293792725,1.0549449920654297,0.2533160448074341,1
1378,243.20672607421875,54.745121002197266,28.264194167035292,0.2118624877331413,-1.3626325153506391,-0.8429989653135496,3.105947732925415,3.1019551753997803,343.47998046875,0.09234444051980972,1
39790,243.01206970214844,55.42892837524414,27.171184970797594,0.21175471690458159,-1.279120875171337,-0.6894580472538208,-100.0,-100.0,-100.0,3.497933864593506,6
13544,241.21995544433594,55.643863677978516,58.558189098692985,0.21167625515112923,-4.673750538179664,-5.78830575539284,1.3854196071624756,1.1276484727859497,209.0824432373047,0.4305644631385803,1
4595,243.1221466064453,54.5726432800293,34.160521166027614,0.2116286127834145,-1.7390933035647067,-1.2601791670853668,4.171317100524902,0.8345122933387756,175.21365356445312,0.18077969551086426,1
9857,242.75389099121094,55.307594299316406,16.627242273137636,0.2115616858726888,-0.9288824953950183,-0.32951400043803214,2.6253256797790527,2.4394571781158447,343.61602783203125,0.34185537695884705,1
4344,242.65536499023438,55.0675048828125,2.80918182142901,0.21147048197618587,-0.676478496971994,-0.0959791043396452,4.151306629180908,0.838674783706665,280.31597900390625,0.1968805342912674,1
126,243.5516357421875,54.189151763916016,61.631580901781014,0.21145887654203868,-5.249600041284982,-7.146582960874657,8.111279487609863,7.9571099281311035,228.68788146972656,0.026650743559002876,1
4514,242.0178680419922,55.299747467041016,24.460830341664774,0.2113948600095307,-1.193656120510216,-0.6361337922698254,2.6117665767669678,1.0562337636947632,95.16683959960938,0.20759829878807068,1
30143,243.34463500976562,54.94013214111328,27.09854253094454,0.21138747097997254,-1.4465825762075284,-0.7686776535820462,2.437908411026001,1.957326054573059,121.9730453491211,1.4589052200317383,2
26929,241.8793487548828,54.97981643676758,24.471505670369105,0.21121690311928884,-1.2396457629944042,-0.5470604035581653,-100.0,-100.0,-100.0,1.1708332300186157,6
6563,241.14527893066406,55.82917404174805,67.66324513940161,0.2109842994921767,-6.966045462750882,-11.31827620669105,2.5258917808532715,2.4680511951446533,253.0039825439453,0.27353712916374207,1
30289,242.2752685546875,54.49277114868164,34.99242999865228,0.21091998783825172,-1.9246076550339624,-1.3241923692866024,0.9615897536277771,0.9611235857009888,50.489471435546875,1.411749005317688,2
14886,242.07723999023438,54.824195861816406,21.963946472779,0.21086733954455894,-1.1315037958667153,-0.5214877151938753,2.518627643585205,0.537538468837738,62.73038864135742,0.47861576080322266,1
8123,242.8134307861328,55.53536605834961,30.260906033737086,0.21053909094251586,-1.5071155793165585,-0.9694574489548461,5.807077884674072,1.1770994663238525,19.038619995117188,0.27981194853782654,1
10031,243.46974182128906,54.66404342651367,38.42135100328267,0.21027536799743998,-2.081972246913163,-1.6542892764100585,2.6292121410369873,2.628159284591675,156.28309631347656,0.32570818066596985,1
20053,243.80523681640625,54.565826416015625,51.31590353562738,0.21023463774546683,-3.510488913961079,-3.643544806572606,2.049835205078125,1.9740365743637085,317.2127990722656,0.6935157775878906,1
30033,242.93222045898438,54.91429901123047,14.553315843514408,0.21000474656761597,-0.9744176059452179,-0.2644756657406251,1.9705947637557983,1.0041557550430298,41.292972564697266,1.4471030235290527,2
30573,242.5412139892578,54.59896469116211,27.022769499747888,0.2100034743888443,-1.2163425311543818,-0.6810275523261522,-100.0,-100.0,-100.0,1.6007699966430664,4
10071,241.52066040039062,54.70907211303711,41.87631669969691,0.21000270611189387,-2.384581822163023,-2.048843335199691,2.239374876022339,1.9651907682418823,135.6402130126953,0.33731961250305176,1
16506,243.4267578125,55.66548156738281,46.928990935844844,0.20989870974652441,-2.936806928971367,-2.7862975963571306,2.833927631378174,2.709742546081543,25.566816329956055,0.5704420208930969,1
1650,241.0337371826172,55.06694030761719,53.16255116180505,0.20955549167724222,-3.6913819532766627,-4.087445045553117,3.1025962829589844,2.4082841873168945,277.67462158203125,0.11145029217004776,1
169,242.49249267578125,55.72968292236328,40.96416236000724,0.20945931191931896,-1.81888388176303,-1.847139673945664,-100.0,-100.0,-100.0,0.04386424273252487,6
24588,242.32958984375,55.05501937866211,8.629981751495722,0.2093514332116733,-0.8208886296091461,-0.14768511306472099,3.100125789642334,1.2123709917068481,296.36968994140625,0.9490707516670227,1
34555,241.54745483398438,55.524452209472656,45.39004770479609,0.20914511577097783,-2.868169738190672,-2.529513408685057,5.112794399261475,3.8853137493133545,328.59368896484375,1.8391491174697876,2
35863,242.5405731201172,54.92655563354492,7.460612849704623,0.20888589305159638,-0.8764415737231398,-0.12387433891391963,1.844407320022583,1.4834318161010742,17.704896926879883,2.0172908306121826,2
17550,242.79745483398438,55.114654541015625,8.436390010808179,0.20884892367241908,-0.7844123027610637,-0.147802523629505,1.432286024093628,0.3299371302127838,83.33155822753906,0.616968035697937,1
13546,243.82066345214844,55.768760681152344,60.420493499185724,0.20882672360693494,-5.056056979957208,-6.568714114688314,2.2922170162200928,2.0910284519195557,86.51347351074219,0.46843191981315613,1
38899,241.44650268554688,54.88688659667969,40.24466715971229,0.20862049293802976,-2.3116744527883406,-1.7630238474878823,-100.0,-100.0,-100.0,2.7221033573150635,6
28480,242.52243041992188,55.207332611083984,9.719276469679398,0.20858868271815445,-0.5717260096733364,-0.08006952441224556,-100.0,-100.0,-100.0,1.4768128395080566,6
34559,242.0624237060547,54.33866500854492,46.23830489428755,0.20844903397379264,-2.96229987003886,-2.6641534858311946,2.4667809009552,1.5973849296569824,274.1597900390625,1.8073972463607788,2
30261,242.59266662597656,55.60259246826172,33.23155794249084,0.208348765303167,-1.80149683160987,-1.1781649594995716,1.8578581809997559,1.5224997997283936,298.7076110839844,1.4844008684158325,2
8291,241.21246337890625,54.94499206542969,47.491349538187116,0.20827348963166295,-2.969013297253088,-2.8842916074631026,2.2148663997650146,2.2004685401916504,46.28471374511719,0.2811726927757263,1
13338,242.1573486328125,55.32356262207031,21.951521565594614,0.2081686463600729,-1.1241411381636894,-0.5208730688620103,2.2571749687194824,0.49997851252555847,91.1778564453125,0.4264773428440094,1
3004,241.81661987304688,54.477020263671875,43.312600568568534,0.2081497152871445,-2.490843998256599,-2.2369028173825134,3.395134210586548,1.4319430589675903,117.97694396972656,0.1711350530385971,1
39744,242.8042755126953,55.41505432128906,23.272820247110687,0.2081233879200991,-1.3556401714187658,-0.5601066813139357,2.424919366836548,1.3081763982772827,277.7254638671875,3.1733241081237793,2
26766,244.1002197265625,54.89434814453125,53.152244797947134,0.2078149748561268,-3.6642775579685063,-3.994311247115897,-100.0,-100.0,-100.0,1.2859221696853638,6
26681,242.633544921875,55.07394790649414,2.368608670070189,0.2077622333307143,-0.13500912571664608,-0.0047063807915285315,-100.0,-100.0,-100.0,1.1730695962905884,4
39254,242.22921752929688,54.67876052856445,25.2977339712893,0.2077331860226037,-1.4324629425918314,-0.6617172281053785,2.077655792236328,1.1490607261657715,27.250213623046875,2.838057041168213,2
8253,241.29464721679688,55.09629440307617,44.261394981291346,0.20739717788398643,-2.6112810826604194,-2.369718292323066,2.8814938068389893,2.5478615760803223,117.78742980957031,0.3086383640766144,1
6120,242.4804229736328,55.374267578125,19.827323135271524,0.2073486642635106,-1.0170081810806781,-0.43755942639205125,3.3712446689605713,0.8265036344528198,119.77286529541016,0.2503211796283722,1
1773,240.9846649169922,54.38693618774414,68.08112137384245,0.2072736901390267,-7.080034728730209,-11.718701220411964,7.577962875366211,4.839582443237305,200.3144073486328,0.09192347526550293,1
34319,242.77227783203125,55.39809036254883,21.962948461221988,0.2072687117082716,-1.2370408714255743,-0.5113472191427118,1.0500094890594482,1.0019762516021729,201.1563262939453,1.8805357217788696,2
11770,242.39781188964844,54.59059143066406,28.206727938735007,0.2072049195044376,-1.4068049314489985,-0.8388304175529013,2.759263753890991,2.0241925716400146,276.8676452636719,0.3898146450519562,1
23065,242.076171875,55.923919677734375,55.23585296191372,0.20704444889799542,-4.317494800621006,-4.569117899080483,-100.0,-100.0,-100.0,0.921613872051239,6
6612,241.01922607421875,55.09403991699219,53.70056948032104,0.2070371335383093,-4.093376563289318,-4.137231013801381,-100.0,-100.0,-100.0,0.31759440898895264,6
11575,242.92282104492188,55.04328536987305,11.773856955486329,0.20700796631984197,-0.8170996269621671,-0.20704575580263065,0.8174668550491333,0.7931653261184692,228.55166625976562,0.38164710998535156,1
11728,242.81704711914062,54.67869567871094,23.66025020815774,0.20689022112343738,-1.1884411874333032,-0.5973326259660613,1.3642784357070923,1.2909499406814575,96.29156494140625,0.39384546875953674,1
24924,242.76219177246094,55.437801361083984,24.155162750312257,0.20669791093454926,-1.2900114992241172,-0.5318219496553527,-100.0,-100.0,-100.0,1.0495322942733765,6
28250,242.3424835205078,54.83696746826172,15.124898049934517,0.20666202646919332,-0.9687126345431185,-0.19763747717544883,-100.0,-100.0,-100.0,1.377610445022583,5
26583,242.5204315185547,54.545433044433594,30.27187260997051,0.2066547958378852,-1.586120162689308,-0.9661208733556077,2.201096534729004,2.200744152069092,194.32882690429688,1.031372308731079,1
34462,243.48226928710938,55.27159118652344,33.67864866995539,0.20663946601354843,-1.8580665940026788,-1.2114982749752092,1.6457622051239014,1.636696696281433,299.73114013671875,1.7914706468582153,2
8175,243.62181091308594,54.94810485839844,36.344707302772875,0.20662202909557933,-1.9113634188235191,-1.4506480374179085,6.016482830047607,6.010714054107666,230.5441436767578,0.2791486084461212,1
30017,242.8334197998047,55.215309143066406,13.233880568012154,0.20657969891570474,-0.9422907745196543,-0.2318138232247231,0.8906958103179932,0.47112730145454407,103.33637237548828,1.3384729623794556,2
6245,242.72561645507812,55.47258758544922,25.90853233820499,0.2064955531510525,-1.2688229729433373,-0.7096806576944015,2.777635097503662,1.1434237957000732,79.7908706665039,0.25663328170776367,1
16598,241.51974487304688,54.89624786376953,37.65707514279422,0.20631852466089162,-2.0830441558547115,-1.4867955507179182,-100.0,-100.0,-100.0,0.5781511664390564,6
13674,242.82159423828125,54.71578598022461,21.64385782911896,0.20626847461007214,-0.9026828639814142,-0.4194836952300073,-100.0,-100.0,-100.0,0.4987901449203491,6
8288,243.4024200439453,55.632328033447266,44.86101858243421,0.20578618392506887,-2.673749963074383,-2.4577029481826584,7.1992316246032715,1.4450411796569824,88.12863159179688,0.31108593940734863,1
32536,241.69461059570312,54.84856033325195,32.803078461373445,0.20577338425019853,-1.7871979017483832,-1.143747521441833,1.1002832651138306,1.0706582069396973,121.64688873291016,1.5112829208374023,2
8122,243.4408416748047,55.18216323852539,30.59020280925749,0.2057053331737327,-1.5261408667237666,-0.9916058714591932,1.9148024320602417,1.8882927894592285,358.43743896484375,0.27579590678215027,1
30528,241.8017578125,54.27680206298828,53.62421313021242,0.2055095170801707,-3.9101871976463944,-4.20304935372512,2.1954970359802246,1.0977696180343628,173.10548400878906,1.39666748046875,2
8018,243.09104919433594,54.698551177978516,27.42794236974978,0.2053491653800729,-1.3512402856734538,-0.7931581143006264,1.7545192241668701,1.740860104560852,36.23951721191406,0.31049999594688416,1
22004,241.67376708984375,54.82659149169922,33.97562136437259,0.20532897185647186,-1.802463430042508,-1.2421754563983634,2.2335903644561768,0.7645382881164551,28.49407196044922,0.8028634786605835,1
32913,243.6315155029297,54.29267883300781,58.20527675656699,0.2052912233915639,-4.747110668792876,-5.5627212547890394,-100.0,-100.0,-100.0,1.8428590297698975,6
499,241.8084716796875,55.49597930908203,37.6320971548152,0.2052115232916669,-1.9665143448513316,-1.573711785546976,4.007298469543457,3.0803940296173096,357.2783203125,0.07366031408309937,1
37312,242.63096618652344,54.2395133972168,48.58747550982925,0.20483178654773662,-3.26216729868817,-3.0728270415406698,1.8562413454055786,1.1590951681137085,108.16898345947266,2.1836979389190674,2
30267,243.53582763671875,55.21874237060547,34.31925804930195,0.20474840655072915,-1.8758954600382547,-1.2664465660337758,0.7292162775993347,0.7247843742370605,57.438926696777344,1.4360134601593018,2
37232,242.5034942626953,55.57963180541992,31.959475984063495,0.20465204882456553,-1.767907792223985,-1.0766546581351255,1.7578333616256714,1.4415656328201294,89.69633483886719,2.2343239784240723,2
35920,242.3640594482422,54.79240036010742,17.096704615803887,0.2045032732621451,-1.0807117487565485,-0.3324874604859485,2.417259693145752,1.2647032737731934,303.6691589355469,1.9763818979263306,2
8203,243.6949920654297,54.82814025878906,40.63200207413041,0.20442288519062296,-2.2621204268783393,-1.8974484083414314,2.926530599594116,1.0846940279006958,192.45437622070312,0.3249776065349579,1
17656,242.57608032226562,54.56564712524414,28.988174454342793,0.20409469381493345,-1.4737966351098688,-0.8855490410524502,2.0895614624023438,0.7811064720153809,306.7894287109375,0.6002766489982605,1
35954,242.08209228515625,55.07657241821289,17.204732682783067,0.20396670454948185,-1.0826235446295347,-0.33523525064028414,2.301499366760254,1.9547895193099976,79.6046142578125,2.0935611724853516,2
32425,243.12355041503906,55.289825439453125,23.570558407097415,0.20393878222899908,-1.2936071162145326,-0.5853632661090435,1.3153644800186157,1.2811508178710938,4.228963851928711,1.5044621229171753,2
2823,241.79759216308594,54.910587310791016,28.20136113684511,0.2038556451714741,-1.3687056896206742,-0.8394056807513279,3.826321840286255,1.9172616004943848,260.3228454589844,0.17054951190948486,1
32815,241.46669006347656,55.112892150878906,38.44463169052221,0.20384638141600392,-2.0897942834031737,-1.5668491517847662,-100.0,-100.0,-100.0,1.7773966789245605,6
26842,242.69256591796875,55.72636413574219,40.83441423944428,0.2036448336636579,-2.7547505793963376,-1.831738673865596,-100.0,-100.0,-100.0,1.1535323858261108,6
1306,242.9783477783203,54.744239807128906,22.85511300667129,0.20360965347423524,-1.1068856930372555,-0.5611479573962357,4.305037498474121,2.0796899795532227,259.5322570800781,0.08064702898263931,1
17802,241.7515106201172,54.807437896728516,32.037347119894086,0.20358039379889414,-1.3243935141517031,-1.004835505785848,-100.0,-100.0,-100.0,0.6548930406570435,6
30387,241.4212646484375,54.958621978759766,40.25360382922866,0.20354126167792871,-2.3399966302086685,-1.8476364898293636,2.071742534637451,1.425535798072815,74.57648468017578,1.4163172245025635,2
36180,243.20960998535156,55.1595573425293,22.595886467552983,0.20348169768472532,-0.584153669754476,-0.4600462110592655,-100.0,-100.0,-100.0,2.194500684738159,4
8072,243.091796875,54.72949981689453,26.045572794403967,0.20338209324930306,-1.2825136057470545,-0.7166430137557954,4.245365619659424,1.0289863348007202,272.0789794921875,0.2912752330303192,1
34761,244.2625732421875,54.854286193847656,59.12122915484718,0.2033406009605752,-4.9760181614289705,-5.920230403111369,-100.0,-100.0,-100.0,2.0127272605895996,6
2727,242.78656005859375,55.25732421875,14.370241208921616,0.20315682857112832,-0.8370352806764358,-0.2673596157252422,3.5034217834472656,1.311829686164856,78.58940887451172,0.1720365434885025,1
11941,243.3719940185547,55.0947265625,27.331398376249854,0.20297022607551396,-0.6973947752698465,-0.6986244626481816,-100.0,-100.0,-100.0,0.4326806962490082,4
1429,242.27310180664062,55.598793029785156,34.62845027342443,0.20296224220420223,-1.7536935846050947,-1.2990859301788085,2.5916800498962402,1.2311367988586426,345.0834045410156,0.10886526107788086,1
1404,243.35476684570312,55.3310432434082,31.46763650343469,0.20286588369702133,-1.5460204298998046,-1.0531818898804515,4.07102632522583,2.3178017139434814,78.04095458984375,0.12232348322868347,1
3155,241.6890411376953,54.32700729370117,53.207970519275534,0.2028243705465207,-3.7075692833163276,-4.099165562937443,3.5747952461242676,2.8226358890533447,258.541259765625,0.15339091420173645,1
30438,243.77545166015625,54.72539138793945,45.576962851767554,0.202743001035597,-2.8648364808696707,-2.5622105803722417,1.8142375946044922,1.0103659629821777,56.96977615356445,1.4208205938339233,2
4453,242.03915405273438,54.860862731933594,21.792471601533705,0.20270310213487994,-1.0816515560116715,-0.515136445941826,3.27622652053833,2.940969467163086,160.29490661621094,0.1821037083864212,1
6164,243.18710327148438,55.165157318115234,21.961827628975296,0.20267119266018205,-1.096465677728279,-0.522219054046739,2.410790205001831,1.4955939054489136,224.79348754882812,0.24334804713726044,1
15057,240.91387939453125,54.82655334472656,58.96876513521998,0.20258234859764868,-4.761327437624379,-5.9496699729170714,3.046494483947754,1.1938660144805908,84.85032653808594,0.4942466616630554,1
37476,242.61190795898438,55.675682067871094,37.62961596756929,0.20256945681405308,-2.173864377818212,-1.4841996912994002,-100.0,-100.0,-100.0,2.478898525238037,6
19946,242.71389770507812,55.27552795410156,14.353427245849065,0.2025378445369961,-0.9086382669764339,-0.2637139926004066,1.1994460821151733,1.1286859512329102,71.43807983398438,0.6928998231887817,1
1337,243.2328643798828,55.19937515258789,24.138225764456656,0.202508904880475,-1.1613781516750763,-0.6204234087075804,4.107244968414307,2.6605677604675293,291.26190185546875,0.10838496685028076,1
13454,242.21429443359375,54.49396896362305,35.618919168615086,0.2022614187114367,-1.8787555848886721,-1.384211092965925,1.6632636785507202,1.5382145643234253,136.34222412109375,0.44025304913520813,1
23017,241.74256896972656,55.67420959472656,47.166126855584004,0.20224269903462064,-2.996218917202281,-2.8250159794472185,3.3228914737701416,2.3959527015686035,118.23657989501953,0.8659676313400269,1
3301,241.62034606933594,54.97566604614258,33.321023966309916,0.2021720511932934,-1.520510727326922,-1.1026195042432767,-100.0,-100.0,-100.0,0.1961767077445984,6
30085,243.17913818359375,54.95186233520508,21.408418642279557,0.2021518770450462,-1.1914446043134748,-0.4918391594413255,1.5544753074645996,1.345964789390564,7.634038925170898,1.321534276008606,2
30214,242.10470581054688,54.73124694824219,25.149322480149877,0.20175794506667868,-1.3486861263377046,-0.6625837403105597,1.7430007457733154,1.0596034526824951,178.83303833007812,1.4445552825927734,2
7906,242.843994140625,54.832061767578125,15.861392297930685,0.20155724430488364,-0.8992733004582903,-0.30692748709529116,1.3141496181488037,1.2442253828048706,97.13784790039062,0.316867858171463,1
6502,242.06065368652344,55.88908386230469,53.42761502688967,0.20135382667383,-3.7581491517875185,-4.156198365597444,2.7211146354675293,2.6402170658111572,92.08122253417969,0.2574928104877472,1
6302,243.22509765625,55.50550842285156,35.161910212789536,0.20123853725217808,-1.817123181817459,-1.3446492460529795,1.9680838584899902,1.1624733209609985,224.86404418945312,0.2610819339752197,1
26972,242.9661865234375,54.86772918701172,17.163845951987167,0.2012273992428736,-0.7334489238173347,-0.25708530569641735,-100.0,-100.0,-100.0,1.1234599351882935,6
28384,242.64588928222656,54.215049743652344,50.07522839343968,0.20072906406741375,-3.0611237641763056,-3.286075104778948,-100.0,-100.0,-100.0,1.4887590408325195,6
1402,242.0193328857422,55.37736892700195,27.525050422248825,0.200471118541045,-1.323225567526261,-0.7991521994978941,1.3370590209960938,1.23215913772583,203.42559814453125,0.09531130641698837,1
30134,243.25657653808594,55.305599212646484,27.822631384974493,0.2001378758966312,-1.483055956835283,-0.8099818084126967,2.1719861030578613,1.1131864786148071,359.1539611816406,1.4509769678115845,2
16403,243.21563720703125,55.262855529785156,25.280979649655237,0.20012057748927398,-1.279278088172735,-0.6754709877786075,0.769878089427948,0.44670581817626953,293.8769836425781,0.5499115586280823,1
8348,242.31118774414062,55.96164321899414,55.53076969986679,0.20004793028057574,-4.1028864878920315,-4.748697551670464,2.735403537750244,1.665316104888916,114.4112777709961,0.2792275547981262,1
4678,241.84283447265625,54.49423599243164,41.937311506189566,0.20004658988720447,-2.3663269303590324,-2.0564286477693265,1.675879955291748,1.4754880666732788,345.8267822265625,0.20479750633239746,1
28106,242.3724365234375,55.06480026245117,7.212697677550491,0.19993845639662752,-0.8203065666489147,-0.12574188348124063,1.3898568153381348,1.3777328729629517,209.35693359375,1.1904165744781494,1
509,241.58311462402344,54.67573928833008,41.073799586062336,0.19931547244126202,-2.258158429894636,-1.9496280142492532,5.1579694747924805,3.408952474594116,340.0636901855469,0.04236219450831413,1
30417,243.28756713867188,54.47889709472656,42.05115162499894,0.1991255336456115,-2.5052374577970875,-2.065077307613589,1.3866808414459229,0.9618738889694214,117.0511703491211,1.4864568710327148,2
19877,242.4989471435547,55.08319091796875,3.479060734598111,0.19902415157970502,-0.7438680121312762,-0.09647210069398322,1.8913195133209229,1.7909449338912964,244.048828125,0.712530255317688,1
24744,242.77720642089844,54.632694244384766,25.874027899141215,0.198768368233878,-0.9522411281718307,-0.6183924845517479,-100.0,-100.0,-100.0,1.03340744972229,6
38186,242.96707153320312,54.54754638671875,32.91276844491669,0.19874680355509955,-1.8372905641763886,-1.1464281530503293,2.376337766647339,1.8158577680587769,174.10643005371094,2.418203592300415,2
11664,242.0296173095703,54.976890563964844,19.43498507832492,0.19853977027872446,-1.0239280435983988,-0.42205611873644405,1.3330448865890503,1.0691306591033936,209.2738494873047,0.3899148106575012,1
30091,243.19468688964844,55.161033630371094,22.133253124155004,0.19837395499068883,-1.2187251144915172,-0.5216962878381937,0.7696309685707092,0.7049428224563599,182.2520294189453,1.4129596948623657,2
34722,241.75799560546875,55.39545440673828,34.99872094670715,0.19797640211542292,-1.3368484815379895,-1.2407889712606521,-100.0,-100.0,-100.0,1.9479774236679077,6
32443,242.74891662597656,54.57988357543945,28.730216432531627,0.1979565833538924,-1.544179451902604,-0.8629218696260704,2.1750853061676025,1.604490876197815,23.964014053344727,1.6767336130142212,2
27166,243.26393127441406,54.71444320678711,30.966734229497828,0.1976839210332081,-1.3529909022216922,-0.9282706667619094,-100.0,-100.0,-100.0,1.1049586534500122,6
26549,242.813720703125,55.460384368896484,25.952785951735436,0.19730967841403957,-1.3563495359625235,-0.7075556280218561,1.6799776554107666,1.509039044380188,144.67088317871094,0.9791151881217957,1
3282,243.52108764648438,54.471553802490234,47.538185642378636,0.19701278304502773,-2.1506278907027503,-2.80192115227351,-100.0,-100.0,-100.0,0.2088896781206131,5
38158,243.3458709716797,54.79646301269531,30.425997044312986,0.19681984967561364,-1.6845009582513715,-0.9673858072525283,2.892535448074341,2.284945249557495,255.8471221923828,2.479550361633301,2
34259,242.94529724121094,55.19482421875,15.280389609829731,0.19677334189239817,-1.0157715342018343,-0.2796236334154202,1.0923410654067993,0.9473690986633301,105.64273071289062,1.865604043006897,2
39644,242.65528869628906,56.312652587890625,75.87478836320294,0.1966974373882546,-10.746018499720908,-25.114478505314437,-100.0,-100.0,-100.0,3.228627920150757,6
38358,242.4393768310547,54.20184326171875,51.05168052174021,0.19666614158368323,-3.259340140132835,-3.4949337818689594,-100.0,-100.0,-100.0,2.6050631999969482,6
9848,242.27809143066406,55.42762756347656,24.973674098739487,0.19663632215798693,-1.2392553169724634,-0.6609272950509946,1.2287163734436035,0.8747819662094116,281.6971740722656,0.36193934082984924,1
10082,241.46481323242188,54.68172073364258,44.37305519001656,0.19661673168201943,-2.6302978768178957,-2.385801986956939,1.9935835599899292,1.952752947807312,62.101165771484375,0.37024328112602234,1
9793,242.34107971191406,55.20267105102539,12.356909184257578,0.19656641389122942,-0.8206116530549468,-0.21886388225323913,1.4368568658828735,1.3962546586990356,89.29352569580078,0.3502335250377655,1
38127,242.87557983398438,54.70279312133789,23.12441285751108,0.19645699613358347,-1.31610791735838,-0.558410709191783,1.1057673692703247,1.105072021484375,166.63710021972656,2.31719970703125,2
17621,242.8892059326172,54.69393539428711,23.810021531591815,0.1963669805071189,-1.2192307224276657,-0.6031054864680254,2.1321988105773926,1.5376503467559814,117.99574279785156,0.6022543907165527,1
30642,241.6001739501953,55.57951736450195,46.19840460995863,0.1962944502245226,-2.6602191637072443,-2.57577018422882,-100.0,-100.0,-100.0,1.5224788188934326,5
4501,242.724365234375,54.54677963256836,30.52839687065902,0.1959469384359987,-1.5078617977464674,-0.9880805122826466,2.2968480587005615,1.8933449983596802,356.86700439453125,0.22084331512451172,1
34527,241.77589416503906,55.63391876220703,44.56650118826563,0.19588329958934267,-2.7809441221867064,-2.4057540844582905,1.2876070737838745,1.2426040172576904,178.66250610351562,1.7694244384765625,2
32289,242.01284790039062,54.93037796020508,20.789934030521763,0.19583381092616658,-1.181059863102304,-0.46536359551867396,1.3750555515289307,0.9703412055969238,251.91041564941406,1.6920435428619385,2
21041,243.74905395507812,54.947113037109375,40.678737460004946,0.19571173899758298,-2.3233841510429625,-1.901518446194575,2.2867205142974854,0.9804495573043823,245.30694580078125,0.74088454246521,1
22020,243.4647216796875,54.466800689697266,46.438644560363485,0.19552926434473247,-2.9083001172165788,-2.7031278025017342,1.137931227684021,1.1333929300308228,323.8388366699219,0.8177471160888672,1
1515,243.3430938720703,55.579345703125,41.12754019984022,0.19548467589776872,-2.2739663674561754,-1.956748564844992,4.094255447387695,1.3253189325332642,43.52216720581055,0.08915090560913086,1
37074,242.65158081054688,55.18742370605469,8.669536123090928,0.19544256761104206,-0.9016805315345786,-0.1383112694883256,1.5585180521011353,0.9661898612976074,134.48373413085938,2.158224582672119,2
14738,242.95492553710938,55.055999755859375,12.87808758883154,0.19533908986634044,-0.8526075187974339,-0.2300034299419818,1.2680879831314087,0.9220553040504456,73.15357971191406,0.48431655764579773,1
5945,242.22213745117188,55.07673645019531,12.425412025098362,0.19517376768692607,-0.8085383576663635,-0.22117437747165666,2.079558849334717,1.5537161827087402,317.15521240234375,0.2630844712257385,1
34524,243.80914306640625,54.967254638671875,42.55818963168372,0.19500404617422945,-2.5776855472893048,-2.1268990414634303,2.2373578548431396,2.221431016921997,183.74874877929688,1.708189606666565,2
39287,243.5072784423828,54.63624572753906,40.47221206936055,0.19498490202706747,-1.6801793680116426,-1.7893116186377858,-100.0,-100.0,-100.0,3.0036513805389404,4
24852,243.20147705078125,55.7774543762207,48.5680415364685,0.19495051782010156,-2.8691021250777635,-2.9889715747508516,-100.0,-100.0,-100.0,1.0507090091705322,6
31091,242.2407989501953,54.716548919677734,23.125192181524884,0.19489990643127222,-1.2729617275198737,-0.5640872759993516,2.6242098808288574,0.6783819198608398,289.2686462402344,1.5275335311889648,1
27019,241.0625457763672,55.00710678100586,52.260242114318785,0.19480880049701735,-3.796304828662028,-3.773319511482171,-100.0,-100.0,-100.0,1.1817305088043213,6
4308,242.87379455566406,54.901126861572266,13.43610025185938,0.19475792208582643,-0.8229723643648096,-0.24433267676947543,6.094023704528809,1.7774584293365479,88.42406463623047,0.19939038157463074,1
34386,243.20867919921875,54.70816421508789,29.798103964809098,0.1947553094199677,-1.613837286055149,-0.9283430018262591,1.0988683700561523,1.042505145072937,177.38217163085938,1.875716209411621,2
38777,242.32492065429688,54.872276306152344,13.770615422145971,0.19475466776947867,-1.0172826873730831,-0.23473755033873508,1.8702865839004517,1.1965405941009521,32.40580749511719,2.690669298171997,2
4771,243.96353149414062,55.21488571166992,48.47656623089899,0.19473638269958338,-3.0711914236163778,-3.0623497533904835,3.3960328102111816,1.8155015707015991,320.2152404785156,0.1832249015569687,1
10138,243.96641540527344,54.72088623046875,51.72100571408489,0.19469385502715356,-3.523022388550309,-3.7369928943156694,3.7927980422973633,0.7594984769821167,80.81603240966797,0.37375548481941223,1
587,241.5307159423828,54.38853454589844,53.782942463702156,0.19422646805958102,-3.7755287810180453,-4.249084689116101,7.610808372497559,5.765671253204346,314.3620300292969,0.03547019883990288,1
11642,242.22314453125,55.333251953125,21.00219798603441,0.1941934386133376,-1.0807639841842764,-0.48201283404191125,1.39693021774292,1.386183738708496,263.52569580078125,0.40224263072013855,1
24593,242.8824005126953,54.79499816894531,18.446143580646886,0.19406320182466755,-1.0505232452545357,-0.38385332679461603,1.4366333484649658,0.4034422039985657,155.60211181640625,0.9679741263389587,1
1830,243.0131072998047,55.189720153808594,17.08525738576468,0.19401504453313442,-0.7836893597220835,-0.2545377181368799,-100.0,-100.0,-100.0,0.14056424796581268,6
24962,241.90538024902344,54.46278381347656,42.21926806484971,0.1939467852301595,-2.332971567548584,-2.0022739166996644,-100.0,-100.0,-100.0,1.0456660985946655,6
6109,242.30421447753906,55.25753402709961,15.702427184417239,0.1939235485838255,-0.8882370188610229,-0.30295531820640703,2.1643049716949463,1.2941802740097046,103.17432403564453,0.2729138135910034,1
21219,243.96304321289062,55.93075180053711,70.77344188004723,0.1938815777800834,-7.9239967017238495,-14.76032433435492,-100.0,-100.0,-100.0,0.8124145269393921,6
20981,242.37393188476562,54.6967887878418,22.290202555392572,0.19382647677498027,-1.1714732767423313,-0.5334777158739997,1.3335669040679932,1.3125303983688354,150.86322021484375,0.7382047176361084,1
24795,244.48214721679688,55.934078216552734,83.66172164765658,0.19382034193562386,-20.034024624411042,-83.95626207065438,-100.0,-100.0,-100.0,1.0652809143066406,6
1330,241.85777282714844,54.88755416870117,26.70364655703872,0.19378350903486408,-1.2819644027574473,-0.7527963002653287,1.877299189567566,1.672993540763855,259.7254638671875,0.09042485803365707,1
18670,242.41563415527344,55.17439270019531,9.423193025285897,0.19369740520989806,-0.8030060231269416,-0.16176807269474675,2.176828622817993,0.6252792477607727,81.29454040527344,0.6601029634475708,1
37317,244.00343322753906,54.60487365722656,55.929922181125974,0.19348802727450506,-4.33422732635125,-4.862894711063183,3.4726758003234863,2.2007439136505127,235.22561645507812,2.2762997150421143,2
32450,241.81361389160156,55.077789306640625,26.40578715506401,0.19347987276187098,-1.4225353187655772,-0.7275625020236978,2.183687448501587,1.153471827507019,246.66864013671875,1.6650246381759644,2
3001,243.8611297607422,54.99345016479492,44.175364538053934,0.19344619592330448,-2.5778862474648556,-2.3574335311443564,4.182336807250977,4.166857719421387,36.69304656982422,0.16592015326023102,1
10070,242.49533081054688,54.35546875,41.70300395735553,0.1934261664929139,-2.366992524619864,-2.0265626070563534,2.984133005142212,2.1528866291046143,346.0210266113281,0.3366925120353699,1
16521,241.36282348632812,54.47856903076172,54.28627410086869,0.1934160714126554,-3.9338887468433414,-4.386451812827619,2.7002103328704834,1.6242097616195679,24.125375747680664,0.543543815612793,1
38286,241.73976135253906,54.326351165771484,52.23844358144479,0.19316207781419592,-3.5556005179610266,-3.7681123473914013,-100.0,-100.0,-100.0,2.5832090377807617,5
32884,244.87538146972656,54.574466705322266,84.29389895834929,0.19313369287738294,-21.2930089428107,-96.43078823103271,-100.0,-100.0,-100.0,1.8739558458328247,6
26761,241.473876953125,55.52430725097656,47.3660060009596,0.19313251914576166,-3.0737230690460695,-2.7718163287117425,-100.0,-100.0,-100.0,1.1009777784347534,6
1479,243.6417999267578,54.73066711425781,41.30068188839857,0.19306853334474272,-2.2894191190598487,-1.9775322689521693,2.8905134201049805,1.1434757709503174,226.54795837402344,0.12192882597446442,1
7951,242.22055053710938,54.72294235229492,23.161988221424988,0.19288407897915058,-1.152507431521103,-0.5744999431826783,3.904193162918091,0.8854279518127441,148.9000244140625,0.3172542452812195,1
10210,241.29177856445312,53.88520431518555,83.02269103349265,0.1926819062691591,-18.73032833111395,-73.65835388839353,-100.0,-100.0,-100.0,0.3761809170246124,5
13251,242.42652893066406,55.08934020996094,5.821001195095404,0.19264847864271725,-0.7340438835373165,-0.11670573981882049,2.5739970207214355,0.6252394318580627,141.57789611816406,0.43956220149993896,1
28102,242.04730224609375,55.09476089477539,18.521603235705612,0.1926416676543812,-1.07248024126916,-0.3840501786998621,0.9562108516693115,0.4639934301376343,170.84109497070312,1.1625746488571167,1
34623,241.44293212890625,55.09041213989258,39.15837461899118,0.19257746485474303,-2.058226895866026,-1.642349502426376,-100.0,-100.0,-100.0,1.9869295358657837,4
30187,243.26133728027344,55.39055633544922,31.041867454396797,0.19250823638974984,-1.663551158599974,-1.0162170712604262,2.1095781326293945,1.3626209497451782,33.98217010498047,1.4433761835098267,2
37265,241.7330322265625,54.74082946777344,34.5880107277152,0.19242871629628955,-1.9412121412519663,-1.2831212863024444,2.742950439453125,2.0529282093048096,201.48959350585938,2.2469756603240967,2
4467,243.3180694580078,54.85630416870117,27.915627119766874,0.19241457379447646,-1.3616580352180985,-0.822155199283923,2.281674861907959,2.259650230407715,268.5686950683594,0.18709681928157806,1
11888,242.7433319091797,54.270050048828125,47.06432748595392,0.19239327832026193,-2.9319407054882873,-2.8094122311080363,1.9495569467544556,1.9439189434051514,255.10931396484375,0.3781508803367615,1
26762,243.54588317871094,55.52640914916992,43.69589303444299,0.1923106004522375,-2.4591601847071067,-2.1996373400678477,-100.0,-100.0,-100.0,1.1177345514297485,6
30356,242.94805908203125,55.685089111328125,40.183818795675585,0.19226766158153225,-2.3344515960312546,-1.839902624238274,1.7371950149536133,0.9684257507324219,147.9378662109375,1.31415855884552,2
13316,242.63035583496094,55.395606994628906,20.879799778502587,0.19222972104720928,-1.081974310518584,-0.47654316066424734,0.7356184124946594,0.646287202835083,233.6162872314453,0.47362372279167175,1
37278,242.30674743652344,55.690975189208984,39.6457923573243,0.19213565149942577,-2.3367645039040514,-1.7745941735052548,2.544612407684326,1.5881022214889526,0.8777904510498047,2.16847562789917,2
34303,243.3794403076172,54.994842529296875,27.671906421152087,0.19209505795173268,-1.4997717376005786,-0.7979958597664479,0.5304298996925354,0.5137699246406555,162.50917053222656,1.8031809329986572,2
13504,242.49790954589844,55.800559997558594,45.19443717659233,0.19204726390039076,-2.730374980987461,-2.507552243713241,3.6037967205047607,1.6777702569961548,65.20317077636719,0.4535771608352661,1
7954,243.33709716796875,54.9437370300293,26.793957999585466,0.19192756438103076,-1.3196928312208118,-0.7576016593070222,2.5842177867889404,1.5416806936264038,262.1835632324219,0.2798735201358795,1
14936,242.90074157714844,54.513580322265625,33.97046843581949,0.19192490579298513,-1.7681398141832319,-1.2432518915230282,3.551553249359131,0.8765460252761841,231.22813415527344,0.4995238184928894,1
4724,241.6385498046875,55.56142807006836,44.50650858635209,0.19188230437879694,-2.62097691818565,-2.4055470594019144,2.226328134536743,2.207671880722046,209.7762908935547,0.18737256526947021,1
8168,243.52001953125,54.76634216308594,36.572118332651904,0.19182965419319428,-1.9275223321337887,-1.471411062282846,2.970437526702881,2.2714874744415283,307.35882568359375,0.28748106956481934,1
94,243.87081909179688,55.023773193359375,44.39230379646739,0.19180503263765072,-2.5714393782259926,-2.386880174745822,9.072676658630371,1.8699641227722168,224.20924377441406,0.02348383329808712,1
19974,243.0789337158203,55.491455078125,31.55642753493933,0.19177787558810994,-1.6351457895614951,-1.0575473721857793,1.5696337223052979,1.5311294794082642,288.94610595703125,0.6870684027671814,1
4252,242.79978942871094,54.88084030151367,12.594130790349123,0.19177568654935415,-0.8040276678687708,-0.22497169044805976,2.419550895690918,2.415400743484497,206.9675750732422,0.17869603633880615,1
35912,242.17640686035156,55.284542083740234,19.79499998786291,0.19164295984699162,-1.1679905139817768,-0.424216651230807,1.0677552223205566,1.0569777488708496,54.91936492919922,2.028012990951538,2
16636,244.2318572998047,55.47818374633789,62.05765490424679,0.19127122658094947,-5.305252564900873,-7.276912444170901,-100.0,-100.0,-100.0,0.6005414128303528,6
16361,242.37646484375,55.422882080078125,23.50607390176983,0.1910147821034956,-1.1994915884400892,-0.5888503938036411,1.4295110702514648,1.395290732383728,42.82685089111328,0.5726767182350159,1
6504,241.13955688476562,55.4514045715332,54.879400212475005,0.19088092163625603,-3.987584810584233,-4.555431976771277,3.1163594722747803,1.9559553861618042,130.23974609375,0.2712815999984741,1
19971,241.609619140625,55.14974594116211,33.8736455107529,0.19049451125499312,-1.7857428268989346,-1.234758003831785,1.2892063856124878,1.1668453216552734,338.43743896484375,0.692554235458374,1
18709,242.421630859375,54.7569580078125,18.34625963055427,0.19048887976538673,-1.0179110150142274,-0.3824988925077118,1.4068307876586914,1.3652746677398682,240.08465576171875,0.6347216963768005,1
24815,241.43228149414062,55.27176284790039,41.56692915571807,0.19035262101805897,-1.952564431758368,-1.9203017782407934,-100.0,-100.0,-100.0,1.0105829238891602,6
6223,241.6736297607422,54.91323471069336,32.26389624222855,0.19007385769592347,-1.6213907074754217,-1.111130090343537,4.5398850440979,1.24680757522583,114.23652648925781,0.25659266114234924,1
6121,242.34007263183594,55.43265151977539,24.456160607971313,0.18995800472174376,-1.2012239188058202,-0.6357013021472192,1.311362624168396,1.1900808811187744,263.7922058105469,0.2686872184276581,1
32232,242.9988555908203,55.0850830078125,14.539534799656906,0.18989978762563073,-0.9850705680261773,-0.26152486276345227,0.9913985729217529,0.9494400024414062,212.3509521484375,1.6693496704101562,2
27122,242.0009002685547,54.75196838378906,26.775061701302114,0.18987108897106425,-1.4278044893477486,-0.6671996356325852,-100.0,-100.0,-100.0,1.1443325281143188,6
1369,242.1562042236328,55.534690856933594,32.55858309343894,0.18985172181424365,-1.6147211782477717,-1.133479756885681,3.366152048110962,2.246821403503418,327.3341369628906,0.11781157553195953,1
24897,243.60467529296875,55.354026794433594,39.56507565121243,0.189772111175066,-1.8888547624453822,-1.6866308446126885,-100.0,-100.0,-100.0,1.0147908926010132,6
7806,242.85780334472656,55.100765228271484,10.025055142502278,0.1897611505210684,-0.769838270199901,-0.17417468760776544,2.6526687145233154,0.5445824861526489,103.72123718261719,0.28241467475891113,1
10130,242.95912170410156,55.87167739868164,51.02669289372996,0.18951261242469905,-3.4250636883105656,-3.579628391287332,3.870227813720703,0.8003692626953125,281.8366394042969,0.32887333631515503,1
29950,242.6167755126953,55.03446578979492,1.5157284785709881,0.18939705958403932,-0.7932662015614418,-0.08239670854258475,2.1234710216522217,1.6743050813674927,114.86420440673828,1.457617998123169,2
11579,242.83689880371094,54.85264587402344,14.716251832717745,0.18929124195976235,-0.8832149238676469,-0.2752812572876747,2.286316156387329,0.5414892435073853,122.53266143798828,0.40857669711112976,1
35943,242.283447265625,55.34695053100586,20.579240242451835,0.1891807878822208,-1.192089968636809,-0.45215397086110565,1.4694744348526,1.1028927564620972,203.29522705078125,1.9669067859649658,2
32330,242.7906036376953,55.397804260253906,22.142267607385293,0.1890266373866488,-1.232761529118151,-0.5207914786815795,1.143526315689087,0.6454954147338867,187.2759552001953,1.6059647798538208,2
39348,241.0380401611328,54.54657745361328,61.267923674189426,0.1888337029305575,-5.135924345402805,-6.876448815222072,-100.0,-100.0,-100.0,3.087857961654663,6
4755,241.58657836914062,54.50421905517578,47.438410110178374,0.18882808815205168,-2.9455815542192547,-2.8745154804875312,1.3986583948135376,1.3545238971710205,201.11117553710938,0.20194083452224731,1
11375,242.76414489746094,54.99835205078125,7.005308609770797,0.18879233488181035,-0.7401377593825775,-0.12970055319719767,1.652569055557251,1.39397394657135,329.5812683105469,0.39272236824035645,1
4496,241.9214630126953,55.44419479370117,32.72411063143653,0.18869796291667704,-1.6429961916836318,-1.1460830601185705,1.6356428861618042,1.303565502166748,199.8168487548828,0.1899431347846985,1
11782,241.9773712158203,54.61075973510742,33.54225297732509,0.18864059959171067,-1.727274060838494,-1.209588523113434,2.238246440887451,0.8289436101913452,154.8154754638672,0.38208988308906555,1
38238,242.9381866455078,55.174861907958984,14.420844216968764,0.18853763404084486,-1.0250158055433851,-0.25275439421876655,0.6239275336265564,0.6170156598091125,325.8461608886719,2.4928150177001953,3
21895,242.33807373046875,54.84874725341797,14.621661989902957,0.1884303681762427,-0.9261019897865884,-0.27021183012488387,3.895364761352539,0.9489489793777466,92.2623291015625,0.8226286172866821,1
9742,242.19784545898438,54.952919006347656,14.36802113232388,0.18832207193387385,-0.8669689306877097,-0.2662116092346174,1.4456255435943604,1.4406352043151855,341.9375305175781,0.3343062102794647,1
1245,242.8924560546875,55.202754974365234,14.139672613850635,0.18825346653816116,-0.8217400697716138,-0.2612236688416509,0.9926547408103943,0.8007375597953796,13.808526992797852,0.1201946884393692,1
7896,242.4141082763672,55.37107849121094,20.159050103451225,0.1882103961200783,-1.0357142163492523,-0.44960794299851886,2.945263385772705,1.0892304182052612,179.49728393554688,0.2843884527683258,1
34762,244.23348999023438,55.25452423095703,58.00107872699876,0.18820689154614217,-4.377977527347494,-5.486700367260135,-100.0,-100.0,-100.0,1.9993219375610352,6
30008,242.9933319091797,55.286842346191406,20.10590306946887,0.18796444605791693,-1.1417377530992254,-0.4398519156769054,1.718713641166687,0.903329074382782,258.4477844238281,1.4388103485107422,2
9706,242.71363830566406,54.98861312866211,5.832909190510051,0.18786404716997226,-0.7208060487496918,-0.1172446972204737,5.488234519958496,1.3599690198898315,146.8001708984375,0.3543406128883362,1
17613,242.70111083984375,55.392330169677734,21.022829995667273,0.18781295265415168,-1.1047581225395795,-0.48107813434567537,2.308250665664673,0.7648559808731079,205.47445678710938,0.5872469544410706,1
13179,242.9192657470703,55.137901306152344,12.803445676242392,0.1877643352959906,-0.8439873174385198,-0.2283736802200928,1.5408357381820679,1.432832956314087,291.37939453125,0.44838669896125793,1
29005,242.0449676513672,55.16079330444336,19.57024100529341,0.18774316430501478,-1.1217785280020203,-0.41944794482329917,1.5105270147323608,1.2456638813018799,120.3026123046875,1.3815449476242065,1
30476,241.4033660888672,54.52689743041992,51.36825969184292,0.18735996460049456,-3.5793517985501415,-3.651419298347162,1.314911127090454,1.0191679000854492,214.76417541503906,1.387481451034546,2
15131,242.69302368164062,54.510643005371094,32.522178258898926,0.18731335611356603,-1.1895614967747348,-1.0410409548032877,-100.0,-100.0,-100.0,0.5438236594200134,6
407,242.3854522705078,54.77560806274414,17.716212986548513,0.1872494509965232,-0.9101261585361453,-0.36335526254760764,1.8783305883407593,1.2787035703659058,248.0471649169922,0.06520335376262665,1
6017,242.56558227539062,54.88071060180664,10.096957431549242,0.1872049165121059,-0.7631949699240009,-0.17546625925506973,0.9517284035682678,0.6489616632461548,184.05267333984375,0.24695776402950287,1
24556,242.59530639648438,54.96708297729492,4.928236134587377,0.18717105239306048,-0.7789117939374661,-0.10522884908093341,1.465317964553833,1.3199498653411865,251.55703735351562,0.9349645972251892,1
37226,242.9280242919922,54.55856704711914,31.773915755461232,0.18704786910303436,-1.7535378200637377,-1.061933648485137,0.9335325360298157,0.862006664276123,289.63934326171875,2.204169511795044,2
409,242.95846557617188,54.778629302978516,20.80142035092487,0.18696685979865796,-1.0150768528700183,-0.47403928759750286,1.3708199262619019,0.8877241611480713,297.10601806640625,0.04507908970117569,1
37170,242.78189086914062,54.77628707885742,17.764405179659335,0.1869221576699616,-1.1098525936504604,-0.35157965261959023,1.321876883506775,1.2449957132339478,142.26385498046875,2.1014537811279297,2
21055,243.33233642578125,54.43859100341797,44.92734138626722,0.18652919238307392,-2.7372568497370517,-2.4658842510067944,4.783199787139893,1.1156253814697266,24.115076065063477,0.7441826462745667,1
16544,243.07061767578125,54.352027893066406,45.127072645188186,0.1864731761567636,-2.7297994486342594,-2.4077951712353354,-100.0,-100.0,-100.0,0.6101739406585693,4
10198,243.7340087890625,55.95453643798828,67.00695671304159,0.18639391431687924,-6.766160343247686,-10.725076293160843,8.151168823242188,2.266157865524292,326.76806640625,0.3730015456676483,1
13400,243.4656524658203,55.24788284301758,32.617508025833025,0.1863651638233024,-1.6719640673151095,-1.1369159876206105,3.169576406478882,0.9933562278747559,254.082275390625,0.4550735056400299,1
28449,243.5533905029297,54.863216400146484,35.32055953697531,0.1863015149008267,-2.1514140152318935,-1.2686802566724218,-100.0,-100.0,-100.0,1.386297345161438,6
35802,242.508056640625,54.864845275878906,11.314157431861734,0.18614397238558128,-0.9366722999693176,-0.18545273601552767,1.3914018869400024,0.8680689334869385,88.02452087402344,1.951270580291748,2
26542,242.3558349609375,55.501312255859375,28.216446240275527,0.1860001423370814,-1.4709248138714666,-0.8353519188916532,1.600893497467041,1.3194936513900757,150.4853973388672,1.0478922128677368,1
28151,241.655517578125,54.802642822265625,35.14302636617113,0.185984737018462,-1.9184290469417087,-1.3376220961916372,2.3143348693847656,2.078981637954712,132.15548706054688,1.212714672088623,1
18673,242.33204650878906,55.18862533569336,11.960412645803578,0.1859715544490412,-0.849378072851461,-0.20876215232070428,1.1215064525604248,0.976136326789856,88.4309310913086,0.6277261972427368,1
13388,242.69235229492188,54.52741622924805,31.52030068698262,0.1859000371741833,-1.6029999914693234,-1.0559489943550577,1.3749219179153442,1.372032880783081,261.4632873535156,0.47109949588775635,1
464,243.071533203125,55.5466423034668,34.25958191702636,0.18561544627866383,-1.7170827279288203,-1.2676105574262369,7.239883899688721,2.11256742477417,224.16461181640625,0.04508650675415993,1
22923,242.58871459960938,54.76418685913086,17.07778115985974,0.18558272191655123,-0.9976118292321587,-0.3394914469011243,2.6038694381713867,2.1265957355499268,11.050529479980469,0.8701901435852051,1
38136,243.11837768554688,55.17841339111328,20.032005510998058,0.18555029754876115,-1.1958763832425212,-0.43012179871525574,3.4142251014709473,1.7238942384719849,61.41408920288086,2.303401231765747,2
2941,241.52359008789062,55.32975769042969,39.93210107200464,0.18553161991272726,-2.176924494027154,-1.8175952308690717,2.836740493774414,2.34844708442688,31.182031631469727,0.1634303778409958,1
6381,241.90638732910156,54.422950744628906,44.216998536817805,0.18546468404861793,-2.598529798453009,-2.3632899564527663,5.272145748138428,5.144482135772705,158.1802978515625,0.23935948312282562,1
21982,243.4398193359375,54.864776611328125,31.598023709396276,0.18539807256913302,-1.646961162723869,-1.059447959103561,2.573850154876709,1.6898120641708374,259.9292297363281,0.8213525414466858,1
35813,242.97276306152344,55.13185119628906,14.36366223472791,0.18517080286480286,-1.0056779908264157,-0.25500792556733776,2.4450128078460693,1.5302343368530273,183.26722717285156,1.9847153425216675,2
11517,242.22415161132812,55.303165435791016,19.54474619253826,0.18512234235904212,-1.0279676704600105,-0.42616036077182984,1.572921872138977,1.5287127494812012,64.2974853515625,0.37859851121902466,1
13545,242.234130859375,56.00864028930664,58.78013982343598,0.1851192623384072,-4.71708663522232,-5.874773795280738,4.561107635498047,1.6849322319030762,89.2607421875,0.46359312534332275,1
13220,242.47084045410156,55.257537841796875,13.07712178620894,0.1850294351325307,-0.8498767303211021,-0.23444785732224932,1.7200753688812256,1.3411574363708496,111.37218475341797,0.47327497601509094,1
39355,242.49151611328125,55.332244873046875,17.278656111234305,0.18495398299092433,-0.990107984348252,-0.26061234767578834,-100.0,-100.0,-100.0,3.043855667114258,6
18969,242.91213989257812,54.5915641784668,29.732595339645222,0.1849486516677536,-1.279554000484055,-0.8452920432412871,-100.0,-100.0,-100.0,0.7235190272331238,6
26508,242.43597412109375,55.505977630615234,27.872826820890698,0.18493466055003127,-1.453080241643153,-0.815180150469498,1.3841795921325684,1.1319023370742798,338.6917724609375,1.0966029167175293,1
8466,241.96510314941406,55.9432373046875,57.59813295684591,0.18487915614811984,-4.294791993587658,-5.340226572706959,-100.0,-100.0,-100.0,0.36019062995910645,6
30802,242.54881286621094,55.05365753173828,1.1259159752911923,0.18482858866257615,-0.840084923553745,-0.0010916154508078552,-100.0,-100.0,-100.0,1.6874887943267822,6
31005,243.4505157470703,55.4727783203125,39.14223747348844,0.1848125386184103,-2.279585637846785,-1.6405299450630753,-100.0,-100.0,-100.0,1.6127256155014038,6
9931,243.25054931640625,55.40271759033203,31.254164599885378,0.18475098445597213,-1.5733730665875396,-1.0376362938879873,2.1857569217681885,1.347784399986267,333.8036193847656,0.3313918709754944,1
37366,243.5415802001953,54.79269790649414,36.53034576184311,0.18454278152660306,-1.7050060345506943,-1.378316272683188,-100.0,-100.0,-100.0,2.4634015560150146,4
20006,241.74403381347656,55.30961227416992,32.650756252513,0.1843097454198822,-1.7026010743833093,-1.1376851421019782,1.8151417970657349,1.4321209192276,10.926761627197266,0.6767052412033081,1
37284,241.5985870361328,55.4506950378418,41.340900974131316,0.1842273819658079,-2.4858681518568777,-1.9710392405905366,1.1223070621490479,1.0118030309677124,192.9828338623047,2.2031288146972656,2
14908,242.2889404296875,55.59941482543945,34.50420018583999,0.18417999652971587,-1.8044568387458892,-1.2870814294260913,1.9504914283752441,1.9066914319992065,359.4594421386719,0.5084514617919922,1
1384,241.5954132080078,55.17900848388672,34.69415885474929,0.18416391155090278,-1.7581358092332269,-1.3046130249183436,2.7523105144500732,2.716989755630493,192.8389892578125,0.11827263236045837,1
7876,242.58258056640625,54.7520751953125,17.802250283679466,0.18413730240337214,-0.9569092662932859,-0.3664762264339347,2.262042760848999,1.9421576261520386,44.255760192871094,0.3123405873775482,1
32496,243.22732543945312,54.590553283691406,35.439107467949924,0.18378715744115195,-1.968329030918787,-1.3609447573647637,1.2549854516983032,0.9042369723320007,314.3573913574219,1.521109700202942,2
152,243.59034729003906,53.822025299072266,81.60527077304059,0.18375142981219422,-16.357347351340838,-56.717762694596225,22.03135871887207,6.919952392578125,29.09308433532715,0.027654476463794708,1
13542,244.04071044921875,54.63163375854492,56.319714894537526,0.18374476238325954,-4.259103149937841,-4.995738377655126,2.28902006149292,1.6902755498886108,13.317489624023438,0.44441527128219604,1
13627,243.27017211914062,54.5318603515625,39.13089811961671,0.18373330020453632,-1.9581889183880365,-1.6393414284692456,-100.0,-100.0,-100.0,0.48872506618499756,6
11544,242.9214324951172,55.30325698852539,19.2259653952062,0.18373239875908878,-1.0164377308213994,-0.4143351704390636,1.8827487230300903,0.4290211498737335,334.6082763671875,0.40084850788116455,1
15176,244.79417419433594,55.01538848876953,76.14685771305516,0.18366368140432696,-10.950910188087832,-25.937889253931456,-100.0,-100.0,-100.0,0.5329985618591309,6
11850,243.7085418701172,54.75712966918945,42.669400758728095,0.18356306096217193,-2.4664295625479147,-2.150263234358664,3.2435829639434814,2.957848310470581,284.0868835449219,0.37599799036979675,1
26779,241.07357788085938,56.21589279174805,86.64783224536193,0.1835453480659819,-29.590137838486132,-180.04998432035927,-100.0,-100.0,-100.0,1.2994353771209717,6
23160,243.07598876953125,55.54875183105469,34.44431143229602,0.18336732593163907,-2.252348593780011,-1.1937291800693772,-100.0,-100.0,-100.0,0.8938650488853455,6
32191,242.70895385742188,54.88663101196289,10.68829280480258,0.18306726955116007,-0.9005923330811975,-0.1758919071413088,1.7945436239242554,1.3422465324401855,329.3136291503906,1.6749796867370605,2
35969,242.3190460205078,55.39265441894531,22.488696387814155,0.18296262233457566,-1.2671685558499852,-0.5315940851022848,1.449141263961792,1.1434742212295532,193.27981567382812,2.060107946395874,2
30724,241.50875854492188,54.69599914550781,42.62490865073712,0.1828805250639723,-2.496407871795274,-2.0548272700441688,-100.0,-100.0,-100.0,1.5936579704284668,6
30351,242.87400817871094,54.39029312133789,40.79770858982682,0.18280432435248686,-2.3882439001175553,-1.910866378805882,1.7317638397216797,1.3818997144699097,336.9377136230469,1.3917040824890137,2
7888,241.90907287597656,54.959171295166016,23.719880088237236,0.18276391026352973,-1.1764762815206822,-0.6003270702733684,1.5673894882202148,1.5664455890655518,109.07484436035156,0.2859180271625519,1
37291,242.45249938964844,54.33454895019531,43.082731087619244,0.18253771947912162,-2.6524063301229983,-2.1946065049184607,2.5595529079437256,1.4754269123077393,359.3287048339844,2.2543389797210693,2
30815,241.9564971923828,55.3636474609375,28.517628530410903,0.18242140092586728,-1.1118270135415111,-0.7686725521444406,-100.0,-100.0,-100.0,1.6017677783966064,6
3149,244.2310028076172,54.99265670776367,56.872411834660895,0.1823836510229371,-4.311564973720999,-5.1790089976627325,4.57450532913208,1.7840759754180908,357.1522216796875,0.12555037438869476,1
14696,242.3615264892578,55.266998291015625,15.091308500151685,0.18236847245058868,-0.9055732753613458,-0.28466483903096956,1.8410593271255493,1.0472966432571411,193.39723205566406,0.4952813386917114,1
32952,244.3954620361328,55.80598068237305,76.6955457194544,0.18235995300135513,-11.43928443724685,-27.723255377415306,-100.0,-100.0,-100.0,1.820218563079834,6
1850,242.29229736328125,55.696937561035156,40.111207383024855,0.1822692230673491,-2.0967158755193225,-1.7478513265292872,-100.0,-100.0,-100.0,0.17312394082546234,6
35963,242.4149932861328,54.61080551147461,26.893171977270512,0.18207822509249144,-1.4706587330663912,-0.7518492272715187,1.0340485572814941,0.9529091715812683,64.13870239257812,1.9716190099716187,2
32563,243.2587890625,54.49455642700195,40.70556475818703,0.18202857279746623,-2.3940235699427057,-1.8989288705542735,1.1570712327957153,0.8759611248970032,215.69732666015625,1.5256423950195312,2
1595,241.79612731933594,54.348270416259766,50.06011642919188,0.18200698514629332,-3.2543263109098772,-3.3732639695200204,3.4723398685455322,3.129940986633301,40.638771057128906,0.10843491554260254,1
18703,242.0471649169922,55.02226638793945,18.405126275422823,0.1819494082808032,-1.0198909133924012,-0.38452925025608575,0.824938952922821,0.6459767818450928,268.080322265625,0.6349467039108276,1
20005,241.54428100585938,54.8571891784668,37.50549682656315,0.18189993287986475,-2.05111533479965,-1.5597985963937033,4.176945686340332,0.8907590508460999,170.07257080078125,0.6997169852256775,1
23791,242.14366149902344,54.79886245727539,21.25211290367522,0.18188415075599165,-1.144737590509772,-0.4887036520397021,2.207153558731079,2.09521222114563,270.83428955078125,0.8957870602607727,1
11366,242.29698181152344,55.038509368896484,9.764049612794116,0.1818210415099473,-0.7786549541685733,-0.16895579407006034,1.1116304397583008,1.0660258531570435,254.5021514892578,0.3844332695007324,1
10140,241.1390838623047,54.77595138549805,52.33672958340883,0.1815116446816897,-3.6102700587523047,-3.8820664277612487,2.811291217803955,2.1499555110931396,184.39024353027344,0.3448849022388458,1
29933,242.58294677734375,54.81047058105469,14.298634899140204,0.18144192955196803,-0.9659735332410954,-0.2569386076774929,1.7538107633590698,0.8806207776069641,300.879150390625,1.3326361179351807,2
4386,242.25454711914062,54.754581451416016,20.928150984699528,0.1813014888601686,-1.0485681112496552,-0.4798228286245592,2.0203373432159424,1.7265952825546265,82.74344635009766,0.2133627086877823,1
28579,244.39813232421875,55.11594772338867,62.554699807342274,0.18113556526684305,-5.550569498084648,-7.544302407185172,-100.0,-100.0,-100.0,1.310178279876709,6
396,243.1892547607422,55.068199157714844,20.953793812129085,0.18113282436679426,-1.0204543950287859,-0.4800095276914343,4.815707206726074,1.1299761533737183,312.0395202636719,0.06557242572307587,1
21977,243.27796936035156,54.8798828125,26.075867843458433,0.1809400662041833,-1.34308762483883,-0.7151272540530049,2.8044252395629883,1.5247251987457275,10.042877197265625,0.7991330027580261,1
6124,243.29843139648438,54.76959228515625,29.898118417823476,0.18089449072276412,-1.4781734536313897,-0.9453674037663362,1.9212117195129395,1.7840722799301147,46.16893005371094,0.26753881573677063,1
38905,244.0738067626953,54.74880599975586,54.57488455663936,0.18073763956634392,-4.152537478161386,-4.377181194945635,-100.0,-100.0,-100.0,2.708261489868164,6
36386,243.22174072265625,56.0395622253418,63.307084934704406,0.18073348496305008,-5.858297748773301,-7.973958460314879,-100.0,-100.0,-100.0,2.1514244079589844,6
30197,242.17886352539062,54.524085998535156,34.4108428497813,0.18062649876379996,-1.8817944112076825,-1.2738421708350054,1.2144136428833008,1.181273341178894,207.06198120117188,1.4871305227279663,2
2620,242.10560607910156,54.83955764770508,20.624286348766706,0.18061844569365873,-1.028916857862515,-0.4679665625828593,3.261129379272461,1.3947097063064575,266.6454772949219,0.16607773303985596,1
8272,242.2519073486328,55.79883575439453,46.372912102767,0.1804684877702342,-2.838075933520492,-2.6938192520482747,2.2701375484466553,2.097998857498169,92.27743530273438,0.2895148992538452,1
6454,241.24838256835938,55.29462432861328,47.969280542092484,0.18045965298188285,-3.0165935258917758,-2.9686922534682214,3.028231382369995,0.9508967399597168,42.49992370605469,0.22789959609508514,1
11463,242.36065673828125,55.0903434753418,7.951969065456222,0.18044800206269818,-0.7513574473831806,-0.14144262530417223,2.5802366733551025,1.2038785219192505,210.56405639648438,0.37989357113838196,1
38370,242.99465942382812,55.378875732421875,24.358043358028397,0.18031498786312217,-1.0754562417074724,-0.5415822470048606,-100.0,-100.0,-100.0,2.627764940261841,6
35903,242.83604431152344,54.721214294433594,21.54272207181985,0.18024445728538666,-1.2324819159502376,-0.49268850830811894,1.5201764106750488,0.9101435542106628,163.47116088867188,2.0106453895568848,2
26463,242.90066528320312,54.81974792480469,17.62608986853748,0.1801562459808343,-1.027434074621844,-0.3555178733734347,0.9325270652770996,0.9077208042144775,149.58375549316406,1.0640207529067993,1
15149,242.73049926757812,55.592838287353516,33.04317313685072,0.18010399940104468,-1.2611141450731982,-1.0808733859041142,-100.0,-100.0,-100.0,0.5290142297744751,6
2680,242.0021209716797,55.32533264160156,25.84106861448437,0.17997352632839012,-1.2489342318757966,-0.7062718219914498,2.050309181213379,1.0935375690460205,204.66421508789062,0.1509854942560196,1
28377,243.33648681640625,55.0265998840332,26.028374812143692,0.17989928610498532,-1.3797814358013547,-0.626559368423811,-100.0,-100.0,-100.0,1.3001830577850342,6
14800,242.04237365722656,55.29970932006836,23.80329532729311,0.17988713742286205,-1.206317595427007,-0.6030296125249681,1.6320773363113403,1.328270673751831,23.480186462402344,0.4990119934082031,1
7748,243.00633239746094,55.0687141418457,14.684103471088564,0.17984761444006356,-0.8680418872585342,-0.2747272043309895,3.505811929702759,1.6892518997192383,234.927001953125,0.28735974431037903,1
2676,242.91195678710938,54.69972229003906,23.86623065251503,0.17982471998100288,-1.1586568919872131,-0.6074581932458869,1.3913540840148926,1.124145269393921,213.61070251464844,0.14240776002407074,1
30080,243.1531524658203,54.98537063598633,20.06504890996113,0.17979856186888443,-1.1406933682624067,-0.43854981391482445,2.029280662536621,1.5007613897323608,347.47198486328125,1.304042100906372,2
7922,242.8898162841797,55.23670196533203,15.481844947592421,0.17979059073876882,-0.8887629116184437,-0.2961424869539654,1.980098843574524,1.8572344779968262,177.644287109375,0.321262001991272,1
10045,243.70497131347656,55.30015182495117,41.37781138682011,0.17976371910784658,-2.3370309877578137,-1.986592507040891,2.393566846847534,1.0331140756607056,178.3984832763672,0.35477009415626526,1
22911,242.55039978027344,54.855812072753906,11.624069632050587,0.17956680652085683,-0.862806192958231,-0.2004663287816132,1.7541625499725342,1.7520114183425903,56.51787567138672,0.8691377639770508,1
29900,242.62391662597656,54.92559814453125,7.5407238733283775,0.1794840252831002,-0.8397759726154896,-0.1287024672809206,1.1299482583999634,0.8312930464744568,44.802589416503906,1.30152428150177,2
20946,242.2681884765625,55.378944396972656,22.50967755687677,0.17944160767622253,-1.1805933314747175,-0.5430632897220117,3.1660573482513428,1.00935697555542,147.28863525390625,0.7729962468147278,1
26905,242.36402893066406,53.75873947143555,77.77027219567825,0.17943968857309528,-12.257806755817441,-31.785712599047017,-100.0,-100.0,-100.0,1.2483588457107544,6
647,241.50778198242188,55.95469665527344,65.4447409376798,0.17938803867863118,-6.238988231552409,-9.474601656906874,6.196276664733887,3.2668282985687256,113.64197540283203,0.06446629762649536,1
32086,242.3782958984375,54.98293685913086,7.997797192527124,0.17934674280709056,-0.8596172062321026,-0.1335183402326963,0.9638627767562866,0.8125719428062439,193.473876953125,1.569462776184082,2
21883,242.38290405273438,54.854061126708984,13.521050301857267,0.1793191890159441,-0.8990503546673724,-0.24261148329494064,1.2916362285614014,0.4576781988143921,322.9677429199219,0.7990472316741943,1
3321,243.16603088378906,54.99802780151367,20.369795150502764,0.17930000724684572,-1.0631218128284732,-0.36857958619473247,-100.0,-100.0,-100.0,0.21515250205993652,6
27126,243.20286560058594,54.541744232177734,37.269205991566736,0.17929282628805843,-2.144850924636587,-1.4487327826663658,-100.0,-100.0,-100.0,1.2446407079696655,6
6233,242.69522094726562,55.63037109375,35.11473981328095,0.17917551598733203,-1.813426450002617,-1.3405296176652304,1.7903993129730225,1.0149983167648315,306.52362060546875,0.24066126346588135,1
4476,242.50393676757812,55.54360580444336,29.80453891511856,0.17914400970052435,-1.4652930350032805,-0.939649617051261,2.982301712036133,1.1055874824523926,299.7544860839844,0.20886163413524628,1
26609,243.6494903564453,54.51667022705078,48.861476132730665,0.17894841044890208,-3.2148878926995588,-3.131658274773863,4.512277603149414,2.965121030807495,254.6607666015625,1.0166707038879395,1
3227,241.80792236328125,54.08031463623047,64.02017494068294,0.17892075440361957,-5.86705524753349,-8.502633839757317,1.4527698755264282,1.4466793537139893,120.62730407714844,0.17194759845733643,1
32770,242.17086791992188,55.25421142578125,18.684502754388642,0.17875036681262252,-0.7296365313668322,-0.3070624620022931,-100.0,-100.0,-100.0,1.8976497650146484,4
4891,240.6271514892578,55.558345794677734,73.38110111163216,0.17874676021512875,-9.345604548938063,-19.161513219962902,2.9606449604034424,2.5433802604675293,137.1416473388672,0.19764761626720428,1
21182,243.24359130859375,54.902408599853516,24.466196443148615,0.17857953476697158,-1.0909086021124088,-0.5468526709821251,-100.0,-100.0,-100.0,0.8066446185112,6
17728,243.85948181152344,54.81682586669922,46.23474693025749,0.17842854501520045,-2.8623414809758385,-2.670249710578495,1.5324139595031738,1.0921392440795898,164.45263671875,0.6090834736824036,1
28393,240.6623992919922,54.388004302978516,77.39277316109404,0.17808626654296372,-11.917129784454492,-30.264443564239624,-100.0,-100.0,-100.0,1.3945839405059814,6
39257,243.48013305664062,54.709835052490234,37.12123085516561,0.1780309145187021,-2.157357166736605,-1.5090323365587794,1.691446304321289,1.3639456033706665,66.72623443603516,2.8788821697235107,2
1714,244.25450134277344,55.449092864990234,62.086034067956106,0.17799881626866645,-5.374788401795794,-7.382954179381761,3.6095902919769287,2.049509286880493,4.37230110168457,0.11609499901533127,1
14879,241.80276489257812,55.130592346191406,27.15093114508884,0.17799773611913178,-1.3637784193874005,-0.7763420139642452,3.197953224182129,1.41256582736969,352.91064453125,0.4935785233974457,1
28141,241.7622528076172,55.29530715942383,31.69926618627183,0.177881221929626,-1.6878934220606108,-1.0638569194186978,3.526766061782837,0.7056137919425964,138.87509155273438,1.1672195196151733,1
19941,242.57498168945312,55.51373291015625,27.897989623697818,0.17786870861936863,-1.4243345398613716,-0.8179538435913618,2.085657835006714,0.7728054523468018,250.61573791503906,0.6863252520561218,1
24557,242.63253784179688,55.1260871887207,4.971615005424673,0.1778078052766123,-0.7768336014950372,-0.1044918153039126,1.8212896585464478,1.8047630786895752,79.78382873535156,0.9624172449111938,1
34508,241.5012969970703,55.2744255065918,39.388092035360735,0.17778593284195693,-2.2887273962788477,-1.7469035737424774,2.6514546871185303,1.5252307653427124,62.684295654296875,1.7116144895553589,2
26382,242.81578063964844,54.95268249511719,9.94155665309777,0.17770793226481704,-0.8454536466203458,-0.16803200369152438,1.914318561553955,1.611246109008789,262.9049072265625,0.9829866886138916,1
9873,243.31329345703125,55.3057861328125,29.466083415523762,0.17761867757947306,-1.4681701393884068,-0.9168325165400436,4.580653190612793,1.0529581308364868,20.17836570739746,0.3577658236026764,1
4413,242.49244689941406,54.71419906616211,20.303133665985687,0.17757515168743304,-1.025270169479306,-0.4553139776390941,1.0600296258926392,1.0479174852371216,6.894865036010742,0.2177179902791977,1
11554,242.37440490722656,54.817630767822266,15.58165826429023,0.17732680526701625,-0.905424739688527,-0.2984380136699864,1.8969646692276,0.9245215654373169,125.03746032714844,0.4021114706993103,1
8169,241.88084411621094,54.493690490722656,41.176359214505496,0.17723222314933923,-2.311036933871352,-1.9621110864057567,1.3892945051193237,0.9354459047317505,140.09344482421875,0.324007123708725,1
34810,243.74649047851562,53.9937629699707,75.20319770779464,0.17722151695562235,-10.177014888055474,-23.23859579773783,-100.0,-100.0,-100.0,1.9646941423416138,6
2732,241.8407745361328,55.38071823120117,32.213312358426776,0.17708700478097142,-1.6017427064608822,-1.1075739928741362,1.8718072175979614,0.8476048707962036,320.0235900878906,0.14884933829307556,1
26478,241.7361297607422,55.12984848022461,29.397032653871282,0.17694799152597618,-1.5357352261152422,-0.9086261714360067,1.615167498588562,1.612586498260498,313.209228515625,1.0755213499069214,1
28631,242.03338623046875,53.96664810180664,67.6661278088884,0.17688541504632918,-6.680484633454715,-11.228537355372241,-100.0,-100.0,-100.0,1.3252522945404053,6
37149,242.66929626464844,55.43083572387695,23.124162310177756,0.17684371488549783,-1.306700736163958,-0.5598380236430056,4.296902656555176,4.296864986419678,343.4395751953125,2.1290037631988525,2
4799,242.741943359375,55.94596481323242,54.110345063535,0.17683544341043897,-3.8559204045021516,-4.338766960409076,3.2635912895202637,2.687314748764038,191.0379180908203,0.21461597084999084,1
34517,242.8286895751953,54.34781265258789,42.9295213936721,0.17663334093697936,-2.615572279412963,-2.1767087177517825,3.1944000720977783,1.855285406112671,328.5045166015625,1.795552134513855,2
22884,242.47091674804688,55.367897033691406,19.510917161030214,0.17661965894627077,-1.077600461705808,-0.42226762900665943,1.7991547584533691,1.7400342226028442,178.90960693359375,0.8704526424407959,1
18801,243.51295471191406,54.882144927978516,33.63936889522695,0.17651261402555687,-1.7631874803567031,-1.2155104577964166,2.4330058097839355,0.7905408143997192,244.271484375,0.641649067401886,1
4190,242.8394775390625,55.08195877075195,9.119975644902157,0.1764872239829878,-0.7395997550545281,-0.15962147275772173,1.5430335998535156,1.4493677616119385,140.6962432861328,0.2169654816389084,1
3065,241.94342041015625,54.2724494934082,51.55937563584008,0.17642471494563344,-3.4678706178713163,-3.6998989020147817,2.3646042346954346,2.364140510559082,79.40626525878906,0.15351073443889618,1
18820,242.93972778320312,54.461631774902344,37.360461329711164,0.17641842306819205,-2.033632209654489,-1.5456029093074688,3.5738792419433594,1.864859700202942,230.64962768554688,0.626049816608429,1
16250,242.3285675048828,55.04218673706055,8.667398631940628,0.17634460000833088,-0.7804920594892739,-0.15085383362617788,1.3070225715637207,1.2054661512374878,207.37046813964844,0.5678390264511108,1
8052,243.01873779296875,55.531497955322266,32.605127498236115,0.17631133852469044,-1.650594441615308,-1.1364996523789919,1.5600802898406982,1.3139780759811401,94.95346069335938,0.30144137144088745,1
1607,242.03289794921875,54.221580505371094,53.1490370912442,0.17630639565815767,-3.6891168954685982,-4.0838701907090496,4.226352214813232,1.470586895942688,193.7753143310547,0.09012144804000854,1
8228,243.5804443359375,55.4963264465332,43.466319134594436,0.17628330939277903,-2.528936016145197,-2.2570532707052298,3.0317254066467285,1.9623892307281494,54.401123046875,0.3067004978656769,1
23795,242.0951690673828,55.2295036315918,19.863422464631352,0.1761547685304707,-1.0935182731398758,-0.4345141061971651,3.2169370651245117,1.5188708305358887,40.966129302978516,0.8927011489868164,1
11805,243.601806640625,55.32819747924805,38.793636322742685,0.17614229580935148,-2.1183953809358913,-1.692541491072526,1.3523834943771362,1.2638531923294067,345.5098876953125,0.38899144530296326,1
4559,241.5308837890625,54.88570022583008,37.450034053970086,0.176077888176707,-1.9797414759673997,-1.5560212916270921,1.088491439819336,0.8064348697662354,125.0377197265625,0.19563977420330048,1
34362,241.7916259765625,55.01157760620117,27.217926788224677,0.17599681287719254,-1.4745311274397623,-0.7709429367626526,1.659867763519287,1.4018590450286865,146.5144500732422,1.8743782043457031,2
39265,242.04522705078125,54.398536682128906,43.19777131927839,0.17587862678053015,-2.6898696470623737,-2.2056355614372207,2.0994150638580322,1.2906756401062012,57.655303955078125,2.7094571590423584,2
23034,242.77200317382812,55.417022705078125,23.04633405938755,0.17587082518417735,-0.9582712833327313,-0.48022568817464656,-100.0,-100.0,-100.0,0.9158743023872375,4
27208,242.79763793945312,55.4093017578125,22.87255445967248,0.17579050614579378,-1.2702584234519139,-0.47242717503960285,-100.0,-100.0,-100.0,1.249718427658081,6
30564,242.53970336914062,55.079742431640625,2.3262402205323234,0.17564859038687916,-0.22154827803256044,-0.0044987123591607526,-100.0,-100.0,-100.0,1.5380313396453857,4
20957,242.36891174316406,55.39364242553711,21.921830081499078,0.17556252436723613,-1.1554076294187106,-0.5170436709556631,7.464550971984863,1.5426206588745117,171.17437744140625,0.7521334886550903,1
26885,243.5256805419922,55.1305046081543,32.82528791807433,0.17550388450711812,-1.9466060601500963,-1.0640574512481218,-100.0,-100.0,-100.0,1.2918007373809814,6
15013,241.7417449951172,54.49269104003906,44.22455886505885,0.17550304640906317,-2.6335127878963918,-2.363095376684399,1.639557123184204,1.5853416919708252,69.1672592163086,0.48375871777534485,1
35775,242.3592987060547,55.005340576171875,8.039608731648231,0.17549806150157102,-0.8829384850179838,-0.13098658943899608,2.269447088241577,1.7930577993392944,100.52833557128906,2.083111047744751,2
14860,241.70367431640625,55.14781188964844,30.68037947577019,0.17548264209142145,-1.558094283540124,-0.9967732382130283,1.761014699935913,1.6080471277236938,298.71258544921875,0.4786551892757416,1
29015,241.90283203125,54.747554779052734,29.550018952351227,0.17537551034177204,-1.575505681309167,-0.9156859585751533,1.6172692775726318,1.5762567520141602,147.09088134765625,1.306107759475708,1
1535,241.9365692138672,54.369239807128906,46.48087863269796,0.1753199412509915,-2.8177019017869585,-2.712063979094952,5.240530967712402,3.4723806381225586,162.1323699951172,0.09315391629934311,1
23823,242.1746826171875,55.38239669799805,24.363633388734424,0.17499559233373232,-1.2724481398793115,-0.6268445790827363,1.186495065689087,1.0052226781845093,31.156282424926758,0.9018717408180237,1
30499,241.0841522216797,55.002479553222656,51.535273762329744,0.17457164990014185,-3.602377802823007,-3.6891129725131733,2.4833080768585205,2.4729115962982178,22.764015197753906,1.336920976638794,2
36119,243.29559326171875,54.344486236572266,48.99530211079075,0.17445085486955259,-3.3019596408755167,-3.151579808113168,4.190042018890381,2.1054279804229736,143.7545623779297,1.998075008392334,2
24889,243.53550720214844,54.993350982666016,33.018495376341285,0.17424349152881047,-1.9326155507639267,-1.0788914852316431,-100.0,-100.0,-100.0,1.0174355506896973,6
4480,243.13018798828125,54.60985565185547,32.47334749858384,0.17415511709124862,-1.6267901921319023,-1.127031063041078,3.4005911350250244,1.881198525428772,268.7605285644531,0.21519771218299866,1
7825,242.81893920898438,54.934043884277344,10.71375687158284,0.17400154769390913,-0.7816841388496447,-0.18637300872738893,1.670167088508606,1.1169476509094238,190.12716674804688,0.3024987578392029,1
8304,241.49656677246094,55.6628532409668,52.19342894011532,0.17397237482596606,-3.581620043985518,-3.847521520210609,1.664811611175537,1.6524765491485596,17.73819923400879,0.2901696562767029,1
14776,242.0352325439453,54.802032470703125,23.92781272327274,0.1739698646610418,-1.2114654407792598,-0.6087267323962573,1.685958743095398,1.6859506368637085,318.50250244140625,0.5062186121940613,1
30156,243.36660766601562,55.172115325927734,27.977279882994615,0.1739639282873678,-1.4892143540925975,-0.8182465263602331,1.3738138675689697,0.8743336200714111,276.24530029296875,1.454993724822998,2
35815,242.65223693847656,54.75847244262695,17.593455895572816,0.17375210382071674,-1.0933332205685555,-0.34702089995531726,1.6774721145629883,1.029789686203003,305.0891418457031,1.9904232025146484,2
30653,242.45143127441406,55.388877868652344,20.878337518137403,0.1737402336479785,-0.8654286488575068,-0.3884644135759435,-100.0,-100.0,-100.0,1.6319048404693604,5
36118,242.49375915527344,55.83107376098633,47.03044237912838,0.1734943408497918,-3.0618247739104105,-2.793616034194602,2.4763596057891846,2.397195339202881,265.1623229980469,1.9171429872512817,2
6210,241.62940979003906,55.313934326171875,36.25772695340782,0.17337902499442914,-1.897321235504017,-1.4427465036612235,3.989136219024658,2.115645170211792,67.01539611816406,0.2646394968032837,1
74,242.0067901611328,54.99991226196289,19.94665063468323,0.17336739772066184,-0.9743236436447061,-0.4395380853567273,3.345090389251709,2.0476889610290527,16.758270263671875,0.032015733420848846,1
18776,241.62850952148438,55.12154769897461,32.98086435437034,0.17332865256322097,-1.7198988708059257,-1.1638924385208855,1.784334659576416,1.628199815750122,182.52015686035156,0.6720612049102783,1
1193,242.370361328125,55.04258728027344,7.2311971313829,0.17327845113083606,-0.6955957446534795,-0.13310033227631385,1.089146614074707,0.9902122020721436,232.8245849609375,0.1138286292552948,1
1426,242.67141723632812,55.70117950439453,39.2668286712562,0.1732136895694904,-2.1104323210397187,-1.7437697404203787,4.114527225494385,2.9946765899658203,177.74351501464844,0.09171024709939957,1
18999,242.5602569580078,54.61701965332031,25.91482093958388,0.17300814198176276,-1.2991075437649682,-0.6205329411574052,-100.0,-100.0,-100.0,0.6847363114356995,6
6104,242.66127014160156,55.44904327392578,24.174551340888158,0.17300143054051234,-1.1887542505144895,-0.6221115458847172,2.255208969116211,1.250986933708191,147.13027954101562,0.25398996472358704,1
30935,241.292236328125,55.656375885009766,57.09472116001605,0.1728591769318149,-4.9873136972574175,-5.163683309054538,-100.0,-100.0,-100.0,1.5384551286697388,6
36035,241.55996704101562,55.36763381958008,39.83146688865665,0.1727920803062255,-2.3397655596241806,-1.7954984287932025,2.834151268005371,1.8126848936080933,357.9649658203125,2.0315122604370117,2
17709,243.5328369140625,55.54948043823242,44.280484271955636,0.17278718760052234,-2.6522749375031074,-2.3711404579731483,0.9869564771652222,0.9864162802696228,148.5876007080078,0.6187750101089478,1
23804,241.88455200195312,54.951568603515625,24.64859541610926,0.17276468047262167,-1.2859103179893872,-0.6410955178019629,2.1286118030548096,1.0924755334854126,40.52976608276367,0.9106619358062744,1
9639,242.5436248779297,54.73948287963867,18.601071613224295,0.1727479327548807,-0.9892935256131993,-0.3929750131733564,1.6820793151855469,0.8916089534759521,79.50436401367188,0.3384436070919037,1
19954,243.1527862548828,55.31348419189453,25.233213727671455,0.1726884234267877,-1.292887976455573,-0.6717478805283004,3.943084239959717,0.9592256546020508,300.537353515625,0.7063749432563782,1
13166,242.82568359375,54.85404586791992,14.419270809851781,0.17263029839314104,-0.882204251190219,-0.26733146999702356,1.6629735231399536,0.9211716651916504,171.79759216308594,0.44551676511764526,1
38742,242.8921661376953,55.027103424072266,10.796250387891225,0.17262556531233603,-0.9537237752818857,-0.17039039695837585,1.5743478536605835,0.8061596751213074,278.4444580078125,2.583401918411255,2
21960,242.3778076171875,55.52015686035156,29.118002102604805,0.17262173595936225,-1.5005778470461892,-0.8918530652988932,1.2538243532180786,1.1359105110168457,199.68612670898438,0.7782389521598816,1
34281,243.12698364257812,55.221153259277344,21.40943284675857,0.17245808319687914,-1.2140036953891513,-0.4875957526828373,2.138558864593506,1.2376447916030884,34.67679977416992,1.750760793685913,2
36361,243.2543182373047,56.00564956665039,61.80474533879679,0.17244724550928464,-4.9534628122796,-7.145515446280497,-100.0,-100.0,-100.0,2.1821999549865723,6
2542,242.60916137695312,55.04207229614258,1.0660081772901777,0.172313300471146,-0.6619163811174511,-0.09018797339972578,2.3408594131469727,2.3199753761291504,230.86695861816406,0.1397775411605835,1
4709,242.7808380126953,55.8477668762207,48.42192325699385,0.1720572226837907,-3.064886303041005,-3.0523068478728477,1.4631391763687134,1.4630833864212036,121.65779113769531,0.18721485137939453,1
4576,243.56089782714844,55.346553802490234,38.03277869952174,0.17204898131010957,-2.026153761793127,-1.6142257057871237,2.37622332572937,2.376046895980835,59.851627349853516,0.19595150649547577,1
11815,241.3867645263672,54.984500885009766,41.243120943179726,0.17202806241236984,-2.331644626851598,-1.9699952638855007,1.6375153064727783,1.515604853630066,140.3243408203125,0.41721904277801514,1
11420,242.48204040527344,55.31234359741211,16.16935206096461,0.17159492497195866,-0.9216394330189204,-0.3152148674238565,2.7605457305908203,0.8852592706680298,192.30606079101562,0.3821119964122772,1
22187,243.3039093017578,55.8296012878418,52.92602175329183,0.1714620119666044,-3.5565574550280354,-3.9369149466479767,-100.0,-100.0,-100.0,0.8261384963989258,6
37095,242.56915283203125,55.159324645996094,6.644182143446176,0.1714128164157499,-0.8710129295082905,-0.10992690866425528,0.909976065158844,0.9079424738883972,229.64224243164062,2.1702237129211426,2
34492,243.43756103515625,55.51894760131836,40.66417735558854,0.17139851185367147,-2.400673857482842,-1.8917666604313064,1.4865537881851196,0.9862043857574463,101.94197082519531,1.7518012523651123,2
32713,241.9196014404297,54.58039093017578,36.218442540771406,0.1713575999483264,-1.8472103060027916,-1.3493436871045115,-100.0,-100.0,-100.0,1.762110948562622,4
2641,242.3482208251953,54.783729553222656,17.805498022598186,0.17099398844761407,-0.9325227189984188,-0.366788631535017,2.2272119522094727,2.039907693862915,166.8619842529297,0.16201359033584595,1
2780,241.9837188720703,54.61916732788086,33.00966187841178,0.17097966487914004,-1.6530275098691776,-1.1680468765717422,2.7149930000305176,2.526026487350464,257.1859130859375,0.15094958245754242,1
20003,243.251708984375,54.587223052978516,36.13044232212971,0.17091385805192696,-1.944543551598817,-1.4285746584324364,2.694401979446411,2.182577610015869,172.93115234375,0.6813545823097229,1
30179,243.37838745117188,55.06869888305664,27.446581295493083,0.17081476866886264,-1.4605382330116154,-0.786758390662078,1.4792042970657349,0.8383151888847351,118.81842803955078,1.3331224918365479,2
34151,242.3682403564453,54.822364807128906,15.428791126933794,0.1707638258264282,-1.01976388957296,-0.2836663229145279,0.954655110836029,0.6949193477630615,97.33483123779297,1.7561956644058228,2
4577,243.4244842529297,55.45814895629883,37.899532680162416,0.17069729618972895,-2.0158448825673094,-1.6009440307870952,2.3854100704193115,1.8974125385284424,87.1408920288086,0.18988431990146637,1
34236,243.0221710205078,55.37995529174805,24.969386544219486,0.17062096541590227,-1.3650275322653165,-0.6502519088686962,1.4030297994613647,1.2150477170944214,74.30199432373047,1.8628240823745728,2
23943,241.3605499267578,55.19068908691406,42.713430514041434,0.17049316973151726,-2.078415821358082,-2.066462382214224,-100.0,-100.0,-100.0,0.9733114242553711,6
6165,242.6536407470703,54.54961013793945,30.05680462620144,0.170344847623251,-1.4872551571001686,-0.9558469949991171,2.9405200481414795,0.7901475429534912,265.34368896484375,0.24985206127166748,1
15027,241.7265625,55.68035125732422,47.78906674602801,0.17034430851149046,-3.029742432110971,-2.935360726219159,1.6802934408187866,1.6290721893310547,315.1562194824219,0.49087315797805786,1
11557,242.19210815429688,55.36182403564453,23.01244941180444,0.1702547913119208,-1.159719255695,-0.567047012343074,0.960342526435852,0.919592559337616,258.8265686035156,0.4130832850933075,1
13426,241.4886474609375,55.121978759765625,37.74968575304941,0.17007565876080546,-2.0404019560346427,-1.5850454403591439,1.4809576272964478,0.8123520612716675,267.72222900390625,0.425948828458786,1
36081,243.35476684570312,55.702903747558594,47.29859313699678,0.16988019875250987,-3.0939638608728166,-2.8401607584352533,1.6856106519699097,1.1518831253051758,143.05941772460938,2.0242483615875244,2
26561,242.0233154296875,55.5643196105957,36.31547737400573,0.1698389788950505,-1.9865879354345148,-1.4433958201646706,1.6456087827682495,1.6325017213821411,131.95309448242188,0.9933403730392456,1
2751,243.54917907714844,54.98832702636719,33.519743216386345,0.16975873295994423,-1.6865543365291469,-1.2080964490390145,2.7243690490722656,0.8177893161773682,214.76194763183594,0.13569317758083344,1
28528,242.93528747558594,54.40327835083008,40.63450308357642,0.16962499128783382,-2.0546792923103987,-1.8082185306467762,-100.0,-100.0,-100.0,1.465316653251648,6
5838,242.9296417236328,55.074920654296875,12.101063979262198,0.16958599191653412,-0.8010878035199043,-0.21403984405291754,2.3137266635894775,1.558544397354126,139.2758331298828,0.22770902514457703,1
20976,242.8163299560547,54.67859649658203,23.657300658240565,0.16952232373160173,-1.22649511993871,-0.5940129704963777,1.4086724519729614,1.0968348979949951,143.7772979736328,0.7697574496269226,1
2611,242.74107360839844,54.68331527709961,22.618270898539144,0.16941764150101377,-1.1055762094645076,-0.550348812506432,1.4212236404418945,1.1703717708587646,335.4320068359375,0.15273517370224,1
1385,243.5683135986328,54.969669342041016,34.318834060565685,0.16939547203596692,-1.7314494788293144,-1.2728125372138663,1.6599383354187012,1.5364131927490234,325.5556335449219,0.10609541088342667,1
15217,241.66036987304688,53.97855758666992,71.7641698735012,0.16936987380616927,-8.358826220391228,-16.21545681032152,-100.0,-100.0,-100.0,0.5401711463928223,6
16351,243.08047485351562,55.41102600097656,27.66114408943279,0.16929089129607336,-1.395724606948585,-0.8052048466003097,1.3148651123046875,1.0063811540603638,347.3246154785156,0.5261295437812805,1
9887,242.66549682617188,54.5559196472168,29.717358799143454,0.1689165732048949,-1.4828240102468322,-0.9333407499077878,1.8286799192428589,1.594948172569275,98.47655487060547,0.36537525057792664,1
32866,241.81118774414062,55.583770751953125,41.47490745979178,0.16888370799059363,-2.1954609202963544,-1.908907984949882,-100.0,-100.0,-100.0,1.808369517326355,6
16323,242.0771026611328,55.155704498291016,18.43071806349971,0.16874264184671625,-1.0078946462408618,-0.38542628353781955,1.9180313348770142,0.8107212781906128,324.9378967285156,0.5730776190757751,1
28562,242.95010375976562,54.9282341003418,14.637064777408156,0.16858722906308904,-0.9185454162383794,-0.1847655653015554,-100.0,-100.0,-100.0,1.4305936098098755,6
23068,242.35952758789062,56.033023834228516,59.529068202807366,0.16835638159830404,-4.655128134427057,-6.08856200994206,-100.0,-100.0,-100.0,0.9179118275642395,6
18671,242.6405487060547,55.357975006103516,18.665688673389788,0.1682104997860512,-1.0262096226715076,-0.39245318409708124,1.364914059638977,0.8706057071685791,118.18997192382812,0.6387882828712463,1
6569,242.12869262695312,56.23494338989258,72.79496566368822,0.16820814454462418,-9.053447927743747,-18.04906837404284,7.156309604644775,7.150221347808838,312.75140380859375,0.2490386664867401,1
39255,243.3317108154297,54.63743209838867,35.816207628567106,0.1681826816011671,-2.055633916042476,-1.3857167938409338,1.5782583951950073,1.4248048067092896,74.56592559814453,2.743945598602295,2
3287,243.7781219482422,55.384666442871094,45.679803321892265,0.16812765532480417,-2.48898888371064,-2.493025869980114,-100.0,-100.0,-100.0,0.19732390344142914,6
32484,243.1190185546875,54.49925994873047,37.87457102039239,0.16807756661690684,-2.153025462097467,-1.590194270193844,2.0123043060302734,1.3818329572677612,247.71139526367188,1.6454989910125732,2
11917,242.13185119628906,54.09504699707031,59.31237477406399,0.1679221856013719,-4.81650991197814,-6.089278001117675,1.9294850826263428,1.3691120147705078,0.20616531372070312,0.40992671251296997,1
36259,242.9237518310547,54.39441680908203,41.02429539122855,0.16792103199027558,-2.8563227845988908,-1.8543260427253068,-100.0,-100.0,-100.0,2.15218186378479,6
1537,243.96766662597656,54.91486740112305,48.43256153049359,0.16765178838649925,-3.0471951152436243,-3.053801911677995,3.42169451713562,3.036081314086914,123.80201721191406,0.09820228070020676,1
1555,243.60711669921875,54.50127029418945,48.38870990146124,0.16757517228690644,-3.041917672379241,-3.045657931637912,3.4188058376312256,2.357070207595825,227.8197021484375,0.09376281499862671,1
475,241.67034912109375,54.72076416015625,37.066342214933584,0.1675086981549449,-1.9218774362637692,-1.5182248465617734,5.367054462432861,5.301473617553711,110.33818054199219,0.05049240216612816,1
32182,242.28787231445312,54.889896392822266,13.871129201555208,0.16748140704049885,-0.9659056009175402,-0.2434610225169794,1.8099961280822754,0.9059693217277527,71.51670837402344,1.6119903326034546,2
26237,242.57826232910156,55.08368682861328,2.0959405854514905,0.16742703158529168,-0.7661803915046791,-0.08799339615017585,1.9776320457458496,1.314483404159546,205.61770629882812,0.9933183193206787,1
18698,242.28367614746094,54.818790435791016,17.17756457995904,0.16741410968794213,-0.9792884694193558,-0.34349869754189183,2.6192774772644043,1.9882359504699707,209.56326293945312,0.6306660175323486,1
32905,243.15176391601562,55.92116928100586,55.830625904851416,0.1673152933187178,-4.325154272569139,-4.750218551803859,-100.0,-100.0,-100.0,1.8469842672348022,6
117,243.20391845703125,55.9066047668457,55.664353583610485,0.1673008456421741,-4.0714362807326125,-4.7873649230183455,3.488070487976074,2.154575824737549,340.5668029785156,0.03068295493721962,1
11406,242.9695281982422,54.87672805786133,16.91719586709361,0.16712065960835226,-0.9434785910891463,-0.33781221002636636,0.9577739238739014,0.9562963843345642,47.306358337402344,0.39125046133995056,1
2841,241.5683135986328,55.111602783203125,34.96584587044387,0.16701484651399404,-1.7865160071476955,-1.3278506512347337,3.5717177391052246,3.5580270290374756,47.91069030761719,0.1347207874059677,1
28073,242.1290740966797,55.26646041870117,20.24817855465196,0.16701248690014783,-1.1309945652847364,-0.4461723383527828,0.7562806010246277,0.7517700791358948,26.41688346862793,1.2633438110351562,1
26494,242.5716552734375,55.55039978027344,30.09887433363112,0.16684425973682582,-1.5741508467651983,-0.9536871547982866,1.8446192741394043,1.5101563930511475,156.79945373535156,1.0115360021591187,1
11407,242.15594482421875,55.11088180541992,15.048486139886874,0.16674232371489556,-0.8910768660429489,-0.2837581505999095,0.7818080186843872,0.488524466753006,198.40896606445312,0.4114519953727722,1
32481,242.9791717529297,54.464927673339844,37.65283942058171,0.16659394372574807,-2.1358485196906773,-1.5681737890665024,3.0768139362335205,2.6361615657806396,172.73133850097656,1.6726468801498413,2
26363,242.1593780517578,55.234798431396484,18.25028258522802,0.16656304975921019,-1.047964426406002,-0.3765583018911151,2.1179299354553223,2.109998941421509,175.1007843017578,1.0725659132003784,1
4137,243.0381622314453,55.02220153808594,15.818801125341935,0.1664542200801278,-0.8828009078877236,-0.30613798525245783,2.4039885997772217,0.8386683464050293,287.0706787109375,0.21968452632427216,1
2685,242.4582977294922,54.5562858581543,29.84985890183144,0.16640632052095647,-1.4591024858385928,-0.9424953178968892,1.8380292654037476,1.8096730709075928,329.76605224609375,0.15325912833213806,1
3006,241.19496154785156,54.94765090942383,48.066586743777236,0.16625123483198342,-3.0118667070412033,-2.986497181291251,2.0108566284179688,0.6675981283187866,339.7210388183594,0.1697852462530136,1
4178,242.1158447265625,55.1145133972168,16.43663251133224,0.16579482316298438,-0.9006171985079182,-0.324269289086012,3.1426846981048584,0.8793380856513977,114.61821746826172,0.18329311907291412,1
4335,242.4891357421875,55.411190032958984,21.968088268823664,0.1656965455842528,-1.088605196367079,-0.5225511341725337,2.193728446960449,2.1937272548675537,224.21755981445312,0.21564094722270966,1
26415,242.80648803710938,55.418121337890625,23.471407080416586,0.16566783963150242,-1.2422323550484655,-0.5837472390776964,2.3982014656066895,0.8623497486114502,103.31294250488281,0.9871521592140198,1
27154,242.4390411376953,54.9423942565918,8.026716537485173,0.16566745018894524,-1.0690586314099666,-0.0543955903785256,-100.0,-100.0,-100.0,1.229556679725647,6
13640,243.4739227294922,55.5164909362793,41.46877306183035,0.1655475373169312,-2.3274749523214617,-1.9082056911943839,-100.0,-100.0,-100.0,0.49796923995018005,6
30566,242.16812133789062,55.73373794555664,43.433123672068795,0.1654852355546247,-2.040770616657189,-2.163182228807032,-100.0,-100.0,-100.0,1.637426495552063,4
569,241.09190368652344,55.27341079711914,52.77060418758708,0.165377771171371,-3.6218516518556605,-3.9877900524185823,8.059728622436523,4.333114147186279,183.6692657470703,0.04258343577384949,1
8442,242.1285400390625,55.702518463134766,42.14131189117103,0.1653544186800679,-2.275498077384872,-1.992254345262378,-100.0,-100.0,-100.0,0.36317482590675354,6
26370,242.05043029785156,55.132652282714844,18.881869498943868,0.16535237229668123,-1.0684216333681482,-0.3981563358771259,1.277186393737793,1.1840728521347046,294.4468078613281,1.008844256401062,1
3024,241.2288360595703,54.82400894165039,48.50048287592203,0.16513494284899213,-3.064578369292585,-3.066414593522062,3.0000524520874023,1.5446455478668213,216.09584045410156,0.1327810287475586,1
6253,243.64378356933594,55.37813949584961,41.41732784884013,0.16500254386991425,-2.325854112110966,-1.9917082867541547,2.386960029602051,2.013557195663452,37.950897216796875,0.23043625056743622,1
37475,242.013671875,54.481353759765625,39.29350742075369,0.16498933060400797,-2.033569922753773,-1.6569828875249701,-100.0,-100.0,-100.0,2.446223020553589,6
34840,244.05221557617188,55.14535903930664,50.85805259685848,0.1649392142813121,-3.322231273692042,-3.452486317259001,-100.0,-100.0,-100.0,1.9594565629959106,6
23755,242.8922119140625,55.17185592651367,13.00080437995296,0.16491866739675878,-0.8963170347561615,-0.22961979342637748,1.152934193611145,1.140622615814209,333.05389404296875,0.9014634490013123,1
573,244.15093994140625,54.87627029418945,55.078448618062325,0.1648589186835871,-3.9823778068525355,-4.612493548489807,9.456082344055176,6.971817493438721,106.02845001220703,0.039792176336050034,1
12053,243.66036987304688,55.6088752746582,49.878954315829084,0.16484109010855194,-3.327618862690075,-3.245707107600594,-100.0,-100.0,-100.0,0.42938634753227234,6
4723,243.78359985351562,54.59964370727539,49.55398918902013,0.16481737971174973,-3.2065875046858063,-3.27057650932853,7.328879356384277,2.109344959259033,55.489280700683594,0.21354448795318604,1
37427,242.88848876953125,54.88214874267578,14.578511191701235,0.16481646244286913,-0.803137893585054,-0.18324436536901229,-100.0,-100.0,-100.0,2.3685731887817383,6
546,241.44854736328125,55.57372283935547,49.8581340055654,0.16479016412074957,-3.2166358783193956,-3.3310106087957907,4.797924518585205,0.9956885576248169,220.9806365966797,0.04679423198103905,1
14927,243.3760986328125,55.46335983276367,36.86406516113785,0.16471533898977936,-1.975673413724364,-1.497536351851789,1.6922450065612793,1.69158935546875,191.90728759765625,0.4912925958633423,1
5948,241.9111328125,55.164024353027344,23.990936337428096,0.16455393257293385,-1.1802551926494356,-0.6131532243321718,1.8895742893218994,1.8755241632461548,3.215818405151367,0.2709810137748718,1
32432,242.8727264404297,55.58932876586914,33.933389291996896,0.1644757963682411,-1.8606004856932918,-1.2322720302166756,0.8073796629905701,0.657015860080719,22.606773376464844,1.5451816320419312,2
28096,243.24905395507812,55.33624267578125,28.668149621768283,0.16445998852627855,-1.510754031703812,-0.8610483793799631,2.406036853790283,2.0782992839813232,64.4619369506836,1.2815643548965454,1
17652,243.5779571533203,55.079917907714844,34.324535114899035,0.16437632312447367,-1.8038012835725674,-1.2715825190406431,2.6424689292907715,2.0901498794555664,35.63801574707031,0.5767201781272888,1
29951,242.12164306640625,54.989219665527344,16.181418197408675,0.16421165914186603,-1.0163647056265739,-0.3086022726156083,1.5764387845993042,1.1544489860534668,203.11085510253906,1.401749610900879,2
4556,241.4431915283203,55.10702896118164,39.21763524978209,0.16397318867010705,-2.1237082192162724,-1.738402365075496,1.9874873161315918,1.0441800355911255,178.1489715576172,0.186684712767601,1
34219,242.57241821289062,55.34508514404297,17.78062339547797,0.1638863265094578,-1.0870393658204593,-0.35404879783349025,2.114257574081421,1.8578343391418457,103.22393798828125,1.7744349241256714,2
9844,241.92721557617188,54.66669845581055,32.163462950722355,0.1638569010382026,-1.6285753195058643,-1.1027982585906164,2.453195810317993,0.6313685178756714,214.0389862060547,0.3628693222999573,1
19847,242.79478454589844,55.090938568115234,7.786017094106718,0.16381645635615125,-0.7820855109865649,-0.13624011163907074,1.6543408632278442,1.5838708877563477,81.3529052734375,0.7225733399391174,1
14866,243.51535034179688,55.0470085144043,32.135946689327874,0.1638111571971582,-1.6464121453223972,-1.0999636658517216,1.3554613590240479,0.954677939414978,94.26776123046875,0.47580862045288086,1
39793,242.45352172851562,56.246551513671875,71.99480416578992,0.16380964211632046,-8.386951621946212,-16.583315503470445,-100.0,-100.0,-100.0,3.3427484035491943,6
21882,243.1142120361328,54.92337417602539,19.85649260677445,0.16375473834784363,-1.0829387515288649,-0.43457814471254286,1.9848686456680298,1.1431611776351929,55.17479705810547,0.7906526327133179,1
4215,242.19882202148438,55.1200065612793,13.784925286041796,0.16374689634264117,-0.8306527767957472,-0.2523685127826784,2.1127452850341797,0.9370726943016052,146.97097778320312,0.20214003324508667,1
3292,240.72213745117188,54.89257049560547,64.68020017812896,0.16368240139238796,-6.329665679601716,-8.84434618332549,-100.0,-100.0,-100.0,0.19508858025074005,6
32788,243.23623657226562,55.16064453125,23.489203342634163,0.16364788699943414,-0.589960287603775,-0.5003768500520681,-100.0,-100.0,-100.0,1.8384381532669067,5
19925,243.45663452148438,55.08811569213867,30.194478829332837,0.1636148168579617,-1.551996837337424,-0.962504148859271,1.8550171852111816,0.8570276498794556,64.23011016845703,0.6955704689025879,1
30717,243.4127655029297,55.13048553466797,28.997236321263923,0.16351117927091782,-1.5820759305474772,-0.7982903730381817,-100.0,-100.0,-100.0,1.6736263036727905,6
25004,242.98049926757812,54.598548889160156,30.34716468580711,0.16345543333131096,-1.4266352050089808,-0.8859257206299872,-100.0,-100.0,-100.0,1.0380706787109375,6
34279,242.32022094726562,55.4387092590332,25.031882312306365,0.163394019325811,-1.365502132397285,-0.6523160492316208,0.9903450608253479,0.8164876699447632,141.14479064941406,1.8916633129119873,2
3033,241.56809997558594,54.424251556396484,51.32017571776578,0.16335826181464544,-3.433714521198534,-3.645211260319351,3.07973313331604,2.3875625133514404,268.3728332519531,0.15148918330669403,1
13334,242.0110321044922,55.49660873413086,33.17786338191721,0.1632998051446508,-1.7086660746368834,-1.1801323588032278,2.2541725635528564,1.0664615631103516,54.61973190307617,0.47475624084472656,1
1298,242.4812469482422,54.573055267333984,28.748620717837056,0.16329082464117528,-1.3879057514412811,-0.8721991023689062,1.2124202251434326,1.200586199760437,345.3788146972656,0.07963534444570541,1
34831,242.24349975585938,54.95806121826172,12.808758846112289,0.1632728050523746,-0.7750067873224942,-0.14046547264961393,-100.0,-100.0,-100.0,2.0761756896972656,6
14915,243.5402374267578,55.35588455200195,37.67690665582636,0.16318323371615953,-2.0403369603349844,-1.5773620854146964,1.165533423423767,0.9112306833267212,27.542123794555664,0.4861592948436737,1
32292,243.15611267089844,54.7880973815918,25.272820093232895,0.1631697450375792,-1.3659306843652699,-0.6666196690643226,2.378505229949951,2.1966280937194824,209.344482421875,1.6449089050292969,2
32327,243.25172424316406,55.235191345214844,25.593263385104436,0.16301456211232887,-1.3814822754485132,-0.6833655168743608,1.5335277318954468,1.5330815315246582,187.99581909179688,1.6323299407958984,2
22903,242.39617919921875,55.36470031738281,19.97763789045292,0.1629147906703165,-1.0917586814945086,-0.43860716014484713,1.7233773469924927,1.3249493837356567,109.16144561767578,0.8537372946739197,1
21245,243.6966552734375,53.86652755737305,80.91372454710697,0.16283298524658213,-15.398843821285531,-50.38128668871882,-100.0,-100.0,-100.0,0.7922117710113525,6
36301,242.83558654785156,55.65677261352539,37.50351374094472,0.1627994384878063,-1.9031565713482055,-1.4717024983003653,-100.0,-100.0,-100.0,2.11995005607605,6
29893,242.23062133789062,55.27298355102539,18.020585528536138,0.16277913156301418,-1.069974068765351,-0.36523218533236607,3.8872263431549072,2.296602964401245,313.05010986328125,1.3269232511520386,2
14844,243.13369750976562,55.38742446899414,27.77467142697162,0.162709820429944,-1.395382857025666,-0.8120176980491631,2.0311758518218994,2.0299930572509766,244.70724487304688,0.5092453360557556,1
13173,243.22366333007812,55.03718566894531,22.123277431164688,0.16260520329207404,-1.1292881003309716,-0.5274207780207765,2.2558722496032715,0.9083502888679504,2.308073043823242,0.466868132352829,1
15157,241.67953491210938,54.02568054199219,68.93136375844935,0.16256137927873376,-7.433784176683063,-12.506766064565735,-100.0,-100.0,-100.0,0.5549323558807373,6
17579,243.01974487304688,55.45863723754883,28.81699845352982,0.16255229173398422,-1.4639354876750874,-0.8747674522695635,3.9577572345733643,1.1615939140319824,290.7427062988281,0.6079435348510742,1
30048,242.9910430908203,54.64558792114258,28.043022317406876,0.16251459248806904,-1.4911062636600918,-0.8213735392207885,0.8143037557601929,0.5643006563186646,214.4090118408203,1.3782320022583008,2
26593,242.12246704101562,55.71521759033203,42.92536988371429,0.16242830766445243,-2.5545706772871535,-2.179992694072596,1.37552809715271,0.5075693726539612,337.62969970703125,1.0696933269500732,1
1225,242.2060089111328,54.81447219848633,19.08530023712368,0.16225128607825529,-0.964732519520464,-0.4101879323413911,1.6494338512420654,1.3043051958084106,317.84503173828125,0.09335201978683472,1
28285,242.80935668945312,54.90616989135742,11.633735287953115,0.16225035041394448,-0.5254110092840594,-0.11543542197837935,-100.0,-100.0,-100.0,1.4390881061553955,6
26442,243.24505615234375,54.86016845703125,25.541903482766656,0.1621376023830059,-1.3359217964086783,-0.6856137230358839,2.6890766620635986,1.2384388446807861,161.47181701660156,1.0749984979629517,1
21153,243.2904815673828,54.91167068481445,25.794504415742836,0.16204674814631378,-1.1621472744378023,-0.6142341987872016,-100.0,-100.0,-100.0,0.7811633348464966,6
4333,243.1739044189453,55.087135314941406,20.518523332705815,0.16200804810554367,-1.0331626125381903,-0.46363066884235804,1.2959591150283813,1.2959256172180176,350.5196533203125,0.209528386592865,1
7746,242.00668334960938,55.03373718261719,19.745982241815575,0.1619593920501337,-1.020530359678961,-0.4338030319472498,4.424649238586426,0.9043863415718079,226.997802734375,0.28888797760009766,1
9499,242.22190856933594,55.06235885620117,12.348641377488077,0.1619572582629468,-0.8201705568041118,-0.21852979027093117,0.9642149209976196,0.955125093460083,200.96200561523438,0.36132729053497314,1
13149,242.97962951660156,54.873748779296875,17.302486491862947,0.1618117904080597,-0.9609495489388876,-0.34923985295128496,2.497793436050415,0.5880345106124878,57.48210144042969,0.4261801242828369,1
8314,241.5345001220703,55.70778274536133,53.24124402930065,0.16169519101987798,-3.7364759544636255,-4.107391333740748,2.2904324531555176,2.056605815887451,61.103553771972656,0.27701568603515625,1
38932,242.5933074951172,56.24277114868164,71.64098325821796,0.1615780838894579,-8.628022886330333,-16.02369266675838,-100.0,-100.0,-100.0,2.71389102935791,6
14861,243.57785034179688,54.988399505615234,34.49985873158266,0.161465409740235,-1.8041564932525098,-1.286817387071253,1.491160273551941,0.7810229063034058,262.71124267578125,0.5032508373260498,1
6561,241.220947265625,54.18430709838867,70.14889063544635,0.1614489106727811,-7.872413276939136,-14.0285056792487,5.572288513183594,5.544190406799316,21.613798141479492,0.2404983639717102,1
5920,242.16851806640625,54.912784576416016,16.36261686101994,0.16129484368327882,-0.9061217029861732,-0.3218549770308563,2.856123685836792,0.5775485634803772,298.8446044921875,0.24808867275714874,1
3042,241.20285034179688,55.426239013671875,52.28631842804739,0.16122798282556539,-3.570831478448055,-3.870029011343527,3.1403677463531494,3.0898802280426025,93.53759765625,0.12918756902217865,1
6054,242.40016174316406,55.5391845703125,30.06206877820101,0.16120189836330637,-1.4873338167883032,-0.956073058198236,6.536910533905029,1.3688690662384033,16.65329933166504,0.24724946916103363,1
39766,242.74842834472656,55.396610260009766,21.647340424209514,0.16118475280526964,-0.534752710011005,-0.41967856081365285,-100.0,-100.0,-100.0,3.4590871334075928,4
2838,243.59591674804688,54.827842712402344,37.42655576511763,0.16106109603359695,-1.9698081857685972,-1.5538763737124268,2.1090617179870605,1.7233197689056396,86.43313598632812,0.15417440235614777,1
9564,242.3035888671875,55.24239730834961,15.002691151483575,0.16095844385222025,-0.8830336364017677,-0.2827532824912111,2.950453996658325,1.1909949779510498,108.52311706542969,0.3381135165691376,1
36213,241.40283203125,55.35310363769531,44.26459470654222,0.16087329534800981,-2.2495771577219115,-2.2802615748206723,-100.0,-100.0,-100.0,2.2768752574920654,5
16418,242.7981719970703,55.63368225097656,35.87200506075528,0.1607641986058051,-1.9089483656850192,-1.4060987284537798,1.4733017683029175,1.4715068340301514,210.3426055908203,0.5359503030776978,1
21007,241.73089599609375,54.808990478515625,32.63120357569715,0.1606764486208124,-1.7060965271415318,-1.1357094909482535,2.3327183723449707,2.2189137935638428,73.32292175292969,0.7272642850875854,1
21192,242.66847229003906,56.17519760131836,67.65103305470247,0.16063947028871733,-7.172927017899884,-11.214414337553222,-100.0,-100.0,-100.0,0.8038352131843567,6
22117,241.6024169921875,54.63685607910156,41.86361844000733,0.16059157285854994,-2.5832057163241227,-1.9572188812971392,-100.0,-100.0,-100.0,0.8476130962371826,6
38768,241.91773986816406,54.78441619873047,27.818863833135563,0.16046576288545994,-1.5445526567002494,-0.7995625648613097,1.6839698553085327,1.1313755512237549,199.15234375,2.5093512535095215,2
23864,241.24932861328125,55.101905822753906,45.83398556991617,0.160404988225509,-2.850510204474527,-2.604988371825166,1.9369806051254272,1.6333959102630615,196.88186645507812,0.906398594379425,1
4664,243.22035217285156,54.35362243652344,47.24226516943302,0.16038763802054656,-2.922751636214632,-2.8405383171366787,4.493018627166748,0.9121882915496826,327.5489501953125,0.19359518587589264,1
22134,244.57725524902344,55.492557525634766,73.26155027601195,0.16035551351679192,-9.000676352939399,-18.83389687991027,-100.0,-100.0,-100.0,0.8515840172767639,6
32508,243.27706909179688,55.57480239868164,39.52135751140046,0.16034664632788218,-2.2891985188683956,-1.7635584271637539,1.2404797077178955,1.2112479209899902,122.8843994140625,1.5949242115020752,2
14980,241.27041625976562,54.90178680419922,45.96510311181376,0.16024467453742455,-2.8212420772334976,-2.627762681275133,2.6223037242889404,2.3737878799438477,81.87338256835938,0.5072916746139526,1
1363,242.10757446289062,55.538917541503906,33.55296842290395,0.1602274871586125,-1.6791534908072656,-1.2103393605546424,3.044485330581665,2.486788511276245,0.31414031982421875,0.08245182037353516,1
4368,242.0262908935547,55.378211975097656,27.3957100617023,0.1601532632603792,-1.3339987708322407,-0.7915461601931504,2.400799512863159,0.7168723344802856,102.88447570800781,0.19783973693847656,1
37242,242.48251342773438,55.73200225830078,41.12913971358656,0.1601009245755146,-2.467180837753123,-1.9457155612570898,1.8149844408035278,1.656556248664856,119.1898193359375,2.1687819957733154,2
34267,243.22962951660156,54.845542907714844,25.478296520054464,0.16002071522104602,-1.389213894428158,-0.6764228127410619,1.4084128141403198,1.3528746366500854,216.18930053710938,1.8140517473220825,2
6220,243.42254638671875,55.47096633911133,38.34912002905212,0.15991250567174792,-2.0599876315040766,-1.6465609558926075,1.8776026964187622,1.3625589609146118,263.5096435546875,0.2679503560066223,1
531,243.4628143310547,54.444740295410156,47.40467592817164,0.15982755043936708,-2.913112012703577,-2.867947564424953,5.845288276672363,2.7615742683410645,312.60223388671875,0.07197070121765137,1
16659,244.10755920410156,54.782466888427734,55.03479219747703,0.159815385447376,-3.507316677038014,-4.50980465023044,-100.0,-100.0,-100.0,0.6088356971740723,6
39880,242.397216796875,55.53883743286133,30.062473484650546,0.15981358400678464,-0.9077918590311864,-0.8668927512925905,-100.0,-100.0,-100.0,3.65620493888855,4
28487,243.99295043945312,55.16935348510742,49.014569127328485,0.15956414641261013,-3.1771478489841467,-3.0740005109101327,-100.0,-100.0,-100.0,1.4007196426391602,6
3215,243.01690673828125,54.0073127746582,64.30887445945419,0.15949464884130762,-5.943620222416119,-8.688543688873128,3.974381685256958,2.6564650535583496,166.1478729248047,0.14412136375904083,1
3196,244.01593017578125,54.368019104003906,64.37492236487077,0.15937323371948384,-5.961194414788643,-8.73177267007829,7.750152111053467,4.04448938369751,140.30133056640625,0.15011391043663025,1
16357,243.2437744140625,55.30573272705078,27.462962774355187,0.159359505074472,-1.3848696065856705,-0.7934930949362001,3.0898544788360596,1.1578694581985474,276.2428894042969,0.5450096130371094,1
1780,240.94192504882812,54.27455139160156,73.42273323637095,0.15934448948078803,-9.347977323695863,-19.24332074755664,15.811461448669434,3.2186903953552246,106.38774108886719,0.1087455153465271,1
11803,241.87840270996094,54.48997116088867,41.40724338212057,0.15932804168692086,-2.3463692560438494,-1.9899049270600415,2.2887935638427734,2.1307497024536133,245.6457977294922,0.38074174523353577,1
23912,241.01014709472656,54.9541130065918,54.33565504101972,0.1591673935557377,-4.139653470103312,-4.309968786860799,-100.0,-100.0,-100.0,0.9711962342262268,6
37260,242.526123046875,54.30181884765625,44.85707781250335,0.1591582235104253,-2.8345353302367338,-2.446719474962131,2.7347724437713623,2.40305757522583,115.79795837402344,2.223114013671875,2
34074,242.45249938964844,55.04529571533203,4.402937069975197,0.15912249596847103,-0.8326785082992497,-0.09360750412199714,0.9409952163696289,0.9227479696273804,83.92018127441406,1.8562095165252686,2
18543,242.54486083984375,54.987144470214844,3.8952510583583226,0.15904047575008587,-0.7405570094497291,-0.09912661269938987,1.5273534059524536,1.3983978033065796,83.67797088623047,0.6522384881973267,1
36062,241.93951416015625,55.62220001220703,40.76891463764459,0.15903857177930614,-2.418594810616105,-1.9014720226913586,3.2529075145721436,1.7116320133209229,6.419620513916016,1.916327953338623,2
6189,242.24012756347656,55.6185417175293,36.104810357047675,0.1589558116949283,-1.8846824387677692,-1.4282289323222492,2.097843885421753,1.0684531927108765,139.75184631347656,0.25091952085494995,1
1856,243.127685546875,55.718238830566406,44.28698096930492,0.15886974796751827,-2.545290655358714,-2.283458067237756,-100.0,-100.0,-100.0,0.13763785362243652,6
30161,241.99618530273438,55.4312858581543,30.433134271711875,0.15886004999187614,-1.624320429923438,-0.9730759017948503,0.7025400400161743,0.6999657154083252,26.39594078063965,1.3622291088104248,2
22963,241.6381072998047,55.08525085449219,32.449549322332345,0.15882154321868333,-1.704494803172078,-1.1213855805597484,1.8928855657577515,1.6682418584823608,7.353715896606445,0.8573555946350098,1
18890,242.92047119140625,55.06618881225586,11.731736023984952,0.1586979991445865,-0.4004641456992909,-0.11737151748209508,-100.0,-100.0,-100.0,0.6811181902885437,5
36036,243.44561767578125,55.550601959228516,42.18813655451155,0.15867620777090136,-2.5550574727951108,-2.078379173268182,1.2232956886291504,1.1882498264312744,358.2334289550781,1.953478217124939,2
14712,242.48275756835938,55.471614837646484,25.589182833912957,0.15863515054262115,-1.287166732622176,-0.691447415976194,2.0964956283569336,0.42090174555778503,327.8357238769531,0.5233945846557617,1
4108,242.46556091308594,55.184688568115234,9.057566403378253,0.15862136325830908,-0.7387331899897963,-0.1586379448628112,3.917710542678833,0.7941017746925354,60.01942443847656,0.18224208056926727,1
5803,242.74412536621094,55.07429504394531,5.829073304445042,0.15836904730821522,-0.7057148588900034,-0.11746161140934988,1.8101626634597778,0.39746084809303284,210.59640502929688,0.22681544721126556,1
4071,242.66270446777344,54.92866516113281,7.743089236101785,0.1580578985784372,-0.7194580386667684,-0.1396129934224093,0.9170449376106262,0.35365933179855347,24.04229164123535,0.21163032948970795,1
14758,241.93881225585938,55.18812942504883,23.550334098366683,0.15803119206491623,-1.1955413817291611,-0.5912472915751348,2.2228708267211914,1.7930699586868286,62.79802322387695,0.5086902379989624,1
515,241.5362091064453,54.56639862060547,46.275960085382586,0.15788401295549193,-2.7833079436103603,-2.677731707226977,7.882136821746826,6.032607555389404,128.26803588867188,0.03991304337978363,1
36269,242.87637329101562,55.68056106567383,39.22723468910743,0.15766002032924042,-2.3712998379350108,-1.649764134584264,-100.0,-100.0,-100.0,2.1664507389068604,6
19917,242.2011260986328,55.454124450683594,27.564002591580664,0.15765926099714223,-1.4066892658936576,-0.798324729032025,2.0017576217651367,0.6011301279067993,203.64463806152344,0.7235441207885742,1
13547,240.82383728027344,55.40812683105469,63.85601579213053,0.1576142342953472,-5.87082947425247,-8.39929355029708,2.1059627532958984,1.9133368730545044,353.30126953125,0.42952942848205566,1
36159,242.09091186523438,54.34648513793945,45.42743024230171,0.15761294740416923,-2.691049673911578,-2.4538512701702193,-100.0,-100.0,-100.0,2.11822772026062,4
2724,243.364990234375,54.85014343261719,29.54412215135638,0.15743844945264618,-1.441591253145359,-0.92257804202396,2.9241538047790527,2.437086820602417,75.5274887084961,0.15771697461605072,1
19933,242.61199951171875,54.564334869384766,29.08699234038414,0.15742240811411162,-1.4877896958078975,-0.8901340070085716,1.194586992263794,1.0813976526260376,205.48458862304688,0.6854151487350464,1
79,241.69622802734375,55.122249603271484,30.683133178375094,0.1574182740617615,-1.4770807713784695,-0.9956228773798086,1.8885492086410522,1.1082342863082886,4.857416152954102,0.021209988743066788,1
3075,241.5393524169922,54.386478424072266,53.67285506814936,0.15740524346680787,-3.7779954955256727,-4.220325450152164,4.467904090881348,1.984222650527954,357.5391540527344,0.13199390470981598,1
21993,241.4718475341797,55.229286193847656,39.53160726770717,0.15731573315966108,-2.2278326978956087,-1.770656031438675,2.7026658058166504,0.9917124509811401,311.452880859375,0.790334939956665,1
7728,242.01210021972656,54.880462646484375,22.027796911027608,0.15729076797258548,-1.1056775621167658,-0.5244364939781315,2.3721272945404053,2.3356680870056152,165.05731201171875,0.28778061270713806,1
26569,242.88076782226562,55.723106384277344,41.734367683396485,0.15727088062328623,-2.4414003415763514,-2.026767279174222,3.7847931385040283,0.9381834268569946,47.570884704589844,1.0536704063415527,1
11392,243.0029754638672,55.29978942871094,20.891063519672898,0.1572517639669771,-1.0761163240156544,-0.47732153756169204,1.698598027229309,0.35483214259147644,146.59024047851562,0.41802456974983215,1
24671,243.26510620117188,55.690574645996094,45.030975391043626,0.15724715320124316,-2.5652603062131476,-2.3932361862258515,-100.0,-100.0,-100.0,1.02593994140625,4
20016,243.77615356445312,55.343997955322266,44.61441942110669,0.1572216544292769,-2.697524868539044,-2.4190386988640773,2.0268311500549316,1.9894095659255981,12.206926345825195,0.6828626990318298,1
28038,242.9267578125,54.95296859741211,13.231910620870288,0.15700197910323474,-0.9265011011744662,-0.23273971958271614,1.0660675764083862,1.036073088645935,113.05223083496094,1.185477614402771,1
9365,242.48939514160156,55.126834869384766,5.631180655793622,0.15696417464780632,-0.7182083080207563,-0.1150656196292028,1.5905349254608154,1.5325928926467896,49.628761291503906,0.3420617878437042,1
613,240.82717895507812,54.850303649902344,61.57445223231746,0.15694434597827361,-5.2441903809873,-7.118560458518711,3.94248628616333,3.5680761337280273,305.104248046875,0.052081480622291565,1
26263,242.5611572265625,55.109954833984375,3.729972131962349,0.15685597713368823,-0.7728785559520568,-0.09546439472651418,7.703213691711426,1.7106791734695435,236.55615234375,1.0102719068527222,1
5770,242.66864013671875,55.1486930847168,6.716184913860497,0.1566792255089145,-0.7156999794275172,-0.12715272800974614,1.7998417615890503,0.7057926058769226,58.088836669921875,0.24029001593589783,1
11843,243.0830841064453,55.75635528564453,45.77784179089363,0.1566667410740405,-2.7861160786120336,-2.597789934822065,2.444518804550171,0.543908953666687,320.41375732421875,0.3899462819099426,1
35736,242.26217651367188,55.026790618896484,11.021927927134998,0.15653056973143592,-0.9289094497359117,-0.1787377880761055,1.3325586318969727,0.7127268314361572,273.335205078125,2.0833325386047363,2
30743,244.73028564453125,54.765499114990234,76.07659411833019,0.15651806515092673,-11.170645303596698,-25.72155651063677,-100.0,-100.0,-100.0,1.540109395980835,6
2565,242.1630096435547,55.165924072265625,15.958581735746312,0.15644631006336707,-0.8781167219788512,-0.31015495382663577,3.298313856124878,3.258866786956787,281.3536071777344,0.12742502987384796,1
5916,242.63352966308594,55.31673049926758,16.179749888492935,0.15643890908736824,-0.8997747757078779,-0.31595840669488123,1.2182002067565918,1.1684633493423462,60.41879653930664,0.23534798622131348,1
30444,244.1145782470703,54.98572540283203,52.90825308029106,0.15642779357204212,-3.8001015534340845,-4.017745045096137,2.239406108856201,2.165590286254883,238.67935180664062,1.446298599243164,2
27167,243.078125,54.52811813354492,35.66989390584591,0.1563115235458873,-1.9160123744332933,-1.2996985354628545,-100.0,-100.0,-100.0,1.15801203250885,6
28342,242.47633361816406,54.232505798339844,49.10947266145733,0.1562434532355112,-3.558520507375562,-3.092414380212677,-100.0,-100.0,-100.0,1.4550881385803223,6
450,242.93333435058594,55.648948669433594,37.9692546784554,0.15617603517785578,-1.9925846840810861,-1.6071383645581276,2.368152379989624,1.952815055847168,17.7249813079834,0.055692531168460846,1
3191,244.12039184570312,55.6342658996582,63.203785422695844,0.1561634410982441,-5.655927670052665,-8.004301935033897,10.657687187194824,3.6918182373046875,96.4677734375,0.1256345510482788,1
34175,242.37335205078125,55.31352233886719,17.397111698552795,0.15612859154431308,-1.0728263210504205,-0.34065614295931945,0.6735900640487671,0.6264958381652832,264.1690979003906,1.8627127408981323,2
14703,242.11009216308594,54.890167236328125,18.787738866571768,0.156083240740398,-1.0133151442734656,-0.39779915991850967,2.430006980895996,0.5406602025032043,125.4690170288086,0.5177862048149109,1
14761,243.2091827392578,55.29359436035156,26.07610505342497,0.1560222593454938,-1.3103971099863965,-0.7170900800461495,1.6770718097686768,0.771163284778595,29.466190338134766,0.4805366098880768,1
16531,241.0929718017578,55.57689666748047,59.862775737017685,0.15598901127483109,-4.949138127269889,-6.320919413361797,3.780954599380493,0.7834182381629944,41.990516662597656,0.5515658855438232,1
24559,243.0655059814453,54.88218688964844,19.469174751858638,0.15596832595650134,-1.0834394351267351,-0.4192093440514652,1.9736355543136597,1.035068392753601,222.61151123046875,0.9519199728965759,1
1435,243.331298828125,55.6358528137207,43.55544421236081,0.15591061174573395,-2.5055319111520826,-2.2700011081076337,3.0819363594055176,2.9502112865448,72.29888153076172,0.10665469616651535,1
22853,242.37063598632812,54.92012023925781,10.571851146254994,0.15589051036926346,-0.8424540998096901,-0.180047151824289,2.023498773574829,1.9943631887435913,249.4705810546875,0.8596658706665039,1
30047,242.54518127441406,54.590641021728516,27.515162127912863,0.15587286523308483,-1.4638758245840264,-0.790570383550253,2.038052797317505,1.92715585231781,57.7386474609375,1.4070574045181274,2
4960,242.07411193847656,55.853939056396484,51.28955400519019,0.15586691929665408,-3.2986565065266658,-3.547976576916394,-100.0,-100.0,-100.0,0.26996278762817383,6
28243,242.95973205566406,54.60673141479492,29.585392171527918,0.1558241808575348,-1.5716681771279006,-0.8357130294032918,-100.0,-100.0,-100.0,1.4612659215927124,4
32416,243.54202270507812,54.96205520629883,33.49423069609444,0.15577198840231568,-1.8295680023570269,-1.1963022397887877,0.8735718727111816,0.8587772846221924,116.79462432861328,1.5148062705993652,2
11599,242.86431884765625,55.549137115478516,31.548621887096374,0.1557559692412159,-1.5984069737433275,-1.0583716962445693,3.870933771133423,3.8358025550842285,234.27272033691406,0.3861062526702881,1
4968,244.04367065429688,54.584075927734375,57.75995810028203,0.1554620513607339,-4.869863214440903,-5.398500688162772,-100.0,-100.0,-100.0,0.22566191852092743,6
2821,242.47476196289062,54.43284225463867,37.1369004615137,0.15543614630677574,-1.9469523240145439,-1.5255238832306988,3.1008427143096924,0.6548169851303101,222.20440673828125,0.16389362514019012,1
3198,241.8873748779297,54.062408447265625,63.90585393190055,0.15541394846937767,-5.836525955622398,-8.430304984242811,3.711183786392212,3.709904193878174,255.81236267089844,0.1731029748916626,1
36018,241.77427673339844,54.66151428222656,36.265108318214146,0.15539185448057954,-2.050899709804705,-1.4318638530637802,3.086763620376587,2.7133917808532715,7.714977264404297,2.071829319000244,2
547,243.45579528808594,54.35197448730469,51.66157059414647,0.15538139006717308,-3.4614243530163193,-3.722262353375724,5.357245922088623,5.054436683654785,261.9205017089844,0.05313766375184059,1
22011,242.24806213378906,55.815208435058594,47.3574060469107,0.15536031354654148,-3.0131541560488846,-2.8581315312190796,1.807968258857727,1.1550699472427368,350.2072448730469,0.820438802242279,1
26371,242.9501190185547,54.97001266479492,13.568802664113988,0.15530650386163888,-0.9159071576019336,-0.2412258605687212,1.3957895040512085,1.354390263557434,208.41416931152344,1.0087863206863403,1
18722,242.01760864257812,54.77078628540039,25.594355037303053,0.1552880787418568,-1.303479334808583,-0.6902497365161937,1.2081891298294067,0.7768699526786804,33.07460021972656,0.6548616290092468,1
13031,242.4290771484375,55.185943603515625,9.731914016584724,0.15528429042538322,-0.7843559930770998,-0.167973198804188,1.9950722455978394,1.5006556510925293,349.5841979980469,0.4339497983455658,1
14624,242.45074462890625,55.254722595214844,13.132463045677374,0.15524400240310735,-0.8569008348584358,-0.23516741178492664,2.070237874984741,1.1909277439117432,89.24468994140625,0.4977012276649475,1
20122,244.05242919921875,54.1800422668457,73.02146070018759,0.15515296706206214,-8.803213398578025,-18.374925683143395,-100.0,-100.0,-100.0,0.7667533159255981,6
7725,242.12429809570312,54.78517150878906,22.30698207963589,0.15514312431287253,-1.117126904025424,-0.5365361940548383,1.5288211107254028,1.5227601528167725,70.23001861572266,0.30807843804359436,1
39306,243.14295959472656,55.06087112426758,19.345856305483228,0.1551249870857251,-0.6807574277951988,-0.3304703425058172,-100.0,-100.0,-100.0,3.0137457847595215,4
13471,241.703369140625,55.62680435180664,45.809650053632154,0.15503335030211257,-2.7958155796329844,-2.602458835063453,1.707032322883606,1.5532598495483398,92.3750228881836,0.43395400047302246,1
177,241.21168518066406,55.79644775390625,64.68717959049616,0.15499440266948925,-5.926086978802572,-8.849098718952423,-100.0,-100.0,-100.0,0.06791185587644577,6
19857,242.03797912597656,55.00313186645508,18.856501030722978,0.15493991226543255,-1.0386051311440336,-0.3991395045789704,1.6728756427764893,0.920789897441864,293.3597717285156,0.6902477145195007,1
9554,242.25961303710938,55.075439453125,11.139607767582028,0.15492542886057942,-0.7959780750489459,-0.19387474479160413,0.9496767520904541,0.9169625639915466,201.6345672607422,0.3514705300331116,1
35773,242.7897186279297,54.617549896240234,26.86530373423561,0.15477506829338328,-1.4687017766511714,-0.7499926222733153,1.2947860956192017,1.2697207927703857,222.17848205566406,2.047848701477051,2
4524,242.77305603027344,54.44657516479492,36.74260046181665,0.15472754183338205,-1.925285466427948,-1.4878320449786746,2.371152639389038,2.075882911682129,42.6683235168457,0.21181057393550873,1
4408,242.8024444580078,54.57747268676758,29.301399770488715,0.15465101204676845,-1.4366810380706845,-0.9070622137173732,1.8595410585403442,1.8594516515731812,273.360107421875,0.18948227167129517,1
16245,242.00953674316406,55.13957977294922,20.344377840520107,0.1544979972630907,-1.0745160349666425,-0.4550828656721184,0.9719643592834473,0.5089137554168701,37.532814025878906,0.5518251061439514,1
8137,242.11083984375,54.416969299316406,41.25166460492528,0.15444204799843333,-2.317562697351615,-1.9711142071045222,1.624308466911316,1.2619291543960571,357.70556640625,0.3032950758934021,1
32079,242.88320922851562,54.99609375,10.882892175758682,0.154412672125663,-0.902831640526663,-0.17895999042932814,1.0680280923843384,0.921241044998169,82.91922760009766,1.6045552492141724,2
38106,243.18307495117188,54.851863861083984,23.890749110409566,0.15439914039616667,-1.3448425969219961,-0.5919643163154616,2.3489277362823486,1.9260741472244263,344.1823425292969,2.4849772453308105,2
17740,244.0628662109375,54.59811019897461,57.93645413994974,0.15423538850895194,-4.571785674979283,-5.552644701115598,2.1872313022613525,2.1273441314697266,99.81027221679688,0.5945128202438354,1
2664,241.90621948242188,55.06508255004883,23.19075972131167,0.15417253133460926,-1.1290974501052284,-0.5758885256398482,1.7814751863479614,1.096858263015747,280.8370666503906,0.16550181806087494,1
18891,242.76580810546875,55.19573211669922,10.871607613370564,0.15416012168685458,-0.4434107274971947,-0.10054903519936868,-100.0,-100.0,-100.0,0.6835678815841675,5
14802,241.92201232910156,55.344390869140625,28.6882771882642,0.15405827603825586,-1.4446474467347807,-0.867221214501073,2.9387047290802,0.817334771156311,244.77745056152344,0.47708746790885925,1
8064,243.5984649658203,54.92815399169922,35.78402905612689,0.1539904038957274,-1.868832305311951,-1.3991052536460338,1.1456695795059204,1.0981887578964233,292.14483642578125,0.28874340653419495,1
29022,242.9671173095703,54.47746658325195,36.79930490409798,0.15386852105325388,-2.054023359772034,-1.4857634750346511,1.6570703983306885,0.7905784249305725,350.70281982421875,1.314592957496643,1
14891,241.77346801757812,54.73945999145508,33.46277974869663,0.15384206189702263,-1.7327180824750645,-1.2017902584606137,3.2802796363830566,0.7230338454246521,135.7935028076172,0.4835650324821472,1
8093,243.59719848632812,54.964149475097656,35.35178877115155,0.1537930288957179,-1.837218515106905,-1.360649823339256,1.596192479133606,1.5896666049957275,57.76988983154297,0.2808578908443451,1
13122,243.1138916015625,55.14304733276367,19.16796647137163,0.15376076834403132,-1.0207090675788661,-0.41191345232533305,0.5763495564460754,0.5677695274353027,148.1562957763672,0.4341398775577545,1
22850,242.72772216796875,55.25631332397461,13.436952266004011,0.15367778055103437,-0.899877862501646,-0.23933173044462408,2.423887252807617,1.0425325632095337,99.35469055175781,0.8297900557518005,1
7633,242.74964904785156,55.256282806396484,13.735447067949767,0.15360574633079682,-0.8441812280094889,-0.250542754937697,1.1508569717407227,1.0010894536972046,109.69256591796875,0.32239532470703125,1
28564,242.69293212890625,55.22856521606445,11.456390533912037,0.15355270195661977,-0.6508082609153955,-0.11184583023917816,-100.0,-100.0,-100.0,1.4703994989395142,6
8248,241.1703643798828,55.16344451904297,48.884552736167755,0.15349922661071433,-3.1373150752075,-3.139208596674477,2.8333520889282227,2.7992987632751465,316.0393371582031,0.2820645272731781,1
17857,241.48497009277344,54.29325485229492,59.155908227230995,0.1534384050761141,-4.945840608224926,-5.934332976141707,-100.0,-100.0,-100.0,0.6497181057929993,6
28155,241.6107177734375,54.52967834472656,45.776101391108305,0.15338924348672883,-2.867047591553656,-2.5926356553893353,5.034133434295654,1.0975524187088013,147.1995391845703,1.2568761110305786,1
30542,242.4274444580078,54.05329132080078,59.96591311436979,0.15329787803802652,-5.050537229198748,-6.361587335700462,3.907120943069458,1.9738012552261353,213.00738525390625,1.3367019891738892,2
34215,242.03823852539062,54.84764862060547,22.242094820725114,0.15326772091928947,-1.2457944670186833,-0.5221918725686422,1.1176531314849854,0.8279668688774109,9.155559539794922,1.8351818323135376,2
11280,242.29031372070312,55.1070671081543,10.561194457473947,0.15308914770558707,-0.7929670543452169,-0.18314882407129443,1.1608006954193115,0.7548233270645142,241.71612548828125,0.3955230116844177,1
29963,242.68406677246094,55.46445083618164,25.19087531631227,0.15305004798262034,-1.3493188798079863,-0.6641744517678195,1.1028140783309937,0.5867963433265686,309.4781799316406,1.4149651527404785,2
24756,244.1248779296875,55.64508819580078,63.68754653309221,0.153022014683673,-5.653169648336975,-8.203404087920157,-100.0,-100.0,-100.0,1.0986301898956299,6
1348,243.602294921875,55.14912414550781,35.59240086501011,0.1529390355815732,-1.8214554377874095,-1.3822710873411046,1.6741235256195068,1.4003450870513916,94.73072814941406,0.09348225593566895,1
16374,243.13894653320312,54.618865966796875,32.21563040994693,0.15287276878075842,-1.6574914378331584,-1.1056378033043273,3.89115047454834,1.3844456672668457,145.1809844970703,0.5286672115325928,1
26406,242.8257293701172,55.50017166137695,28.35150241455812,0.15279922791272704,-1.4767116391944366,-0.8428935707738276,1.4692312479019165,0.9626129269599915,122.70175170898438,0.9880947470664978,1
8186,243.85507202148438,55.156219482421875,44.22538561319059,0.15270168147859536,-2.6073797126254186,-2.3644765261296725,4.759483814239502,1.336916208267212,277.14129638671875,0.29731571674346924,1
14873,243.47073364257812,54.72507858276367,36.34860538792086,0.15264327576494255,-1.937272641112996,-1.4494933332108557,4.453701972961426,0.933587908744812,321.2481384277344,0.4801275432109833,1
29783,242.8816680908203,55.271514892578125,16.888179215570496,0.15263647912887127,-1.0350651384254064,-0.3289458797911955,1.406430959701538,1.4064252376556396,330.1993408203125,1.318823218345642,2
11632,241.70875549316406,55.08208084106445,30.016229525805027,0.15259068696213407,-1.5055723284298324,-0.9521517205515532,1.2998570203781128,1.1729530096054077,30.409469604492188,0.39617660641670227,1
1593,241.3523406982422,55.576080322265625,52.52975623779832,0.15250827349913537,-3.5967326796185337,-3.9288096638670886,1.3901563882827759,1.3034480810165405,146.69915771484375,0.10562451183795929,1
6421,241.4386749267578,54.534576416015625,50.117599699149785,0.15243171080592055,-3.287508601387632,-3.385110928950915,2.200157880783081,2.1199543476104736,46.55842590332031,0.24033838510513306,1
142,242.57643127441406,53.721412658691406,79.64197315635137,0.1524296385729774,-13.948874237976453,-41.386546864549146,9.330667495727539,4.307570457458496,281.8503723144531,0.024774136021733284,1
4042,242.78944396972656,54.978057861328125,8.348888638780842,0.15239454036968045,-0.727690899601404,-0.1478874189858674,1.814681887626648,1.206067681312561,239.91162109375,0.22048546373844147,1
18653,242.08360290527344,55.042015075683594,17.083993428435605,0.15239351155746117,-0.9777745705198617,-0.34122260034269924,2.47043514251709,2.434624195098877,123.60357666015625,0.6266034245491028,1
14899,241.58558654785156,55.383522033691406,39.53417823802027,0.15226589330987472,-2.1927505903048194,-1.771662403123914,3.4130873680114746,2.4878320693969727,65.9847412109375,0.5226022601127625,1
750,242.52359008789062,54.88203811645508,10.194178959985734,0.15223083842709922,-0.6646069815574035,-0.08827329086901813,-100.0,-100.0,-100.0,0.11642193049192429,6
26304,242.38519287109375,54.90662384033203,10.860395239035512,0.152219656263537,-0.8610783001755165,-0.1842427653844654,1.6149258613586426,1.3384928703308105,177.24681091308594,1.084766149520874,1
29958,241.9004669189453,54.953338623046875,24.0908374856135,0.15220587882209508,-1.2991666814995881,-0.6095889565970337,1.6287403106689453,1.1757261753082275,318.523681640625,1.3414709568023682,2
1244,243.02687072753906,55.34299087524414,23.3528738279858,0.15220223374046438,-1.126636221803643,-0.5831144042048608,2.8418195247650146,2.821291923522949,44.553680419921875,0.0910990983247757,1
6506,242.22103881835938,55.97374725341797,56.825424875256864,0.15218656633955674,-4.319662193221638,-5.162965265772846,4.688653469085693,3.387939214706421,68.8206787109375,0.23512674868106842,1
38869,241.8072509765625,54.78388595581055,31.041661633662095,0.15216730819239538,-1.4047106745314906,-0.9335118696832199,-100.0,-100.0,-100.0,2.79988431930542,4
35886,243.04998779296875,55.40817642211914,26.891392859877744,0.15210723974715046,-1.4668741742182967,-0.7499784616936994,1.596198320388794,1.5918093919754028,21.433725357055664,1.9686729907989502,2
1839,243.21572875976562,55.968624114990234,59.260981705706314,0.15209788521876402,-4.612824316706408,-5.977302372900132,-100.0,-100.0,-100.0,0.15498585999011993,6
2662,242.93142700195312,55.398441314697266,24.174953308347902,0.1520257134853802,-1.1724569034369603,-0.6223180355876377,2.0052342414855957,1.6632202863693237,305.7769775390625,0.15410225093364716,1
17530,242.26980590820312,54.83761978149414,16.586830287830256,0.1520167684324096,-0.956482518209364,-0.32575521386279865,1.6390105485916138,0.76364666223526,300.7613830566406,0.6016993522644043,1
11759,241.39707946777344,55.14011764526367,40.99650574956301,0.15201338235707523,-2.309029822885575,-1.940247010738369,1.7158071994781494,1.695705771446228,327.02239990234375,0.3810650408267975,1
4356,242.71331787109375,54.57332992553711,28.894395442144713,0.15195182575584504,-1.4135160765068309,-0.8811374309619204,1.504119634628296,1.4622000455856323,27.839183807373047,0.19536785781383514,1
15021,243.6038818359375,54.415245056152344,51.9800690205018,0.15186093817874594,-3.5785974792930864,-3.796315745463208,6.217845916748047,1.4400124549865723,280.15093994140625,0.4890825152397156,1
14622,243.16738891601562,55.18776321411133,21.798013924393445,0.15182551821577656,-1.1232101453096506,-0.5136514613135765,1.3444993495941162,0.9707261919975281,146.7908172607422,0.5211276412010193,1
32280,243.1973419189453,55.494293212890625,34.04646044389709,0.15176876540716663,-1.8694449682412952,-1.2420401664684797,1.179748773574829,1.172706961631775,310.9342956542969,1.6754721403121948,2
32116,242.14390563964844,54.94459533691406,16.27293436857011,0.15175599091331188,-1.0303796462334704,-0.3089734744137248,0.6717162728309631,0.6678851842880249,263.745849609375,1.5434668064117432,2
9714,242.7359161376953,54.656150817871094,24.161885589066618,0.1517292133902011,-1.2010752650147043,-0.6202787924718669,1.2670482397079468,1.1705049276351929,108.44990539550781,0.3308440148830414,1
445,242.290771484375,54.480438232421875,35.543963578431075,0.15166351702218409,-1.807252020872072,-1.3774110509526476,3.514282703399658,2.692263126373291,217.51589965820312,0.04832378402352333,1
20909,243.01429748535156,54.76624298095703,22.612558671647736,0.1516544969766541,-1.1839552470334975,-0.5472660526890863,1.492651343345642,1.3697373867034912,58.07965087890625,0.7638282179832458,1
34255,243.34771728515625,55.26997756958008,29.459217617738148,0.15158583447320587,-1.593924216118886,-0.9060990862303498,2.6127095222473145,2.3404557704925537,273.2605285644531,1.8418511152267456,2
14639,242.20681762695312,55.04299545288086,12.8481383151772,0.15154885423842188,-0.8504660502742818,-0.228729213719367,0.3966372311115265,0.3740710914134979,24.703874588012695,0.5120390057563782,1
34537,242.0985107421875,55.830055236816406,49.66351278811465,0.15147255583011288,-3.373621711492988,-3.2836037109842406,2.1047513484954834,1.4396227598190308,333.10675048828125,1.7405014038085938,2
38721,242.25051879882812,54.762107849121094,20.624477167923384,0.15145281474759129,-1.2255053049445903,-0.4511560600973791,1.2323273420333862,0.6165100932121277,92.34678649902344,2.684244394302368,2
5719,242.75228881835938,54.86298370361328,12.622227351926936,0.15144919796310394,-0.8119229363450607,-0.2251319010740588,5.69040060043335,1.1530184745788574,319.66668701171875,0.24125364422798157,1
14821,241.75975036621094,54.97235870361328,28.606047037452473,0.15135831463133742,-1.4395004983308435,-0.8618433228117734,1.8542289733886719,0.9758198261260986,113.8175048828125,0.5017157196998596,1
7701,242.25804138183594,55.1360969543457,12.246977016321653,0.15134895488635774,-0.8114109016720406,-0.21674797379140015,2.8229682445526123,0.9179812073707581,43.17472457885742,0.3160330355167389,1
29796,242.22084045410156,54.85476303100586,17.00091440807319,0.1513461234825521,-1.0396816809847296,-0.3329999295867262,0.7145194411277771,0.5021473169326782,82.22777557373047,1.4695353507995605,2
1195,242.48574829101562,54.807167053222656,14.85965884807182,0.15129727294768253,-0.8394405881252004,-0.27965106545080615,3.7325282096862793,3.7162575721740723,292.40301513671875,0.08992598205804825,1
11687,242.16372680664062,55.58970260620117,35.436600925099086,0.15119614727499078,-1.856821595109788,-1.367387884830151,2.6608681678771973,2.2321197986602783,354.89178466796875,0.3760979175567627,1
27079,240.62339782714844,55.322391510009766,69.01729346783159,0.15117124666424583,-7.384010478427789,-12.60080610871708,-100.0,-100.0,-100.0,1.1795791387557983,6
2712,243.21902465820312,54.70227813720703,30.30137014593977,0.1511481512130708,-1.4850832719588989,-0.9723487337915815,1.3468730449676514,0.6424250602722168,325.8032531738281,0.1555987000465393,1
11518,243.22561645507812,54.75315475463867,28.460955307216302,0.15109955939632744,-1.4199228632499328,-0.8539716857845733,0.7669690251350403,0.6030603647232056,289.1412658691406,0.4208565354347229,1
7580,242.34988403320312,54.93720245361328,10.3824687881122,0.1510855377738069,-0.7758280422296461,-0.18038641196634858,1.3863270282745361,1.3432343006134033,276.09295654296875,0.31113338470458984,1
32553,241.42486572265625,54.883907318115234,41.01240755476126,0.15086862988029287,-2.4179782635838527,-1.9336009897827249,1.7610702514648438,1.7537376880645752,170.29220581054688,1.657851219177246,2
2661,242.7235870361328,54.62943649291992,25.641928115019464,0.1508034896419755,-1.2391799419210603,-0.6956362452445174,2.530364990234375,2.321704149246216,266.5856628417969,0.1666480004787445,1
16534,243.38722229003906,54.09922409057617,63.5068167828003,0.15078562026242054,-5.791461759359544,-8.183718526112905,2.4693164825439453,0.49394288659095764,176.7989501953125,0.5629475116729736,1
683,241.15428161621094,55.97855758666992,73.8860729347246,0.15073563863665046,-9.585611017969228,-20.199069197375493,9.119101524353027,8.859848976135254,98.08516693115234,0.04705750569701195,1
38809,241.4697723388672,55.17232894897461,38.83160160317744,0.15069975017020223,-2.285348388471953,-1.6830683262904784,2.2301995754241943,1.6570677757263184,310.85394287109375,2.659703254699707,2
9934,243.29832458496094,55.5484504699707,38.73098814489666,0.150665269150899,-2.106163478351021,-1.6861233876557031,1.8708115816116333,1.7934056520462036,297.8415832519531,0.3720553517341614,1
26376,243.05470275878906,55.160072326660156,17.595280000113664,0.1505574578794894,-1.0261570994740374,-0.354510028885875,1.750184416770935,1.3055293560028076,325.4176025390625,1.0917655229568481,1
28409,242.59739685058594,55.48310089111328,26.06588797066665,0.15055432588135326,-1.1897303492339766,-0.6286042253277391,-100.0,-100.0,-100.0,1.3257410526275635,6
40008,244.36155700683594,55.25882339477539,62.346237307002696,0.15051945300194097,-5.134456807843572,-7.430774045818622,-100.0,-100.0,-100.0,3.92806339263916,4
21053,241.67880249023438,54.37068176269531,51.303292550311006,0.15049132632683124,-3.512347257742249,-3.6396589150022445,6.666988849639893,1.3488837480545044,92.4224853515625,0.7394993305206299,1
13073,242.67733764648438,54.83717727661133,13.127780309044365,0.15044657621552399,-0.8511985178424324,-0.23566866368296902,0.7924321293830872,0.6248274445533752,220.6542205810547,0.44535696506500244,1
10118,243.36451721191406,54.30586624145508,52.21750158011863,0.15037717658880004,-3.592510031292542,-3.8531535454167543,3.690645217895508,0.8917416930198669,230.5184783935547,0.32673507928848267,1
39975,241.45440673828125,55.00571060180664,38.811458189037,0.1503433023383137,-1.5532890759283533,-1.6053095830450852,-100.0,-100.0,-100.0,3.8382136821746826,6
36300,241.9378204345703,55.136409759521484,22.68228359800912,0.15029349301222733,-0.6597316885335771,-0.463994054267145,-100.0,-100.0,-100.0,2.161980152130127,6
16129,242.84730529785156,55.21664047241211,13.609855946715424,0.15028105886106202,-0.8733869919190368,-0.245921765392489,1.440916895866394,0.6372138857841492,1.4758586883544922,0.5541755557060242,1
11571,243.28392028808594,54.826820373535156,27.66366221726957,0.15022932906386163,-1.3769914860899433,-0.8061427149766986,1.9851547479629517,1.6309248208999634,335.6664733886719,0.40834304690361023,1
17458,242.70265197753906,55.299530029296875,15.617060284901505,0.1502213057541044,-0.930276941324501,-0.2980550411090016,2.209559917449951,0.6296012997627258,1.5836620330810547,0.6057736277580261,1
20842,242.652099609375,54.87957763671875,10.447687256747876,0.15016979237231443,-0.8303500114020314,-0.1784297152901638,2.9658825397491455,1.3889670372009277,276.2911376953125,0.7251436710357666,1
23725,243.03787231445312,55.154449462890625,16.934042560355287,0.15007901817018487,-0.9984673658013502,-0.3348560932872611,1.8964015245437622,0.5538402795791626,171.5460205078125,0.9218785762786865,1
6007,243.3043670654297,54.91878128051758,26.115403041687475,0.15004234098831395,-1.2774170010990422,-0.7201409226354554,1.4271519184112549,0.9092147946357727,219.18960571289062,0.2384442836046219,1
35848,242.50132751464844,55.36570358276367,19.207549915886663,0.14997222113690759,-1.143703375438965,-0.40094323335464715,2.685681104660034,2.6856510639190674,267.83612060546875,1.977065086364746,2
19000,243.27513122558594,54.8418083190918,26.96892574129446,0.14996609998121904,-1.4673141416123114,-0.6780649553438644,-100.0,-100.0,-100.0,0.7073384523391724,6
36087,243.6682891845703,54.50856399536133,49.67451553235652,0.1499106032335553,-3.3862800711940224,-3.284503379311587,3.613919496536255,2.7191672325134277,302.950927734375,1.9811309576034546,2
34764,244.60476684570312,55.30549240112305,71.0452834218766,0.14984245891621703,-8.557844166557889,-15.140475254736776,-100.0,-100.0,-100.0,1.9509027004241943,6
30189,242.67025756835938,55.67670440673828,37.79994289039123,0.14982180322629793,-2.132863431328425,-1.5837906096688381,2.304124593734741,1.271398901939392,165.112060546875,1.461201786994934,2
2806,243.50506591796875,54.71299362182617,37.74158218634368,0.1497573050392822,-1.9942651570906673,-1.5848810554105763,1.6192398071289062,1.3909108638763428,316.30987548828125,0.12841075658798218,1
16240,242.17440795898438,55.048282623291016,13.956649946317812,0.1497366432603319,-0.8811676192748414,-0.2542063909867369,4.052716255187988,1.8947242498397827,169.4436798095703,0.5314956903457642,1
7673,242.195556640625,55.156036376953125,14.69591319405945,0.1495680806369168,-0.8678404570752873,-0.27475518239226887,2.8714029788970947,1.2423083782196045,307.74334716796875,0.3030509650707245,1
32147,242.75177001953125,55.321754455566406,17.398379411941985,0.14953319179584723,-1.0635118756924613,-0.34338912784145686,1.178418517112732,0.6481841206550598,174.83746337890625,1.5687559843063354,2
16378,241.6011505126953,54.854408264160156,35.70073867513236,0.14949532559434733,-1.8947937776455799,-1.390029482955949,1.952955722808838,1.9235759973526,15.104913711547852,0.5322149395942688,1
4353,241.69029235839844,54.97932052612305,30.90549481816212,0.1494568757479539,-1.5289371991686223,-1.013357284643985,1.4163763523101807,1.3103026151657104,94.78196716308594,0.223752960562706,1
1503,242.72792053222656,54.24836349487305,48.29689395823344,0.14933714714338361,-3.030555499145995,-3.0286333252082365,1.504891037940979,1.4708260297775269,201.7233123779297,0.12093676626682281,1
12028,243.06875610351562,55.44139099121094,28.877009298628696,0.14929641893525133,-1.7020033137286377,-0.7908052704271845,-100.0,-100.0,-100.0,0.46706125140190125,6
9691,241.97689819335938,55.12917709350586,21.278627415791487,0.14914859870415978,-1.083043549020229,-0.49277956497746356,1.9870359897613525,0.9034525156021118,202.03900146484375,0.3538338840007782,1
14943,241.46200561523438,54.7841682434082,41.70983429646401,0.14912387474670355,-2.386860246664585,-2.026523669160725,1.7199549674987793,1.714565396308899,182.61114501953125,0.5178096890449524,1
11358,242.5301971435547,55.4344482421875,23.204028105355437,0.14910018588778393,-1.1672019179789217,-0.5755179484737446,1.6567978858947754,1.61275315284729,246.48118591308594,0.4000856876373291,1
23880,241.73570251464844,54.12331771850586,62.81561053693574,0.14906357751605084,-5.657778068457065,-7.779550180746934,3.6804890632629395,3.5416693687438965,348.8575439453125,0.8971153497695923,1
13327,241.66380310058594,55.02700424194336,31.542836574040624,0.14904564397909761,-1.6036169432517136,-1.0572692360478777,2.1410818099975586,1.9941327571868896,57.715904235839844,0.4728792905807495,1
16326,241.863037109375,55.16244125366211,25.551039009344226,0.14898558240011012,-1.289620784055904,-0.6884151353439455,1.8299193382263184,1.3304539918899536,215.46583557128906,0.5413206815719604,1
5893,242.27064514160156,55.34500503540039,20.699208201671738,0.14890283505526863,-1.0469219202662972,-0.4702545911875226,2.6113369464874268,0.559447169303894,312.3701477050781,0.27414849400520325,1
29952,242.74752807617188,54.67673873901367,23.055891948635438,0.14889084586204632,-1.2527474185607732,-0.560564994485376,1.101232647895813,0.8016526103019714,164.37254333496094,1.4961453676223755,2
8453,243.13961791992188,55.31386947631836,24.89896958251553,0.1487825016688223,-1.3894587548865014,-0.5682365595649608,-100.0,-100.0,-100.0,0.3489421308040619,6
6292,243.43124389648438,55.58399200439453,43.30132361058382,0.14860373340399022,-2.50602908132878,-2.2351895951731056,3.741004467010498,0.851632833480835,158.826171875,0.25506046414375305,1
8405,243.07310485839844,55.34996795654297,24.72208813873729,0.14851227770957318,-1.388443998847673,-0.559434900966516,-100.0,-100.0,-100.0,0.36648839712142944,5
25008,243.97679138183594,55.46659469604492,53.925416413842115,0.14836394148459883,-3.9802567964176374,-4.197457436259917,-100.0,-100.0,-100.0,1.0827451944351196,6
11481,242.0899658203125,55.266597747802734,21.29518248966757,0.14829441169976032,-1.0906947275328753,-0.4932875132367437,3.916948080062866,1.2935054302215576,335.9171142578125,0.399082750082016,1
7799,242.378173828125,55.446964263916016,24.872642306704897,0.14827309541954165,-1.227218401955289,-0.655947272414214,1.2112644910812378,0.9844043850898743,9.12388801574707,0.3047904670238495,1
22766,242.7836151123047,55.113868713378906,7.996490016814699,0.1482593598469276,-0.801097506623342,-0.1386368019099085,1.778078556060791,0.7125129103660583,24.42784309387207,0.8289484977722168,1
38379,243.69229125976562,54.297096252441406,59.3459622215772,0.14820296067819536,-4.832985317452942,-6.012216231143344,-100.0,-100.0,-100.0,2.686645030975342,6
19868,241.86041259765625,55.30860900878906,29.182123998516392,0.14800637621734627,-1.4935487463568031,-0.8963371893121512,1.5503116846084595,1.4888041019439697,283.5318908691406,0.6856025457382202,1
11547,242.69313049316406,54.549869537353516,30.187082676086163,0.14794105615418857,-1.516723260254103,-0.964120572556837,2.318316698074341,0.7295385003089905,174.14669799804688,0.41192924976348877,1
3031,241.80572509765625,54.2746696472168,53.66601846489005,0.14792011507247066,-3.7769924440108933,-4.2185088106999435,2.425060749053955,2.3543190956115723,265.4515686035156,0.1371157169342041,1
25013,241.21876525878906,54.142086029052734,72.1077980418044,0.14786256861134414,-9.136773226615283,-16.76797138399741,-100.0,-100.0,-100.0,1.0461394786834717,6
3102,240.97164916992188,55.0192985534668,55.34605234521225,0.14776736401848622,-4.046732336501727,-4.692661031463929,2.649510145187378,2.326472759246826,310.42437744140625,0.1722540706396103,1
24700,243.2683868408203,53.916053771972656,72.06883161310748,0.14754889301416843,-8.704734682736644,-16.70390638661936,-100.0,-100.0,-100.0,0.995867908000946,4
19827,242.1582489013672,55.30678939819336,21.187083264794758,0.14736259083064573,-1.1221921969834745,-0.48721209764836326,1.2947754859924316,0.6634231805801392,123.9622573852539,0.6992014646530151,1
34808,244.4859161376953,54.566162109375,71.969406211762,0.1472267462835426,-8.22162670720704,-16.542235952102057,-100.0,-100.0,-100.0,2.096046209335327,6
23838,241.47894287109375,54.971771240234375,38.17817734839103,0.14719937393195137,-2.1222188120870356,-1.6250247010949868,3.9963138103485107,0.8973358869552612,106.90057373046875,0.9109975695610046,1
2622,241.9884033203125,55.28773880004883,24.843878138868185,0.1471837447817863,-1.2018704546943721,-0.6548620032212461,1.1976697444915771,1.140095829963684,164.644287109375,0.1747363954782486,1
9332,242.4858856201172,54.90470886230469,9.236987963046767,0.14712900473715482,-0.763437622575185,-0.1606521225168731,4.550535202026367,0.9149003624916077,24.362354278564453,0.35911938548088074,1
32133,242.49017333984375,55.442569732666016,23.82845002458469,0.14706246062382325,-1.3024882580769983,-0.5963700352554272,0.8485058546066284,0.6626178026199341,12.536172866821289,1.5977075099945068,2
4055,242.6298370361328,55.29187774658203,14.683936411024476,0.14704640176775707,-0.8529813757338416,-0.27515509904048846,1.4548966884613037,0.9752635955810547,288.8048095703125,0.21805331110954285,1
34019,242.59234619140625,54.81333923339844,14.132213474388067,0.14692357680581195,-0.9821287012189515,-0.24750705076421708,0.7724635601043701,0.7253841161727905,92.42969512939453,1.8847428560256958,2
6064,242.05633544921875,54.5938606262207,32.76026605561989,0.14683221456719311,-1.6528481393159695,-1.1485441690393043,0.8899139165878296,0.8443382978439331,25.060243606567383,0.2744523882865906,1
11286,242.15304565429688,55.006103515625,14.91996889979987,0.14682545936548272,-0.8871913508904047,-0.28011047178491005,1.3346699476242065,1.113136887550354,81.28131866455078,0.4039038121700287,1
2478,242.4730682373047,54.8214111328125,14.135122997357685,0.1467711263252096,-0.830257131539678,-0.26099371506901337,1.3899614810943604,1.3075454235076904,332.7774963378906,0.1592894047498703,1
2498,242.3837890625,55.19903564453125,11.260538539157261,0.14676355798857066,-0.7683167642107968,-0.19727924880115735,3.781611204147339,1.7354387044906616,314.5645751953125,0.1272008717060089,1
7948,241.63284301757812,54.79863357543945,35.95513933216961,0.1467408749026672,-1.8813964976241373,-1.4144744551453037,2.4586966037750244,0.5356717109680176,237.9127197265625,0.29052311182022095,1
28154,243.74725341796875,55.48085403442383,47.57300373993179,0.14667540557537395,-3.072708757534919,-2.89277007322344,2.537261486053467,1.1749228239059448,249.33343505859375,1.168915867805481,1
8356,244.3204803466797,54.913185119628906,60.459252549132046,0.14652037008355692,-5.041349223217107,-6.585919501006974,3.523984909057617,2.332887649536133,144.129638671875,0.29469698667526245,1
7817,242.62208557128906,54.59039306640625,27.540671296348073,0.14651662296656223,-1.3570382315639844,-0.7996074526203655,4.005843162536621,0.805735170841217,213.40625,0.2918476164340973,1
11645,241.5894317626953,55.06672668457031,34.072886574048766,0.14634797653809373,-1.762091531890857,-1.2519665746208914,2.731614112854004,2.4271533489227295,324.4921875,0.4099300801753998,1
30931,243.48011779785156,55.16075897216797,31.603251234180803,0.14630643499098747,-1.0720904352405658,-0.9732595184096345,-100.0,-100.0,-100.0,1.546653389930725,6
24966,241.03005981445312,54.5485954284668,61.448005068276466,0.14625744255730708,-5.426446165983374,-6.965246344902363,-100.0,-100.0,-100.0,1.0544047355651855,6
385,243.11007690429688,55.374874114990234,26.67467248072898,0.14625259544907088,-1.268921561856526,-0.7502820947148328,2.5528030395507812,0.9299508929252625,316.9165954589844,0.051568061113357544,1
22857,242.2362518310547,54.95743942260742,13.050668744617244,0.1462464582991741,-0.8918905146579963,-0.2306893992528952,2.090843915939331,0.4251600503921509,28.434934616088867,0.8702403903007507,1
34424,242.34779357910156,54.41054153442383,39.133169282618326,0.14619663011276238,-2.2685010257949045,-1.7198395142314984,2.3193254470825195,1.163804292678833,239.60923767089844,1.8386554718017578,2
38789,241.8977508544922,55.499237060546875,35.70624538626861,0.14614852928728533,-2.035644715702374,-1.375573532043115,1.353729248046875,0.9179456233978271,130.37278747558594,2.623805522918701,2
34763,242.31610107421875,56.225894927978516,71.19203201403144,0.1460810744645972,-8.240387445877284,-15.351667877552185,-100.0,-100.0,-100.0,1.9049371480941772,6
29885,241.9552764892578,55.208351135253906,23.485957071083615,0.14594530670357275,-1.2731133154834469,-0.58118960557976,1.1462732553482056,0.7298043966293335,90.55523681640625,1.4559996128082275,2
4436,241.8966827392578,54.57611083984375,36.921107524243695,0.14593799675792096,-1.9382135516614687,-1.504619878743005,1.7358286380767822,1.6931889057159424,285.5011901855469,0.21321307122707367,1
9736,243.1280059814453,55.478206634521484,31.848187550509557,0.14590759954829768,-1.6093407785658929,-1.07993662836279,2.514136791229248,1.701668620109558,352.301513671875,0.35641196370124817,1
21046,241.20089721679688,54.86940383911133,48.72740669373921,0.14590467782705707,-3.1734947732135406,-3.1072602768468927,4.648410797119141,1.1513901948928833,321.5522155761719,0.732778012752533,1
14699,242.25831604003906,55.42165756225586,24.93990304935793,0.14589496429207927,-1.2563460870027143,-0.6580216696790547,1.2045187950134277,1.2014732360839844,65.04447174072266,0.4789135158061981,1
7932,242.9583282470703,55.44968795776367,27.30654122918031,0.1458920664581838,-1.3438816094428185,-0.7857103524238178,1.7075071334838867,0.9045525193214417,247.53167724609375,0.3084809184074402,1
9760,241.84378051757812,55.29759216308594,29.326408185471028,0.14587809851018102,-1.4598550813601863,-0.9077184874627034,1.9599812030792236,0.8477703332901001,150.44094848632812,0.34012776613235474,1
6435,241.2152862548828,55.501956939697266,54.00172519062296,0.145857694603873,-3.8458221186543096,-4.308578408252578,2.774791717529297,1.7944892644882202,235.21762084960938,0.25824716687202454,1
7614,241.9878387451172,55.02978515625,20.406054082970808,0.14584748394866598,-1.0440041643618039,-0.4587489389220097,3.3900747299194336,2.0478341579437256,75.4341049194336,0.2903324067592621,1
30349,241.8790740966797,55.72338104248047,47.00744282441945,0.1458437364655433,-3.0208805819477074,-2.7932781023992446,3.3589916229248047,1.735897183418274,310.9671630859375,1.4919612407684326,2
37250,242.8834686279297,55.69068908691406,39.876435118687446,0.14582949864361797,-2.354119500401589,-1.799210767751174,1.379197120666504,1.2659581899642944,101.12339782714844,2.2948265075683594,2
26772,241.56520080566406,56.09180450439453,71.43086368380341,0.1457366628028769,-8.599299322306905,-15.70400793572171,-100.0,-100.0,-100.0,1.1252539157867432,6
7996,242.52520751953125,54.468238830566406,34.884732446621506,0.14571044281599232,-1.8036701161782114,-1.3200559360651312,2.0082337856292725,1.892674207687378,74.6497802734375,0.3126012086868286,1
3121,242.60177612304688,55.99934005737305,57.03839521086897,0.14567073223724195,-4.340198329577746,-5.234895483811199,2.59265398979187,2.510540723800659,130.53173828125,0.13043923676013947,1
26946,240.83114624023438,54.54058837890625,67.75475046093938,0.1456621153333951,-7.039811983909758,-11.312082592735015,-100.0,-100.0,-100.0,1.1360400915145874,6
38645,242.39141845703125,55.048702239990234,6.497313812848301,0.14561965410667985,-0.889198082683632,-0.10603685946053394,0.41814789175987244,0.3651620149612427,343.2353820800781,2.5275065898895264,2
30374,242.46263122558594,54.28664779663086,45.910087794456686,0.14561685552799064,-2.8978250324957955,-2.6130434979661437,3.150069236755371,1.5996040105819702,115.37696075439453,1.4496631622314453,2
6057,242.3745574951172,55.58133316040039,32.717473049220594,0.14560936255237944,-1.6495445335572547,-1.145013272458148,2.583054304122925,1.056630253791809,134.98617553710938,0.26673436164855957,1
5843,242.85107421875,54.70283126831055,22.762280864749716,0.14556964349678808,-1.1279771124187001,-0.5565555762870324,2.4217116832733154,0.9353601336479187,251.86801147460938,0.23899602890014648,1
34116,242.3782958984375,55.422447204589844,23.462629379732583,0.14548490609255368,-1.2945919745248475,-0.5758554294371065,1.3322731256484985,0.996890664100647,134.61221313476562,1.8738977909088135,2
26984,241.71310424804688,54.18473434448242,59.96292324412518,0.14543684765406248,-5.1796002403982015,-6.27409465839181,-100.0,-100.0,-100.0,1.1732770204544067,6
23805,242.0747833251953,55.51308822631836,32.782498771632866,0.14542459727167747,-1.73088309587189,-1.146430993902124,1.1972123384475708,0.8505103588104248,64.24650573730469,0.8816719055175781,1
19973,242.87757873535156,55.694053649902344,40.020032199709306,0.14524988590348026,-2.257909380918904,-1.825018285663536,1.3463927507400513,1.115938663482666,125.51484680175781,0.680689811706543,1
18947,243.47962951660156,56.17955780029297,74.37309741974182,0.1452248511993528,-9.890998544777256,-21.189887835972307,-100.0,-100.0,-100.0,0.7007009387016296,6
35851,241.9590606689453,54.893436431884766,23.341522523430555,0.145215063171869,-1.302803940247583,-0.5698989487341667,2.3632700443267822,1.3838313817977905,15.934638977050781,2.011326789855957,2
39250,241.6980743408203,54.623085021972656,39.7742707613071,0.14516594505816138,-2.373091219570151,-1.7840420788238063,1.800714373588562,1.628037691116333,281.0022888183594,2.7652249336242676,2
38836,243.4214324951172,55.22999954223633,30.82297030782201,0.14502381374238188,-1.7133369845516735,-0.9914845815925307,1.1867669820785522,1.186213731765747,163.99050903320312,2.6480016708374023,3
17497,242.02757263183594,54.754940032958984,25.973235746393573,0.14498230660817496,-1.316348329649731,-0.7106738785217774,2.6239001750946045,0.9965262413024902,173.5402069091797,0.5997630953788757,1
2623,241.919189453125,55.29417419433594,27.022790837717224,0.14494381800560144,-1.3064327492155068,-0.7704116565653711,1.9773902893066406,1.212088704109192,217.5669708251953,0.1695932000875473,1
29025,242.47711181640625,54.35165023803711,41.980732781210314,0.1448648196794063,-2.4937277327999468,-2.053897082120167,3.704387664794922,1.04375159740448,258.0087585449219,1.4796464443206787,1
26457,242.20965576171875,54.6514892578125,27.060264032641367,0.14483103287451252,-1.4085131191170146,-0.7670240092086755,4.044146537780762,1.0324244499206543,95.12889862060547,1.0644456148147583,1
7901,242.90980529785156,55.53122329711914,31.056975659506595,0.14479123627161983,-1.5534325471246258,-1.0236039218656356,2.9172403812408447,1.3082201480865479,265.16583251953125,0.2853226363658905,1
10177,243.3614501953125,55.9803466796875,61.8708099796739,0.14468003534062238,-5.365432705524489,-7.2704585731225,4.402195930480957,2.742295742034912,96.95005798339844,0.37004557251930237,1
1536,241.1014404296875,55.2330436706543,51.91028167157122,0.14467173275434836,-3.506881394335239,-3.780369528331513,5.7460761070251465,3.2237210273742676,118.88640594482422,0.09203672409057617,1
2663,242.18093872070312,55.41633224487305,25.94581112702894,0.144645994863237,-1.2532132886250267,-0.7114582861293658,1.8741378784179688,1.7957584857940674,193.8216552734375,0.1503923535346985,1
18938,242.11534118652344,54.39787673950195,42.24850837498163,0.14463627591947462,-2.2940999561821087,-2.005987004889899,-100.0,-100.0,-100.0,0.7190395593643188,6
9977,243.15087890625,54.39430236816406,43.962799363719256,0.1444457956438761,-2.587485147580747,-2.3267892481572194,3.776731491088867,3.456763505935669,72.92046356201172,0.3607553243637085,1
37311,244.15953063964844,55.32438659667969,56.5604700254042,0.14442026272358852,-4.442515272715525,-5.064929352100062,2.450425148010254,2.4484987258911133,103.97735595703125,2.2950439453125,2
12972,242.26321411132812,55.080623626708984,11.065918263976778,0.14436390037144492,-0.8078659094606724,-0.19190321381287223,1.319854497909546,0.9858095049858093,345.3022766113281,0.4465586245059967,1
11501,242.06118774414062,54.69335174560547,27.859622994962777,0.14435793873329691,-1.3872458018835758,-0.817654604422497,1.419734001159668,1.1916395425796509,96.14256286621094,0.41257911920547485,1
17592,243.4488525390625,55.314510345458984,33.753212861281405,0.14435312541074666,-1.7648530622161376,-1.2248178269039907,2.0766594409942627,0.7061070799827576,297.5102844238281,0.6029424071311951,1
8425,242.61256408691406,53.99108123779297,63.47159087241574,0.1441567487808704,-5.757257520101164,-8.072183666631483,-100.0,-100.0,-100.0,0.34752118587493896,6
6447,242.38047790527344,54.157958984375,53.89891768584845,0.14414934682566932,-3.830092857740869,-4.280869084131512,6.11834716796875,1.6383694410324097,24.768590927124023,0.2651594281196594,1
8166,243.809814453125,54.78811264038086,45.18638765803366,0.14405597690043817,-2.7075835592698048,-2.50639253241551,1.9161245822906494,1.9026565551757812,116.12110900878906,0.31505510210990906,1
21125,241.81483459472656,54.225284576416016,56.107254387960296,0.14395034851681812,-3.9923355519127792,-4.837346360016132,-100.0,-100.0,-100.0,0.7797667384147644,6
11692,243.32298278808594,55.509456634521484,37.522367185448594,0.14393252456696037,-2.014429197420185,-1.5621329898545917,3.6505937576293945,1.45815110206604,183.56771850585938,0.4089127779006958,1
1401,241.69053649902344,55.476951599121094,39.819914626274745,0.14382940826995635,-2.1574288014779293,-1.80465272411459,3.2601518630981445,3.2566871643066406,90.27449035644531,0.10458412766456604,1
5785,242.43544006347656,55.34908676147461,18.690243200214287,0.14380631362210156,-0.9777754064375902,-0.3964769442463131,1.3402010202407837,1.1778011322021484,257.6846618652344,0.25454798340797424,1
2929,242.33853149414062,54.27910614013672,46.936994811345876,0.14378964801807934,-2.877807766740251,-2.787875381954075,1.7811602354049683,1.697351098060608,81.55692291259766,0.15193787217140198,1
1352,241.48867797851562,55.05406951904297,37.52544728660787,0.1437548348390446,-1.9677113430433244,-1.563265037639375,4.77510404586792,1.1478365659713745,181.227294921875,0.12081199139356613,1
26411,242.51759338378906,54.525062561035156,31.497996656547574,0.14371718874735648,-1.658188315355002,-1.0504256830500747,1.5917733907699585,1.510310173034668,281.000244140625,1.054111361503601,1
38738,242.33160400390625,54.72409439086914,21.289865780933617,0.143480162995565,-1.2459078397830106,-0.47556514800089555,1.5928925275802612,1.5080952644348145,297.9942932128906,2.574679374694824,2
23132,242.2064971923828,54.40464401245117,40.761862958374046,0.14340620808265672,-2.159475297432645,-1.8231257000940415,-100.0,-100.0,-100.0,0.8933438062667847,6
35718,242.61851501464844,55.297359466552734,14.971901676734,0.14336778047285412,-1.0165643997441285,-0.26875853227968016,1.9812768697738647,1.251762866973877,225.86285400390625,1.9397995471954346,2
7924,242.95376586914062,54.5838508605957,30.736506622558277,0.1433612428627949,-1.5337447833081768,-1.0011117484106273,2.5105984210968018,1.3543860912322998,310.13348388671875,0.32163962721824646,1
36217,241.9389190673828,55.09041213989258,22.180529682596582,0.14335483316160158,-0.618368407463562,-0.44216183999615355,-100.0,-100.0,-100.0,2.1871519088745117,5
9654,242.89695739746094,55.443748474121094,26.053834006739407,0.14329925705000482,-1.289176573530164,-0.7164627314907244,2.093640089035034,0.5123522877693176,294.6048278808594,0.3324761390686035,1
34072,242.20941162109375,55.11628341674805,13.370855688637182,0.1432644210087462,-0.9631188422074892,-0.228541391693381,0.5359242558479309,0.5299224853515625,151.6481475830078,1.8335356712341309,2
19783,242.31842041015625,55.32027053833008,18.59885316127333,0.14293355719056322,-1.0304601897695327,-0.39034627408119754,0.6845995783805847,0.6595720648765564,252.99761962890625,0.6856375932693481,1
17451,242.96728515625,55.129730224609375,14.143530010882108,0.14289100597900822,-0.8916734014169548,-0.25872513990610846,2.4391279220581055,2.2486979961395264,64.89031982421875,0.5866743922233582,1
34604,240.79209899902344,55.16823959350586,61.79393096415779,0.14288695118054898,-5.484653502167835,-7.22586601907804,5.542636871337891,2.8472723960876465,333.2081298828125,1.7316219806671143,2
22905,242.46034240722656,55.473182678222656,25.79330010723493,0.14282744323487823,-1.3337724004910823,-0.6995842154879918,1.9640856981277466,0.844492495059967,110.1104736328125,0.8502048850059509,1
6036,241.7185821533203,54.8439826965332,32.14144133248564,0.14275269466385068,-1.612865651453645,-1.101772121228274,3.9660778045654297,1.354241132736206,77.5661392211914,0.2285805344581604,1
401,243.54095458984375,55.0837287902832,33.06728320648826,0.14263963236190103,-1.6363068287658509,-1.1716392047852646,2.169792890548706,2.124774217605591,150.35768127441406,0.048838499933481216,1
30086,243.42674255371094,55.358604431152344,34.42695624848933,0.14255341506413766,-1.879669995785128,-1.2737663574144291,1.2790656089782715,1.180006980895996,145.3231964111328,1.3572185039520264,2
18937,243.36553955078125,54.74897766113281,32.51526372341435,0.14254648756406693,-1.3176651398871146,-1.0404662969466365,-100.0,-100.0,-100.0,0.7180728316307068,6
13623,242.91030883789062,55.02500915527344,11.43102705831574,0.14248571467065094,-0.6313685441692036,-0.1113416818790616,-100.0,-100.0,-100.0,0.4931330382823944,6
17715,242.05538940429688,54.30150604248047,48.394842344337306,0.14244267742923408,-3.115486844914046,-3.0454186441155273,2.012078046798706,1.9949368238449097,88.89458465576172,0.5805851221084595,1
3081,244.1621551513672,54.84891128540039,55.80566747354178,0.1424294254346655,-4.123410869058169,-4.832724923295848,3.496845245361328,1.2401527166366577,134.96026611328125,0.1624065488576889,1
7598,242.86590576171875,54.91221237182617,12.796292468945934,0.14239032906983332,-0.822628591676782,-0.22862765450841963,0.9496854543685913,0.8474020957946777,111.21786499023438,0.31113818287849426,1
21120,241.8138427734375,54.931766510009766,27.306427241823823,0.1423255777639245,-0.9226776938875255,-0.6971144397353912,-100.0,-100.0,-100.0,0.8060503005981445,6
38337,242.3982696533203,56.03824234008789,59.68910137143514,0.14231277698845163,-5.205912662389155,-6.156205831222596,-100.0,-100.0,-100.0,2.6819510459899902,6
6439,241.12599182128906,55.43057632446289,54.77378631703066,0.14225962082738525,-3.9686482824070337,-4.5241974184040155,4.550114154815674,1.7587097883224487,215.88160705566406,0.270088791847229,1
4244,241.72073364257812,55.15113067626953,30.144776509576904,0.1422492622118706,-1.484626918388091,-0.9619152530662985,2.6596667766571045,2.6531448364257812,82.31326293945312,0.2249143272638321,1
1846,242.18714904785156,55.30757522583008,20.559322846050026,0.14219548783760252,-1.378223080774524,-0.37587339934139474,-100.0,-100.0,-100.0,0.1377582848072052,6
28215,242.95303344726562,55.77858352661133,45.58994839617697,0.14217073705814687,-2.5860459730059877,-2.479053100377395,-100.0,-100.0,-100.0,1.3056375980377197,4
39194,242.4355926513672,54.99376678466797,5.976425363676757,0.1420360191812812,-0.8907596032209916,-0.09860639686768415,0.7316597104072571,0.698822557926178,359.4146423339844,2.769871711730957,2
4793,242.25064086914062,55.95053482055664,55.25403323263676,0.14200246941453043,-4.039880820736851,-4.665115354126664,2.7001373767852783,2.687041997909546,121.0916519165039,0.21232841908931732,1
8464,243.21910095214844,54.91099166870117,23.49269621422442,0.14198296694586934,-0.622405638325106,-0.5006007112151596,-100.0,-100.0,-100.0,0.3683302104473114,6
30979,240.58042907714844,54.44091033935547,78.27801432545523,0.14193725316606656,-12.492743458443027,-34.016167958643955,-100.0,-100.0,-100.0,1.6065820455551147,6
26224,243.17369079589844,55.17089080810547,21.6385298216222,0.1419023278984912,-1.167400155611281,-0.5032906232412878,0.7453951835632324,0.695488452911377,44.85743713378906,1.0862960815429688,1
6475,243.396484375,54.26226806640625,55.0374145029816,0.14189815444855836,-4.011478399032832,-4.60069342983533,2.651644229888916,2.0536434650421143,138.48704528808594,0.25945770740509033,1
4367,241.72702026367188,54.87257385253906,31.241895513285908,0.14175008601535005,-1.5487837792689003,-1.0367450050757898,1.619080662727356,1.589704990386963,89.7115249633789,0.19341616332530975,1
591,242.82275390625,56.02338790893555,59.05248019600815,0.14159084636615354,-4.703446559343497,-5.982235472599146,1.8446518182754517,0.7015910744667053,311.280517578125,0.058630429208278656,1
35974,241.80233764648438,55.359596252441406,32.52004695727698,0.1415712429253567,-1.786560348826082,-1.1167722635273805,0.8983190655708313,0.8808444738388062,202.43348693847656,1.9092806577682495,2
1186,242.98777770996094,55.31581497192383,21.247067131044467,0.14142435719560054,-1.042028119036245,-0.49224347311324695,1.7841964960098267,1.5416393280029297,22.459144592285156,0.11607739329338074,1
18652,243.03102111816406,55.25713348388672,19.872099463643643,0.14140088124335717,-1.0672519763524695,-0.4358013221049491,1.2246363162994385,0.694377064704895,161.21157836914062,0.6267445683479309,1
7895,242.5017852783203,54.53707504272461,30.822435960332125,0.14139454621158842,-1.539314396182783,-1.007317714843006,1.2320507764816284,1.227977991104126,60.157012939453125,0.290114164352417,1
11234,243.0543212890625,54.91569900512695,18.164511426950035,0.1413930776097803,-0.9816105411516917,-0.37774574419522544,0.8059099912643433,0.6066151857376099,341.4463195800781,0.39808422327041626,1
13141,243.24197387695312,55.17692947387695,23.96889723567527,0.141344403990592,-1.2064676945336004,-0.610831941290781,1.4333035945892334,1.2377433776855469,32.996578216552734,0.46936583518981934,1
26844,242.8541259765625,55.6701545715332,38.43326747055808,0.14096647428880257,-1.7833007328690778,-1.5657051536071893,-100.0,-100.0,-100.0,1.172850251197815,6
1309,243.30368041992188,54.63976287841797,35.02213158429079,0.14089754034637736,-1.7798152024224954,-1.3319756428309615,3.7450220584869385,1.7137037515640259,291.0274963378906,0.09608520567417145,1
8054,242.6265106201172,54.38754653930664,39.7059235061441,0.14086607559176068,-2.180209055134658,-1.7914325187680256,2.921854019165039,2.1724720001220703,129.3687286376953,0.2887082099914551,1
7923,242.66268920898438,55.596866607666016,33.00501535626468,0.14084765321623502,-1.6756578964765438,-1.1668603686555508,3.65419602394104,1.0420094728469849,188.23287963867188,0.29613274335861206,1
24675,240.99136352539062,55.19106674194336,55.187028418657924,0.14083217112712537,-3.527643260814492,-4.554631405489899,-100.0,-100.0,-100.0,1.0720908641815186,4
391,242.10247802734375,55.41269302368164,27.28039463694692,0.14079587158417475,-1.2986667002391166,-0.7839548935235091,3.869077682495117,3.3625340461730957,288.98504638671875,0.03611263260245323,1
38707,242.52146911621094,55.37763977050781,19.83477781948098,0.14079392182425476,-1.1923895206911546,-0.41881658767127256,0.7079713344573975,0.5871021151542664,321.90765380859375,2.6397767066955566,2
3165,243.3345489501953,55.975284576416016,61.209239936359054,0.14072171195991415,-5.181638341747037,-6.938784272970936,3.3404178619384766,3.334925651550293,336.86572265625,0.1543024629354477,1
30298,242.46609497070312,54.326454162597656,43.520415088731525,0.14066050303833516,-2.6444836756770496,-2.25783732846602,1.378325343132019,1.2850595712661743,137.3078155517578,1.4827682971954346,2
23893,242.63673400878906,55.496551513671875,26.93528476396077,0.14063429810331293,-1.2258981211286417,-0.676124807438744,-100.0,-100.0,-100.0,0.9603255987167358,5
28421,242.66030883789062,56.03364944458008,59.15451527994894,0.1405371485094905,-4.493883615902758,-5.933798527794515,-100.0,-100.0,-100.0,1.472181797027588,6
334,242.60093688964844,55.2626838684082,12.853635769802397,0.1405303613536971,-0.7802239423626082,-0.22967231888963746,2.904606580734253,1.4725333452224731,138.4959716796875,0.06240975484251976,1
39960,242.39227294921875,55.25872039794922,14.152362961630692,0.14049565303627207,-0.6560782317567396,-0.17237635160222695,-100.0,-100.0,-100.0,3.831662893295288,4
29888,241.85516357421875,55.25502395629883,27.774536578024083,0.1404926031192034,-1.475768228339264,-0.8049263113970775,1.0741626024246216,0.5448674559593201,320.9549255371094,1.4813698530197144,2
1254,241.73583984375,55.19565963745117,30.288339672797903,0.14048008832776357,-1.474557938260251,-0.9711333872903685,3.370957851409912,3.1934807300567627,8.866052627563477,0.11614444851875305,1
13522,243.89842224121094,54.48219680786133,56.893532181437855,0.14044632074899974,-4.360262548733265,-5.185250020229121,2.9622745513916016,1.9676810503005981,313.7772521972656,0.4639213979244232,1
14759,243.43405151367188,54.86591720581055,31.38753973232502,0.1404366843141626,-1.6004013380833577,-1.0459215263152217,1.4313263893127441,1.0019649267196655,287.2474060058594,0.4956077039241791,1
39984,243.88595581054688,55.75084686279297,61.25899910698267,0.14036415089667315,-5.249279708661908,-6.8721376368386125,-100.0,-100.0,-100.0,3.8676490783691406,6
8124,242.4939422607422,55.748924255371094,42.1120952030974,0.14030900748302022,-2.39770667089823,-2.0779281125495217,6.032912731170654,1.23435378074646,303.3570556640625,0.3051944375038147,1
34546,241.6695098876953,55.75114059448242,52.33614278843196,0.14022089733091514,-3.7414523677619185,-3.873979885177543,2.393258810043335,2.391697406768799,354.764404296875,1.7504000663757324,2
20062,241.01158142089844,55.742462158203125,67.74734967226823,0.14017617399978682,-7.053056729797274,-11.396013386421261,1.526434302330017,1.2896748781204224,53.96424102783203,0.7039563655853271,1
8027,241.69522094726562,54.67134475708008,38.04434037602512,0.14006806310786526,-2.0419550116986236,-1.61488907746048,2.9353599548339844,1.3706228733062744,337.12982177734375,0.27875736355781555,1
9466,242.1653289794922,55.01249313354492,14.440111287666634,0.14004254002168787,-0.8681631355894218,-0.2677846922281798,1.7493280172348022,1.7479583024978638,190.16561889648438,0.33804789185523987,1
36310,240.8856964111328,55.09329605102539,58.28051290147742,0.14003404229926766,-4.405830880483056,-5.591172593875945,-100.0,-100.0,-100.0,2.158160924911499,6
18812,241.44735717773438,55.409881591796875,44.41381399096914,0.14002995589248596,-2.6705356587878915,-2.389698299699622,2.1651995182037354,0.9151982069015503,64.07818603515625,0.6513930559158325,1
