id_1,ra_1,dec_1,separation_arcmin_1,total_flux_mjy_1,spectral_index_1,spectral_curvature_1,bmaj_1,bmin_1,pa_1,redshift_1,radioclass_1,id_2,ra_2,dec_2,separation_arcmin_2,total_flux_mjy_2,spectral_index_2,spectral_curvature_2,bmaj_2,bmin_2,pa_2,redshift_2,radioclass_2,match_sep_arcsec
4943,242.60736083984375,55.08000564575195,2.089552369312757,290.1678258938788,-0.5976281220661211,-0.0056638323047818,-100.0,-100.0,-100.0,0.2477413862943649,6,4943,242.60736083984375,55.08000564575195,2.089552369312757,226.2676526896046,-0.5955536661941017,-0.0036745041621574,-100.0,-100.0,-100.0,0.2477413862943649,6,0.0
6647,242.1952362060547,54.84638214111328,17.990777839607365,196.21067312446604,-1.0602241917783763,-0.4569020805510287,-100.0,-100.0,-100.0,0.3047273457050323,6,6647,242.1952362060547,54.84638214111328,17.990777839607365,163.50250409776032,-0.8969723099013353,-0.2836175956822703,-100.0,-100.0,-100.0,0.3047273457050323,6,0.0
8395,241.6568603515625,54.83833312988281,34.24210616275931,130.5697346517366,-2.2014373497369037,-2.0866462700062716,-100.0,-100.0,-100.0,0.3727837800979614,4,8395,241.6568603515625,54.83833312988281,34.24210616275931,149.7210769735067,-1.4909860568477349,-1.1769648821670815,-100.0,-100.0,-100.0,0.3727837800979614,4,0.0
3310,243.0017242431641,55.14866256713867,15.655056950588044,105.00342569384384,-1.2152630094064292,-0.3395971034971156,-100.0,-100.0,-100.0,0.1822159439325332,6,3310,243.0017242431641,55.14866256713867,15.655056950588044,76.717081308273,-1.0934982876936994,-0.2123062124244177,-100.0,-100.0,-100.0,0.1822159439325332,6,0.0
15096,242.83018493652344,55.62100982666016,35.3759354109911,104.20219138609714,-3.423396530604172,-2.2832821777795003,-100.0,-100.0,-100.0,0.5429530739784241,6,15096,242.83018493652344,55.62100982666016,35.3759354109911,77.61560249397435,-2.6503670254750467,-1.2736147110243832,-100.0,-100.0,-100.0,0.5429530739784241,6,0.0
27148,242.37388610839844,54.77803039550781,17.7381691599759,100.42705095856536,-1.098436531845161,-0.4432430268270645,-100.0,-100.0,-100.0,1.1765958070755005,6,27148,242.37388610839844,54.77803039550781,17.7381691599759,81.7198465481541,-0.940012448586982,-0.2753825653371899,-100.0,-100.0,-100.0,1.1765958070755005,6,0.0
27192,242.4631805419922,54.73664855957031,19.159832536521336,70.09606200250717,-1.3116860149667902,-0.5236184352457097,-100.0,-100.0,-100.0,1.2343318462371826,6,27192,242.4631805419922,54.73664855957031,19.159832536521336,54.5117361055001,-1.1249559448367632,-0.3237525647467963,-100.0,-100.0,-100.0,1.2343318462371826,6,0.0
18988,242.85855102539065,55.15412139892578,11.449489732209608,68.938474108341,-1.1084641231757508,-0.1769146578857955,-100.0,-100.0,-100.0,0.6930854320526123,6,18988,242.85855102539065,55.15412139892578,11.449489732209608,47.96992080909545,-1.0447107678556966,-0.1116840404526178,-100.0,-100.0,-100.0,0.6930854320526123,6,0.0
37418,243.2599639892578,54.54322814941406,38.37320564327091,35.44725229538205,-3.2528299506483234,-2.89114606262002,-100.0,-100.0,-100.0,2.469733238220215,6,37418,243.2599639892578,54.54322814941406,38.37320564327091,36.32033633129207,-2.2905689437905936,-1.5594511989124464,-100.0,-100.0,-100.0,2.469733238220215,6,0.0
18987,243.2344970703125,55.29814910888672,26.946985258937055,27.66826239935765,-2.0707852882538145,-1.135493793305162,-100.0,-100.0,-100.0,0.7246481776237488,6,18987,243.2344970703125,55.29814910888672,26.946985258937055,21.532355978915906,-1.6732593741802555,-0.6768100769085458,-100.0,-100.0,-100.0,0.7246481776237488,6,0.0
20076,242.7466278076172,55.574913024902344,32.07412021429563,27.23980548462715,-2.4181823086858825,-1.7525438285741164,-100.0,-100.0,-100.0,0.7749364972114563,5,20076,242.7466278076172,55.574913024902344,32.07412021429563,24.5700221520332,-1.8156968427740765,-1.0075439820142054,-100.0,-100.0,-100.0,0.7749364972114563,5,0.0
17813,242.47361755371097,55.03286361694336,3.7947117839379736,25.176686424994397,-0.7915332444904866,-0.0189042617377369,-100.0,-100.0,-100.0,0.6295462846755981,6,17813,242.47361755371097,55.03286361694336,3.7947117839379736,18.23427542669395,-0.7846763142859219,-0.0120651381088864,-100.0,-100.0,-100.0,0.6295462846755981,6,0.0
24976,242.2902374267578,54.81199645996094,17.37600524952061,25.00572142411579,-1.443198241440243,-0.4239592987546039,-100.0,-100.0,-100.0,1.0358803272247314,6,24976,242.2902374267578,54.81199645996094,17.37600524952061,17.404551801580475,-1.2915513930524376,-0.2637650715877103,-100.0,-100.0,-100.0,1.0358803272247314,6,0.0
36282,242.62254333496097,55.3016357421875,15.239957362008976,23.675029389499883,-0.7800778971648406,-0.3208470779169216,-100.0,-100.0,-100.0,2.247563362121582,6,36282,242.62254333496097,55.3016357421875,15.239957362008976,20.56361766783539,-0.6649634529314395,-0.2007802516774649,-100.0,-100.0,-100.0,2.247563362121582,6,0.0
27146,242.49949645996097,54.60884094238281,26.54398932802951,22.032566590757796,-1.8313587780063756,-1.0953228071786698,-100.0,-100.0,-100.0,1.286584734916687,6,27146,242.49949645996097,54.60884094238281,26.54398932802951,18.592280376663737,-1.4474061198602437,-0.6544717641704905,-100.0,-100.0,-100.0,1.286584734916687,6,0.0
24796,243.0059356689453,55.13331985473633,15.465409874531744,21.161407732178677,-0.8516111815006681,-0.3309381587334071,-100.0,-100.0,-100.0,1.0349857807159424,6,24796,243.0059356689453,55.13331985473633,15.465409874531744,17.936780952267608,-0.732910599589035,-0.2070324982675811,-100.0,-100.0,-100.0,1.0349857807159424,6,0.0
30746,242.83657836914065,55.25006103515625,14.932400193902868,19.851632083649488,-0.8751810440732295,-0.307376642850585,-100.0,-100.0,-100.0,1.513558268547058,6,30746,242.83657836914065,55.25006103515625,14.932400193902868,16.43725052184634,-0.7648619551544787,-0.1925441559700885,-100.0,-100.0,-100.0,1.513558268547058,6,0.0
33060,243.00534057617188,55.28142929077149,20.17223560286553,19.429889101755982,-1.3664813379343257,-0.5861175193081596,-100.0,-100.0,-100.0,1.8412684202194216,6,33060,243.00534057617188,55.28142929077149,20.17223560286553,15.2794635214054,-1.1578707954789351,-0.3610509092056903,-100.0,-100.0,-100.0,1.8412684202194216,6,0.0
23170,241.79042053222656,54.77656936645508,31.767205640062063,18.77926649798287,-2.2294839671125737,-1.7091859881433182,-100.0,-100.0,-100.0,0.8934860825538635,6,23170,241.79042053222656,54.77656936645508,31.767205640062063,17.983384959783542,-1.6411479137189044,-0.9851043539268484,-100.0,-100.0,-100.0,0.8934860825538635,6,0.0
28463,242.1083526611328,54.665470123291016,28.191473398429466,18.211212891054764,-1.7097891283635755,-1.2662275058667936,-100.0,-100.0,-100.0,1.470903992652893,6,28463,242.1083526611328,54.665470123291016,28.191473398429466,17.607265426240133,-1.2681990125292633,-0.7489074914071621,-100.0,-100.0,-100.0,1.470903992652893,6,0.0
32919,242.67141723632812,54.32341384887695,43.6359944019451,17.526574258909193,-3.778470163163784,-4.39182492776328,-100.0,-100.0,-100.0,1.7619704008102417,6,32919,242.67141723632812,54.32341384887695,43.6359944019451,24.623219772022416,-2.3737545470606145,-2.191246469773791,-100.0,-100.0,-100.0,1.7619704008102417,6,0.0
30702,241.51303100585935,55.355247497558594,40.91374101072274,17.330337846563268,-3.6276542334536694,-3.5320439618021657,-100.0,-100.0,-100.0,1.53437602519989,6,30702,241.51303100585935,55.355247497558594,40.91374101072274,19.28729516905496,-2.4723712741760897,-1.8412109895407045,-100.0,-100.0,-100.0,1.53437602519989,6,0.0
34636,241.9446258544922,55.41895294189453,31.08884301208332,17.29880020526278,-1.919410364656286,-1.6166540146543875,-100.0,-100.0,-100.0,1.9183622598648071,4,34636,241.9446258544922,55.41895294189453,31.08884301208332,18.09252941044494,-1.361418419596744,-0.9368237384285996,-100.0,-100.0,-100.0,1.9183622598648071,4,0.0
17786,241.6419982910156,54.777976989746094,36.21490280343278,16.249660013727418,-2.6547390492365923,-2.439727293424702,-100.0,-100.0,-100.0,0.631221354007721,6,17786,241.6419982910156,54.777976989746094,36.21490280343278,17.87334076479909,-1.8324076793456472,-1.3490183964777458,-100.0,-100.0,-100.0,0.631221354007721,6,0.0
32885,243.12892150878903,55.46460723876953,31.21247957053843,15.589831437800878,-2.0917912168906247,-1.6332513283682346,-100.0,-100.0,-100.0,1.7637819051742554,6,32885,243.12892150878903,55.46460723876953,31.21247957053843,15.277949166283744,-1.528362931527386,-0.9454942973315004,-100.0,-100.0,-100.0,1.7637819051742554,6,0.0
30872,242.50787353515625,55.3974494934082,21.067258900114833,14.964901029179517,-1.3841180857223865,-0.6451225767932379,-100.0,-100.0,-100.0,1.6665430068969729,6,30872,242.50787353515625,55.3974494934082,21.067258900114833,12.061423057785028,-1.1549112497219898,-0.395952582240734,-100.0,-100.0,-100.0,1.6665430068969729,6,0.0
16590,242.8090057373047,55.34782409667969,19.57563347154594,13.60854209651928,-0.9563201444671442,-0.5487823455376694,-100.0,-100.0,-100.0,0.60126131772995,6,16590,242.8090057373047,55.34782409667969,19.57563347154594,12.466352102952598,-0.7607819622226261,-0.3387795889881299,-100.0,-100.0,-100.0,0.60126131772995,6,0.0
21247,241.9351501464844,55.21109771728515,24.183228851457052,13.602520990467012,-1.025299671993971,-0.8810468720331319,-100.0,-100.0,-100.0,0.8235347270965576,6,21247,241.9351501464844,55.21109771728515,24.183228851457052,14.4546702072808,-0.7145091965095819,-0.533109326273462,-100.0,-100.0,-100.0,0.8235347270965576,6,0.0
22085,242.1072998046875,55.03593444824219,16.284059692253773,12.92447440189636,-1.044785605493194,-0.3692080760704591,-100.0,-100.0,-100.0,0.8667441010475159,6,22085,242.1072998046875,55.03593444824219,16.284059692253773,10.318904085124798,-0.9125343064410282,-0.2303867106654923,-100.0,-100.0,-100.0,0.8667441010475159,6,0.0
32730,242.66189575195312,55.40290451049805,21.42970398142847,12.368054002963488,-1.354292848191855,-0.6701466917661438,-100.0,-100.0,-100.0,1.705154538154602,4,32730,242.66189575195312,55.40290451049805,21.42970398142847,10.231428757217827,-1.1164016022677528,-0.4106748435034774,-100.0,-100.0,-100.0,1.705154538154602,4,0.0
11973,242.66030883789065,55.51397705078125,28.045121891904877,12.334966333130756,-1.6962029564007806,-1.25023538572515,-100.0,-100.0,-100.0,0.444547176361084,6,11973,242.66030883789065,55.51397705078125,28.045121891904877,11.90107006282497,-1.2599693273361996,-0.7401448819330327,-100.0,-100.0,-100.0,0.444547176361084,6,0.0
32725,242.1374969482422,54.53439712524414,34.457090380006434,9.444125469365606,-1.9641673057721112,-2.12271170064639,-100.0,-100.0,-100.0,1.7894269227981567,4,32725,242.1374969482422,54.53439712524414,34.457090380006434,12.158118009242148,-1.2421934559018992,-1.1948373967489307,-100.0,-100.0,-100.0,1.7894269227981567,4,0.0
146,243.0290985107422,55.21661376953125,18.391129039319992,9.34848548026878,-1.0235495177005902,-0.5729106967287778,19.953577041625977,4.398859977722168,309.50469970703125,0.023954939097166,1,146,243.0290985107422,55.21661376953125,18.391129039319992,7.878728286048971,-0.9304362075650744,-0.3877613221771148,19.953577041625977,4.398859977722168,309.50469970703125,0.023954939097166,1,0.0
24865,241.83132934570312,55.21989059448242,27.669163978601805,8.802912155130603,-1.8566124883070827,-1.2099659123562332,-100.0,-100.0,-100.0,0.9980069398880004,6,24865,241.83132934570312,55.21989059448242,27.669163978601805,7.781609818770324,-1.4339198861851876,-0.7180921136749028,-100.0,-100.0,-100.0,0.9980069398880004,6,0.0
13616,243.3288726806641,55.0471076965332,25.726163012726825,8.705593559453918,-1.4554302516222395,-1.0172617874876508,-100.0,-100.0,-100.0,0.4992435276508331,6,13616,243.3288726806641,55.0471076965332,25.726163012726825,8.275731506341895,-1.0980233699787216,-0.6106052986305843,-100.0,-100.0,-100.0,0.4992435276508331,6,0.0
3271,241.6066131591797,55.00300598144531,33.60446357302345,8.518897020024829,-2.299407037361767,-2.0792681875440095,7.292745590209961,6.665802001953125,107.47470092773438,0.1604030579328537,1,3271,241.6066131591797,55.00300598144531,33.60446357302345,8.805969184749134,-1.702710455662993,-1.2194368216125837,7.292745590209961,6.665802001953125,107.47470092773438,0.1604030579328537,1,0.0
13632,241.65866088867188,54.918739318847656,32.68036692170676,8.494295821889086,-2.427512921311494,-1.8408904214743675,-100.0,-100.0,-100.0,0.4780101478099823,6,13632,241.65866088867188,54.918739318847656,32.68036692170676,7.942815101013672,-1.7962834659435956,-1.0529622800498786,-100.0,-100.0,-100.0,0.4780101478099823,6,0.0
34813,241.7617645263672,55.2121696472168,29.744590377269603,7.589434106222465,-2.06609631316522,-1.445527456630329,-100.0,-100.0,-100.0,1.9241093397140503,6,34813,241.7617645263672,55.2121696472168,29.744590377269603,6.884225641609926,-1.564655349501757,-0.8460205418635062,-100.0,-100.0,-100.0,1.9241093397140503,6,0.0
36362,242.9815216064453,55.420188903808594,26.170613131438653,6.943374326927731,-1.983286376765428,-1.059210868491021,-100.0,-100.0,-100.0,2.105963706970215,6,36362,242.9815216064453,55.420188903808594,26.170613131438653,5.396006480225924,-1.6116160022366277,-0.6341679674800338,-100.0,-100.0,-100.0,2.105963706970215,6,0.0
23073,242.9542236328125,54.86662292480469,16.889792903353143,6.829580453605769,-0.7690440193264041,-0.3990244238777721,-100.0,-100.0,-100.0,0.9149507284164428,6,23073,242.9542236328125,54.86662292480469,16.889792903353143,6.229784102033497,-0.6262223084466177,-0.2486043725228835,-100.0,-100.0,-100.0,0.9149507284164428,6,0.0
26683,241.99411010742188,54.723106384277344,28.129980728062566,6.821040098173374,-1.623299040452321,-1.2594845858176826,-100.0,-100.0,-100.0,1.22602641582489,4,26683,241.99411010742188,54.723106384277344,28.129980728062566,6.817501636372658,-1.1839640732813188,-0.7452679177605318,-100.0,-100.0,-100.0,1.22602641582489,4,0.0
40019,242.343505859375,55.535404205322266,30.298888096809772,6.799972601874088,-2.154824113447869,-1.514183076440133,-100.0,-100.0,-100.0,3.9581823348999023,4,40019,242.343505859375,55.535404205322266,30.298888096809772,6.137975254520197,-1.630623087656778,-0.882611180417642,-100.0,-100.0,-100.0,3.9581823348999023,4,0.0
34848,241.48777770996097,55.2475700378418,39.317011860759315,6.698792590296005,-3.0493195260593646,-3.113885013434993,-100.0,-100.0,-100.0,1.9191807508468628,6,34848,241.48777770996097,55.2475700378418,39.317011860759315,8.149384996362482,-2.019255783961974,-1.6594673269460003,-100.0,-100.0,-100.0,1.9191807508468628,6,0.0
21221,242.916748046875,55.2263069152832,15.700148935702137,6.464291682101167,-0.8292633859809222,-0.3416798208891259,-100.0,-100.0,-100.0,0.7754199504852295,6,21221,242.916748046875,55.2263069152832,15.700148935702137,5.564978142698782,-0.7067631568606106,-0.2135240920147741,-100.0,-100.0,-100.0,0.7754199504852295,6,0.0
26815,243.19712829589844,55.457393646240234,32.33894434263087,6.122405548095547,-3.109810084115567,-1.7906757554751005,-100.0,-100.0,-100.0,1.234752893447876,6,26815,243.19712829589844,55.457393646240234,32.33894434263087,4.196498488064427,-2.494900123566243,-1.0272282318410058,-100.0,-100.0,-100.0,1.234752893447876,6,0.0
3265,242.46633911132812,54.90523147583008,9.466613920477258,5.831773701586254,-0.7085715205815267,-0.2150624159841078,6.99370813369751,6.286972522735596,103.09673309326172,0.1348163485527038,1,3265,242.46633911132812,54.90523147583008,9.466613920477258,4.567775161221895,-0.7447604303070885,-0.1688263208587539,6.99370813369751,6.286972522735596,103.09673309326172,0.1348163485527038,1,0.0
33022,242.0828857421875,55.041751861572266,17.109077233410083,5.745806091096329,-0.9383210380849404,-0.4101407498458454,-100.0,-100.0,-100.0,1.852216362953186,6,33022,242.0828857421875,55.041751861572266,17.109077233410083,4.9105687808188065,-0.7915574796606304,-0.2552646844809458,-100.0,-100.0,-100.0,1.852216362953186,6,0.0
137,242.67088317871097,55.325077056884766,16.864980076186164,5.6084086467736975,-0.9471435902440268,-0.4913039622253163,16.919248580932617,16.418981552124023,86.82992553710938,0.0209635589271783,1,137,242.67088317871097,55.325077056884766,16.864980076186164,4.664565547168647,-0.8824718264258432,-0.3381847574084983,16.919248580932617,16.418981552124023,86.82992553710938,0.0209635589271783,1,0.0
11961,242.9079132080078,55.04311752319336,11.261932761824893,5.4498297381898135,-1.0578985536277543,-0.1710403542846536,-100.0,-100.0,-100.0,0.4416484832763672,6,11961,242.9079132080078,55.04311752319336,11.261932761824893,3.8605895122089575,-0.9962650393210272,-0.1080458625369071,-100.0,-100.0,-100.0,0.4416484832763672,6,0.0
24940,242.9464569091797,54.53227996826172,33.4766140093161,5.262257558960175,-2.495541452575765,-1.9627734867807465,-100.0,-100.0,-100.0,1.0092800855636597,6,24940,242.9464569091797,54.53227996826172,33.4766140093161,5.048295070684873,-1.824884308163806,-1.1148812983155654,-100.0,-100.0,-100.0,1.0092800855636597,6,0.0
34814,242.78536987304688,55.65622329711914,37.11105105535778,5.099020020334715,-2.7320145487924017,-2.6180997381110256,-100.0,-100.0,-100.0,1.99244487285614,6,34814,242.78536987304688,55.65622329711914,37.11105105535778,5.839544728701185,-1.8539823335551664,-1.4334549962511538,-100.0,-100.0,-100.0,1.99244487285614,6,0.0
26727,242.84213256835935,54.659912109375,25.02140112318324,4.989024261855103,-1.301636601158056,-0.953311875939093,-100.0,-100.0,-100.0,1.133349895477295,5,26727,242.84213256835935,54.659912109375,25.02140112318324,4.897738261991115,-0.9660686011610792,-0.5743659210237896,-100.0,-100.0,-100.0,1.133349895477295,5,0.0
28688,242.0934295654297,55.642208099365234,39.29175911905268,4.664680059726176,-3.5627844322018776,-3.1076647206353973,-100.0,-100.0,-100.0,1.3331308364868164,6,28688,242.0934295654297,55.642208099365234,39.29175911905268,4.558555014895692,-2.5345917894737875,-1.6567605637045066,-100.0,-100.0,-100.0,1.3331308364868164,6,0.0
28259,242.9826202392578,54.52364730834961,34.44328974390428,4.415459665120863,-2.052371956194148,-2.1203739811628437,-100.0,-100.0,-100.0,1.4668450355529783,5,28259,242.9826202392578,54.52364730834961,34.44328974390428,5.471140948993301,-1.331143804172485,-1.1937302702392238,-100.0,-100.0,-100.0,1.4668450355529783,5,0.0
38910,243.0325164794922,54.71710968017578,25.287691949502452,4.218468931190577,-1.6113388219584026,-0.9771056705368788,-100.0,-100.0,-100.0,2.865488290786743,6,38910,243.0325164794922,54.71710968017578,25.287691949502452,3.678624458790511,-1.2676283050583153,-0.5879401762051221,-100.0,-100.0,-100.0,2.865488290786743,6,0.0
4909,242.6452789306641,54.700050354003906,21.04296199885914,4.191962789425106,-1.0886584294907875,-0.6434842574485595,-100.0,-100.0,-100.0,0.2704558372497558,6,4909,242.6452789306641,54.700050354003906,21.04296199885914,3.823874618800431,-0.8600264418532495,-0.394951569734504,-100.0,-100.0,-100.0,0.2704558372497558,6,0.0
23112,243.5296936035156,55.419639587402344,39.36823523859509,4.074059219196354,-3.1536723916079263,-3.1264157146067815,-100.0,-100.0,-100.0,0.8943191766738892,6,23112,243.5296936035156,55.419639587402344,39.36823523859509,4.765467205314264,-2.1198031635433527,-1.6650655999458135,-100.0,-100.0,-100.0,0.8943191766738892,6,0.0
692,242.57861328125,54.85701370239258,11.505960000798156,4.065028529409736,-0.7451967285971761,-0.2728805817813833,7.929995536804199,4.533761978149414,162.0701446533203,0.0609661675989627,1,692,242.57861328125,54.85701370239258,11.505960000798156,3.246336183185141,-0.7590858895174438,-0.2040222806291708,7.929995536804199,4.533761978149414,162.0701446533203,0.0609661675989627,1,0.0
34843,242.6628265380859,54.816162109375,14.24288591368599,4.058241467461986,-1.1032775428241768,-0.2783627039898412,-100.0,-100.0,-100.0,1.99694299697876,6,34843,242.6628265380859,54.816162109375,14.24288591368599,3.001488236233439,-1.003291014204403,-0.1746739183365569,-100.0,-100.0,-100.0,1.99694299697876,6,0.0
38918,242.5049743652344,54.3582763671875,41.5125538070765,4.0138004729436325,-3.295478144684514,-3.703932200018574,-100.0,-100.0,-100.0,2.841822624206543,6,38918,242.5049743652344,54.3582763671875,41.5125538070765,5.46559097534383,-2.0894897266723724,-1.9135531647294264,-100.0,-100.0,-100.0,2.841822624206543,6,0.0
32953,242.78594970703125,54.653812408447266,24.738178771218195,3.9984874214910326,-1.2949849501168953,-0.9283837251425048,-100.0,-100.0,-100.0,1.8752702474594116,6,32953,242.78594970703125,54.653812408447266,24.738178771218195,3.88622949538012,-0.9679322340805492,-0.5601652951074237,-100.0,-100.0,-100.0,1.8752702474594116,6,0.0
714,242.6262969970703,55.67396545410156,37.54389712276355,3.9443982383150296,-2.793203511375473,-2.8035068312755467,5.202088356018066,5.166098594665527,157.7670135498047,0.0615099519491195,1,714,242.6262969970703,55.67396545410156,37.54389712276355,4.48969635965396,-1.9660117285532728,-1.567774056962446,5.202088356018066,5.166098594665527,157.7670135498047,0.0615099519491195,1,0.0
694,243.1689910888672,54.903114318847656,22.070816198995804,3.8991351703939023,-1.2453788324154929,-0.8099700196471263,26.564895629882812,6.331520080566406,146.18699645996094,0.0358537100255489,1,694,243.1689910888672,54.903114318847656,22.070816198995804,3.403916138654219,-1.070021573062351,-0.5288475410768387,26.564895629882812,6.331520080566406,146.18699645996094,0.0358537100255489,1,0.0
37504,242.64695739746097,54.422237396240234,37.66290639660521,3.8621651600394578,-3.2576121291882845,-2.734198443625315,-100.0,-100.0,-100.0,2.4702467918395996,6,37504,242.64695739746097,54.422237396240234,37.66290639660521,3.7122153267101536,-2.34361708629765,-1.4874163999968937,-100.0,-100.0,-100.0,2.4702467918395996,6,0.0
38935,241.9353790283203,54.399600982666016,44.90785984842827,3.6618137449819863,-4.247923872282443,-4.872836847194125,-100.0,-100.0,-100.0,2.7302677631378174,6,38935,241.9353790283203,54.399600982666016,44.90785984842827,4.925634027378639,-2.708003578229555,-2.374731365676183,-100.0,-100.0,-100.0,2.7302677631378174,6,0.0
23140,242.0013732910156,54.87123107910156,22.61442267961973,3.633864022847336,-1.526756824534903,-0.7561096880680983,-100.0,-100.0,-100.0,0.9217777848243712,6,23140,242.0013732910156,54.87123107910156,22.61442267961973,2.926528322994461,-1.259033095323744,-0.4609778100499252,-100.0,-100.0,-100.0,0.9217777848243712,6,0.0
10200,241.69647216796875,55.58904266357422,44.28902346296033,3.519305027093669,-4.024029803073435,-4.7281013910597744,11.692800521850586,4.94704008102417,230.30279541015625,0.3679982125759125,1,10200,241.69647216796875,55.58904266357422,44.28902346296033,4.737541488165072,-2.6323188526043397,-2.37848200397472,11.692800521850586,4.94704008102417,230.30279541015625,0.3679982125759125,1,0.0
24862,241.9124755859375,55.14828872680664,23.695805347640523,3.5009806762411513,-1.423715506417092,-0.8407902465137714,-100.0,-100.0,-100.0,1.0187928676605225,6,24862,241.9124755859375,55.14828872680664,23.695805347640523,3.079254736130269,-1.126757301808088,-0.5099667982539853,-100.0,-100.0,-100.0,1.0187928676605225,6,0.0
16536,243.1558837890625,54.59544372558594,33.69694968561494,3.476870427808602,-2.369587376983715,-2.0936755533989984,4.646632194519043,3.745859384536743,28.103199005126953,0.5547724366188049,1,16536,243.1558837890625,54.59544372558594,33.69694968561494,3.5121056665476753,-1.767793783262963,-1.226278093514298,4.646632194519043,3.745859384536743,28.103199005126953,0.5547724366188049,1,0.0
17750,242.51028442382812,54.82915115356445,13.397576331691576,3.4170426581529503,-0.8962137110436155,-0.3401008153856735,5.965573787689209,4.310021877288818,272.7128601074219,0.6180489659309387,1,17750,242.51028442382812,54.82915115356445,13.397576331691576,2.6603559688981857,-0.8874227109790873,-0.2465163458442282,5.965573787689209,4.310021877288818,272.7128601074219,0.6180489659309387,1,0.0
18919,243.17898559570312,55.207618713378906,22.63665434799514,3.4163606965391464,-1.9747784631321932,-0.7577361112315756,-100.0,-100.0,-100.0,0.6878537535667419,6,18919,243.17898559570312,55.207618713378906,22.63665434799514,2.2794270531980048,-1.7064763741774882,-0.4619534985615123,-100.0,-100.0,-100.0,0.6878537535667419,6,0.0
16589,242.56495666503903,55.811038970947266,45.738767587399906,3.301694739141983,-4.759819496164505,-5.220448143376914,-100.0,-100.0,-100.0,0.6189624667167664,6,16589,242.56495666503903,55.811038970947266,45.738767587399906,3.983639336889132,-3.1240003325920433,-2.5023450933911215,-100.0,-100.0,-100.0,0.6189624667167664,6,0.0
17836,242.71766662597656,54.79154586791992,16.14293235157607,3.3009845781115006,-1.3883301702684308,-0.3624222995477466,-100.0,-100.0,-100.0,0.6389248371124268,6,17836,242.71766662597656,54.79154586791992,16.14293235157607,2.2711171866589908,-1.258474861571302,-0.2262391377914024,-100.0,-100.0,-100.0,0.6389248371124268,6,0.0
705,243.51104736328125,55.018760681152344,32.049785147379765,3.292981469589738,-2.100069741658862,-1.8433816072383509,12.013238906860352,8.14761734008789,188.66323852539065,0.0493837259709835,1,705,243.51104736328125,55.018760681152344,32.049785147379765,3.3355805502097686,-1.5772702045526483,-1.0973557374879048,12.013238906860352,8.14761734008789,188.66323852539065,0.0493837259709835,1,0.0
39630,242.46221923828125,54.82477951049805,14.044042733063105,3.244220677844213,-1.1957919005612387,-0.2703150346832574,-100.0,-100.0,-100.0,3.274622917175293,6,39630,242.46221923828125,54.82477951049805,14.044042733063105,2.2968788520998773,-1.098680175453469,-0.169710644267198,-100.0,-100.0,-100.0,3.274622917175293,6,0.0
24794,242.7017059326172,55.58081817626953,32.18985423453444,3.2364022627266418,-2.0499312647297914,-1.7691256229597183,-100.0,-100.0,-100.0,1.0195574760437012,6,24794,242.7017059326172,55.58081817626953,32.18985423453444,3.4357916931928956,-1.4420427126983368,-1.0161466961659178,-100.0,-100.0,-100.0,1.0195574760437012,6,0.0
39280,243.1885681152344,54.85713577270508,23.900472112744055,3.137241530962406,-1.623366344792329,-0.948757775176545,2.2290844917297363,1.767639398574829,136.5545654296875,2.748364210128784,3,39280,243.1885681152344,54.85713577270508,23.900472112744055,2.5180606955528844,-1.395717011742898,-0.6058138749467799,2.2290844917297363,1.767639398574829,136.5545654296875,2.748364210128784,3,0.0
4883,242.3468780517578,55.20884323120117,12.507278171491556,3.1086476362983397,-0.8066127913401524,-0.3073125234715263,9.749887466430664,8.630071640014648,226.99411010742188,0.1820078492164611,1,4883,242.3468780517578,55.20884323120117,12.507278171491556,2.4665236305741653,-0.8093408201900624,-0.2262068906268803,9.749887466430664,8.630071640014648,226.99411010742188,0.1820078492164611,1,0.0
34925,243.17393493652344,54.52781295776367,37.39797663723033,3.108420687543877,-3.0744201060681213,-2.6777817907024457,-100.0,-100.0,-100.0,2.0672249794006348,6,34925,243.17393493652344,54.52781295776367,37.39797663723033,3.155953586982539,-2.1778540916736313,-1.4612632389118256,-100.0,-100.0,-100.0,2.0672249794006348,6,0.0
1804,243.47869873046875,54.79153060913086,34.60681953687141,3.070859726074898,-2.409217773112547,-2.243122552177288,7.76240348815918,3.3083131313323975,301.22125244140625,0.0854158997535705,1,1804,243.47869873046875,54.79153060913086,34.60681953687141,3.257413743938792,-1.7583533790310366,-1.2999508172363128,7.76240348815918,3.3083131313323975,301.22125244140625,0.0854158997535705,1,0.0
28354,243.2523193359375,55.4205322265625,32.02978666048378,3.055397558960515,-1.995721303661804,-1.7462119875622537,-100.0,-100.0,-100.0,1.4340310096740725,6,28354,243.2523193359375,55.4205322265625,32.02978666048378,3.2843137002046214,-1.395295714002801,-1.0042311511322028,-100.0,-100.0,-100.0,1.4340310096740725,6,0.0
30977,242.2358856201172,55.59693145751953,34.92915881104046,2.9865675619427265,-2.533014402439744,-2.203897624865655,-100.0,-100.0,-100.0,1.6476694345474243,6,30977,242.2358856201172,55.59693145751953,34.92915881104046,3.1315995461323674,-1.7851810975337647,-1.2347843995941037,-100.0,-100.0,-100.0,1.6476694345474243,6,0.0
701,242.3197326660156,55.56865310668945,32.43821430711907,2.8095974601047113,-2.1425945530116133,-1.899313255389196,7.33729887008667,5.904891014099121,43.22544860839844,0.0730555355548858,1,701,242.3197326660156,55.56865310668945,32.43821430711907,2.867432744264051,-1.6013764036456606,-1.1259769735100698,7.33729887008667,5.904891014099121,43.22544860839844,0.0730555355548858,1,0.0
39388,242.1872406005859,55.11157989501953,14.02069257262227,2.792603381101568,-0.7717291032505009,-0.26929788264028,-100.0,-100.0,-100.0,2.916346311569214,6,39388,242.1872406005859,55.11157989501953,14.02069257262227,2.363306600486254,-0.6749529184281566,-0.1690713176546986,-100.0,-100.0,-100.0,2.916346311569214,6,0.0
21130,242.6642608642578,55.31108093261719,15.998072351387824,2.743215104577783,-1.5770267757144152,-0.3555394185489767,-100.0,-100.0,-100.0,0.7793638110160828,6,21130,242.6642608642578,55.31108093261719,15.998072351387824,1.7361334629935186,-1.449605102244122,-0.2220727498267313,-100.0,-100.0,-100.0,0.7793638110160828,6,0.0
8450,242.47003173828125,55.15025329589844,7.172000728044683,2.738481153758454,-0.5031425546662726,-0.0682171172949696,-100.0,-100.0,-100.0,0.3649285435676574,6,8450,242.47003173828125,55.15025329589844,7.172000728044683,2.307083962480609,-0.4784892068818003,-0.043267776548328,-100.0,-100.0,-100.0,0.3649285435676574,6,0.0
12058,242.34518432617188,55.43833923339844,24.720159047186407,2.6885734436949473,-1.7306623800643566,-0.9268528361604028,-100.0,-100.0,-100.0,0.4342970848083496,6,12058,242.34518432617188,55.43833923339844,24.720159047186407,2.17248417300806,-1.404148382243839,-0.5593539159960822,-100.0,-100.0,-100.0,0.4342970848083496,6,0.0
132,241.8871307373047,55.16033172607422,24.721083697085177,2.6634492730071253,-1.4225059902162975,-1.0201558182214312,13.0743408203125,10.520180702209473,83.89632415771484,0.0186002254486084,1,132,241.8871307373047,55.16033172607422,24.721083697085177,2.411245691282236,-1.173326500137459,-0.6493195851131192,13.0743408203125,10.520180702209473,83.89632415771484,0.0186002254486084,1,0.0
27035,242.1597900390625,54.564674377441406,32.484815911113444,2.5608165897929185,-2.114381473970119,-1.8119449321791277,-100.0,-100.0,-100.0,1.2689969539642334,6,27035,242.1597900390625,54.564674377441406,32.484815911113444,2.697481533986988,-1.4925403741504917,-1.0382337392947512,-100.0,-100.0,-100.0,1.2689969539642334,6,0.0
30698,241.9204559326172,54.43805313110352,43.187970717730394,2.558561692805095,-3.708918998211257,-4.235462700825537,-100.0,-100.0,-100.0,1.6594904661178589,6,30698,241.9204559326172,54.43805313110352,43.187970717730394,3.514419041156953,-2.348779309987459,-2.1297091918601643,-100.0,-100.0,-100.0,1.6594904661178589,6,0.0
17918,241.6495361328125,54.62184524536133,41.12075388567052,2.53030333426714,-3.5150465493547305,-3.5904800240892927,-100.0,-100.0,-100.0,0.6438979506492615,6,17918,241.6495361328125,54.62184524536133,41.12075388567052,3.015937435412363,-2.3424799370370963,-1.865926957297358,-100.0,-100.0,-100.0,0.6438979506492615,6,0.0
139,242.8240203857422,54.46443939208984,36.060203499974946,2.484804089260106,-2.578268083989278,-2.5037079549587133,7.098728179931641,7.071497440338135,29.89208221435547,0.0250796657055616,1,139,242.8240203857422,54.46443939208984,36.060203499974946,2.7426688001454984,-1.842993045626673,-1.4253103527049429,7.098728179931641,7.071497440338135,29.89208221435547,0.0250796657055616,1,0.0
34645,243.57720947265625,55.2818717956543,36.91335763493838,2.404494404945611,-2.8889498987180384,-2.577749680275746,-100.0,-100.0,-100.0,2.064606189727783,4,34645,243.57720947265625,55.2818717956543,36.91335763493838,2.535365145939135,-2.0234871430665997,-1.41448492912877,-100.0,-100.0,-100.0,2.064606189727783,4,0.0
1772,242.30712890625,55.3117561340332,18.347939044563713,2.378836555066676,-1.0377386105481867,-0.5710646447166581,5.670274257659912,4.212226390838623,15.284042358398438,0.0917437225580215,1,1772,242.30712890625,55.3117561340332,18.347939044563713,1.989962448368625,-0.946029660599718,-0.3870559491748824,5.670274257659912,4.212226390838623,15.284042358398438,0.0917437225580215,1,0.0
698,242.57681274414065,55.66338348388672,36.876607629131634,2.365982845479878,-2.697480291935519,-2.6646130157592154,6.81937837600708,6.4765825271606445,279.8455505371094,0.0685200616717338,1,698,242.57681274414065,55.66338348388672,36.876607629131634,2.651994531294102,-1.91286472200501,-1.50246911027933,6.81937837600708,6.4765825271606445,279.8455505371094,0.0685200616717338,1,0.0
1801,242.9126739501953,55.60789489746094,35.41172908417481,2.3440346726692236,-2.5108330385976663,-2.384557132707422,14.062546730041504,5.023801803588867,222.45803833007812,0.093954287469387,1,1801,242.9126739501953,55.60789489746094,35.41172908417481,2.530455927721283,-1.8147428544958333,-1.3689902093993034,14.062546730041504,5.023801803588867,222.45803833007812,0.093954287469387,1,0.0
10244,241.5593719482422,54.90469741821289,36.2069058238828,2.342666636450389,-3.331772315825311,-2.438238880090957,-100.0,-100.0,-100.0,0.4067182540893554,6,10244,241.5593719482422,54.90469741821289,36.2069058238828,1.935154417837477,-2.5099238301606555,-1.3482374987469143,-100.0,-100.0,-100.0,0.4067182540893554,6,0.0
23143,243.7207794189453,54.934539794921875,39.84581984119849,2.3185730416707715,-3.269457393687361,-3.246292134881164,-100.0,-100.0,-100.0,0.9220457673072816,6,23143,243.7207794189453,54.934539794921875,39.84581984119849,2.7020060931234684,-2.1994507546864313,-1.7178050866334338,-100.0,-100.0,-100.0,0.9220457673072816,6,0.0
4874,242.4240570068359,54.97257614135742,7.060720976748588,2.2948943759040996,-0.6626006766080755,-0.1606479686676343,7.729146480560303,6.168426990509033,203.7808532714844,0.204584002494812,1,4874,242.4240570068359,54.97257614135742,7.060720976748588,1.775378363132888,-0.7174638851918502,-0.1338462596071612,7.729146480560303,6.168426990509033,203.7808532714844,0.204584002494812,1,0.0
15213,243.02749633789065,55.10721206665039,15.750379760883495,2.278807764203169,-1.4524181511514458,-0.3439329433425409,-100.0,-100.0,-100.0,0.5304008722305298,6,15213,243.02749633789065,55.10721206665039,15.750379760883495,1.510138933874368,-1.3290955276885348,-0.2149266039768497,-100.0,-100.0,-100.0,0.5304008722305298,6,0.0
15062,243.12612915039065,54.97365951538086,19.307649668720224,2.2748011958590437,-1.153073436587387,-0.6274751638218414,4.289981842041016,4.279863357543945,77.57274627685547,0.5143028497695923,1,15062,243.12612915039065,54.97365951538086,19.307649668720224,1.869118050751797,-1.042414507727246,-0.4214630301128848,4.289981842041016,4.279863357543945,77.57274627685547,0.5143028497695923,1,0.0
38307,242.7193603515625,55.569637298583984,31.60960706396863,2.2692810491649222,-2.376078438422933,-1.6872971648692718,-100.0,-100.0,-100.0,2.6351912021636963,6,38307,242.7193603515625,55.569637298583984,31.60960706396863,2.0223357524296564,-1.794903600162714,-0.9736994689584682,-100.0,-100.0,-100.0,2.6351912021636963,6,0.0
30873,241.5792999267578,55.5308723449707,44.79489521987961,2.2491287009441594,-3.766098099511885,-4.827762035022292,-100.0,-100.0,-100.0,1.6035279035568235,6,30873,241.5792999267578,55.5308723449707,44.79489521987961,3.6552830075773737,-2.2387362821155667,-2.35784813479274,-100.0,-100.0,-100.0,1.6035279035568235,6,0.0
22188,242.5667266845703,54.64826965332031,24.035101217815814,2.225658566296028,-1.7287470852851416,-0.8686284900822233,-100.0,-100.0,-100.0,0.8387218117713928,6,22188,242.5667266845703,54.64826965332031,24.035101217815814,1.7463494357577238,-1.4222055350245106,-0.5259883492329065,-100.0,-100.0,-100.0,0.8387218117713928,6,0.0
39642,242.5826416015625,55.169315338134766,7.232704399125292,2.2213494123630104,-0.4851970556492858,-0.0693147867719826,-100.0,-100.0,-100.0,3.1660802364349365,6,39642,242.5826416015625,55.169315338134766,7.232704399125292,1.8869618767885388,-0.4601189569248698,-0.0440442184757036,-100.0,-100.0,-100.0,3.1660802364349365,6,0.0
19,243.23391723632812,55.63687896728515,41.73975536594981,2.212447760368703,-3.460438429233605,-3.864308470760363,24.48637580871582,16.353717803955078,79.34223175048828,0.0085794497281312,1,19,243.23391723632812,55.63687896728515,41.73975536594981,2.831332497507867,-2.311650244084407,-2.0310878745482346,24.48637580871582,16.353717803955078,79.34223175048828,0.0085794497281312,1,0.0
24972,241.67176818847656,54.867088317871094,33.14798147794688,2.1783330754792876,-2.525714060800557,-1.9116003867323264,-100.0,-100.0,-100.0,0.9795884490013124,6,24972,241.67176818847656,54.867088317871094,33.14798147794688,2.0170541464584257,-1.8715671376004024,-1.0890425789966969,-100.0,-100.0,-100.0,0.9795884490013124,6,0.0
4884,243.31980895996097,54.95017623901367,26.123838757495847,2.108934646245599,-1.5683087642285576,-1.149527278588117,7.756491184234619,6.674901485443115,170.17332458496094,0.1760968267917633,1,4884,243.31980895996097,54.95017623901367,26.123838757495847,1.9158476347025315,-1.2771856967201716,-0.7240212533974282,7.756491184234619,6.674901485443115,170.17332458496094,0.1760968267917633,1,0.0
32832,241.8083648681641,54.896236419677734,28.119925933146604,2.0281756104556634,-1.8683265285386,-1.2583806796034382,-100.0,-100.0,-100.0,1.8998411893844604,6,32832,241.8083648681641,54.896236419677734,28.119925933146604,1.8270093304740984,-1.4293605727911072,-0.7446905334624111,-100.0,-100.0,-100.0,1.8998411893844604,6,0.0
650,242.7340545654297,55.19511795043945,10.240771037578677,2.021969125547721,-0.7070612899811198,-0.234391795728019,8.91513442993164,4.325176239013672,172.34356689453125,0.0444190204143524,1,650,242.7340545654297,55.19511795043945,10.240771037578677,1.6048833153691022,-0.7341244172013883,-0.1795513727053057,8.91513442993164,4.325176239013672,172.34356689453125,0.0444190204143524,1,0.0
8444,242.35581970214844,55.768070220947266,43.83055654671493,2.0014931925233466,-4.37293135780015,-4.461801035244419,-100.0,-100.0,-100.0,0.3520437180995941,6,8444,242.35581970214844,55.768070220947266,43.83055654671493,2.238817513221792,-2.948381477452109,-2.2184170845995803,-100.0,-100.0,-100.0,0.3520437180995941,6,0.0
16538,242.247314453125,54.62391662597656,27.970089291862767,1.9924696235342827,-1.4060104639101385,-1.2421487088866807,-100.0,-100.0,-100.0,0.5908176302909851,4,16538,242.247314453125,54.62391662597656,27.970089291862767,2.1641772557244865,-0.9725026317155552,-0.7356747682952617,-100.0,-100.0,-100.0,0.5908176302909851,4,0.0
37465,243.13693237304688,54.44637298583984,40.96066146600227,1.98639867583548,-3.8632052735715705,-3.545193687793357,-100.0,-100.0,-100.0,2.4515392780303955,6,37465,243.13693237304688,54.44637298583984,40.96066146600227,2.0110636834384947,-2.704028068391931,-1.8466801375450497,-100.0,-100.0,-100.0,2.4515392780303955,6,0.0
3334,243.26248168945312,55.139461517333984,24.04068201541386,1.9479984301568545,-1.5580673014413629,-0.8690219601297254,-100.0,-100.0,-100.0,0.223582848906517,6,3334,243.26248168945312,55.139461517333984,24.04068201541386,1.6430349389883916,-1.2513647315591108,-0.5263066224128696,-100.0,-100.0,-100.0,0.223582848906517,6,0.0
39609,242.30474853515625,54.96355056762695,10.77689922738952,1.930697397511793,-0.2870248940394639,-0.1562259248284867,-100.0,-100.0,-100.0,3.150395631790161,4,39609,242.30474853515625,54.96355056762695,10.77689922738952,1.877136077605842,-0.2306974260063699,-0.0987652533830957,-100.0,-100.0,-100.0,3.150395631790161,4,0.0
24903,243.25030517578125,54.71900177001953,30.43042808373393,1.926433098580284,-2.2214114127373144,-1.5308757376870616,-100.0,-100.0,-100.0,1.0892839431762695,6,24903,243.25030517578125,54.71900177001953,30.43042808373393,1.704038912150284,-1.6916950977677958,-0.8915653131285779,-100.0,-100.0,-100.0,1.0892839431762695,6,0.0
8383,241.93707275390625,55.52314758300781,35.96302233814048,1.8946666048300695,-2.6181342620320005,-2.4870715389994773,12.477581024169922,7.631420612335205,1.586151123046875,0.296103686094284,1,8383,241.93707275390625,55.52314758300781,35.96302233814048,2.0399776069757056,-1.890447724956906,-1.4189800806821256,12.477581024169922,7.631420612335205,1.586151123046875,0.296103686094284,1,0.0
28629,242.86819458007812,55.52579879760742,30.262846842329864,1.8875201732216864,-2.0170731393903374,-1.5096189963847575,-100.0,-100.0,-100.0,1.334170699119568,6,28629,242.86819458007812,55.52579879760742,30.262846842329864,1.801873776122136,-1.4943749656653915,-0.8801942320030601,-100.0,-100.0,-100.0,1.334170699119568,6,0.0
8377,242.99041748046875,55.07831573486328,14.197762221984467,1.883271391130089,-0.8835655391928661,-0.3710845724767158,2.937577724456787,2.9120359420776367,202.01385498046875,0.2920630872249603,1,8377,242.99041748046875,55.07831573486328,14.197762221984467,1.5012813829277596,-0.863033752347022,-0.2654483629463239,2.937577724456787,2.9120359420776367,202.01385498046875,0.2920630872249603,1,0.0
4893,243.5148468017578,55.47460174560547,40.90646636735256,1.8790567287475632,-3.353246515171989,-3.625234831430261,7.831340312957764,6.540693283081055,132.20741271972656,0.1903514266014099,1,4893,243.5148468017578,55.47460174560547,40.90646636735256,2.307067789311209,-2.2780576529841965,-1.9331841960050715,7.831340312957764,6.540693283081055,132.20741271972656,0.1903514266014099,1,0.0
30619,242.1161651611328,55.68577194213867,41.36856128686304,1.8252388399286632,-3.0351722470778357,-3.661788276637597,-100.0,-100.0,-100.0,1.5718662738800049,4,30619,242.1161651611328,55.68577194213867,41.36856128686304,2.7327466656879142,-1.8415771242517416,-1.89588845951967,-100.0,-100.0,-100.0,1.5718662738800049,4,0.0
1748,242.7048187255859,55.29013442993164,15.095659206984894,1.8243858990805013,-0.8848985975613302,-0.408514802114711,3.16089391708374,3.0954861640930176,25.950136184692383,0.0998187959194183,1,1748,242.7048187255859,55.29013442993164,15.095659206984894,1.4856933722380243,-0.8502809159004451,-0.2880519600028495,3.16089391708374,3.0954861640930176,25.950136184692383,0.0998187959194183,1,0.0
24937,242.20779418945312,54.41990661621094,39.879308170021645,1.801384223180755,-3.3914306741137072,-3.2549250428912324,-100.0,-100.0,-100.0,1.05952250957489,6,24937,242.20779418945312,54.41990661621094,39.879308170021645,2.0003724866654253,-2.3188462377742565,-1.7215687215220958,-100.0,-100.0,-100.0,1.05952250957489,6,0.0
34844,241.7012634277344,54.72557067871094,36.00903239846091,1.795104872860489,-2.994576953334133,-2.400392727811257,-100.0,-100.0,-100.0,1.9941339492797852,6,34844,241.7012634277344,54.72557067871094,36.00903239846091,1.6830080093778996,-2.1845910147936354,-1.3301842147322926,-100.0,-100.0,-100.0,1.9941339492797852,6,0.0
27078,241.72801208496097,55.33980178833008,34.017058091006106,1.7676791576323767,-2.891000726841242,-2.049575228999946,-100.0,-100.0,-100.0,1.1000393629074097,6,27078,241.72801208496097,55.33980178833008,34.017058091006106,1.4908936113902305,-2.192449321192861,-1.1584892850887387,-100.0,-100.0,-100.0,1.1000393629074097,6,0.0
3257,242.4354553222656,55.65159225463867,36.50552134882945,1.723939463984382,-2.665988637200611,-2.59127645019959,6.102928638458252,5.830657958984375,235.03274536132812,0.1363852471113205,1,3257,242.4354553222656,55.65159225463867,36.50552134882945,1.8995660204863607,-1.9051589890342515,-1.468489102056351,6.102928638458252,5.830657958984375,235.03274536132812,0.1363852471113205,1,0.0
34609,242.67828369140625,55.21275329589844,10.395262108686158,1.7238593969601503,-0.9022621156618278,-0.2356948179373927,4.626407146453857,3.7593045234680176,16.725053787231445,1.884350538253784,2,34609,242.67828369140625,55.21275329589844,10.395262108686158,1.264158199607112,-0.9243187324218458,-0.1770344174606203,4.626407146453857,3.7593045234680176,16.725053787231445,1.884350538253784,2,0.0
3266,243.63314819335935,55.37797546386719,41.09309296037057,1.7229864819884306,-3.376617631519384,-3.677595963243915,17.593175888061523,3.737704277038574,67.47004699707031,0.1402740627527237,1,3266,243.63314819335935,55.37797546386719,41.09309296037057,2.134904528797551,-2.2856366445871004,-1.9552448114718728,17.593175888061523,3.737704277038574,67.47004699707031,0.1402740627527237,1,0.0
32880,241.7538299560547,54.64060592651367,37.62013378024566,1.700867089461941,-2.6260389261629093,-2.7249872727672484,-100.0,-100.0,-100.0,1.7935560941696167,6,32880,241.7538299560547,54.64060592651367,37.62013378024566,2.1263387271382,-1.7148772643646022,-1.4831842743858226,-100.0,-100.0,-100.0,1.7935560941696167,6,0.0
32833,243.468994140625,55.5103874206543,41.09898983274074,1.682970091691934,-3.3004784504516276,-3.5842296412565076,-100.0,-100.0,-100.0,1.7303850650787354,6,32833,243.468994140625,55.5103874206543,41.09898983274074,2.1912080219671695,-2.129740979482639,-1.863362970586222,-100.0,-100.0,-100.0,1.7303850650787354,6,0.0
27219,242.03009033203125,54.915618896484375,20.5639840879767,1.6672692516292202,-1.549731842424688,-0.6115278180515847,-100.0,-100.0,-100.0,1.1140919923782349,6,27219,242.03009033203125,54.915618896484375,20.5639840879767,1.2304455399931042,-1.332254193535865,-0.3760923667912605,-100.0,-100.0,-100.0,1.1140919923782349,6,0.0
27186,241.97747802734375,55.042213439941406,20.73094646686473,1.6403573529523283,-1.18313388981405,-0.6225339612885715,-100.0,-100.0,-100.0,1.2977182865142822,6,27186,241.97747802734375,55.042213439941406,20.73094646686473,1.4216163386309324,-0.961806141985542,-0.3826341626684537,-100.0,-100.0,-100.0,1.2977182865142822,6,0.0
20063,241.9875946044922,55.293582916259766,25.06912122595546,1.639858572695037,-1.5545845449520184,-1.0519895182176686,3.0618350505828857,2.7401766777038574,137.74142456054688,0.6778333783149719,1,20063,241.9875946044922,55.293582916259766,25.06912122595546,1.4260465860400922,-1.29617469975417,-0.6683959539667875,3.0618350505828857,2.7401766777038574,137.74142456054688,0.6778333783149719,1,0.0
13548,242.75677490234375,54.97455596923828,7.525629793662478,1.6265361383038062,-0.7086149595757872,-0.1692737092150824,5.006618976593018,3.1330738067626953,95.02220916748048,0.4298703968524933,1,13548,242.75677490234375,54.97455596923828,7.525629793662478,1.2409545867635832,-0.7596990940181791,-0.1388108413711538,5.006618976593018,3.1330738067626953,95.02220916748048,0.4298703968524933,1,0.0
21195,243.5767364501953,55.2054557800293,35.447201420086074,1.619212062516827,-2.605554777036355,-2.2961918306238336,-100.0,-100.0,-100.0,0.8187679052352905,6,21195,243.5767364501953,55.2054557800293,35.447201420086074,1.712497883979066,-1.8284408956135816,-1.2798871836104853,-100.0,-100.0,-100.0,0.8187679052352905,6,0.0
6636,242.1457061767578,55.080909729003906,15.061000161464015,1.5989816126595011,-0.7151805869536502,-0.3129728327549884,-100.0,-100.0,-100.0,0.315634161233902,6,6636,242.1457061767578,55.080909729003906,15.061000161464015,1.420986311346928,-0.6028696363012961,-0.1959683113756854,-100.0,-100.0,-100.0,0.315634161233902,6,0.0
34921,243.11473083496097,55.016380310058594,18.474836201399174,1.596861760850521,-1.2129391339771136,-0.4839559251816772,-100.0,-100.0,-100.0,2.085646867752075,6,34921,243.11473083496097,55.016380310058594,18.474836201399174,1.2664763285887306,-1.0401929364078648,-0.2999045327128974,-100.0,-100.0,-100.0,2.085646867752075,6,0.0
3200,242.6511077880859,54.93048477172851,7.502794232882016,1.5861556253206943,-0.6612725211976466,-0.1687094017311837,3.5094382762908936,1.8743261098861697,219.71017456054688,0.1483335047960281,1,3200,242.6511077880859,54.93048477172851,7.502794232882016,1.2342521588177224,-0.712435600416169,-0.138520783792826,3.5094382762908936,1.8743261098861697,219.71017456054688,0.1483335047960281,1,0.0
4889,243.3877410888672,55.38605499267578,34.24951557626007,1.56309239511687,-2.3822038018929783,-2.1827289206584424,4.140581130981445,3.613822460174561,221.1790771484375,0.1808199733495712,1,4889,243.3877410888672,55.38605499267578,34.24951557626007,1.6340101061758887,-1.7503687595496844,-1.2698146555700756,4.140581130981445,3.613822460174561,221.1790771484375,0.1808199733495712,1,0.0
10225,242.6398162841797,55.12325668334961,4.911947732867841,1.5576713090608525,-1.025025671881924,-0.0317812123635388,-100.0,-100.0,-100.0,0.3825327455997467,6,10225,242.6398162841797,55.12325668334961,4.911947732867841,1.030215967976927,-1.0135192168591003,-0.0202500039716752,-100.0,-100.0,-100.0,0.3825327455997467,6,0.0
39643,241.7704162597656,55.3440055847168,32.91306428107204,1.548247660546652,-2.01042940898506,-1.875765306117228,-100.0,-100.0,-100.0,3.1363093852996826,6,39643,241.7704162597656,55.3440055847168,32.91306428107204,1.7535827562758404,-1.3678769616049886,-1.0707184691865297,-100.0,-100.0,-100.0,3.1363093852996826,6,0.0
4872,243.30401611328125,55.079368591308594,24.929217817667876,1.5469129533077457,-1.4741591633582212,-1.039781101407514,1.7432103157043457,1.7100316286087036,311.5672912597656,0.1955811083316803,1,4872,243.30401611328125,55.079368591308594,24.929217817667876,1.3827783739281678,-1.2201643743081192,-0.6616452393966579,1.7432103157043457,1.7100316286087036,311.5672912597656,0.1955811083316803,1,0.0
13614,241.59066772460935,55.40035629272461,39.90291488817553,1.537411565009748,-3.264976666591938,-3.260948139464965,-100.0,-100.0,-100.0,0.5138963460922241,6,13614,241.59066772460935,55.40035629272461,39.90291488817553,1.804901872198465,-2.1905684894397592,-1.724307728508412,-100.0,-100.0,-100.0,0.5138963460922241,6,0.0
1802,241.34555053710935,55.15700912475586,42.8832205643183,1.5356285802372305,-3.696034027534924,-4.227631895485878,9.933465003967283,7.661853313446045,253.09994506835935,0.0865295454859733,1,1802,241.34555053710935,55.15700912475586,42.8832205643183,2.0147390142026045,-2.4443736780749385,-2.181228179822891,9.933465003967283,7.661853313446045,253.09994506835935,0.0865295454859733,1,0.0
12057,242.25599670410156,54.84598922729492,16.523952990092717,1.5146703283938998,-0.7359461566571011,-0.3808781149104032,-100.0,-100.0,-100.0,0.4603608548641205,6,12057,242.25599670410156,54.84598922729492,16.523952990092717,1.3867689292845382,-0.5995642562795415,-0.237443678984693,-100.0,-100.0,-100.0,0.4603608548641205,6,0.0
24965,242.6714324951172,54.93959426879883,7.261070548998721,1.4978734429637777,-1.11447109892204,-0.0699808767572897,-100.0,-100.0,-100.0,1.0012050867080688,6,24965,242.6714324951172,54.93959426879883,7.261070548998721,0.9759712956204076,-1.0891939575691612,-0.0444035916478677,-100.0,-100.0,-100.0,1.0012050867080688,6,0.0
32980,242.9432678222656,55.21213912963867,15.842071222859577,1.4844281429632362,-1.4573901613909848,-0.3482749736632439,-100.0,-100.0,-100.0,1.8923076391220093,6,32980,242.9432678222656,55.21213912963867,15.842071222859577,0.9840261939303284,-1.3325605213468827,-0.2176626593107119,-100.0,-100.0,-100.0,1.8923076391220093,6,0.0
30973,242.9999237060547,55.15098571777344,15.651672161778308,1.4780622018526817,-0.8848718539638045,-0.3394087445599624,-100.0,-100.0,-100.0,1.560894250869751,6,30973,242.9999237060547,55.15098571777344,15.651672161778308,1.2413483655467517,-0.7631612784959902,-0.2122355442980736,-100.0,-100.0,-100.0,1.560894250869751,6,0.0
8373,242.11561584472656,54.977081298828125,16.56013520310384,1.467367082669659,-0.9840238018842316,-0.4771545479986368,7.7592973709106445,1.947969675064087,286.9400634765625,0.2860109806060791,1,8373,242.11561584472656,54.977081298828125,16.56013520310384,1.1910931583779885,-0.9257414526329872,-0.3303755590229487,7.7592973709106445,1.947969675064087,286.9400634765625,0.2860109806060791,1,0.0
130,242.6652984619141,54.63139343261719,25.21403670666924,1.4639843835432802,-1.4593649002710651,-1.063414560802394,15.80369472503662,3.2116873264312744,268.23291015625,0.0193261373788118,1,130,242.6652984619141,54.63139343261719,25.21403670666924,1.3345534082110049,-1.1950022646682508,-0.6736441354164961,15.80369472503662,3.2116873264312744,268.23291015625,0.0193261373788118,1,0.0
3263,243.21722412109375,54.45073318481445,42.11621678825029,1.460405399556623,-3.5606899617003216,-3.981569494287673,5.333586692810059,1.2006707191467283,39.26530838012695,0.159941479563713,1,3263,243.21722412109375,54.45073318481445,42.11621678825029,1.8641595240011837,-2.380647814373891,-2.08172627510968,5.333586692810059,1.2006707191467283,39.26530838012695,0.159941479563713,1,0.0
24821,242.5085296630859,55.65788269042969,36.62857976860044,1.4593560940964314,-2.7164741090762368,-2.5205523623690684,-100.0,-100.0,-100.0,1.028427243232727,6,24821,242.5085296630859,55.65788269042969,36.62857976860044,1.616823665838144,-1.868832924817469,-1.387455561968557,-100.0,-100.0,-100.0,1.028427243232727,6,0.0
18878,242.3523712158203,55.33438491821289,18.83288448875143,1.456330726860963,-0.8804230556704776,-0.5044216828734671,-100.0,-100.0,-100.0,0.7247564196586609,4,18878,242.3523712158203,55.33438491821289,18.83288448875143,1.344245185534556,-0.7004502591516736,-0.312183145228742,-100.0,-100.0,-100.0,0.7247564196586609,4,0.0
3268,243.4892578125,54.53898620605469,43.86130068388749,1.4543700675159592,-3.9001185503102738,-4.567977117487832,11.986891746520996,7.890324592590332,322.0428466796875,0.1491706222295761,1,3268,243.4892578125,54.53898620605469,43.86130068388749,1.9600814761336969,-2.5517505163101974,-2.315466300191308,11.986891746520996,7.890324592590332,322.0428466796875,0.1491706222295761,1,0.0
33094,242.69439697265625,55.10664749145508,5.2322374816622235,1.395711255336206,-0.6609080773504804,-0.0360998301797637,-100.0,-100.0,-100.0,1.7795724868774414,6,33094,242.69439697265625,55.10664749145508,5.2322374816622235,1.0792000436673508,-0.6478435632839417,-0.0229660843181967,-100.0,-100.0,-100.0,1.7795724868774414,6,0.0
34766,241.38497924804688,55.20374298095703,42.052040243654055,1.393836750588361,-3.685579158025439,-3.8665762506406423,-100.0,-100.0,-100.0,2.0294740200042725,6,34766,241.38497924804688,55.20374298095703,42.052040243654055,1.7046332945817209,-2.4320041526297422,-1.9808936306550569,-100.0,-100.0,-100.0,2.0294740200042725,6,0.0
24864,241.8289794921875,54.486663818359375,42.591255949395375,1.3671538172958082,-3.5463603143978353,-4.037074126201265,-100.0,-100.0,-100.0,1.004547953605652,6,24864,241.8289794921875,54.486663818359375,42.591255949395375,1.8806262009609744,-2.243313773602534,-2.050460179350779,-100.0,-100.0,-100.0,1.004547953605652,6,0.0
10183,242.6804656982422,54.93191909790039,7.81122138386375,1.3607825496646315,-0.6996808311584812,-0.1750178394204985,1.7728906869888306,1.731050729751587,330.4658203125,0.3425160944461822,1,10183,242.6804656982422,54.93191909790039,7.81122138386375,1.045817090091325,-0.7484778294903541,-0.1423180739043398,1.7728906869888306,1.731050729751587,330.4658203125,0.3425160944461822,1,0.0
18981,243.80584716796875,54.88352966308594,43.35560270370594,1.3602759679224956,-4.0383723434153715,-4.293230890234795,-100.0,-100.0,-100.0,0.7237160205841064,6,18981,243.80584716796875,54.88352966308594,43.35560270370594,1.6575735659940944,-2.6617308632784717,-2.1526153827299783,-100.0,-100.0,-100.0,0.7237160205841064,6,0.0
40100,243.09361267089844,55.54562759399414,34.5827166152944,1.3552778946535515,-2.723047350423454,-2.144028439571512,-100.0,-100.0,-100.0,5.573781490325928,4,40100,243.09361267089844,55.54562759399414,34.5827166152944,1.2783458811067447,-1.9942660751882575,-1.2052700110462549,-100.0,-100.0,-100.0,5.573781490325928,4,0.0
13602,242.6416931152344,54.93424987792969,7.187777061907986,1.3498421014557116,-0.7464875115887109,-0.0684715566314772,-100.0,-100.0,-100.0,0.5019140243530273,6,13602,242.6416931152344,54.93424987792969,7.187777061907986,1.0264021016154214,-0.7217237299700141,-0.0435245173481522,-100.0,-100.0,-100.0,0.5019140243530273,6,0.0
11929,242.2052001953125,55.138824462890625,13.970620759230664,1.3396637059765806,-0.8882702619292573,-0.361359163940503,3.868967533111572,2.1859076023101807,140.29747009277344,0.4202176928520202,1,11929,242.2052001953125,55.138824462890625,13.970620759230664,1.0603414504543869,-0.8703524826475619,-0.2587824010628387,3.868967533111572,2.1859076023101807,140.29747009277344,0.4202176928520202,1,0.0
34881,242.76138305664065,54.32008361816406,44.16967430290985,1.3270913580544843,-4.16504549934123,-4.586626824195439,-100.0,-100.0,-100.0,1.9650160074234009,6,34881,242.76138305664065,54.32008361816406,44.16967430290985,1.6876887830258065,-2.705212140736306,-2.2665719200278964,-100.0,-100.0,-100.0,1.9650160074234009,6,0.0
6598,242.2445068359375,54.92304229736328,13.808179448036778,1.314828960942608,-1.0025285101663617,-0.260888543969735,-100.0,-100.0,-100.0,0.3115597069263458,6,6598,242.2445068359375,54.92304229736328,13.808179448036778,1.004534201394719,-0.9087672043498138,-0.1638082449457068,-100.0,-100.0,-100.0,0.3115597069263458,6,0.0
17754,242.6720428466797,55.048309326171875,3.1486619088842205,1.3075834911450932,-0.279232969245007,-0.0129839165536577,-100.0,-100.0,-100.0,0.6380463242530823,4,17754,242.6720428466797,55.048309326171875,3.1486619088842205,1.1713954575930696,-0.2745172781526444,-0.008342584747415,-100.0,-100.0,-100.0,0.6380463242530823,4,0.0
3308,242.00631713867188,54.93172454833984,20.97384872967112,1.2913684314988698,-1.7047617924634768,-0.6387974783513392,-100.0,-100.0,-100.0,0.1955238431692123,6,3308,242.00631713867188,54.93172454833984,20.97384872967112,0.9059909608209804,-1.4777626018790244,-0.3922137527700388,-100.0,-100.0,-100.0,0.1955238431692123,6,0.0
3216,242.3088226318359,55.27695083618164,16.555917884124938,1.2833184401446511,-0.95815345651194,-0.4765110152119129,4.071211338043213,2.683511018753052,287.2807312011719,0.1346550434827804,1,3216,242.3088226318359,55.27695083618164,16.555917884124938,1.0531021252690007,-0.8994997946431491,-0.3297018518919716,4.071211338043213,2.683511018753052,287.2807312011719,0.1346550434827804,1,0.0
1861,242.330322265625,54.81523513793945,16.45281737036366,1.2789762774964268,-1.4348426307722597,-0.3773742233633344,-100.0,-100.0,-100.0,0.1272004693746566,6,1861,242.330322265625,54.81523513793945,16.45281737036366,0.8701768122776828,-1.299693662987159,-0.2353830082282987,-100.0,-100.0,-100.0,0.1272004693746566,6,0.0
32827,242.44142150878903,55.2056999206543,10.554366300883675,1.2743789992736454,-0.961874650913099,-0.1497117328221974,-100.0,-100.0,-100.0,1.7104636430740356,6,32827,242.44142150878903,55.2056999206543,10.554366300883675,0.9283906207519498,-0.9078944866891456,-0.0946870105209597,-100.0,-100.0,-100.0,1.7104636430740356,6,0.0
635,242.95523071289065,54.70366287231445,24.416360473366943,1.2563429051260873,-1.4065463415833617,-0.9942770540934136,9.902528762817385,5.336409568786621,201.76966857910156,0.0452752970159053,1,635,242.95523071289065,54.70366287231445,24.416360473366943,1.1295480008083014,-1.1667458012542071,-0.6348857258205092,9.902528762817385,5.336409568786621,201.76966857910156,0.0452752970159053,1,0.0
21079,241.6914520263672,54.95972442626953,31.053929744432686,1.2458135542916842,-2.0964694260689103,-1.7062837669743882,3.5978615283966064,2.2526919841766357,11.391963958740234,0.7690575122833252,1,21079,241.6914520263672,54.95972442626953,31.053929744432686,1.186657069312267,-1.6184108578510614,-1.025609029768739,3.5978615283966064,2.2526919841766357,11.391963958740234,0.7690575122833252,1,0.0
17784,242.45008850097656,54.3092155456543,44.60346529600455,1.2441663463722694,-4.172371779022577,-4.752399357239893,-100.0,-100.0,-100.0,0.6311535835266113,6,17784,242.45008850097656,54.3092155456543,44.60346529600455,1.6633148759304692,-2.6660349066511735,-2.329577024681714,-100.0,-100.0,-100.0,0.6311535835266113,6,0.0
124,242.41685485839844,55.325927734375,17.547774539740473,1.2297039041885602,-0.977754852250596,-0.5255517523532259,6.303936004638672,1.9847090244293213,8.831205368041992,0.0227932594716548,1,124,242.41685485839844,55.325927734375,17.547774539740473,1.030039884253316,-0.8995905452512695,-0.3581098633129294,6.303936004638672,1.9847090244293213,8.831205368041992,0.0227932594716548,1,0.0
38907,243.41748046875,54.9738655090332,29.14660986877749,1.2283781476398914,-2.0456129124221265,-1.374289160548693,-100.0,-100.0,-100.0,2.854581356048584,6,38907,243.41748046875,54.9738655090332,29.14660986877749,1.0862082944180314,-1.5678828505693392,-0.8077037363222102,-100.0,-100.0,-100.0,2.854581356048584,6,0.0
21133,241.39523315429688,54.943702697753906,41.276125565398374,1.2094386685541996,-3.758225163127732,-3.635055200150647,-100.0,-100.0,-100.0,0.8217657804489136,6,21133,241.39523315429688,54.943702697753906,41.276125565398374,1.3219003262288684,-2.572514916043988,-1.8847321358576887,-100.0,-100.0,-100.0,0.8217657804489136,6,0.0
36171,243.01687622070312,54.80486679077149,20.990037264086165,1.2052282035359612,-1.1027300754500418,-0.6398835648562627,-100.0,-100.0,-100.0,2.148642063140869,4,36171,243.01687622070312,54.80486679077149,20.990037264086165,1.0907728086125812,-0.8753475775708822,-0.3927956804713004,-100.0,-100.0,-100.0,2.148642063140869,4,0.0
636,242.11666870117188,54.693843841552734,26.64374113995842,1.203556692901654,-1.581470684972203,-1.1989385857717465,10.244186401367188,7.210259914398193,303.1133117675781,0.0398450270295143,1,636,242.11666870117188,54.693843841552734,26.64374113995842,1.1155697483384015,-1.2720753227309076,-0.7506067077967232,10.244186401367188,7.210259914398193,303.1133117675781,0.0398450270295143,1,0.0
11930,242.4532165527344,55.404876708984375,21.805038397989524,1.1975819213569476,-1.2864387926715777,-0.7909395182072034,2.702308416366577,0.8493635654449463,340.7613830566406,0.3999076187610626,1,11930,242.4532165527344,55.404876708984375,21.805038397989524,1.0170046630153098,-1.1178595448285844,-0.5177357781948742,2.702308416366577,0.8493635654449463,340.7613830566406,0.3999076187610626,1,0.0
27188,243.64195251464844,55.06510162353515,36.4923229692658,1.1940048847875735,-2.7903312575272112,-2.493708987832196,-100.0,-100.0,-100.0,1.277994990348816,6,27188,243.64195251464844,55.06510162353515,36.4923229692658,1.268171696347819,-1.951100482054148,-1.3747694287574066,-100.0,-100.0,-100.0,1.277994990348816,6,0.0
686,241.3832092285156,55.1042594909668,41.25770854375738,1.186916194331992,-3.385321385616404,-3.7238314221686073,4.028908729553223,1.8131399154663088,129.34762573242188,0.072103627026081,1,686,241.3832092285156,55.1042594909668,41.25770854375738,1.4904927136497743,-2.2795974224278974,-1.973900527080784,4.028908729553223,1.8131399154663088,129.34762573242188,0.072103627026081,1,0.0
36203,242.9051971435547,55.28672409057617,18.102262553677445,1.1839653741045222,-0.7080599409549015,-0.4630357793040374,-100.0,-100.0,-100.0,2.1247973442077637,4,36203,242.9051971435547,55.28672409057617,18.102262553677445,1.1485895897168297,-0.5426490825581783,-0.2873377586539705,-100.0,-100.0,-100.0,2.1247973442077637,4,0.0
32723,242.4654235839844,54.842899322509766,12.973002859798251,1.16179921315099,-0.7575197541515541,-0.2290819808743705,-100.0,-100.0,-100.0,1.8765815496444704,4,32723,242.4654235839844,54.842899322509766,12.973002859798251,0.9663797543347324,-0.6751023695074885,-0.1441937848461044,-100.0,-100.0,-100.0,1.8765815496444704,4,0.0
38342,241.4676818847656,55.287254333496094,40.73016191584557,1.150432386055592,-2.904360448391699,-3.48111363021617,-100.0,-100.0,-100.0,2.6328978538513184,6,38342,241.4676818847656,55.287254333496094,40.73016191584557,1.7055083074872763,-1.7641953243193749,-1.8194309506226225,-100.0,-100.0,-100.0,2.6328978538513184,6,0.0
23985,243.6914825439453,54.91074752807617,39.14095823446005,1.1325759169416916,-3.103458822530067,-3.0710078285443556,-100.0,-100.0,-100.0,0.958901822566986,6,23985,243.6914825439453,54.91074752807617,39.14095823446005,1.324906908214553,-2.0863745931721667,-1.6403930306559118,-100.0,-100.0,-100.0,0.958901822566986,6,0.0
11915,242.5475311279297,54.82451248168945,13.50359787968902,1.094407030172743,-0.8700780785454366,-0.3427763251549905,4.042344093322754,1.0748924016952517,239.21270751953125,0.4040545225143432,1,11915,242.5475311279297,54.82451248168945,13.50359787968902,0.8637717182655671,-0.8584085954491267,-0.2470413964772614,4.042344093322754,1.0748924016952517,239.21270751953125,0.4040545225143432,1,0.0
30535,242.92762756347656,54.88676834106445,15.410259124871002,1.0868915252466236,-1.0497163184402063,-0.420043271517091,2.508310556411743,2.4835643768310547,289.0687561035156,1.4086618423461914,2,30535,242.92762756347656,54.88676834106445,15.410259124871002,0.8327001414194085,-1.0073547844668898,-0.2923277808189374,2.508310556411743,2.4835643768310547,289.0687561035156,1.4086618423461914,2,0.0
26733,242.2801513671875,55.250579833984375,15.893753106113827,1.076478448733423,-1.3433848813014686,-0.3506043895391888,-100.0,-100.0,-100.0,1.2131341695785522,5,26733,242.2801513671875,55.250579833984375,15.893753106113827,0.74979293108847,-1.217698027173198,-0.2190558738844817,-100.0,-100.0,-100.0,1.2131341695785522,5,0.0
25011,242.960205078125,54.542537689208984,33.09293728309203,1.0707027364309891,-3.0056751506505814,-1.9030934487559708,-100.0,-100.0,-100.0,1.043338179588318,6,25011,242.960205078125,54.542537689208984,33.09293728309203,0.8066138927839759,-2.3542588971890863,-1.0847597535758768,-100.0,-100.0,-100.0,1.043338179588318,6,0.0
32938,242.54000854492188,54.736515045166016,18.787587907172774,1.0639745897964463,-1.099282227551739,-0.5018297426544783,-100.0,-100.0,-100.0,1.7043342590332031,6,32938,242.54000854492188,54.736515045166016,18.787587907172774,0.8941435445025522,-0.9202321569585282,-0.3106913136941256,-100.0,-100.0,-100.0,1.7043342590332031,6,0.0
4885,243.7235565185547,55.06959915161133,39.30112429588971,1.0548990101940656,-3.0862022785161347,-3.2046925633018044,5.326146602630615,2.817307949066162,264.18084716796875,0.1994398683309555,1,4885,243.7235565185547,55.06959915161133,39.30112429588971,1.2407033843088136,-2.136279750177549,-1.7498635995999787,5.326146602630615,2.817307949066162,264.18084716796875,0.1994398683309555,1,0.0
28686,242.53468322753903,55.70699691772461,39.52399980589008,1.0518262557491156,-2.864344122157355,-3.165004406375556,-100.0,-100.0,-100.0,1.355447769165039,6,28686,242.53468322753903,55.70699691772461,39.52399980589008,1.4105530980816303,-1.8188159976034877,-1.6821457208289388,-100.0,-100.0,-100.0,1.355447769165039,6,0.0
3141,242.40054321289065,55.12276077270508,7.60737028375012,1.0470850530423876,-0.6629018056195431,-0.1705686369581582,3.0432071685791016,0.970468819141388,13.060340881347656,0.1632389277219772,1,3141,242.40054321289065,55.12276077270508,7.60737028375012,0.815283491834229,-0.7130903803945132,-0.1395072822144213,3.0432071685791016,0.970468819141388,13.060340881347656,0.1632389277219772,1,0.0
4862,241.83534240722656,54.80792617797851,29.473699909504777,1.041269380515688,-1.8628617029903225,-1.5072272269948568,6.517988204956055,1.6946065425872805,94.80720520019533,0.2223070114850998,1,4862,241.83534240722656,54.80792617797851,29.473699909504777,0.9964450558832808,-1.4508253043116666,-0.9201149084054396,6.517988204956055,1.6946065425872805,94.80720520019533,0.2223070114850998,1,0.0
28302,243.61376953125,55.36588668823242,40.1687817005784,1.038323071784696,-3.148197447101928,-3.3300008047618563,-100.0,-100.0,-100.0,1.3535293340682983,6,28302,243.61376953125,55.36588668823242,40.1687817005784,1.3138867923942723,-2.053069028491315,-1.754405842540543,-100.0,-100.0,-100.0,1.3535293340682983,6,0.0
15208,242.94883728027344,55.105472564697266,13.102992046604832,1.037603286430698,-1.0524381250465729,-0.2338767110253131,-100.0,-100.0,-100.0,0.5624241828918457,6,15208,242.94883728027344,55.105472564697266,13.102992046604832,0.7641969751309747,-0.96830951666054,-0.1471781420974767,-100.0,-100.0,-100.0,0.5624241828918457,6,0.0
18978,242.1658477783203,54.71306991577149,24.708325947904104,1.0356556288611285,-1.3817683149901077,-0.9258134078610653,-100.0,-100.0,-100.0,0.6972613334655762,6,18978,242.1658477783203,54.71306991577149,24.708325947904104,0.9690838047675852,-1.0556047250053655,-0.5587503566512623,-100.0,-100.0,-100.0,0.6972613334655762,6,0.0
26626,242.69305419921875,55.51885223388672,28.46579709449833,1.032733474215958,-1.8685192889819076,-1.389664960631093,1.9857263565063477,1.7223176956176758,94.10759735107422,1.0752912759780884,1,26626,242.69305419921875,55.51885223388672,28.46579709449833,0.932314236926255,-1.4939183330019687,-0.8548712597730036,1.9857263565063477,1.7223176956176758,94.10759735107422,1.0752912759780884,1,0.0
3186,242.6662750244141,55.391563415527344,20.775923012965297,1.0274532148650186,-1.1819079200664375,-0.7194397711537741,3.62751579284668,2.3188412189483643,213.07211303710935,0.1532928496599197,1,3186,242.6662750244141,55.391563415527344,20.775923012965297,0.8776913302209653,-1.0376156812335708,-0.4752298003294781,3.62751579284668,2.3188412189483643,213.07211303710935,0.1532928496599197,1,0.0
12054,242.0006866455078,55.32408905029297,25.831210650363143,1.018079527955821,-2.2391789454740914,-1.0270230255727306,-100.0,-100.0,-100.0,0.4528876841068268,6,12054,242.0006866455078,55.32408905029297,25.831210650363143,0.6987400974220235,-1.8784350460216963,-0.6161129694074422,-100.0,-100.0,-100.0,0.4528876841068268,6,0.0
3206,242.43865966796875,55.47329330444336,25.928170941051334,1.0172973012979356,-1.5426969243723798,-1.130455893485537,3.121265411376953,2.187113046646118,218.81443786621097,0.1262205243110656,1,3206,242.43865966796875,55.47329330444336,25.928170941051334,0.925568337474775,-1.2572979909970086,-0.7126341436882101,3.121265411376953,2.187113046646118,218.81443786621097,0.1262205243110656,1,0.0
39655,242.9538421630859,54.98037338256836,13.485390017854746,1.011173162093398,-0.7278811242843155,-0.2483409708514005,-100.0,-100.0,-100.0,3.106538772583008,6,39655,242.9538421630859,54.98037338256836,13.485390017854746,0.8612058079103515,-0.6386006729757671,-0.1561517310746442,-100.0,-100.0,-100.0,3.106538772583008,6,0.0
30736,243.43679809570312,55.0115966796875,29.533094790906613,1.0039365632988972,-1.8214584708930952,-1.4199701588192637,-100.0,-100.0,-100.0,1.6904613971710205,6,30736,243.43679809570312,55.0115966796875,29.533094790906613,0.9974594307157636,-1.3285036184781,-0.8322928332330175,-100.0,-100.0,-100.0,1.6904613971710205,6,0.0
3140,242.74021911621097,55.007450103759766,6.028329970769258,1.0015150525205636,-0.6342685422851678,-0.1417264298071174,4.067358493804932,3.9623923301696777,33.20119857788086,0.1271493136882782,1,3140,242.74021911621097,55.007450103759766,6.028329970769258,0.7758283372876473,-0.6948204784481189,-0.1212490581606677,4.067358493804932,3.9623923301696777,33.20119857788086,0.1271493136882782,1,0.0
30531,242.9679718017578,54.8648567199707,17.321166504966634,0.9971267959339922,-1.136734353258614,-0.5125654545761329,1.3856582641601562,1.3852711915969849,79.25674438476562,1.365278244018555,2,30531,242.9679718017578,54.8648567199707,17.321166504966634,0.776024791472388,-1.0614488472068415,-0.348754299142435,1.3856582641601562,1.3852711915969849,79.25674438476562,1.365278244018555,2,0.0
28496,242.8633575439453,55.56848907470703,32.6450520757159,0.9920632972167004,-2.100913174607494,-1.8355479718548369,-100.0,-100.0,-100.0,1.3308780193328855,6,28496,242.8633575439453,55.56848907470703,32.6450520757159,1.062226989237596,-1.4713868667527354,-1.0502617313720135,-100.0,-100.0,-100.0,1.3308780193328855,6,0.0
11942,241.97027587890625,55.517333984375,35.00111178348204,0.98960513306359,-2.3983125476123437,-2.216467336783045,-100.0,-100.0,-100.0,0.4505763351917267,4,11942,241.97027587890625,55.517333984375,35.00111178348204,1.1042857262775936,-1.646470438393083,-1.2409781567636284,-100.0,-100.0,-100.0,0.4505763351917267,4,0.0
17743,242.8016662597656,55.02186965942383,7.776017531332336,0.98956689090892,-0.731928730524018,-0.1737187632464107,3.4156973361968994,2.7370963096618652,182.09573364257812,0.5897702574729919,1,17743,242.8016662597656,55.02186965942383,7.776017531332336,0.7499976649976691,-0.780407158312368,-0.1410035355793308,3.4156973361968994,2.7370963096618652,182.09573364257812,0.5897702574729919,1,0.0
32825,242.4331817626953,55.26129913330078,13.714308192148874,0.9892925435839636,-1.111797780429436,-0.2571723155197027,-100.0,-100.0,-100.0,1.7072359323501587,6,32825,242.4331817626953,55.26129913330078,13.714308192148874,0.7202285748433256,-1.019351543934637,-0.1615856493741595,-100.0,-100.0,-100.0,1.7072359323501587,6,0.0
638,242.6442718505859,54.529293060302734,31.24714235461479,0.9850023956856128,-2.012464782981227,-1.7315266988617308,7.119246006011963,3.505108118057251,68.6241226196289,0.0728774592280387,1,638,242.6442718505859,54.529293060302734,31.24714235461479,0.9839303582937098,-1.5253442463944478,-1.0384963393333242,7.119246006011963,3.505108118057251,68.6241226196289,0.0728774592280387,1,0.0
38308,241.37466430664065,55.12189102172851,41.63927960228659,0.9832410818554624,-3.684935238549143,-3.74147532000762,-100.0,-100.0,-100.0,2.6200156211853027,6,38308,241.37466430664065,55.12189102172851,41.63927960228659,1.151155765632648,-2.4679359867485147,-1.9291871081460976,-100.0,-100.0,-100.0,2.6200156211853027,6,0.0
3143,242.58657836914065,54.89471054077149,9.246390988904109,0.97993330704746,-0.699718738928877,-0.2079888387720925,4.947311878204346,3.1793487071990967,140.45144653320312,0.159149944782257,1,3143,242.58657836914065,54.89471054077149,9.246390988904109,0.768083108022022,-0.7364441819125497,-0.1631088182769502,4.947311878204346,3.1793487071990967,140.45144653320312,0.159149944782257,1,0.0
18975,242.6768035888672,55.35173797607422,18.474711223568487,0.9584111126255626,-0.9005329339691006,-0.4839221904721067,-100.0,-100.0,-100.0,0.6911965012550354,6,18975,242.6768035888672,55.35173797607422,18.474711223568487,0.8672305401176787,-0.7277905280453079,-0.2997895867042485,-100.0,-100.0,-100.0,0.6911965012550354,6,0.0
30870,243.6909942626953,54.801143646240234,41.07167908531587,0.9498993815042496,-3.083874641660909,-3.57646232720311,-100.0,-100.0,-100.0,1.574303150177002,6,30870,243.6909942626953,54.801143646240234,41.07167908531587,1.3513578573365173,-1.9154294420124505,-1.859954921684952,-100.0,-100.0,-100.0,1.574303150177002,6,0.0
4819,242.3493804931641,55.282737731933594,16.11727116211072,0.9418462239645564,-0.9465093069359904,-0.4551934440928847,2.561713457107544,2.4966509342193604,43.223907470703125,0.2241541296243667,1,4819,242.3493804931641,55.282737731933594,16.11727116211072,0.7674412855404091,-0.8952662727567635,-0.3165209661325878,2.561713457107544,2.4966509342193604,43.223907470703125,0.2241541296243667,1,0.0
30906,243.35650634765625,55.38261413574219,33.26920747482769,0.9407770126197582,-2.12683890111532,-1.9303592584955935,-100.0,-100.0,-100.0,1.6175466775894165,6,30906,243.35650634765625,55.38261413574219,33.26920747482769,1.0394333005206635,-1.4666404551485428,-1.098516344923507,-100.0,-100.0,-100.0,1.6175466775894165,6,0.0
33095,242.83900451660156,55.61629486083984,35.17585670200134,0.9371994930684618,-2.8095446230670396,-2.247382198811552,-100.0,-100.0,-100.0,1.8456037044525144,6,33095,242.83900451660156,55.61629486083984,35.17585670200134,0.8908412924450294,-2.0478866351923783,-1.2561564268071437,-100.0,-100.0,-100.0,1.8456037044525144,6,0.0
26734,242.17726135253903,55.49087905883789,29.89261545356785,0.927912072114129,-1.434531803997397,-1.463567355822185,-100.0,-100.0,-100.0,1.1936391592025757,5,26734,242.17726135253903,55.49087905883789,29.89261545356785,1.108244877900154,-0.9270885206297946,-0.8557348008742318,-100.0,-100.0,-100.0,1.1936391592025757,5,0.0
6560,243.09490966796875,54.49346160888672,37.77810192692828,0.9160270872553142,-2.8620593755310297,-2.8536617614703528,4.760568618774414,1.1262931823730469,162.31930541992188,0.2690836489200592,1,6560,243.09490966796875,54.49346160888672,37.77810192692828,1.033337253618848,-2.01920242309193,-1.5908558498436185,4.760568618774414,1.1262931823730469,162.31930541992188,0.2690836489200592,1,0.0
27183,243.64724731445312,55.01795959472656,36.72928144407537,0.8998481966480388,-3.0922719870412667,-2.5405731518919623,-100.0,-100.0,-100.0,1.201706886291504,6,27183,243.64724731445312,55.01795959472656,36.72928144407537,0.8577528528306954,-2.238367012057572,-1.39699068705756,-100.0,-100.0,-100.0,1.201706886291504,6,0.0
18,241.5664978027344,55.44162368774414,41.93202962771247,0.895717207280776,-3.494347646685778,-3.922108407767708,10.783539772033691,2.653333902359009,314.35943603515625,0.0143517022952437,1,18,241.5664978027344,55.44162368774414,41.93202962771247,1.153427313486138,-2.3280589770408735,-2.054517804445003,10.783539772033691,2.653333902359009,314.35943603515625,0.0143517022952437,1,0.0
12055,242.98500061035156,54.90351486206055,16.432698689163338,0.8920590601667039,-0.8529437496895685,-0.3764309204720525,-100.0,-100.0,-100.0,0.4728758037090301,6,12055,242.98500061035156,54.90351486206055,16.432698689163338,0.7754291823070294,-0.7181421909728627,-0.2347695102235936,-100.0,-100.0,-100.0,0.4728758037090301,6,0.0
38966,241.94403076171875,54.812644958496094,26.116502297785825,0.8876067564259879,-2.209749282244692,-1.0540073148049187,-100.0,-100.0,-100.0,2.819639205932617,6,38966,241.94403076171875,54.812644958496094,26.116502297785825,0.6252925304857645,-1.8398367480587672,-0.6313070241137445,-100.0,-100.0,-100.0,2.819639205932617,6,0.0
745,241.6434326171875,54.54291915893555,44.40273678538848,0.8833752551187293,-3.707089065405659,-4.674824521779614,-100.0,-100.0,-100.0,0.0939871445298194,6,745,241.6434326171875,54.54291915893555,44.40273678538848,1.4020980156322582,-2.222464975657501,-2.3002017119842804,-100.0,-100.0,-100.0,0.0939871445298194,6,0.0
11916,241.9289093017578,55.12376022338867,22.821800565113175,0.8803778138453988,-1.35215991512539,-0.8656384809109984,2.925610065460205,0.7991586327552795,328.6202087402344,0.4034090638160705,1,11916,241.9289093017578,55.12376022338867,22.821800565113175,0.7569993208529014,-1.15695579475993,-0.5608084461093333,2.925610065460205,0.7991586327552795,328.6202087402344,0.4034090638160705,1,0.0
6466,242.55941772460935,54.926231384277344,7.388267542128198,0.8751877242923624,-0.6756916384791317,-0.1663636647431529,5.432282447814941,1.2299894094467163,338.4856872558594,0.2268835306167602,1,6466,242.55941772460935,54.926231384277344,7.388267542128198,0.6759700607427698,-0.7276352267347698,-0.1369241906146284,5.432282447814941,1.2299894094467163,338.4856872558594,0.2268835306167602,1,0.0
25014,242.5827178955078,55.627532958984375,34.72545492872904,0.8740671153184253,-2.4631503847541008,-2.1685616916244426,-100.0,-100.0,-100.0,1.0618151426315308,6,25014,242.5827178955078,55.627532958984375,34.72545492872904,0.9297488948459194,-1.7265685899862373,-1.2174145692620424,-100.0,-100.0,-100.0,1.0618151426315308,6,0.0
16527,242.7122344970703,54.78799819946289,16.293381782552917,0.8726171586155338,-1.0044582329870464,-0.4630450760126607,3.1801958084106445,2.7688939571380615,180.90921020507812,0.5374221801757812,1,16527,242.7122344970703,54.78799819946289,16.293381782552917,0.6972731798994398,-0.9495064838424032,-0.3205685557358218,3.1801958084106445,2.7688939571380615,180.90921020507812,0.5374221801757812,1,0.0
28583,242.89089965820312,55.74226379394531,42.93278890826997,0.8666701105700084,-3.8708360303584617,-4.1493737873082415,-100.0,-100.0,-100.0,1.426537036895752,6,28583,242.89089965820312,55.74226379394531,42.93278890826997,1.0800601143003767,-2.5354229224245244,-2.0955519816984443,-100.0,-100.0,-100.0,1.426537036895752,6,0.0
3226,243.38699340820312,55.34962463378906,32.99434749062752,0.866325809310233,-2.2238532576054864,-1.98239929597163,3.688207864761353,2.926311492919922,47.64444351196289,0.1335570663213729,1,3226,243.38699340820312,55.34962463378906,32.99434749062752,0.8867914543240303,-1.655751004331628,-1.1685201500026727,3.688207864761353,2.926311492919922,47.64444351196289,0.1335570663213729,1,0.0
15044,242.7246856689453,55.029396057128906,5.093704573685982,0.8571577872826682,-0.6733746672325667,-0.1276919695617233,7.4154839515686035,2.1431972980499268,229.95999145507812,0.4969199895858764,1,15044,242.7246856689453,55.029396057128906,5.093704573685982,0.6477896478618074,-0.738594657631019,-0.1119275286322738,7.4154839515686035,2.1431972980499268,229.95999145507812,0.4969199895858764,1,0.0
4803,242.95167541503903,55.2139778137207,16.136929317911896,0.851923361196772,-0.9471349279585488,-0.4560213797679456,2.1718826293945312,1.6959984302520752,50.307167053222656,0.2145111411809921,1,4803,242.95167541503903,55.2139778137207,16.136929317911896,0.6943705516012938,-0.8954463654379807,-0.3169197128085013,2.1718826293945312,1.6959984302520752,50.307167053222656,0.2145111411809921,1,0.0
8363,243.2693328857422,55.260833740234375,26.82544770430087,0.8442173779702544,-1.6405777655221958,-1.217440274979673,7.481649398803711,7.218170166015625,238.85006713867188,0.3145064413547516,1,8363,243.2693328857422,55.260833740234375,26.82544770430087,0.7700961514600143,-1.3254825885269017,-0.7612169411797363,7.481649398803711,7.218170166015625,238.85006713867188,0.3145064413547516,1,0.0
4822,242.93621826171875,54.83466339111328,17.759115589473428,0.8420372468756422,-1.0239309594964057,-0.5381911969484899,5.079677104949951,4.025698184967041,35.936363220214844,0.1914848983287811,1,4822,242.93621826171875,54.83466339111328,17.759115589473428,0.6959091962473827,-0.9430672078138864,-0.3667035142745394,5.079677104949951,4.025698184967041,35.936363220214844,0.1914848983287811,1,0.0
746,242.22994995117188,55.51760482788086,30.573134758883736,0.8383971120948832,-1.7729480336903882,-1.549145616340709,-100.0,-100.0,-100.0,0.1154909878969192,6,746,242.22994995117188,55.51760482788086,30.573134758883736,0.9038387511435692,-1.237199248967958,-0.90114514643455,-100.0,-100.0,-100.0,0.1154909878969192,6,0.0
13660,242.5085906982422,55.195125579833984,9.120424901529354,0.8342502431725239,-0.3363410227957093,-0.1110870137484238,-100.0,-100.0,-100.0,0.488620787858963,6,13660,242.5085906982422,55.195125579833984,9.120424901529354,0.7735323896534512,-0.2962424771281362,-0.070406316945016,-100.0,-100.0,-100.0,0.488620787858963,6,0.0
1638,242.4879913330078,55.27052307128906,13.676976949129603,0.8284623065137462,-0.8277515131615558,-0.3493248994945491,6.800871849060059,3.841909646987915,220.71730041503903,0.0911760702729225,1,1638,242.4879913330078,55.27052307128906,13.676976949129603,0.66825503356889,-0.8136053434335753,-0.2511529034353859,6.800871849060059,3.841909646987915,220.71730041503903,0.0911760702729225,1,0.0
24676,241.65444946289065,54.99147033691406,32.036524387879076,0.8276884458622175,-1.6400199398154065,-1.7471801461603598,-100.0,-100.0,-100.0,1.0146077871322632,4,24676,241.65444946289065,54.99147033691406,32.036524387879076,1.0342431146353934,-1.0392828726946477,-1.0047291111139072,-100.0,-100.0,-100.0,1.0146077871322632,4,0.0
32776,241.9612274169922,54.65544509887695,31.849801472493557,0.8275966601535231,-1.998278982203583,-1.720749292809145,-100.0,-100.0,-100.0,1.8427151441574097,5,32776,241.9612274169922,54.65544509887695,31.849801472493557,0.8783826006377861,-1.4061623595397184,-0.9910996018491944,-100.0,-100.0,-100.0,1.8427151441574097,5,0.0
6551,241.63267517089844,55.11470413208008,32.789775907378754,0.8267783073791826,-2.217494723277863,-1.9515496932363752,4.5257744789123535,3.225867986679077,223.29290771484375,0.2287850677967071,1,6551,241.63267517089844,55.11470413208008,32.789775907378754,0.8369147858735603,-1.659487557701426,-1.1528804181454944,4.5257744789123535,3.225867986679077,223.29290771484375,0.2287850677967071,1,0.0
34578,242.45504760742188,54.922386169433594,8.726108877500941,0.8262108170504464,-0.8565714286885361,-0.1907374794351199,1.6912338733673096,1.6822924613952637,108.74207305908205,1.8138712644577024,2,34578,242.45504760742188,54.922386169433594,8.726108877500941,0.6021552188706144,-0.8928689934897538,-0.1475012855654094,1.6912338733673096,1.6822924613952637,108.74207305908205,1.8138712644577024,2,0.0
6626,242.0676727294922,55.38062286376953,26.542640042306736,0.820832028905382,-1.4129610539722417,-1.095263488623253,-100.0,-100.0,-100.0,0.2761618793010711,6,6626,242.0676727294922,55.38062286376953,26.542640042306736,0.8263663516146358,-1.0290520546686923,-0.6543536463649506,-100.0,-100.0,-100.0,0.2761618793010711,6,0.0
1878,243.3646240234375,54.49740982055664,42.78941737108813,0.81979839523561,-3.7333043469679215,-4.101739781075051,-100.0,-100.0,-100.0,0.166866734623909,6,1878,243.3646240234375,54.49740982055664,42.78941737108813,1.0653943670713142,-2.4115806784279004,-2.0764894817043253,-100.0,-100.0,-100.0,0.166866734623909,6,0.0
651,243.41604614257812,54.679256439208984,36.38824026771233,0.8180958496038072,-2.6286296718263915,-2.5669417483840333,12.960943222045898,2.822439432144165,18.393430709838867,0.0373411551117897,1,651,243.41604614257812,54.679256439208984,36.38824026771233,0.9073946118278932,-1.8736425207837777,-1.4556363811998116,12.960943222045898,2.822439432144165,18.393430709838867,0.0373411551117897,1,0.0
629,243.25437927246097,55.34850311279297,29.257503810934253,0.817554644767365,-1.813336289969851,-1.480722695198302,4.399382591247559,3.0125865936279297,81.3843994140625,0.0665635094046592,1,629,243.25437927246097,55.34850311279297,29.257503810934253,0.7892678005412196,-1.4089421714693224,-0.905078977296378,4.399382591247559,3.0125865936279297,81.3843994140625,0.0665635094046592,1,0.0
37330,242.028564453125,54.49403381347656,38.37551770863544,0.8164988410767663,-3.1319429499206297,-2.9824523965563383,3.838754415512085,3.2871038913726807,151.43263244628906,2.224332332611084,3,37330,242.028564453125,54.49403381347656,38.37551770863544,0.8666894460125313,-2.244098992469465,-1.6450769513128038,3.838754415512085,3.2871038913726807,151.43263244628906,2.224332332611084,3,0.0
31014,242.76768493652344,54.44417953491211,36.85081075460027,0.8145904189324871,-2.683045396982592,-2.5650602981955286,-100.0,-100.0,-100.0,1.5461487770080566,6,31014,242.76768493652344,54.44417953491211,36.85081075460027,0.932086084382062,-1.8215252010434029,-1.4084357400982577,-100.0,-100.0,-100.0,1.5461487770080566,6,0.0
34724,242.7508850097656,55.04037857055664,5.880780096940507,0.8119517375708188,-0.9371863321175112,-0.0456610411021449,-100.0,-100.0,-100.0,1.9330848455429075,6,34724,242.7508850097656,55.04037857055664,5.880780096940507,0.5619463920811437,-0.9206628982074176,-0.0291055611800543,-100.0,-100.0,-100.0,1.9330848455429075,6,0.0
8327,242.2630920410156,55.049949645996094,10.908295618748957,0.8089154930690491,-0.768941737314169,-0.2537965499788237,3.529914140701294,2.620720624923706,152.06005859375,0.281552255153656,1,8327,242.2630920410156,55.049949645996094,10.908295618748957,0.6327029003622008,-0.7889647400107185,-0.1915716435855786,3.529914140701294,2.620720624923706,152.06005859375,0.281552255153656,1,0.0
16528,243.0783843994141,55.27456283569336,21.79023916782188,0.8052018890805587,-1.3040829034149544,-0.7890612275285066,3.360619068145752,3.0483438968658447,342.3507080078125,0.5611763000488281,1,16528,243.0783843994141,55.27456283569336,21.79023916782188,0.6784491570855271,-1.1349896679230969,-0.5157993782863577,3.360619068145752,3.0483438968658447,342.3507080078125,0.5611763000488281,1,0.0
8504,241.86038208007812,55.4516716003418,34.50760512005869,0.8035099068938617,-2.534569992631798,-2.1312780001670384,-100.0,-100.0,-100.0,0.3355043828487396,6,8504,241.86038208007812,55.4516716003418,34.50760512005869,0.8161348427578009,-1.8098648269469837,-1.1991265083751308,-100.0,-100.0,-100.0,0.3355043828487396,6,0.0
37313,242.96664428710935,55.21299362182617,16.509932613466272,0.8012426219574061,-1.1488484085993018,-0.4680052867279092,2.058511734008789,2.0580508708953857,356.7059020996094,2.113121747970581,2,37313,242.96664428710935,55.21299362182617,16.509932613466272,0.6066911771030084,-1.0842054136472992,-0.3180910402080684,2.058511734008789,2.0580508708953857,356.7059020996094,2.113121747970581,2,0.0
1731,242.04605102539065,54.55575942993164,34.879577092474634,0.796581496159734,-2.4413136764255907,-2.289317807226084,23.852373123168945,5.449629306793213,274.0458984375,0.0764081478118896,1,1731,242.04605102539065,54.55575942993164,34.879577092474634,0.850764084971998,-1.7745517944893046,-1.3218671492328171,23.852373123168945,5.449629306793213,274.0458984375,0.0764081478118896,1,0.0
1654,242.990478515625,54.83673858642578,19.014429836017875,0.7911523188492332,-1.071626479646823,-0.6087061095069483,3.550591945648194,3.059951066970825,287.3819274902344,0.0892838463187217,1,1654,242.990478515625,54.83673858642578,19.014429836017875,0.666521649851143,-0.9657685610766982,-0.4091786307572648,3.550591945648194,3.059951066970825,287.3819274902344,0.0892838463187217,1,0.0
3086,242.6017913818359,54.904788970947266,8.670488945905005,0.790732613170997,-0.6857740921413622,-0.1938717017083114,4.716737270355225,1.8735899925231936,76.65281677246094,0.1288727521896362,1,3086,242.6017913818359,54.904788970947266,8.670488945905005,0.618299292693787,-0.7274705153089868,-0.1540997174054354,4.716737270355225,1.8735899925231936,76.65281677246094,0.1288727521896362,1,0.0
10192,241.53952026367188,55.252498626708984,37.72309213475306,0.7906513623286083,-2.8698035948633387,-2.8419200695761764,5.757140159606934,4.03522253036499,270.10308837890625,0.363891988992691,1,10192,241.53952026367188,55.252498626708984,37.72309213475306,0.8847761792150429,-2.030749417281363,-1.5855504507451292,5.757140159606934,4.03522253036499,270.10308837890625,0.363891988992691,1,0.0
6488,242.84420776367188,54.97199249267578,10.1774361597989,0.7901787905869823,-0.7403862972809926,-0.2326059926595657,4.992900371551514,1.1730239391326904,5.687313079833984,0.2638384997844696,1,6488,242.84420776367188,54.97199249267578,10.1774361597989,0.6177798228791362,-0.7680630513981052,-0.1783904006294774,4.992900371551514,1.1730239391326904,5.687313079833984,0.2638384997844696,1,0.0
28299,243.1441650390625,55.01701736450195,19.47771503376628,0.7846624632346724,-1.1884421189330725,-0.5428047906296843,-100.0,-100.0,-100.0,1.4994579553604126,6,28299,243.1441650390625,55.01701736450195,19.47771503376628,0.6495943426493329,-0.9950016629623906,-0.3352376953974071,-100.0,-100.0,-100.0,1.4994579553604126,6,0.0
13532,242.68484497070312,54.67247772216797,22.86399458801799,0.7837151856497652,-1.362088068836597,-0.868925591110479,2.674314498901367,2.6742124557495117,243.0095977783203,0.4504133760929107,1,13532,242.68484497070312,54.67247772216797,22.86399458801799,0.6722164031688297,-1.165760100548958,-0.562688941729701,2.674314498901367,2.6742124557495117,243.0095977783203,0.4504133760929107,1,0.0
27102,242.4821624755859,54.7982292175293,15.41006974164748,0.7820577290374703,-1.03206447039407,-0.3284821168818171,-100.0,-100.0,-100.0,1.1752161979675293,6,27102,242.4821624755859,54.7982292175293,15.41006974164748,0.6134077706594074,-0.9142514875930772,-0.2054794960922598,-100.0,-100.0,-100.0,1.1752161979675293,6,0.0
3332,242.22796630859375,55.451786041259766,27.018643482252457,0.7810429020345383,-1.9426234615634288,-1.142722938742796,-100.0,-100.0,-100.0,0.2124173045158386,6,3332,242.22796630859375,55.451786041259766,27.018643482252457,0.6439348571783314,-1.542650958243953,-0.6808046440401122,-100.0,-100.0,-100.0,0.2124173045158386,6,0.0
32790,243.0759124755859,55.28204727172851,22.00554752633008,0.778805118373848,-1.1662729868583022,-0.7109516588148896,-100.0,-100.0,-100.0,1.8314346075057983,5,32790,243.0759124755859,55.28204727172851,22.00554752633008,0.7129469351479333,-0.914161349973702,-0.4346987759288437,-100.0,-100.0,-100.0,1.8314346075057983,5,0.0
6509,241.9786376953125,55.11085891723633,21.002560357710884,0.7772596122491887,-1.2127047196819654,-0.734860393497263,2.662026643753052,2.6620051860809326,136.0914306640625,0.256032645702362,1,6509,241.9786376953125,55.11085891723633,21.002560357710884,0.6608023282941716,-1.0632158838791967,-0.4844474698240093,2.662026643753052,2.6620051860809326,136.0914306640625,0.256032645702362,1,0.0
23916,241.8021545410156,55.200103759765625,28.202680798955573,0.7719401088383868,-1.612709399360866,-1.267519932287397,-100.0,-100.0,-100.0,0.933504283428192,6,23916,241.8021545410156,55.200103759765625,28.202680798955573,0.7780170497556532,-1.1707074269224167,-0.7495449582550774,-100.0,-100.0,-100.0,0.933504283428192,6,0.0
37409,242.8974609375,54.55386734008789,31.653924812546727,0.7706919775992023,-2.0911716714786044,-1.693425084753556,-100.0,-100.0,-100.0,2.488288640975952,6,37409,242.8974609375,54.55386734008789,31.653924812546727,0.7767538251492524,-1.5079915151872905,-0.9769258963114176,-100.0,-100.0,-100.0,2.488288640975952,6,0.0
24855,243.2264404296875,54.57960510253906,35.93395586313316,0.7705858983134888,-3.1307632241406957,-2.3862822417981366,-100.0,-100.0,-100.0,1.0418530702590942,6,24855,243.2264404296875,54.57960510253906,35.93395586313316,0.6780998257561673,-2.3252386978639565,-1.3233788816265877,-100.0,-100.0,-100.0,1.0418530702590942,6,0.0
22121,242.83901977539065,55.01183319091797,9.164181204087164,0.7686840339820834,-1.155855777778401,-0.1121608337817536,-100.0,-100.0,-100.0,0.8301286101341248,6,22121,242.83901977539065,55.01183319091797,9.164181204087164,0.5046816426559873,-1.115365092166489,-0.0711263460881424,-100.0,-100.0,-100.0,0.8301286101341248,6,0.0
6559,241.4835662841797,55.134803771972656,38.013808319328504,0.7624970086702143,-2.896464238519326,-2.905091496766238,3.0228915214538574,2.593966007232666,79.8191909790039,0.255206435918808,1,6559,241.4835662841797,55.134803771972656,38.013808319328504,0.8652566417119752,-2.0375896523388137,-1.614349599421506,3.0228915214538574,2.593966007232666,79.8191909790039,0.255206435918808,1,0.0
13535,242.2977600097656,54.76974868774414,19.374041577980258,0.7570718030793651,-1.145463066276513,-0.6295483179022527,1.940532922744751,0.8833112716674805,112.85697174072266,0.455323725938797,1,13535,242.2977600097656,54.76974868774414,19.374041577980258,0.6256852218495548,-1.031369789640178,-0.4209554767732198,1.940532922744751,0.8833112716674805,112.85697174072266,0.455323725938797,1,0.0
4746,242.48675537109375,55.001827239990234,4.2799474202365095,0.7536140274386283,-0.6185502026777405,-0.1176767720027968,4.189584732055664,2.2058894634246826,86.75920104980469,0.177439883351326,1,4746,242.48675537109375,55.001827239990234,4.2799474202365095,0.5793360135615357,-0.6875202735144967,-0.1057445903929479,4.189584732055664,2.2058894634246826,86.75920104980469,0.177439883351326,1,0.0
36195,243.24961853027344,55.45566177368164,33.46153146706803,0.7446386602562824,-2.247685219281943,-1.960404511176272,-100.0,-100.0,-100.0,2.173964500427246,4,36195,243.24961853027344,55.45566177368164,33.46153146706803,0.792295259254718,-1.5777924956719869,-1.1137598700529998,-100.0,-100.0,-100.0,2.173964500427246,4,0.0
4785,242.51025390625,55.28766250610352,14.533576939529956,0.744342921360406,-0.8789133724669415,-0.3841445806066755,3.0757124423980713,0.7003911137580872,233.5252990722656,0.2063812017440796,1,4785,242.51025390625,55.28766250610352,14.533576939529956,0.599386974511751,-0.8526339817262711,-0.2728134837781145,3.0757124423980713,0.7003911137580872,233.5252990722656,0.2063812017440796,1,0.0
3203,243.2424163818359,54.61211395263672,34.78211673135219,0.7430471169561652,-2.438525902188809,-2.272585682349028,4.267613410949707,4.1098504066467285,194.77078247070312,0.1568266749382019,1,3203,243.2424163818359,54.61211395263672,34.78211673135219,0.788749080562886,-1.777379382599793,-1.313860567600837,4.267613410949707,4.1098504066467285,194.77078247070312,0.1568266749382019,1,0.0
6538,241.79095458984375,55.21248626708984,28.807524259695864,0.7425868451728077,-1.8073310550018435,-1.4291398726996176,10.471835136413574,4.679745674133301,80.83534240722656,0.2566672265529632,1,6538,241.79095458984375,55.21248626708984,28.807524259695864,0.7007877373466473,-1.4208405469853982,-0.8774729800070192,10.471835136413574,4.679745674133301,80.83534240722656,0.2566672265529632,1,0.0
30940,241.80384826660156,54.94257354736328,27.477993206842648,0.7414313842925966,-1.7788387030802315,-1.1899555001191435,-100.0,-100.0,-100.0,1.6040048599243164,6,30940,241.80384826660156,54.94257354736328,27.477993206842648,0.670584083880696,-1.3629156839482728,-0.7069809344009126,-100.0,-100.0,-100.0,1.6040048599243164,6,0.0
22030,243.10433959960935,55.74077606201172,45.19473959483206,0.7365009577070565,-4.507881803529315,-4.989683728058523,-100.0,-100.0,-100.0,0.8490979075431824,4,22030,243.10433959960935,55.74077606201172,45.19473959483206,0.9207239919808448,-2.9355665783285456,-2.418103820241225,-100.0,-100.0,-100.0,0.8490979075431824,4,0.0
33052,242.1623992919922,54.69739532470703,25.54944585096694,0.7301381069352965,-1.35533582979209,-1.000903547075456,-100.0,-100.0,-100.0,1.732898473739624,6,33052,242.1623992919922,54.69739532470703,25.54944585096694,0.7180327053653969,-1.0034924526433504,-0.6013875026025751,-100.0,-100.0,-100.0,1.732898473739624,6,0.0
1749,243.13182067871097,55.61865234375,39.028133706791536,0.7275584082656743,-3.024470783820576,-3.1381039207399484,3.376176595687866,2.4124505519866943,184.15316772460935,0.0771519541740417,1,1749,243.13182067871097,55.61865234375,39.028133706791536,0.856508638846661,-2.09402937070268,-1.7196677558964268,3.376176595687866,2.4124505519866943,184.15316772460935,0.0771519541740417,1,0.0
595,242.4631500244141,55.38985061645508,20.85446604288791,0.7241816223960089,-1.166693401385719,-0.7239434575861284,2.196380376815796,1.6798194646835327,356.3733215332031,0.0486925989389419,1,595,242.4631500244141,55.38985061645508,20.85446604288791,0.6244732032622294,-1.019845638598845,-0.4773703370889484,2.196380376815796,1.6798194646835327,356.3733215332031,0.0486925989389419,1,0.0
11922,242.2701873779297,54.54887390136719,31.8558559284668,0.7236074998199122,-2.1362555786199775,-1.8157323915164956,2.7900712490081787,2.013373374938965,91.10420989990234,0.4236800968647003,1,11922,242.2701873779297,54.54887390136719,31.8558559284668,0.7129173585214847,-1.6221260151938428,-1.0826182024493585,2.7900712490081787,2.013373374938965,91.10420989990234,0.4236800968647003,1,0.0
38306,243.49594116210935,55.593318939208984,45.21315920945834,0.7207941582508047,-4.362081855968946,-4.997363829774318,-100.0,-100.0,-100.0,2.577192783355713,6,38306,243.49594116210935,55.593318939208984,45.21315920945834,0.9605364005734232,-2.7876616663470175,-2.4209111005121113,-100.0,-100.0,-100.0,2.577192783355713,6,0.0
3211,242.5671234130859,54.47572326660156,34.386305088068134,0.7150062608451621,-2.3888351408513255,-2.204882112324536,3.2892158031463623,1.671234965324402,280.01678466796875,0.1597856432199478,1,3211,242.5671234130859,54.47572326660156,34.386305088068134,0.7528902747653444,-1.7489869396087832,-1.280135703103944,3.2892158031463623,1.671234965324402,280.01678466796875,0.1597856432199478,1,0.0
4795,242.1905975341797,55.10301971435547,13.780799784195526,0.7056713302722023,-0.8493828805396461,-0.3534881606824789,1.7206825017929075,1.5517396926879885,141.41111755371094,0.2236859649419784,1,4795,242.1905975341797,55.10301971435547,13.780799784195526,0.5653511924313482,-0.8338787560164469,-0.2538348494158024,1.7206825017929075,1.5517396926879885,141.41111755371094,0.2236859649419784,1,0.0
30540,241.74417114257812,55.07582473754883,28.78087649149221,0.7032750028502524,-1.9298846143372828,-1.4231956165118935,2.339648723602295,1.196640968322754,293.5254211425781,1.3769099712371826,2,30540,241.74417114257812,55.07582473754883,28.78087649149221,0.6296935611608935,-1.5412524738099247,-0.87109699534949,2.339648723602295,1.196640968322754,293.5254211425781,1.3769099712371826,2,0.0
18941,243.04148864746097,54.99660110473633,16.163724547660635,0.6937879748516912,-1.3900393835680964,-0.3634197391081121,-100.0,-100.0,-100.0,0.7223489284515381,6,18941,243.04148864746097,54.99660110473633,16.163724547660635,0.4772584870426887,-1.259831563379414,-0.2268277046507496,-100.0,-100.0,-100.0,0.7223489284515381,6,0.0
34602,242.19024658203125,55.4788818359375,29.050209726478567,0.6921156099747847,-1.9831132791818171,-1.452758434201897,3.780895471572876,2.243962049484253,4.439764022827148,1.8734050989151,2,34602,242.19024658203125,55.4788818359375,29.050209726478567,0.615259877730398,-1.5825904488661262,-0.8855048759459507,3.780895471572876,2.243962049484253,4.439764022827148,1.8734050989151,2,0.0
20105,241.89247131347656,54.99764251708984,23.86055089804631,0.6915116753883574,-1.3879444878233065,-0.8541642153887337,-100.0,-100.0,-100.0,0.7726628184318542,6,20105,241.89247131347656,54.99764251708984,23.86055089804631,0.6218212931476639,-1.0863586162752696,-0.5177342141805332,-100.0,-100.0,-100.0,0.7726628184318542,6,0.0
22076,242.26107788085935,54.519439697265625,33.627460597037135,0.6909180551389278,-2.1595296665112116,-1.9866793707346209,-100.0,-100.0,-100.0,0.8560706973075867,6,22076,242.26107788085935,54.519439697265625,33.627460597037135,0.7718874120021996,-1.4811813631420578,-1.1269424986723202,-100.0,-100.0,-100.0,0.8560706973075867,6,0.0
38828,242.5266876220703,55.01285171508789,2.83961329264866,0.6885026282772316,-0.8093591538591677,-0.0960060900986167,3.7796506881713863,3.779615879058838,246.07066345214844,2.6969385147094727,2,38828,242.5266876220703,55.01285171508789,2.83961329264866,0.485206788639388,-0.8743971745306337,-0.0838470443036989,3.7796506881713863,3.779615879058838,246.07066345214844,2.6969385147094727,2,0.0
36360,243.1241455078125,55.4388313293457,29.892556956316177,0.6827923496738061,-1.8829279708892737,-1.4636195247164014,-100.0,-100.0,-100.0,2.209024429321289,6,36360,243.1241455078125,55.4388313293457,29.892556956316177,0.6748988624111408,-1.3754849837452654,-0.855755571558785,-100.0,-100.0,-100.0,2.209024429321289,6,0.0
3142,243.3949737548828,54.99078369140625,28.23297359690977,0.68184788888779,-1.738244710153123,-1.3648706530166546,7.826666831970215,1.9651447534561155,265.46197509765625,0.1257333308458328,1,3142,243.3949737548828,54.99078369140625,28.23297359690977,0.6420687271016375,-1.373410087467018,-0.8425819476276032,7.826666831970215,1.9651447534561155,265.46197509765625,0.1257333308458328,1,0.0
1676,242.64903259277344,54.585716247558594,27.884632710238144,0.6815295464914829,-1.697240577700191,-1.3266890982791828,7.5559587478637695,3.477385997772217,319.4855041503906,0.1194656491279602,1,1676,242.64903259277344,54.585716247558594,27.884632710238144,0.6410226835190358,-1.3446932235262268,-0.8213367661227101,7.5559587478637695,3.477385997772217,319.4855041503906,0.1194656491279602,1,0.0
8311,242.33209228515625,55.297855377197266,17.19775247641639,0.6748814671172517,-1.0120499804373055,-0.5083662571799398,4.635246276855469,1.5170842409133911,135.78981018066406,0.3041415810585022,1,8311,242.33209228515625,55.297855377197266,17.19775247641639,0.551366870548737,-0.941452801823676,-0.3485320085746864,4.635246276855469,1.5170842409133911,135.78981018066406,0.3041415810585022,1,0.0
23982,243.30792236328125,54.59488677978515,37.067481207174225,0.6736434642859145,-2.8147390488748876,-2.609114157708752,-100.0,-100.0,-100.0,0.9707571864128112,6,23982,243.30792236328125,54.59488677978515,37.067481207174225,0.742313800811219,-1.9394909255701525,-1.429137221598616,-100.0,-100.0,-100.0,0.9707571864128112,6,0.0
13513,242.82810974121097,54.8943977355957,12.59158986230428,0.6697537048906071,-0.8429555904770776,-0.3082785182403894,1.3397334814071655,1.1789124011993408,292.854736328125,0.4331930577754974,1,13513,242.82810974121097,54.8943977355957,12.59158986230428,0.5244426708170589,-0.8425207809270421,-0.225054199104341,1.3397334814071655,1.1789124011993408,292.854736328125,0.4331930577754974,1,0.0
6424,242.1978302001953,55.10804748535156,13.614382176116584,0.6613793261815933,-0.8513470752322378,-0.346930296661058,1.8146405220031736,1.6509541273117063,101.99715423583984,0.2313687056303024,1,6424,242.1978302001953,55.10804748535156,13.614382176116584,0.5274452829516943,-0.8381520301225925,-0.2497522750617855,1.8146405220031736,1.6509541273117063,101.99715423583984,0.2313687056303024,1,0.0
13,243.11505126953125,54.87774658203125,21.081249612903548,0.6589349464650421,-1.1688774962010355,-0.7376043502486469,18.644729614257812,18.641244888305664,26.780977249145508,0.0032077860087156,1,13,243.11505126953125,54.87774658203125,21.081249612903548,0.5725975774303694,-1.0150389438813725,-0.4840725196753326,18.644729614257812,18.641244888305664,26.780977249145508,0.0032077860087156,1,0.0
3049,242.177001953125,54.89728164672851,16.602825913474625,0.6541234252593183,-0.9595112280466932,-0.478415742389493,4.681106090545654,4.258603572845459,104.25373077392578,0.1263519078493118,1,3049,242.177001953125,54.89728164672851,16.602825913474625,0.5372109350511246,-0.8996767937156857,-0.3304964119806534,4.681106090545654,4.258603572845459,104.25373077392578,0.1263519078493118,1,0.0
4846,241.88345336914065,54.65679931640625,33.65547308512729,0.6529133955381111,-2.309093630147616,-2.0852253052471736,4.529763221740723,1.2263332605361938,287.8470458984375,0.185890644788742,1,4846,241.88345336914065,54.65679931640625,33.65547308512729,0.6748622519291748,-1.707581683762957,-1.220328709110909,4.529763221740723,1.2263332605361938,287.8470458984375,0.185890644788742,1,0.0
39311,242.81869506835935,54.59366989135742,28.521335814395375,0.65078933108795,-1.4525742093508012,-1.3027985537723914,-100.0,-100.0,-100.0,2.916395902633667,4,39311,242.81869506835935,54.59366989135742,28.521335814395375,0.7139635269259704,-0.9987381485021064,-0.7688670834748605,-100.0,-100.0,-100.0,2.916395902633667,4,0.0
40037,241.5715484619141,55.38786315917969,40.07874362286046,0.6487109867150372,-3.1458863559786594,-3.306388600648459,-100.0,-100.0,-100.0,4.2578444480896,4,40037,241.5715484619141,55.38786315917969,40.07874362286046,0.8145233896696764,-2.0578190899847852,-1.744101386945881,-100.0,-100.0,-100.0,4.2578444480896,4,0.0
6514,243.3660125732422,55.06890869140625,27.022234484982743,0.6430133651560945,-1.6485378970264075,-1.2368439495490204,3.5383341312408447,2.873696804046631,15.036592483520508,0.2341669052839279,1,6514,243.3660125732422,55.06890869140625,27.022234484982743,0.5904423009317237,-1.326419629191607,-0.7717327751915639,3.5383341312408447,2.873696804046631,15.036592483520508,0.2341669052839279,1,0.0
23016,243.0926818847656,54.912498474121094,19.44013878701637,0.6386423302437474,-1.1961172868886485,-0.6326236539438038,3.818926095962525,1.1752499341964722,359.8570861816406,0.8293355703353882,1,23016,243.0926818847656,54.912498474121094,19.44013878701637,0.5178880221580444,-1.0795891358343783,-0.4217960480732013,3.818926095962525,1.1752499341964722,359.8570861816406,0.8293355703353882,1,0.0
21218,243.67816162109375,55.27023696899414,39.90391729147533,0.6370438911963099,-2.9205776145577818,-3.2611389625292966,-100.0,-100.0,-100.0,0.8226785063743591,6,21218,243.67816162109375,55.27023696899414,39.90391729147533,0.8649527389228718,-1.8460947751857089,-1.7243737804359984,-100.0,-100.0,-100.0,0.8226785063743591,6,0.0
33018,241.4813537597656,54.81637191772461,40.37227260095146,0.6342666432158813,-3.5275555746300835,-3.3838944756192664,-100.0,-100.0,-100.0,1.7971038818359375,6,33018,241.4813537597656,54.81637191772461,40.37227260095146,0.6976204712125685,-2.4163079917284978,-1.777725001327749,-100.0,-100.0,-100.0,1.7971038818359375,6,0.0
39912,242.56190490722656,55.05595779418945,0.7691679548805004,0.6334838573496172,-0.5987204064632381,-0.000849300130449,-100.0,-100.0,-100.0,3.6953606605529785,6,39912,242.56190490722656,55.05595779418945,0.7691679548805004,0.4922789917914063,-0.5984391580595759,-0.0005406140506886,-100.0,-100.0,-100.0,3.6953606605529785,6,0.0
1578,242.5537872314453,55.266021728515625,13.066683317815755,0.6327025747497311,-0.8052432423529474,-0.3260446047340419,4.4641499519348145,2.6327364444732666,92.74349212646484,0.1101126447319984,1,1578,242.5537872314453,55.266021728515625,13.066683317815755,0.5083690159975843,-0.7992792018484902,-0.2366946060639908,4.4641499519348145,2.6327364444732666,92.74349212646484,0.1101126447319984,1,0.0
4768,242.76251220703125,55.27176284790039,14.763085917806109,0.6323888952333347,-0.8878045442989799,-0.3937144077456868,6.501225471496582,1.6644082069396973,41.667449951171875,0.1889569014310836,1,4768,242.76251220703125,55.27176284790039,14.763085917806109,0.5101771752838657,-0.857903167142804,-0.278563740334297,6.501225471496582,1.6644082069396973,41.667449951171875,0.1889569014310836,1,0.0
30733,242.5936737060547,55.3870849609375,20.303538680468783,0.6321020119408484,-1.0622139036713745,-0.5945921857113013,-100.0,-100.0,-100.0,1.5095276832580566,6,30733,242.5936737060547,55.3870849609375,20.303538680468783,0.5677859356845611,-0.8506566183680757,-0.3660515832747235,-100.0,-100.0,-100.0,1.5095276832580566,6,0.0
1669,242.06430053710935,54.64653396606445,30.006402728178944,0.628767534207611,-1.8958024361578671,-1.5714848694994434,2.6452178955078125,2.620755434036255,101.1864013671875,0.1214835792779922,1,1669,242.06430053710935,54.64653396606445,30.006402728178944,0.6120558961182625,-1.461651299323541,-0.9538978226251092,2.6452178955078125,2.620755434036255,101.1864013671875,0.1214835792779922,1,0.0
568,243.037109375,55.1831169128418,17.62195931684701,0.6276255330185584,-0.9887510132741922,-0.5301634025323304,7.075442790985107,2.24186110496521,104.36737060546876,0.0587074011564254,1,568,243.037109375,55.1831169128418,17.62195931684701,0.524374663662576,-0.9098398462696492,-0.3614990254228173,7.075442790985107,2.24186110496521,104.36737060546876,0.0587074011564254,1,0.0
1589,243.0055694580078,54.93021011352539,16.271829765843158,0.6271952214101165,-0.9346320149011056,-0.4620127223395782,6.835657119750977,1.367705225944519,60.638179779052734,0.0823873430490493,1,1589,243.0055694580078,54.93021011352539,16.271829765843158,0.5158397282034243,-0.8801831570731882,-0.3202086569350132,6.835657119750977,1.367705225944519,60.638179779052734,0.0823873430490493,1,0.0
6552,241.4307861328125,55.00661087036133,39.61807809097746,0.6237804352896297,-3.1441379183362423,-3.282911304114568,2.7825188636779785,2.004875659942627,244.42330932617188,0.2263806313276291,1,6552,241.4307861328125,55.00661087036133,39.61807809097746,0.7376008213824518,-2.170042056688071,-1.7840780305072013,2.7825188636779785,2.004875659942627,244.42330932617188,0.2263806313276291,1,0.0
1548,242.54074096679688,55.13862228393555,5.560407534201388,0.6219700953099927,-0.6173941113843217,-0.1342103286062646,2.984307050704956,1.970348596572876,305.7315673828125,0.1214907318353653,1,1548,242.54074096679688,55.13862228393555,5.560407534201388,0.4831962308801038,-0.6802182880286534,-0.1161606503976973,2.984307050704956,1.970348596572876,305.7315673828125,0.1214907318353653,1,0.0
30575,242.10919189453125,55.34093475341797,23.827440865907143,0.6212180232670197,-1.2292858470209735,-0.851524047655768,-100.0,-100.0,-100.0,1.5876590013504028,4,30575,242.10919189453125,55.34093475341797,23.827440865907143,0.5964461345817199,-0.9286352170254796,-0.5161937625381374,-100.0,-100.0,-100.0,1.5876590013504028,4,0.0
23917,241.65386962890625,54.525970458984375,44.850034789710115,0.6210946393589883,-4.326551525212815,-4.849658543942776,-100.0,-100.0,-100.0,0.9747031927108764,6,23917,241.65386962890625,54.525970458984375,44.850034789710115,0.8023313075904173,-2.793073841063005,-2.3661373623125583,-100.0,-100.0,-100.0,0.9747031927108764,6,0.0
17803,243.0772247314453,55.26997375488281,21.589542241844423,0.6201447322850697,-1.3649920708779375,-0.6812423862966013,-100.0,-100.0,-100.0,0.6595881581306458,6,17803,243.0772247314453,55.26997375488281,21.589542241844423,0.5137866628897233,-1.1232051266343548,-0.4172411179061957,-100.0,-100.0,-100.0,0.6595881581306458,6,0.0
34727,241.6940155029297,55.22222900390625,32.134549165230844,0.6165570624344475,-2.167284325707568,-1.7611781982175436,-100.0,-100.0,-100.0,1.9846851825714111,6,34727,241.6940155029297,55.22222900390625,32.134549165230844,0.6206742758870228,-1.561981639948348,-1.0120258762918457,-100.0,-100.0,-100.0,1.9846851825714111,6,0.0
26893,242.78955078125,54.99871063232422,7.794215502486385,0.6135529037713493,-0.6534694064664687,-0.0806765555394492,-100.0,-100.0,-100.0,1.11784029006958,6,26893,242.78955078125,54.99871063232422,7.794215502486385,0.4887553769651106,-0.6243037283319384,-0.0513154202882098,-100.0,-100.0,-100.0,1.11784029006958,6,0.0
32775,242.80252075195312,55.30204772949219,16.994881926875514,0.6091195201727816,-1.1198334946650093,-0.4043613041886044,-100.0,-100.0,-100.0,1.8416587114334104,5,32775,242.80252075195312,55.30204772949219,16.994881926875514,0.4806105865026637,-0.9751301900417052,-0.2518010373775783,-100.0,-100.0,-100.0,1.8416587114334104,5,0.0
598,241.8824157714844,54.80168533325195,28.266740197122225,0.6077170963814544,-1.720925661505991,-1.367717190911035,2.045492887496948,1.814947247505188,182.4172515869141,0.0735571980476379,1,598,241.8824157714844,54.80168533325195,28.266740197122225,0.5776108891528681,-1.3539463408398478,-0.8433718857185963,2.045492887496948,1.814947247505188,182.4172515869141,0.0735571980476379,1,0.0
634,242.62257385253903,54.38017272949219,40.14280967374774,0.6042743981245097,-3.1931327919704997,-3.416733978312404,7.693414688110352,5.0762038230896,261.4815673828125,0.0698629990220069,1,634,242.62257385253903,54.38017272949219,40.14280967374774,0.7361418277407213,-2.1778073638677324,-1.8419119707631124,7.693414688110352,5.0762038230896,261.4815673828125,0.0698629990220069,1,0.0
524,242.68997192382812,54.959110260009766,6.568843051419722,0.6027437829265625,-0.6231076760236456,-0.1501343958801304,3.140256881713867,3.0444176197052,53.192195892333984,0.0716564580798149,1,524,242.68997192382812,54.959110260009766,6.568843051419722,0.4717537729058353,-0.6795641339496133,-0.1258547708772154,3.140256881713867,3.0444176197052,53.192195892333984,0.0716564580798149,1,0.0
1655,241.80616760253903,55.29420471191406,30.34463504949715,0.6012927123301204,-1.9297585975409608,-1.6139039141307154,6.457921981811523,5.160681247711182,268.52166748046875,0.0770936012268066,1,1655,241.80616760253903,55.29420471191406,30.34463504949715,0.5886285797739745,-1.4817302340045604,-0.9766811746280928,6.457921981811523,5.160681247711182,268.52166748046875,0.0770936012268066,1,0.0
10127,242.42323303222656,54.80963897705078,15.337784177504144,0.6001876820721712,-0.9341885491788894,-0.4183690437764083,2.6205832958221436,1.6771680116653442,151.00115966796875,0.3331080377101898,1,10127,242.42323303222656,54.80963897705078,15.337784177504144,0.4817332202461192,-0.8947986904840641,-0.2931956665131569,2.6205832958221436,1.6771680116653442,151.00115966796875,0.3331080377101898,1,0.0
10093,242.5985412597656,54.9239501953125,7.515467195700472,0.6000106789030796,-0.6920236580744945,-0.1682423037380795,4.040022850036621,2.319127082824707,218.27224731445312,0.3295295834541321,1,10093,242.5985412597656,54.9239501953125,7.515467195700472,0.4610158290791464,-0.7422847058830108,-0.1374688097810689,4.040022850036621,2.319127082824707,218.27224731445312,0.3295295834541321,1,0.0
36135,243.3777313232422,55.05418395996094,27.40488151581492,0.5994989610522451,-1.8460005968517763,-1.2708257490919297,3.497225761413574,3.0429036617279053,129.8700714111328,1.994556188583374,2,36135,243.3777313232422,55.05418395996094,27.40488151581492,0.5170506787216251,-1.504720156568037,-0.7846519867088965,3.497225761413574,3.0429036617279053,129.8700714111328,1.994556188583374,2,0.0
3028,242.82972717285156,55.32359313964844,18.5688493196556,0.5974559795901215,-1.0566716478516816,-0.5828918568089193,3.851480007171631,1.5231208801269531,52.90354919433594,0.1332256495952606,1,3028,242.82972717285156,55.32359313964844,18.5688493196556,0.4993354158001053,-0.95986211967725,-0.3936080957423558,3.851480007171631,1.5231208801269531,52.90354919433594,0.1332256495952606,1,0.0
4794,243.06874084472656,55.2640266418457,21.142061019795012,0.5967409470060555,-1.2124320095155972,-0.743988989839246,6.936960697174072,2.29882550239563,107.4707489013672,0.181620568037033,1,4794,243.06874084472656,55.2640266418457,21.142061019795012,0.5100252630098863,-1.0593655601022298,-0.4895974033468183,6.936960697174072,2.29882550239563,107.4707489013672,0.181620568037033,1,0.0
22073,242.65655517578125,55.297481536865234,15.14847507420532,0.5963987749728058,-0.8514155583233769,-0.3168749802263938,-100.0,-100.0,-100.0,0.8642244338989258,6,22073,242.65655517578125,55.297481536865234,15.14847507420532,0.5014969819009069,-0.7377398110722176,-0.1983489779177937,-100.0,-100.0,-100.0,0.8642244338989258,6,0.0
1628,242.7541961669922,55.45428466796875,25.04553869391769,0.5952343630962215,-1.4630560763875289,-1.048942705367811,4.057170391082764,4.02989387512207,20.608978271484375,0.1122079417109489,1,1628,242.7541961669922,55.45428466796875,25.04553869391769,0.537529075697903,-1.2044567663938064,-0.6659947572810945,4.057170391082764,4.02989387512207,20.608978271484375,0.1122079417109489,1,0.0
37463,242.228515625,54.50914764404297,34.59214724317995,0.5896755106506426,-2.5415700004667827,-2.145621286550462,-100.0,-100.0,-100.0,2.341987371444702,6,37463,242.228515625,54.50914764404297,34.59214724317995,0.6008873839893025,-1.8122779491213803,-1.206116138669923,-100.0,-100.0,-100.0,2.341987371444702,6,0.0
15036,242.53683471679688,54.67341613769531,22.571934072506412,0.5836780457118789,-1.3479708944954272,-0.8461055597118847,2.8922348022460938,2.128098249435425,235.80995178222656,0.4763414859771728,1,15036,242.53683471679688,54.67341613769531,22.571934072506412,0.4977930944873533,-1.1587393773564405,-0.5489208118272733,2.8922348022460938,2.128098249435425,235.80995178222656,0.4763414859771728,1,0.0
1754,243.72898864746097,54.77796936035156,42.81433589077163,0.5836640102573009,-3.681650468034405,-4.204366930514146,11.080414772033691,10.074646949768066,140.38278198242188,0.0791649743914604,1,1754,243.72898864746097,54.77796936035156,42.81433589077163,0.7645647187499276,-2.436072245637692,-2.1713200669469805,11.080414772033691,10.074646949768066,140.38278198242188,0.0791649743914604,1,0.0
34879,242.9416961669922,55.55649185180664,32.86665539624232,0.5830245556902333,-2.2620933467509268,-1.8688264531019536,-100.0,-100.0,-100.0,2.0097079277038574,6,34879,242.9416961669922,55.55649185180664,32.86665539624232,0.5919538333890687,-1.6218123620002622,-1.0672352767697888,-100.0,-100.0,-100.0,2.0097079277038574,6,0.0
8317,241.98797607421875,54.92105865478515,21.789090536140787,0.5828584140578846,-1.2689949014966486,-0.7891166453107382,4.123549938201904,0.8793229460716248,101.99209594726562,0.2845205962657928,1,8317,241.98797607421875,54.92105865478515,21.789090536140787,0.4983913541129826,-1.1001379180263164,-0.5161370935674149,4.123549938201904,0.8793229460716248,101.99209594726562,0.2845205962657928,1,0.0
8294,242.7348175048828,54.83395004272461,13.944504601028898,0.5823751296573546,-0.8703881207325704,-0.3594424551391805,1.7787024974822998,1.640257716178894,143.12010192871094,0.3204051554203033,1,8294,242.7348175048828,54.83395004272461,13.944504601028898,0.4642414396129841,-0.8519702797071708,-0.256911069716201,1.7787024974822998,1.640257716178894,143.12010192871094,0.3204051554203033,1,0.0
19012,243.1135711669922,54.65856170654297,29.78652572928028,0.5809563549220346,-1.632761524184131,-1.450550294073124,-100.0,-100.0,-100.0,0.7095613479614258,6,19012,243.1135711669922,54.65856170654297,29.78652572928028,0.6342528036028763,-1.1296242805238716,-0.8487445637958541,-100.0,-100.0,-100.0,0.7095613479614258,6,0.0
6635,242.0664978027344,55.38614273071289,26.81753666141929,0.5794592023195764,-1.2865745149371108,-1.122498637370039,-100.0,-100.0,-100.0,0.3014459908008575,6,6635,242.0664978027344,55.38614273071289,26.81753666141929,0.6237828814202754,-0.8934456857991351,-0.6695797075184963,-100.0,-100.0,-100.0,0.3014459908008575,6,0.0
6515,241.77273559570312,54.79443359375,31.7578153350944,0.5719852036115973,-2.102887598178331,-1.8020109293959417,8.106668472290039,2.4435718059539795,1.3538932800292969,0.2322723120450973,1,6515,241.77273559570312,54.79443359375,31.7578153350944,0.5679445875418466,-1.5932676327172093,-1.075582829832728,8.106668472290039,2.4435718059539795,1.3538932800292969,0.2322723120450973,1,0.0
6476,243.27894592285156,55.101470947265625,24.20094111038459,0.5700630581810262,-1.4256555076798902,-0.9759950905134896,2.4761998653411865,2.470731735229492,152.02090454101562,0.2518927156925201,1,6476,243.27894592285156,55.101470947265625,24.20094111038459,0.5036336436807557,-1.192025716866331,-0.6243125266734423,2.4761998653411865,2.470731735229492,152.02090454101562,0.2518927156925201,1,0.0
27184,243.7327423095703,54.7071418762207,44.74670248026033,0.5697652827687679,-4.366272119278327,-4.808671708068453,-100.0,-100.0,-100.0,1.293212652206421,6,27184,243.7327423095703,54.7071418762207,44.74670248026033,0.714483056086598,-2.8442334560330083,-2.3507083712547314,-100.0,-100.0,-100.0,1.293212652206421,6,0.0
1698,242.73980712890625,55.61573028564453,34.44924539190928,0.5686726003065612,-2.3869874360805916,-2.215222226843677,7.176774501800537,5.565110683441162,44.166412353515625,0.075856827199459,1,1698,242.73980712890625,55.61573028564453,34.44924539190928,0.6020596434512911,-1.7434610496957157,-1.2849823525596549,7.176774501800537,5.565110683441162,44.166412353515625,0.075856827199459,1,0.0
28195,243.4273681640625,54.84123229980469,31.731749233775503,0.5682243643731395,-2.140542909317539,-1.7042177138727914,-100.0,-100.0,-100.0,1.475863695144653,4,28195,243.4273681640625,54.84123229980469,31.731749233775503,0.5636750119458099,-1.553822660677856,-0.9825747040442052,-100.0,-100.0,-100.0,1.475863695144653,4,0.0
8371,243.6560821533203,54.84699630737305,38.99238916538619,0.5681230558950162,-3.0529498476053303,-3.1297744294289473,2.9963912963867188,2.851135015487671,25.768003463745117,0.3024594485759735,1,8371,243.6560821533203,54.84699630737305,38.99238916538619,0.6586369754743079,-2.1252987354566155,-1.7160759682502933,2.9963912963867188,2.851135015487671,25.768003463745117,0.3024594485759735,1,0.0
36382,242.54966735839844,55.4116325378418,21.796795374265287,0.5665188643978881,-1.2410026176735836,-0.6959791621127628,-100.0,-100.0,-100.0,2.287642240524292,6,36382,242.54966735839844,55.4116325378418,21.796795374265287,0.4984880607640459,-0.9941069354159836,-0.4258312216073706,-100.0,-100.0,-100.0,2.287642240524292,6,0.0
10124,242.40760803222656,54.742156982421875,19.339594843685443,0.5660226382003131,-1.1300773131707802,-0.62790034112098,2.609544515609741,1.7131778001785278,252.4603271484375,0.3304445743560791,1,10124,242.40760803222656,54.742156982421875,19.339594843685443,0.470261566115336,-1.0171372252232007,-0.4203187126558211,2.609544515609741,1.7131778001785278,252.4603271484375,0.3304445743560791,1,0.0
15046,241.88674926757812,54.94976043701172,24.601628045177264,0.5643841502393727,-1.490881609476606,-1.0096671320004682,9.608430862426758,2.664665460586548,238.9556427001953,0.4765054881572723,1,15046,241.88674926757812,54.94976043701172,24.601628045177264,0.4937804188861664,-1.245048353242657,-0.6430180021471773,9.608430862426758,2.664665460586548,238.9556427001953,0.4765054881572723,1,0.0
36074,242.41615295410156,54.95588684082031,7.938930774802483,0.5630142547277731,-0.8494984800338448,-0.1713057068647039,5.762400150299072,2.881368637084961,315.3909606933594,1.989463806152344,2,36074,242.41615295410156,54.95588684082031,7.938930774802483,0.4073904415805901,-0.8904143433601277,-0.1337627406726346,5.762400150299072,2.881368637084961,315.3909606933594,1.989463806152344,2,0.0
6427,242.8054351806641,55.36148452758789,20.282271834731137,0.5620408802160585,-1.1690777454288157,-0.6870352286118395,3.01371431350708,2.6590218544006348,240.9310302734375,0.2310731261968612,1,6427,242.8054351806641,55.36148452758789,20.282271834731137,0.4743221291147297,-1.0359455261988388,-0.45596312295192,3.01371431350708,2.6590218544006348,240.9310302734375,0.2310731261968612,1,0.0
37405,242.82907104492188,55.50497817993164,28.660625685757708,0.55935938750347,-2.0192438184556334,-1.318421847782184,-100.0,-100.0,-100.0,2.337437152862549,6,37405,242.82907104492188,55.50497817993164,28.660625685757708,0.4868344780318818,-1.5601633723185877,-0.777410927230554,-100.0,-100.0,-100.0,2.337437152862549,6,0.0
15091,241.94593811035156,54.66648483276367,31.722588207067197,0.5544295402285421,-2.297811138264172,-1.702905573563869,-100.0,-100.0,-100.0,0.5617377161979675,6,15091,241.94593811035156,54.66648483276367,31.722588207067197,0.5143735785236513,-1.7115091229970123,-0.9819201005361632,-100.0,-100.0,-100.0,0.5617377161979675,6,0.0
6471,242.5930023193359,54.65190505981445,23.816256973175452,0.554180296813761,-1.398082267103442,-0.9442365926857914,4.042338848114014,3.355607032775879,69.44088745117188,0.2613568902015686,1,6471,242.5930023193359,54.65190505981445,23.816256973175452,0.4871553117333991,-1.1755149060776584,-0.6061371933981237,4.042338848114014,3.355607032775879,69.44088745117188,0.2613568902015686,1,0.0
10191,241.3732147216797,54.90411376953125,42.466572273678906,0.5539736628408917,-3.6573483143207937,-4.0915573838701045,5.538552761077881,3.166728973388672,265.51251220703125,0.3668406903743744,1,10191,241.3732147216797,54.90411376953125,42.466572273678906,0.7053392186000447,-2.444764971448738,-2.126087424684248,5.538552761077881,3.166728973388672,265.51251220703125,0.3668406903743744,1,0.0
556,243.14605712890625,55.22715759277344,22.15497892288523,0.5526327336055776,-1.2482102980734957,-0.8149476969265328,3.75885009765625,2.2507829666137695,5.7602691650390625,0.0386099815368652,1,556,243.14605712890625,55.22715759277344,22.15497892288523,0.4835623378330184,-1.0695638637515974,-0.53082206602468,3.75885009765625,2.2507829666137695,5.7602691650390625,0.0386099815368652,1,0.0
38863,243.0344390869141,54.536678314208984,34.50661381425388,0.5519145092837509,-2.3629387972129914,-2.1310621879615805,-100.0,-100.0,-100.0,2.781391143798828,4,38863,243.0344390869141,54.536678314208984,34.50661381425388,0.6026507003659141,-1.638288531926385,-1.1989134917271898,-100.0,-100.0,-100.0,2.781391143798828,4,0.0
15043,242.254150390625,54.66984176635742,25.375342162544385,0.5499610808215774,-1.5508720845398334,-1.078595453013769,3.496415853500366,3.2502551078796387,261.8045349121094,0.5177962183952332,1,15043,242.254150390625,54.66984176635742,25.375342162544385,0.4859026839460675,-1.2821028783200497,-0.6826712302288044,3.496415853500366,3.2502551078796387,261.8045349121094,0.5177962183952332,1,0.0
6356,242.73455810546875,54.86115646362305,12.446613906809976,0.5471890163864559,-0.8095495309758856,-0.3038587535635474,4.131625652313232,1.4894756078720093,300.4720458984375,0.2523661255836487,1,6356,242.73455810546875,54.86115646362305,12.446613906809976,0.4332098497676259,-0.8115986216265074,-0.2228646490841089,4.131625652313232,1.4894756078720093,300.4720458984375,0.2523661255836487,1,0.0
10099,242.5934295654297,54.807655334472656,14.47421498214911,0.5454984687711636,-0.8988421274563585,-0.381111179942012,2.6199703216552734,2.1701605319976807,13.946800231933594,0.3564402759075165,1,10099,242.5934295654297,54.807655334472656,14.47421498214911,0.4350220858989626,-0.8728001456384756,-0.2703490138054598,2.6199703216552734,2.1701605319976807,13.946800231933594,0.3564402759075165,1,0.0
16535,243.70632934570312,55.03937530517578,38.70800615673134,0.543428441110628,-3.043295152033741,-3.0621952121009337,4.898971080780029,2.40339994430542,20.11467933654785,0.542455792427063,1,16535,243.70632934570312,55.03937530517578,38.70800615673134,0.6164902971151576,-2.1355896109980135,-1.685206273607804,4.898971080780029,2.40339994430542,20.11467933654785,0.542455792427063,1,0.0
28425,243.15057373046875,54.473976135253906,39.73615497380542,0.5427432871329481,-2.8643359257522456,-3.2183373533621578,-100.0,-100.0,-100.0,1.3631553649902344,6,28425,243.15057373046875,54.473976135253906,39.73615497380542,0.7426108422812234,-1.8027333679612765,-1.7056904866703024,-100.0,-100.0,-100.0,1.3631553649902344,6,0.0
1742,243.81320190429688,55.157711029052734,42.81683718896424,0.5423404616842668,-3.681803844270019,-4.2050737909686955,4.823911666870117,1.8769348859786987,114.16416931152344,0.105131447315216,1,1742,243.81320190429688,55.157711029052734,42.81683718896424,0.7106066765381209,-2.4358431015319315,-2.171360525271272,4.823911666870117,1.8769348859786987,114.16416931152344,0.105131447315216,1,0.0
32656,242.10403442382812,55.31298065185547,22.75252807412273,0.5420533289053124,-1.4625687746978766,-0.8559924728129579,3.0651967525482178,1.6115578413009644,155.9634552001953,1.541614294052124,2,32656,242.10403442382812,55.31298065185547,22.75252807412273,0.4440367179527605,-1.2644189923396898,-0.55060555300897,3.0651967525482178,1.6115578413009644,155.9634552001953,1.541614294052124,2,0.0
10090,242.8139190673828,55.31064224243164,17.630843847830885,0.542020717442558,-1.0401008503773908,-0.5307947270082899,1.3389415740966797,1.2569336891174316,27.831802368164062,0.3740392327308655,1,10090,242.8139190673828,55.31064224243164,17.630843847830885,0.4432503696756863,-0.961138029432814,-0.3617527765060676,1.3389415740966797,1.2569336891174316,27.831802368164062,0.3740392327308655,1,0.0
6360,242.51712036132812,55.09876251220703,3.70492638784791,0.5408571068770772,-0.6200629788011991,-0.111280664328549,3.549997091293335,1.4479320049285889,77.11861419677734,0.2519065141677856,1,6360,242.51712036132812,55.09876251220703,3.70492638784791,0.4140277514501985,-0.6909299620965933,-0.1014352047691136,3.549997091293335,1.4479320049285889,77.11861419677734,0.2519065141677856,1,0.0
3015,242.6715850830078,55.315372467041016,16.29762513749893,0.5398814517382897,-0.9449430302835936,-0.4633075626774239,3.630528688430786,3.4843480587005615,40.37595748901367,0.1594704985618591,1,3015,242.6715850830078,55.315372467041016,16.29762513749893,0.4424037558915621,-0.8901354185680376,-0.3210585904402182,3.630528688430786,3.4843480587005615,40.37595748901367,0.1594704985618591,1,0.0
6410,242.17039489746097,55.08511734008789,14.255809768021267,0.5392776441994516,-0.875002905327918,-0.3722145750879584,2.5273702144622803,1.7511340379714966,227.43243408203125,0.2253559231758117,1,6410,242.17039489746097,55.08511734008789,14.255809768021267,0.4321515104899411,-0.8523114084432505,-0.2650011709803536,2.5273702144622803,1.7511340379714966,227.43243408203125,0.2253559231758117,1,0.0
4777,243.18667602539065,55.28072738647461,25.007607821396036,0.5376265534197593,-1.4779405826317855,-1.0457107895508695,5.132200717926025,4.910012245178223,15.06551742553711,0.1913262456655502,1,4777,243.18667602539065,55.28072738647461,25.007607821396036,0.4816209860037372,-1.2206051679447043,-0.6642322542796929,5.132200717926025,4.910012245178223,15.06551742553711,0.1913262456655502,1,0.0
15060,241.76968383789065,55.576786041259766,42.07153282621378,0.5361895482643533,-3.604802912799968,-3.967284247826109,3.2360963821411133,2.3040947914123535,168.445556640625,0.4754297137260437,1,15060,241.76968383789065,55.576786041259766,42.07153282621378,0.6686414752038784,-2.428293392489518,-2.075296729212295,3.2360963821411133,2.3040947914123535,168.445556640625,0.4754297137260437,1,0.0
4670,242.6119079589844,54.86811828613281,10.89357512007862,0.5320173220494556,-0.752001263098514,-0.2531944755222116,2.295931577682495,0.889868438243866,283.72491455078125,0.2242284715175628,1,4670,242.6119079589844,54.86811828613281,10.89357512007862,0.4190144880106943,-0.7720151253382618,-0.1911751910491687,2.295931577682495,0.889868438243866,283.72491455078125,0.2242284715175628,1,0.0
16500,242.81198120117188,55.292999267578125,16.663519718403393,0.5310768363937477,-1.0199737392944497,-0.4803395187435927,4.624173641204834,2.2402937412261963,358.03961181640625,0.5374944806098938,1,16500,242.81198120117188,55.292999267578125,16.663519718403393,0.4259844912666786,-0.9579271221128428,-0.330609248696939,4.624173641204834,2.2402937412261963,358.03961181640625,0.5374944806098938,1,0.0
537,242.46087646484375,54.784423828125,16.388387205425932,0.5229604265885265,-0.9292692039925065,-0.467006680032082,7.819349765777588,4.5214738845825195,324.5761413574219,0.0380078889429569,1,537,242.46087646484375,54.784423828125,16.388387205425932,0.4325116877879917,-0.8722531215794278,-0.3229014086175533,7.819349765777588,4.5214738845825195,324.5761413574219,0.0380078889429569,1,0.0
16633,242.2023773193359,54.85551834106445,17.439728994625014,0.5224676145402012,-0.8722259382849689,-0.4273757512080077,-100.0,-100.0,-100.0,0.5989434719085693,6,16633,242.2023773193359,54.85551834106445,17.439728994625014,0.4635945475207632,-0.7193987211508112,-0.2657252895623993,-100.0,-100.0,-100.0,0.5989434719085693,6,0.0
14998,242.3251495361328,55.18246841430664,11.878147557809507,0.5162281354064697,-0.8258775791701306,-0.2837801699832779,3.102541446685791,1.2178709506988523,78.25724792480469,0.4992811977863312,1,14998,242.3251495361328,55.18246841430664,11.878147557809507,0.4013963728704433,-0.8340951177019159,-0.209597610076874,3.102541446685791,1.2178709506988523,78.25724792480469,0.4992811977863312,1,0.0
642,243.77035522460935,55.21223831176758,41.978207114085414,0.5158626101050326,-3.5134065482974344,-3.9374417813352216,3.2284750938415527,2.699211359024048,354.68511962890625,0.0525973141193389,1,642,243.77035522460935,55.21223831176758,41.978207114085414,0.6620663903996746,-2.3442025635071,-2.0620779724392584,3.2284750938415527,2.699211359024048,354.68511962890625,0.0525973141193389,1,0.0
32636,242.38526916503903,54.73592376708984,19.942787779902577,0.5158458469029873,-1.287356559842811,-0.6610253401236589,1.4732496738433838,1.4660402536392212,326.1488952636719,1.5358048677444458,2,32636,242.38526916503903,54.73592376708984,19.942787779902577,0.4096604231481675,-1.1570165747728105,-0.4359374086535522,1.4732496738433838,1.4660402536392212,326.1488952636719,1.5358048677444458,2,0.0
39749,242.5833282470703,54.891605377197266,9.430810022181063,0.5143472352477421,-0.9423007186283824,-0.2016048634304999,2.1097772121429443,1.622082233428955,312.5086669921875,3.251182794570923,2,39749,242.5833282470703,54.891605377197266,9.430810022181063,0.3657868830359758,-0.9652927490492904,-0.1480051411004806,2.1097772121429443,1.622082233428955,312.5086669921875,3.251182794570923,2,0.0
3199,241.5678253173828,55.34650421142578,39.007180343155866,0.5103253637891917,-3.029993733650029,-3.1330660303543096,5.427105903625488,4.187267780303955,319.55133056640625,0.1346314400434494,1,3199,241.5678253173828,55.34650421142578,39.007180343155866,0.5982320506382542,-2.1010089934667286,-1.7173343344836087,5.427105903625488,4.187267780303955,319.55133056640625,0.1346314400434494,1,0.0
15092,243.22523498535156,55.35750198364258,28.818999665127883,0.5098856142843549,-1.962487633429084,-1.3364258983119588,-100.0,-100.0,-100.0,0.5749568939208984,6,15092,243.22523498535156,55.35750198364258,28.818999665127883,0.4585155080720997,-1.49739017089703,-0.7872292520167578,-100.0,-100.0,-100.0,0.5749568939208984,6,0.0
38207,242.54112243652344,55.12628936767578,4.842800284456607,0.5061055269079907,-0.8171532795153785,-0.1159500431932329,1.4219038486480713,1.4187296628952026,77.34803771972656,2.4431228637695312,2,38207,242.54112243652344,55.12628936767578,4.842800284456607,0.3598899678464875,-0.8744779132388136,-0.0962872556923855,1.4219038486480713,1.4187296628952026,77.34803771972656,2.4431228637695312,2,0.0
13481,242.49740600585935,55.31061553955078,15.965823993854496,0.5054049035796282,-0.975730300225946,-0.4472208365299561,2.402871370315552,2.4020397663116455,204.60397338867188,0.467195451259613,1,13481,242.49740600585935,55.31061553955078,15.965823993854496,0.405198439261071,-0.9260511486920012,-0.3106707911611825,2.402871370315552,2.4020397663116455,204.60397338867188,0.467195451259613,1,0.0
17806,242.1618194580078,55.56025314331055,33.85541184622299,0.5050826159781888,-2.18508164697648,-2.023236595096443,-100.0,-100.0,-100.0,0.6560235619544983,6,17806,242.1618194580078,55.56025314331055,33.85541184622299,0.5672627410362356,-1.494970397208491,-1.1453224446335226,-100.0,-100.0,-100.0,0.6560235619544983,6,0.0
4930,243.38201904296875,55.62680435180664,44.1696404347679,0.5048634153773016,-3.874566983767001,-4.586670248855229,-100.0,-100.0,-100.0,0.2344001233577728,6,4930,243.38201904296875,55.62680435180664,44.1696404347679,0.7257706976532319,-2.4147367172548453,-2.266582367470266,-100.0,-100.0,-100.0,0.2344001233577728,6,0.0
37500,242.95147705078125,55.19159698486328,15.34603184599822,0.5034121597527307,-0.7968259736228644,-0.3256151057525139,-100.0,-100.0,-100.0,2.36476993560791,6,37500,242.95147705078125,55.19159698486328,15.34603184599822,0.4353462593667236,-0.6800332938692819,-0.2036914332996759,-100.0,-100.0,-100.0,2.36476993560791,6,0.0
26763,242.64512634277344,54.82649612426758,13.521905851426832,0.502593579520955,-0.8835331796442734,-0.249744452952423,-100.0,-100.0,-100.0,1.121948480606079,6,26763,242.64512634277344,54.82649612426758,13.521905851426832,0.4011661820600813,-0.793750819865328,-0.1569966316928587,-100.0,-100.0,-100.0,1.121948480606079,6,0.0
572,242.49368286132812,55.51982498168945,28.41794571030612,0.4973860322514445,-1.734512706287445,-1.38438153367541,1.7817981243133545,1.4031617641448977,94.29557037353516,0.0536487959325313,1,572,242.49368286132812,55.51982498168945,28.41794571030612,0.4739026141764587,-1.3618686064385126,-0.8524716764994302,1.7817981243133545,1.4031617641448977,94.29557037353516,0.0536487959325313,1,0.0
23167,242.9699249267578,54.62095642089844,28.983550332506297,0.4970310795449202,-1.76264793461313,-1.3553030827033827,-100.0,-100.0,-100.0,0.8805327415466309,6,23167,242.9699249267578,54.62095642089844,28.983550332506297,0.4907479363148833,-1.2912363686480175,-0.7974953869086688,-100.0,-100.0,-100.0,0.8805327415466309,6,0.0
3099,241.9390563964844,54.73786163330078,28.944899977971676,0.4960371551483793,-1.8027913847598331,-1.444594459813788,3.690429925918579,2.007035255432129,36.900672912597656,0.1491373032331466,1,3099,241.9390563964844,54.73786163330078,28.944899977971676,0.4726241084270067,-1.410797912671198,-0.8856802764107413,3.690429925918579,2.007035255432129,36.900672912597656,0.1491373032331466,1,0.0
4622,242.6814117431641,55.01496505737305,4.021262795750386,0.495272524958245,-0.6148415781221405,-0.1144532294322393,3.3624870777130127,3.343893527984619,316.22015380859375,0.1814252138137817,1,4622,242.6814117431641,55.01496505737305,4.021262795750386,0.3807137598388495,-0.684449332012833,-0.1033934433117498,3.3624870777130127,3.343893527984619,316.22015380859375,0.1814252138137817,1,0.0
21181,242.5811767578125,55.0493278503418,0.0415723595144914,0.4949277097621832,-0.727860239706084,-1.5039979283795834e-05,-100.0,-100.0,-100.0,0.7826066613197327,6,21181,242.5811767578125,55.0493278503418,0.0415723595144914,0.3640386214235447,-0.7278603033704979,3.3596945582137975e-05,-100.0,-100.0,-100.0,0.7826066613197327,6,0.0
15038,241.8919982910156,55.19491195678711,25.195303788852264,0.4931906078975197,-1.5360582144484631,-1.061980127008714,4.432616710662842,1.545978546142578,86.37065124511719,0.4871189892292022,1,15038,241.8919982910156,55.19491195678711,25.195303788852264,0.4348776893111033,-1.2724352412524875,-0.6728372300891728,4.432616710662842,1.545978546142578,86.37065124511719,0.4871189892292022,1,0.0
8265,242.0469970703125,54.95193862915039,19.255645640450997,0.4927757860432566,-1.1173724217276315,-0.622582756460867,3.977306604385376,1.8528400659561155,210.32174682617188,0.2988240718841553,1,8265,242.0469970703125,54.95193862915039,19.255645640450997,0.4104824658227775,-1.00599494467885,-0.4170430195812359,3.977306604385376,1.8528400659561155,210.32174682617188,0.2988240718841553,1,0.0
4788,242.89874267578125,55.48194122314453,28.17582544489415,0.4920754889345686,-1.7408525515135542,-1.358278482227412,2.266931533813477,2.223939895629883,28.91206741333008,0.2027977406978607,1,4788,242.89874267578125,55.48194122314453,28.17582544489415,0.4614739496802962,-1.3777566233670837,-0.8386764347064294,2.266931533813477,2.223939895629883,28.91206741333008,0.2027977406978607,1,0.0
12021,243.34292602539065,55.34344100952149,31.534126887564327,0.4904689139498008,-2.209121006965676,-1.676900865185846,-100.0,-100.0,-100.0,0.4488157629966736,6,12021,243.34292602539065,55.34344100952149,31.534126887564327,0.4667642055649278,-1.6313516083504664,-0.9683566241136152,-100.0,-100.0,-100.0,0.4488157629966736,6,0.0
28146,242.6150054931641,55.08229064941406,2.335288567712584,0.4895525561490841,-0.7157314460070469,-0.0971553879918381,2.0005035400390625,1.424968957901001,305.70074462890625,1.1865016222000122,1,28146,242.6150054931641,55.08229064941406,2.335288567712584,0.3578222274555817,-0.7869525172857101,-0.0891553047188895,2.0005035400390625,1.424968957901001,305.70074462890625,1.1865016222000122,1,0.0
6429,243.0585021972656,54.78091049194336,23.024514245128533,0.4885898625574167,-1.3423425280224297,-0.8809295589939395,2.5338594913482666,2.385793924331665,16.42756462097168,0.2351856678724289,1,6429,243.0585021972656,54.78091049194336,23.024514245128533,0.4253917509267298,-1.1413900445782912,-0.5693382497811246,2.5338594913482666,2.385793924331665,16.42756462097168,0.2351856678724289,1,0.0
10000,242.57972717285156,55.13686752319336,5.285499287265695,0.4857265129303406,-0.6541739206627473,-0.1300757549038767,3.1570422649383545,1.8313441276550293,221.1546936035156,0.3502074480056762,1,10000,242.57972717285156,55.13686752319336,5.285499287265695,0.3706760863741243,-0.718180450127241,-0.1132688777110174,3.1570422649383545,1.8313441276550293,221.1546936035156,0.3502074480056762,1,0.0
6481,242.0322265625,55.39936447143555,28.1860400484602,0.4856309659664626,-1.7502174791357747,-1.359525997832705,2.1520936489105225,2.1331844329833984,96.4293212890625,0.2260627895593643,1,6481,242.0322265625,55.39936447143555,28.1860400484602,0.4538730827475545,-1.3868456255812704,-0.8394253197019838,2.1520936489105225,2.1331844329833984,96.4293212890625,0.2260627895593643,1,0.0
36275,243.2985382080078,55.43951416015625,33.95463910894896,0.4854956144851359,-2.5412532788221487,-2.039253043261738,-100.0,-100.0,-100.0,2.26273775100708,6,36275,243.2985382080078,55.43951416015625,33.95463910894896,0.472490685941125,-1.845970384742833,-1.1533238632796452,-100.0,-100.0,-100.0,2.26273775100708,6,0.0
18852,242.3633728027344,55.33153533935547,18.52312584914721,0.4841497730979313,-1.1245029829154902,-0.5792271286386558,2.602358102798462,0.9445460438728333,166.15843200683594,0.6403509974479675,1,18852,242.3633728027344,55.33153533935547,18.52312584914721,0.3927396107502103,-1.0274373513679111,-0.3902577511322379,2.602358102798462,0.9445460438728333,166.15843200683594,0.6403509974479675,1,0.0
6492,241.7222595214844,54.92669296264648,30.43741329650411,0.4834839980098756,-1.9642204611393492,-1.6254108808632115,7.657766342163086,2.6904828548431396,157.4623260498047,0.2372936457395553,1,6492,241.7222595214844,54.92669296264648,30.43741329650411,0.4690871658341652,-1.5120205986210435,-0.9824513193772612,7.657766342163086,2.6904828548431396,157.4623260498047,0.2372936457395553,1,0.0
1534,242.84005737304688,54.72735595703125,21.264770240490726,0.4834156414734601,-1.201550461123969,-0.751975515925483,4.89877986907959,4.879667282104492,169.73886108398438,0.0768307596445083,1,1534,242.84005737304688,54.72735595703125,21.264770240490726,0.4169943684732319,-1.0451416627636356,-0.4940084713079578,4.89877986907959,4.879667282104492,169.73886108398438,0.0768307596445083,1,0.0
1561,241.99119567871097,55.023719787597656,20.316037798349893,0.4830248646057034,-1.1445508226071175,-0.6887715667236296,6.429742813110352,1.7159483432769775,33.058204650878906,0.0834287330508232,1,1561,241.99119567871097,55.023719787597656,20.316037798349893,0.4123962639828755,-1.010323955088674,-0.4567372991680827,6.429742813110352,1.7159483432769775,33.058204650878906,0.0834287330508232,1,0.0
8255,242.60345458984375,54.6851921081543,21.829546897035375,0.4821449752021193,-1.2710018335722086,-0.791742762080359,3.4065964221954346,3.0654358863830566,149.62152099609375,0.302978366613388,1,8255,242.60345458984375,54.6851921081543,21.829546897035375,0.4125844654833727,-1.100879781992462,-0.5174231373617912,3.4065964221954346,3.0654358863830566,149.62152099609375,0.302978366613388,1,0.0
22110,242.50486755371097,55.234893798828125,11.463822935188572,0.4815097556426955,-1.0600950665452604,-0.1774280696972068,-100.0,-100.0,-100.0,0.8362082242965698,6,22110,242.50486755371097,55.234893798828125,11.463822935188572,0.3420526617260556,-0.9961769838358274,-0.1120186511712345,-100.0,-100.0,-100.0,0.8362082242965698,6,0.0
32634,243.14707946777344,54.88999557495117,21.716562985657728,0.4812555549317236,-1.3940790234182674,-0.779465690584502,2.1705477237701416,2.1704890727996826,240.55123901367188,1.5062198638916016,2,32634,243.14707946777344,54.88999557495117,21.716562985657728,0.3896467514341538,-1.222081275789634,-0.5056409647990371,2.1705477237701416,2.1704890727996826,240.55123901367188,1.5062198638916016,2,0.0
564,243.32907104492188,54.99910354614258,25.920120153343507,0.4811893375111787,-1.5206674156495,-1.1283444511926923,2.5667340755462646,1.616877555847168,193.8503265380859,0.0735631510615348,1,564,243.32907104492188,54.99910354614258,25.920120153343507,0.441838544754346,-1.2341734560404436,-0.7103309568730681,2.5667340755462646,1.616877555847168,193.8503265380859,0.0735631510615348,1,0.0
3026,242.76690673828125,55.35002517700195,19.169536399114527,0.4805654935506693,-1.088411381606182,-0.6176600738139846,3.2443320751190186,2.2660932540893555,121.91099548339844,0.1300761550664901,1,3026,242.76690673828125,55.35002517700195,19.169536399114527,0.4040694988979755,-0.9790550780389844,-0.4142689741569313,3.2443320751190186,2.2660932540893555,121.91099548339844,0.1300761550664901,1,0.0
30970,241.98377990722656,54.66482162475586,30.90888320003148,0.4797930216172847,-1.9420867509611772,-1.5927812479527508,-100.0,-100.0,-100.0,1.6496186256408691,6,30970,241.98377990722656,54.66482162475586,30.90888320003148,0.4915487912290562,-1.3919372293833645,-0.9241987840561277,-100.0,-100.0,-100.0,1.6496186256408691,6,0.0
10172,242.88336181640625,54.44460678100586,37.73752800887475,0.4794136914960004,-2.8702555562530296,-2.8442983618943942,2.876119375228882,1.907001495361328,193.61859130859375,0.3384608030319214,1,10172,242.88336181640625,54.44460678100586,37.73752800887475,0.5371287044510307,-2.029491641840343,-1.585885809252672,2.876119375228882,1.907001495361328,193.61859130859375,0.3384608030319214,1,0.0
39347,242.371826171875,55.39768600463867,22.118462506079865,0.4779069945457812,-1.1103501187515334,-0.7192473577889069,-100.0,-100.0,-100.0,3.0928471088409424,6,39347,242.371826171875,55.39768600463867,22.118462506079865,0.4499114346094718,-0.8553871202378741,-0.4394766095266024,-100.0,-100.0,-100.0,3.0928471088409424,6,0.0
4769,242.42442321777344,55.449615478515625,24.635129596388765,0.4766118280455603,-1.4492861489770452,-1.0129047048564526,2.333207607269287,2.142747640609741,106.24423217773438,0.1910312473773956,1,4769,242.42442321777344,55.449615478515625,24.635129596388765,0.4249748846443333,-1.2028683614250362,-0.6452563692967902,2.333207607269287,2.142747640609741,106.24423217773438,0.1910312473773956,1,0.0
10154,241.678466796875,54.82669448852539,33.82421434677282,0.4761947457113217,-2.35247672261805,-2.1121806507234933,3.949477434158325,3.8703927993774414,146.86428833007812,0.327897697687149,1,10154,241.678466796875,54.82669448852539,33.82421434677282,0.4890726998443135,-1.7420685111521312,-1.233553673906287,3.949477434158325,3.8703927993774414,146.86428833007812,0.327897697687149,1,0.0
1652,241.7491455078125,54.74650955200195,33.934257740215465,0.4759177283831196,-2.324099109363679,-2.1297414563368204,6.221735954284668,4.730172157287598,120.8880615234375,0.0758350417017936,1,1652,241.7491455078125,54.74650955200195,33.934257740215465,0.4985692244156268,-1.7078254661001266,-1.2423842538783945,6.221735954284668,4.730172157287598,120.8880615234375,0.0758350417017936,1,0.0
38203,242.6991424560547,54.99553298950195,5.184036718656751,0.4745735426203853,-0.8208243282617284,-0.1201208473040717,1.275821089744568,1.0167797803878784,154.345458984375,2.4665863513946533,2,38203,242.6991424560547,54.99553298950195,5.184036718656751,0.3378904426997058,-0.8760989600179407,-0.0985828171640097,1.275821089744568,1.0167797803878784,154.345458984375,2.4665863513946533,2,0.0
32781,243.6045684814453,55.491363525390625,43.93877232011561,0.4724413578223492,-3.9098231678348743,-4.501218660806561,-100.0,-100.0,-100.0,1.8615354299545288,5,32781,243.6045684814453,55.491363525390625,43.93877232011561,0.6508408182531153,-2.474113873388434,-2.233758864716358,-100.0,-100.0,-100.0,1.8615354299545288,5,0.0
30534,242.555419921875,55.64348983764648,35.6929918100119,0.4692240886462617,-2.695743571468489,-2.4320861901968547,3.5025014877319336,2.7478880882263184,176.98631286621094,1.3627066612243652,2,30534,242.555419921875,55.64348983764648,35.6929918100119,0.4791825931343396,-1.9790722941776575,-1.3875140615677517,3.5025014877319336,2.7478880882263184,176.98631286621094,1.3627066612243652,2,0.0
8346,241.6468963623047,55.23870849609375,33.97999527390376,0.4684024201488768,-2.363441462269743,-2.137360439712096,3.3736050128936768,2.3051509857177734,184.20870971679688,0.3028188943862915,1,8346,241.6468963623047,55.23870849609375,33.97999527390376,0.4841828078740012,-1.744858442380644,-1.24620036922986,3.3736050128936768,2.3051509857177734,184.20870971679688,0.3028188943862915,1,0.0
3051,242.8649139404297,55.42875671386719,24.78882884279577,0.4680991795002695,-1.452531837635723,-1.0263467825842154,7.247972011566162,6.396361827850342,131.74795532226562,0.1328150629997253,1,3051,242.8649139404297,55.42875671386719,24.78882884279577,0.4196866917327073,-1.20166712131748,-0.6531453310284161,7.247972011566162,6.396361827850342,131.74795532226562,0.1328150629997253,1,0.0
15126,242.17239379882812,55.10368728637695,14.398153833916515,0.4669677407764419,-1.1914209141949492,-0.284667303723189,-100.0,-100.0,-100.0,0.5344051718711853,6,15126,242.17239379882812,55.10368728637695,14.398153833916515,0.3339853149355595,-1.0891563864614278,-0.1786047005639717,-100.0,-100.0,-100.0,0.5344051718711853,6,0.0
16572,242.7684783935547,54.385738372802734,40.31247430793917,0.4663221663135439,-2.934117204832015,-3.3680025373949047,-100.0,-100.0,-100.0,0.6047027707099915,6,16572,242.7684783935547,54.385738372802734,40.31247430793917,0.6550015614126763,-1.8276299989064024,-1.7708640621573315,-100.0,-100.0,-100.0,0.6047027707099915,6,0.0
37302,242.2502899169922,54.74671936035156,21.405905680280465,0.4658815078101556,-1.4111296818610903,-0.755056452336191,3.382267951965332,1.7103419303894043,75.0724105834961,2.1038360595703125,2,37302,242.2502899169922,54.74671936035156,21.405905680280465,0.3703217671516373,-1.2439722268960458,-0.488698703861708,3.382267951965332,1.7103419303894043,75.0724105834961,2.1038360595703125,2,0.0
24740,242.75306701660156,55.04054260253906,5.954680289339771,0.4645386900963488,-0.7980995339735928,-0.0468513159341011,-100.0,-100.0,-100.0,1.0941269397735596,6,24740,242.75306701660156,55.04054260253906,5.954680289339771,0.3411768488960821,-0.7811548981325622,-0.0298206075454446,-100.0,-100.0,-100.0,1.0941269397735596,6,0.0
574,242.91542053222656,55.498634338378906,29.319278767668177,0.4639259535323746,-1.8185383185209925,-1.4877458330758475,2.3602402210235596,2.095698118209839,20.758495330810547,0.0636387467384338,1,574,242.91542053222656,55.498634338378906,29.319278767668177,0.4484840086955198,-1.411424457761982,-0.9085546042592,2.3602402210235596,2.095698118209839,20.758495330810547,0.0636387467384338,1,0.0
593,242.076171875,55.52041244506836,33.1312205549965,0.4638344659239704,-2.219205696610065,-2.0023310052804715,6.682680130004883,6.635509490966797,258.6408996582031,0.0468713082373142,1,593,242.076171875,55.52041244506836,33.1312205549965,0.4802709752627344,-1.6434177046465694,-1.177824998617956,6.682680130004883,6.635509490966797,258.6408996582031,0.0468713082373142,1,0.0
21037,242.96485900878903,55.10540390014648,13.63417349620443,0.4636221302771886,-0.915517989114272,-0.3458233737565199,1.5083351135253906,0.891859233379364,359.71014404296875,0.7464783787727356,1,21037,242.96485900878903,55.10540390014648,13.63417349620443,0.3601598984235039,-0.9000051457293913,-0.2471199368017609,1.5083351135253906,0.891859233379364,359.71014404296875,0.7464783787727356,1,0.0
4781,243.05307006835935,54.626190185546875,30.15925034277328,0.4623972594778612,-1.9285446519012903,-1.5905107318648524,6.3143310546875,2.1607587337493896,119.59768676757812,0.1868582963943481,1,4781,243.05307006835935,54.626190185546875,30.15925034277328,0.447940640219213,-1.4881340611154594,-0.9640740183266564,6.3143310546875,2.1607587337493896,119.59768676757812,0.1868582963943481,1,0.0
32623,241.86585998535156,55.023834228515625,24.615264949971593,0.4599517411636319,-1.5941460005663026,-1.006849869765153,1.9291757345199585,1.1957852840423584,308.39154052734375,1.6446020603179932,2,32623,241.86585998535156,55.023834228515625,24.615264949971593,0.3858094641237328,-1.3436019916179136,-0.637210571802638,1.9291757345199585,1.1957852840423584,308.39154052734375,1.6446020603179932,2,0.0
32546,242.6579437255859,54.90591049194336,8.977776310523705,0.4575305633940342,-0.8451246295248682,-0.1957124587016245,2.6846606731414795,1.3811856508255005,112.63423919677734,1.590034246444702,2,32546,242.6579437255859,54.90591049194336,8.977776310523705,0.3363456555985367,-0.8781465367508172,-0.149819040747656,2.6846606731414795,1.3811856508255005,112.63423919677734,1.590034246444702,2,0.0
38824,242.7448272705078,55.154903411865234,8.50809670954878,0.4569847686636457,-0.8892737426716518,-0.1793996076727529,2.600884199142456,2.040342092514038,111.4681396484375,2.525964736938477,2,38824,242.7448272705078,55.154903411865234,8.50809670954878,0.3279268744285853,-0.9207658547305864,-0.1345654407835365,2.600884199142456,2.040342092514038,111.4681396484375,2.525964736938477,2,0.0
6414,242.0857391357422,54.89778900146485,19.295240327293627,0.4568899122129959,-1.1115094885404115,-0.6249632447671593,3.5575525760650635,0.9840598702430724,99.16697692871094,0.2481709122657776,1,6414,242.0857391357422,54.89778900146485,19.295240327293627,0.3820365318079252,-0.9992410503693506,-0.4183984516684039,3.5575525760650635,0.9840598702430724,99.16697692871094,0.2481709122657776,1,0.0
24970,241.63572692871097,54.81453323364258,35.47028034810057,0.4540599102806131,-2.6434560786942174,-2.300403812091879,-100.0,-100.0,-100.0,1.0582118034362793,6,24970,241.63572692871097,54.81453323364258,35.47028034810057,0.4734367478303277,-1.865014922518894,-1.2819371089747291,-100.0,-100.0,-100.0,1.0582118034362793,6,0.0
32666,242.8771820068359,54.57851028442383,30.02324993660585,0.4492787948638029,-2.0609690629873394,-1.5690435846803523,1.8681479692459104,1.4126834869384766,212.85494995117188,1.5550445318222046,2,32666,242.8771820068359,54.57851028442383,30.02324993660585,0.4086802991673514,-1.6212684247513955,-0.9476506218831549,1.8681479692459104,1.4126834869384766,212.85494995117188,1.5550445318222046,2,0.0
26573,242.8030548095703,55.00936126708984,8.01248261179017,0.4483771064488801,-0.7762108769747463,-0.1762833262292167,3.480285406112671,1.440646767616272,317.3894348144531,1.0031739473342896,1,26573,242.8030548095703,55.00936126708984,8.01248261179017,0.3347107913982016,-0.8201867656832819,-0.1401734961120572,3.480285406112671,1.440646767616272,317.3894348144531,1.0031739473342896,1,0.0
6311,242.3669281005859,55.00576400756836,7.783359462427361,0.4478807407423678,-0.6816942892173935,-0.1735623064404052,2.094493865966797,1.4973043203353882,106.09042358398438,0.2724332809448242,1,6311,242.3669281005859,55.00576400756836,7.783359462427361,0.3467747576337759,-0.7298559420637872,-0.1407783003247582,2.094493865966797,1.4973043203353882,106.09042358398438,0.2724332809448242,1,0.0
1718,241.51646423339844,55.36388397216797,41.04134134273525,0.4476574663173215,-3.356105816601862,-3.661814593059409,6.221845626831055,5.370020389556885,267.0344543457031,0.1073701679706573,1,1718,241.51646423339844,55.36388397216797,41.04134134273525,0.5566801592675222,-2.268330250584494,-1.9473758862824917,6.221845626831055,5.370020389556885,267.0344543457031,0.1073701679706573,1,0.0
628,243.17807006835935,55.62856674194336,40.32384714757132,0.4476508242478439,-3.2229142810033933,-3.464497889863874,3.904024124145508,2.1132853031158447,304.22808837890625,0.0609025582671165,1,628,243.17807006835935,55.62856674194336,40.32384714757132,0.5481526618685335,-2.1931089177289835,-1.8623912914282568,3.904024124145508,2.1132853031158447,304.22808837890625,0.0609025582671165,1,0.0
6297,242.7585601806641,55.12739181518555,7.723908144279203,0.4474942413174395,-0.6808992418174015,-0.1725432019832367,3.437798500061035,2.3198447227478027,82.13370513916016,0.2255839556455612,1,6297,242.7585601806641,55.12739181518555,7.723908144279203,0.3463228931890933,-0.7296994030331714,-0.1402514673819718,3.437798500061035,2.3198447227478027,82.13370513916016,0.2255839556455612,1,0.0
34666,242.0778961181641,54.59473419189453,32.3097679749495,0.447213597769147,-2.2310193933761537,-1.7863381850549416,-100.0,-100.0,-100.0,1.9363799095153809,4,34666,242.0778961181641,54.59473419189453,32.3097679749495,0.4433051297115432,-1.6174894332975969,-1.0250464767178706,-100.0,-100.0,-100.0,1.9363799095153809,4,0.0
601,242.13023376464844,55.585960388183594,35.7084284725548,0.4463882144425015,-2.5366588430314274,-2.437318698719359,3.332336902618408,2.626206874847412,204.413330078125,0.0369204990565776,1,601,242.13023376464844,55.585960388183594,35.7084284725548,0.4878440745464106,-1.8218366981108811,-1.3931228402511913,3.332336902618408,2.626206874847412,204.413330078125,0.0369204990565776,1,0.0
23977,243.09422302246097,54.55182647705078,34.71010597516118,0.4460146522219696,-2.4250467752713067,-2.1658158540277967,-100.0,-100.0,-100.0,0.9322971701622008,6,23977,243.09422302246097,54.55182647705078,34.71010597516118,0.4815707879332375,-1.689310554108375,-1.2161331881784028,-100.0,-100.0,-100.0,0.9322971701622008,6,0.0
30263,242.5858612060547,54.889408111572266,9.563942978642638,0.4457433362970637,-0.8448123470403286,-0.2111266488240776,3.0302720069885254,1.9192029237747192,53.82038879394531,1.3418118953704834,2,30263,242.5858612060547,54.889408111572266,9.563942978642638,0.3305607558323066,-0.8732005463904485,-0.1601806576687507,3.0302720069885254,1.9192029237747192,53.82038879394531,1.3418118953704834,2,0.0
4693,242.75485229492188,54.78728866577149,16.80259197924833,0.4444519889311513,-0.9763533216741328,-0.4879842142734806,2.249291181564331,0.6092596650123596,248.8332061767578,0.2170068621635437,1,4693,242.75485229492188,54.78728866577149,16.80259197924833,0.364499738323991,-0.9125341128017171,-0.3358830297136916,2.249291181564331,0.6092596650123596,248.8332061767578,0.2170068621635437,1,0.0
27211,242.58224487304688,54.93284225463867,6.956350413851857,0.4417677616953877,-0.8675799875202206,-0.0640894589331409,-100.0,-100.0,-100.0,1.257374286651611,6,27211,242.58224487304688,54.93284225463867,6.956350413851857,0.318346102158673,-0.8443997579114927,-0.0407159057515427,-100.0,-100.0,-100.0,1.257374286651611,6,0.0
21057,242.74411010742188,54.63350296020508,25.550035651741055,0.4407062506585794,-1.5930127787588246,-1.093421215395645,2.6722445487976074,2.645428419113159,279.5751037597656,0.74253910779953,1,21057,242.74411010742188,54.63350296020508,25.550035651741055,0.3857311873739351,-1.3175928763647748,-0.6898899643044385,2.6722445487976074,2.645428419113159,279.5751037597656,0.74253910779953,1,0.0
13500,242.95716857910156,54.71758270263672,23.747531013506343,0.4401781695037332,-1.4211904208886847,-0.9378290078831728,3.1365671157836914,2.4297988414764404,37.45899963378906,0.4299319088459015,1,13500,242.95716857910156,54.71758270263672,23.747531013506343,0.3821275184571618,-1.1996912305716996,-0.6015315797987614,3.1365671157836914,2.4297988414764404,37.45899963378906,0.4299319088459015,1,0.0
11816,242.6412353515625,54.88207244873047,10.219088305908038,0.4399945717250443,-0.7625068396335754,-0.232947005524259,1.6925671100616455,1.4275115728378296,71.48983764648438,0.4240494966506958,1,11816,242.6412353515625,54.88207244873047,10.219088305908038,0.3410917880003676,-0.7889231363773831,-0.1778895199393519,1.6925671100616455,1.4275115728378296,71.48983764648438,0.4240494966506958,1,0.0
27214,242.76385498046875,54.85971450805664,12.98509708511238,0.4399676625069488,-1.153102129388747,-0.2295456674394592,-100.0,-100.0,-100.0,1.2239012718200684,6,27214,242.76385498046875,54.85971450805664,12.98509708511238,0.3097781962365988,-1.0705268041886815,-0.1444861035297167,-100.0,-100.0,-100.0,1.2239012718200684,6,0.0
6458,243.1278533935547,54.70210647583008,28.10246814484972,0.4389954447309274,-1.7419609017912248,-1.3500391665845806,3.7749080657958984,3.4621317386627197,198.3913726806641,0.2641052603721618,1,6458,243.1278533935547,54.70210647583008,28.10246814484972,0.4099104959933348,-1.3813143869927358,-0.8338967410057416,3.7749080657958984,3.4621317386627197,198.3913726806641,0.2641052603721618,1,0.0
26670,242.98399353027344,54.98322296142578,14.428877918042634,0.4383251850558973,-1.0478595908806625,-0.2859664461543912,-100.0,-100.0,-100.0,1.2423839569091797,4,26670,242.98399353027344,54.98322296142578,14.428877918042634,0.3333229468117735,-0.9451425463806442,-0.1794140884357735,-100.0,-100.0,-100.0,1.2423839569091797,4,0.0
40087,242.00543212890625,55.0699577331543,19.800255369608337,0.4378327206159787,-0.8187997854336184,-0.5626593998879831,-100.0,-100.0,-100.0,4.943021297454834,4,40087,242.00543212890625,55.0699577331543,19.800255369608337,0.4282979138758069,-0.618399772547093,-0.3471077431324265,-100.0,-100.0,-100.0,4.943021297454834,4,0.0
8300,242.99952697753903,54.631343841552734,28.930347630632696,0.4377313115427255,-1.8261932388787971,-1.4430090153987654,5.187067031860352,1.1234570741653442,98.118896484375,0.3242483735084533,1,8300,242.99952697753903,54.631343841552734,28.930347630632696,0.4126346017928438,-1.4347866801107478,-0.8848111138046991,5.187067031860352,1.1234570741653442,98.118896484375,0.3242483735084533,1,0.0
37280,243.0813140869141,55.16069030761719,18.456958665255826,0.4356824183808457,-1.2416315683676695,-0.5693807878475273,3.63946270942688,1.8229612112045288,229.88153076171875,2.283533811569214,2,37280,243.0813140869141,55.16069030761719,18.456958665255826,0.3361101091402491,-1.1392615128718513,-0.3781302005915712,3.63946270942688,1.8229612112045288,229.88153076171875,2.283533811569214,2,0.0
2988,242.1330718994141,54.87398910522461,18.64074036340389,0.4338948844207415,-1.0602614756923123,-0.5868642577833934,2.8839845657348633,2.307358980178833,100.96564483642578,0.1332743018865585,1,2988,242.1330718994141,54.87398910522461,18.64074036340389,0.3629208814938811,-0.9619095951723086,-0.3959325223210961,2.8839845657348633,2.307358980178833,100.96564483642578,0.1332743018865585,1,0.0
14988,242.097412109375,55.13430404663086,17.361073584031413,0.4334817994007101,-1.046835192646062,-0.5160396497302708,1.955042600631714,1.0071266889572144,129.30221557617188,0.484681099653244,1,14988,242.097412109375,55.13430404663086,17.361073584031413,0.3507144494760777,-0.9723321812677777,-0.3523519169335767,1.955042600631714,1.0071266889572144,129.30221557617188,0.484681099653244,1,0.0
3201,241.5067596435547,55.39730453491211,42.277802382111496,0.4328109743584621,-3.5886138469221933,-4.031195681798912,2.3484363555908203,2.3482847213745117,149.45741271972656,0.1315023750066757,1,3201,241.5067596435547,55.39730453491211,42.277802382111496,0.5557450041356374,-2.3929486331121774,-2.1010740344890304,2.3484363555908203,2.3482847213745117,149.45741271972656,0.1315023750066757,1,0.0
34758,241.5264434814453,55.19441986083984,37.20338798790446,0.4298403997288983,-3.087646261951807,-2.63719460623082,-100.0,-100.0,-100.0,2.0769574642181396,6,34758,241.5264434814453,55.19441986083984,37.20338798790446,0.4269430245684406,-2.2036871453692424,-1.442340750203118,-100.0,-100.0,-100.0,2.0769574642181396,6,0.0
1667,241.89596557617188,54.55503463745117,37.92040217615722,0.4296098722328536,-2.8552102193700573,-2.8838292131019765,3.581920862197876,1.7410774230957031,245.7650146484375,0.1023375689983367,1,1667,241.89596557617188,54.55503463745117,37.92040217615722,0.492131476938613,-2.001898679408288,-1.6038632617131487,3.581920862197876,1.7410774230957031,245.7650146484375,0.1023375689983367,1,0.0
24818,242.39593505859375,55.73658752441406,41.74481731372742,0.427631561842911,-3.674572596986428,-3.7730077318207544,-100.0,-100.0,-100.0,1.0218141078948977,6,24818,242.39593505859375,55.73658752441406,41.74481731372742,0.5084839809171154,-2.448324069536318,-1.942400627771065,-100.0,-100.0,-100.0,1.0218141078948977,6,0.0
3192,241.3597412109375,55.07413482666016,41.9726382140753,0.4259292336302954,-3.5317974130697647,-3.9361838541901406,3.844522714614868,3.477684259414673,254.83140563964844,0.1388106048107147,1,3192,241.3597412109375,55.07413482666016,41.9726382140753,0.5420423367172286,-2.3635769346807525,-2.0620069039719904,3.844522714614868,3.477684259414673,254.83140563964844,0.1388106048107147,1,0.0
30348,242.53350830078125,54.74473571777344,18.314202756339085,0.4254546482960211,-1.18252423818913,-0.5643712085714846,1.4874192476272583,1.478505253791809,215.2859344482422,1.3975830078125,2,30348,242.53350830078125,54.74473571777344,18.314202756339085,0.3347915431549905,-1.0863426607464477,-0.3783094589295377,1.4874192476272583,1.478505253791809,215.2859344482422,1.3975830078125,2,0.0
9968,242.6651306152344,55.210018157958984,10.101233512995034,0.425296188159345,-0.751986339063058,-0.2297057991079663,0.986855924129486,0.8988480567932129,117.5925064086914,0.3638893961906433,1,9968,242.6651306152344,55.210018157958984,10.101233512995034,0.3305230192537181,-0.7796002728167342,-0.1758994347714279,0.986855924129486,0.8988480567932129,117.5925064086914,0.3638893961906433,1,0.0
20059,243.09893798828125,54.49957656860352,37.52074499324755,0.4237366801847512,-2.8833547160285997,-2.797113721431343,2.936568260192871,2.405534029006958,291.6799011230469,0.6866761445999146,1,20059,243.09893798828125,54.49957656860352,37.52074499324755,0.4635435943466209,-2.056064971406611,-1.5630926723303442,2.936568260192871,2.405534029006958,291.6799011230469,0.6866761445999146,1,0.0
626,241.95843505859375,55.63894271850586,41.28218963220877,0.421699399502751,-3.3876105596019173,-3.7301005189328538,6.5672173500061035,4.158762454986572,144.06861877441406,0.0542359165847301,1,626,241.95843505859375,55.63894271850586,41.28218963220877,0.5304765319837814,-2.2789140199632,-1.9755749789537824,6.5672173500061035,4.158762454986572,144.06861877441406,0.0542359165847301,1,0.0
17746,242.66192626953125,54.39065170288086,39.588333948610114,0.4215599003200186,-3.187977278950824,-3.2750714778084467,2.5563390254974365,1.2359157800674438,180.5540313720703,0.5838357210159302,1,17746,242.66192626953125,54.39065170288086,39.588333948610114,0.4880176757292013,-2.215623746463612,-1.7799617030365782,2.5563390254974365,1.2359157800674438,180.5540313720703,0.5838357210159302,1,0.0
4688,242.05287170410156,55.19676208496094,20.161008178901152,0.4204361234142841,-1.152751893901908,-0.6787764865845102,5.980030536651611,2.296671152114868,30.68567276000977,0.1816246658563614,1,4688,242.05287170410156,55.19676208496094,20.161008178901152,0.3557903091523125,-1.0218842065576914,-0.4506641426111905,5.980030536651611,2.296671152114868,30.68567276000977,0.1816246658563614,1,0.0
34491,242.3599090576172,55.42917251586914,24.03827174596853,0.4198688578183345,-1.5654989889689863,-0.957449342296442,2.934739112854004,1.8731266260147097,296.4324951171875,1.73074471950531,2,34491,242.3599090576172,55.42917251586914,24.03827174596853,0.3475863788849116,-1.3310904702524438,-0.6082754666471681,2.934739112854004,1.8731266260147097,296.4324951171875,1.73074471950531,2,0.0
36050,242.8590545654297,55.17438507080078,12.174667397851945,0.4193077659943455,-0.9619518846617748,-0.2874495061762741,2.7686543464660645,1.7850453853607178,15.187225341796877,2.0354952812194824,2,36050,242.8590545654297,55.17438507080078,12.174667397851945,0.3100412226221651,-0.959869066915605,-0.2057529936507198,2.7686543464660645,1.7850453853607178,15.187225341796877,2.0354952812194824,2,0.0
1512,242.5310211181641,55.36094665527344,18.80647114373661,0.4192018205752448,-1.0591303209254683,-0.5960281486781321,3.6967599391937256,0.7550502419471741,77.44880676269531,0.1020718589425087,1,1512,242.5310211181641,55.36094665527344,18.80647114373661,0.3526926249376436,-0.9569756585971392,-0.4010893563513318,3.6967599391937256,0.7550502419471741,77.44880676269531,0.1020718589425087,1,0.0
4764,242.8959197998047,55.49666213989258,28.955731853102733,0.4187667794642264,-1.811950449342384,-1.4457123207861562,6.285763263702393,1.4846032857894895,6.645441055297852,0.1868886947631836,1,4764,242.8959197998047,55.49666213989258,28.955731853102733,0.3977160845733595,-1.419351952233022,-0.8860451149838248,6.285763263702393,1.4846032857894895,6.645441055297852,0.1868886947631836,1,0.0
3113,243.5082550048828,55.288909912109375,34.907490340397544,0.4172885660410282,-2.452789015806189,-2.293775608699897,3.091602087020874,2.317063093185425,148.53781127929688,0.1556999236345291,1,3113,243.5082550048828,55.288909912109375,34.907490340397544,0.4444817594555855,-1.7840377229700692,-1.3235628555576076,3.091602087020874,2.317063093185425,148.53781127929688,0.1556999236345291,1,0.0
6478,242.5735015869141,55.596065521240234,32.83817700223653,0.4172248338009764,-2.2215885173178807,-1.9582030621115247,6.167891025543213,4.406986236572266,237.74061584472656,0.254317045211792,1,6478,242.5735015869141,55.596065521240234,32.83817700223653,0.4230399103713445,-1.6605952499856276,-1.155713803493383,6.167891025543213,4.406986236572266,237.74061584472656,0.254317045211792,1,0.0
21061,242.4097900390625,55.52482223510742,29.15179824522255,0.4160274296642066,-1.9030265564143312,-1.4669735283441818,1.9488639831542969,1.9419974088668823,76.93571472167969,0.7484127283096313,1,21061,242.4097900390625,55.52482223510742,29.15179824522255,0.3845294224436735,-1.5012459527900948,-0.8960285214805096,1.9488639831542969,1.9419974088668823,76.93571472167969,0.7484127283096313,1,0.0
37318,241.6096649169922,55.432838439941406,40.419591820700155,0.415139922933203,-3.4545166757038124,-3.4858333616965145,3.4800021648406982,2.751500368118286,276.9005432128906,2.2534046173095703,2,37318,241.6096649169922,55.432838439941406,40.419591820700155,0.4657929093274006,-2.412362845017525,-1.866169249639208,3.4800021648406982,2.751500368118286,276.9005432128906,2.2534046173095703,2,0.0
491,242.1282958984375,55.0755729675293,15.619289330498502,0.4149413531170885,-0.8946120008084528,-0.4305742898296249,3.619363784790039,2.5544872283935547,103.11295318603516,0.0420360006392002,1,491,242.1282958984375,55.0755729675293,15.619289330498502,0.3411530824117156,-0.8502687036230153,-0.3004749609054328,3.619363784790039,2.5544872283935547,103.11295318603516,0.0420360006392002,1,0.0
6500,243.4956512451172,55.31282424926758,35.12929360442989,0.4128411252444033,-2.497702263745852,-2.3328386970533495,3.1162126064300537,3.107879877090454,263.331298828125,0.2478150874376297,1,6500,243.4956512451172,55.31282424926758,35.12929360442989,0.4387323330310334,-1.816528438628336,-1.3426454510158632,3.1162126064300537,3.107879877090454,263.331298828125,0.2478150874376297,1,0.0
23030,242.50732421875,55.29304122924805,14.868507775596768,0.412605171910418,-0.6277604984164278,-0.3046025812002721,-100.0,-100.0,-100.0,0.8977528810501099,4,23030,242.50732421875,55.29304122924805,14.868507775596768,0.3786400498023705,-0.5184221798429017,-0.1907936522990624,-100.0,-100.0,-100.0,0.8977528810501099,4,0.0
36094,242.05718994140625,55.36908721923828,26.272553058280707,0.4124054263685817,-1.7482797696952717,-1.1561892881909768,1.4046392440795898,1.0680317878723145,336.928955078125,2.026362180709839,2,36094,242.05718994140625,55.36908721923828,26.272553058280707,0.3503206753635409,-1.4440474942955657,-0.7196401989278741,1.4046392440795898,1.0680317878723145,336.928955078125,2.026362180709839,2,0.0
11787,242.4691925048828,54.92015075683594,8.615725283357463,0.412146731666192,-0.7222653732897916,-0.1918661796708916,2.361877918243408,0.559771716594696,67.3736572265625,0.4169197380542755,1,11787,242.4691925048828,54.92015075683594,8.615725283357463,0.3171569360107965,-0.7635741334115662,-0.1521349857649793,2.361877918243408,0.559771716594696,67.3736572265625,0.4169197380542755,1,0.0
27100,242.16441345214844,54.53330993652344,34.112470480863635,0.4120666164544259,-2.8137486718379705,-2.065230731811795,-100.0,-100.0,-100.0,1.1461892127990725,6,27100,242.16441345214844,54.53330993652344,34.112470480863635,0.3615229677110895,-2.1101718465040125,-1.166259853572276,-100.0,-100.0,-100.0,1.1461892127990725,6,0.0
1651,241.9834442138672,55.5460090637207,36.13741700991938,0.4109261532254119,-2.603756042449504,-2.5184319225979865,3.3736135959625244,3.3049981594085693,198.8885803222656,0.0849790573120117,1,1651,241.9834442138672,55.5460090637207,36.13741700991938,0.4514721087716736,-1.8638222382278868,-1.4323485250760548,3.3736135959625244,3.3049981594085693,198.8885803222656,0.0849790573120117,1,0.0
8279,242.4248046875,54.58043670654297,28.61095177930211,0.4109015133298199,-1.7958649072268185,-1.4063114025969932,2.2929794788360596,1.048920750617981,3.034543991088867,0.3020548224449157,1,8279,242.4248046875,54.58043670654297,28.61095177930211,0.3855037234629239,-1.4162846904122706,-0.864552159804107,2.2929794788360596,1.048920750617981,3.034543991088867,0.3020548224449157,1,0.0
17711,242.52732849121097,55.37948226928711,19.92545065890791,0.4089301461795648,-1.1947791384818054,-0.6628678409124141,0.8915624022483826,0.8438160419464111,294.3997802734375,0.6025699973106384,1,17711,242.52732849121097,55.37948226928711,19.92545065890791,0.3372805521505546,-1.06803191292461,-0.4400875576444734,0.8915624022483826,0.8438160419464111,294.3997802734375,0.6025699973106384,1,0.0
4643,242.6830596923828,54.81746292114258,14.322533022176485,0.4087568001082297,-0.8691124993981899,-0.3748221752808408,3.92268180847168,2.5034213066101074,138.48704528808594,0.2119708061218261,1,4643,242.6830596923828,54.81746292114258,14.322533022176485,0.3288992661691508,-0.8453222263210857,-0.2665689674866771,3.92268180847168,2.5034213066101074,138.48704528808594,0.2119708061218261,1,0.0
11893,242.7627716064453,55.55958557128906,31.274698178246545,0.4085946512104887,-2.072434179808705,-1.7349357557034253,3.608409166336059,1.2541078329086304,46.20283126831055,0.3956632316112518,1,11893,242.7627716064453,55.55958557128906,31.274698178246545,0.3986648268043309,-1.5836967303857012,-1.0397604759038797,3.608409166336059,1.2541078329086304,46.20283126831055,0.3956632316112518,1,0.0
16459,242.43630981445312,55.307525634765625,16.29139142572965,0.4061315081636561,-1.0020943716291886,-0.4619203133701565,0.9341028332710266,0.859972357749939,196.7791290283203,0.5251871943473816,1,16459,242.43630981445312,55.307525634765625,16.29139142572965,0.3248955510303714,-0.9461443944272522,-0.3190700398029461,0.9341028332710266,0.859972357749939,196.7791290283203,0.5251871943473816,1,0.0
34529,242.20236206054688,54.66270065307617,26.591551037035195,0.4045855829767755,-1.7633685204465208,-1.1885627828302543,1.5295830965042114,1.4520927667617798,73.01642608642578,1.8127636909484863,2,34529,242.20236206054688,54.66270065307617,26.591551037035195,0.3467844411994032,-1.450022647616959,-0.7391329771905971,1.5295830965042114,1.4520927667617798,73.01642608642578,1.8127636909484863,2,0.0
37285,242.10658264160156,54.880516052246094,19.191936960836873,0.404391418248533,-1.2790569953001545,-0.6111761244217945,1.1417230367660522,1.133854627609253,222.8180999755859,2.2026607990264893,2,37285,242.10658264160156,54.880516052246094,19.191936960836873,0.3144862697371652,-1.160724372038256,-0.4023642804309569,1.1417230367660522,1.133854627609253,222.8180999755859,2.2026607990264893,2,0.0
6310,242.27554321289065,55.2308349609375,15.12145842044563,0.4039985170663188,-0.9094646708524124,-0.408686485624294,2.4974615573883057,2.462141752243042,30.700607299804688,0.2626196444034576,1,6310,242.27554321289065,55.2308349609375,15.12145842044563,0.3258787055752061,-0.8734441903513652,-0.2872224821700003,2.4974615573883057,2.462141752243042,30.700607299804688,0.2626196444034576,1,0.0
4818,243.22653198242188,55.548091888427734,37.20965171936806,0.4035480121860789,-2.7701989515912606,-2.732402259399188,2.9899098873138428,2.604207754135132,53.915748596191406,0.1859253942966461,1,4818,243.22653198242188,55.548091888427734,37.20965171936806,0.450995217622632,-1.9638947785317735,-1.5338167821481354,2.9899098873138428,2.604207754135132,53.915748596191406,0.1859253942966461,1,0.0
24650,242.98516845703125,54.7778205871582,21.427541665517687,0.4034393741448469,-1.3226256915594174,-0.7613547244406738,1.966713309288025,1.965024471282959,160.24966430664062,0.9436680674552916,1,24650,242.98516845703125,54.7778205871582,21.427541665517687,0.3328247235428039,-1.1601548189548423,-0.4974105354206529,1.966713309288025,1.965024471282959,160.24966430664062,0.9436680674552916,1,0.0
38221,242.49598693847656,55.47500991821289,25.736478482154283,0.4032551481936851,-1.7282149143417465,-1.1043179219843993,3.188185214996338,1.5943690538406372,271.1952819824219,2.353752613067627,2,38221,242.49598693847656,55.47500991821289,25.736478482154283,0.3367704368035605,-1.4399858608417384,-0.6891640345597992,3.188185214996338,1.5943690538406372,271.1952819824219,2.353752613067627,2,0.0
4730,241.9823303222656,55.327171325683594,26.43354059384924,0.4024418605168764,-1.5901652944734743,-1.1779686172523447,2.626255989074707,1.8417835235595703,176.98065185546875,0.1923731565475464,1,4730,241.9823303222656,55.327171325683594,26.43354059384924,0.3678485359231174,-1.2873939366315372,-0.7384960731277668,2.626255989074707,1.8417835235595703,176.98065185546875,0.1923731565475464,1,0.0
23165,242.6891326904297,55.0482292175293,3.7361130801444182,0.4022332699408767,-0.6876933748778548,-0.0183876922649098,-100.0,-100.0,-100.0,0.9187711477279664,6,23165,242.6891326904297,55.0482292175293,3.7361130801444182,0.3042610992879917,-0.6810490390094704,-0.0116644405505278,-100.0,-100.0,-100.0,0.9187711477279664,6,0.0
30198,242.66915893554688,55.05393600463867,3.064866630110492,0.4021513084406216,-0.7364580593224549,-0.1014217061887008,2.032519817352295,1.2067090272903442,332.02734375,1.3544399738311768,2,30198,242.66915893554688,55.05393600463867,3.064866630110492,0.2923475841290456,-0.8047939187641441,-0.0908541404382944,2.032519817352295,1.2067090272903442,332.02734375,1.3544399738311768,2,0.0
36048,242.9936065673828,54.895790100097656,16.932542555184828,0.4020605196213754,-1.1532664038330525,-0.4880535745939169,2.63449764251709,2.1667299270629883,305.3681640625,2.0714633464813232,2,36048,242.9936065673828,54.895790100097656,16.932542555184828,0.3075607891288785,-1.080128591612588,-0.3293637511484325,2.63449764251709,2.1667299270629883,305.3681640625,2.0714633464813232,2,0.0
27130,242.3805999755859,54.882686614990234,12.1115838189726,0.4008394783565794,-0.8690781571503603,-0.1986522618316011,-100.0,-100.0,-100.0,1.287913799285889,6,27130,242.3805999755859,54.882686614990234,12.1115838189726,0.3125128121446262,-0.797531673966066,-0.1252499835368542,-100.0,-100.0,-100.0,1.287913799285889,6,0.0
9963,242.8708038330078,54.88946914672851,13.833652640659457,0.4006757229331041,-0.873213532645727,-0.3547685031230923,3.128843069076538,1.2094895839691162,236.43316650390625,0.349936842918396,1,9963,242.8708038330078,54.88946914672851,13.833652640659457,0.3182260780090687,-0.8561117821365476,-0.2538010201855391,3.128843069076538,1.2094895839691162,236.43316650390625,0.349936842918396,1,0.0
10013,242.8289337158203,54.735687255859375,20.649780026961825,0.3998021448278007,-1.2050177120098469,-0.7104648579761902,1.2006521224975586,1.007694959640503,21.842365264892575,0.3277238607406616,1,10013,242.8289337158203,54.735687255859375,20.649780026961825,0.3367272740525165,-1.0629186104902226,-0.4692307440842267,1.2006521224975586,1.007694959640503,21.842365264892575,0.3277238607406616,1,0.0
3020,242.46499633789065,54.60249328613281,27.07268802756996,0.3996874530065829,-1.6351298967605692,-1.24159686892566,4.29831600189209,2.4879844188690186,186.17173767089844,0.147116407752037,1,3020,242.46499633789065,54.60249328613281,27.07268802756996,0.3700653609117434,-1.3108856136313856,-0.7741032861600656,4.29831600189209,2.4879844188690186,186.17173767089844,0.147116407752037,1,0.0
8178,242.6839904785156,55.297794342041016,15.356562161835374,0.3992634074610994,-0.9272506111085536,-0.4191611512456947,2.3854520320892334,0.6921852231025696,0.4329299926757812,0.2888363301753998,1,8178,242.6839904785156,55.297794342041016,15.356562161835374,0.321561378701759,-0.8875062089928913,-0.293626760817951,2.3854520320892334,0.6921852231025696,0.4329299926757812,0.2888363301753998,1,0.0
16470,243.0205535888672,54.941253662109375,16.464620988553865,0.3980642162286315,-1.0095455903414516,-0.4701239115965078,2.1539387702941895,0.7382209897041321,359.0370788574219,0.5334110856056213,1,16470,243.0205535888672,54.941253662109375,16.464620988553865,0.3189681297672325,-0.9504089451068862,-0.3239123088391816,2.1539387702941895,0.7382209897041321,359.0370788574219,0.5334110856056213,1,0.0
561,243.09727478027344,54.65022277832031,29.842407136886813,0.3980267297786825,-1.8685542696956008,-1.5504261257041114,5.1668009757995605,2.1720423698425293,81.69862365722656,0.0610095411539077,1,561,243.09727478027344,54.65022277832031,29.842407136886813,0.3882511586259285,-1.4403179269537023,-0.9420082364071382,5.1668009757995605,2.1720423698425293,81.69862365722656,0.0610095411539077,1,0.0
39772,243.17286682128903,54.7244873046875,28.22411095912218,0.3968299804525276,-1.6334660504379723,-1.2698170044216843,-100.0,-100.0,-100.0,3.3517038822174072,4,39772,243.17286682128903,54.7244873046875,28.22411095912218,0.3969223467240897,-1.190675456184881,-0.7509340852251287,-100.0,-100.0,-100.0,3.3517038822174072,4,0.0
26941,242.36415100097656,54.636329650878906,25.850466875392392,0.3963806360645901,-1.3570257836760016,-1.028858570911706,-100.0,-100.0,-100.0,1.2847968339920044,6,26941,242.36415100097656,54.636329650878906,25.850466875392392,0.3951084155019338,-0.9956671210426544,-0.6171892635188996,-100.0,-100.0,-100.0,1.2847968339920044,6,0.0
20023,243.3021240234375,55.13536834716797,25.31799281463556,0.3959103486976815,-1.5694173872093928,-1.0724697633851987,1.9316037893295288,0.8900324702262878,260.058837890625,0.6910443902015686,1,20023,243.3021240234375,55.13536834716797,25.31799281463556,0.3462170658149748,-1.3013806207605512,-0.6781019420069162,1.9316037893295288,0.8900324702262878,260.058837890625,0.6910443902015686,1,0.0
519,243.03131103515625,55.31480026245117,22.21131431861904,0.3957136565059455,-1.251147184585468,-0.8187895491971231,4.022817134857178,3.684858560562134,49.52447891235352,0.0727652385830879,1,519,243.03131103515625,55.31480026245117,22.21131431861904,0.3466121635077429,-1.07074337842449,-0.5327375604405961,4.022817134857178,3.684858560562134,49.52447891235352,0.0727652385830879,1,0.0
20045,241.72398376464844,55.01586151123047,29.51691538891068,0.3951817248149523,-1.932722605540862,-1.510499406529508,1.9686081409454343,1.5961992740631104,20.0555419921875,0.6971246600151062,1,20045,241.72398376464844,55.01586151123047,29.51691538891068,0.3682400613330437,-1.5169054896442942,-0.9196754294789214,1.9686081409454343,1.5961992740631104,20.0555419921875,0.6971246600151062,1,0.0
39575,242.90203857421875,55.43732833862305,25.778007537658112,0.3912638334618488,-1.7594660440677063,-1.1057441216513118,2.2534303665161133,1.6150091886520386,73.14439392089844,2.9644033908843994,2,39575,242.90203857421875,55.43732833862305,25.778007537658112,0.3232762698058434,-1.46726956917066,-0.6874300618199538,2.2534303665161133,1.6150091886520386,73.14439392089844,2.9644033908843994,2,0.0
23910,243.51385498046875,54.750091552734375,36.8537121158003,0.3911788011237736,-3.1151763958983625,-2.565581917632386,-100.0,-100.0,-100.0,0.9354113936424256,6,23910,243.51385498046875,54.750091552734375,36.8537121158003,0.3730777077074907,-2.2534709501763617,-1.4087076158910032,-100.0,-100.0,-100.0,0.9354113936424256,6,0.0
22119,242.8329315185547,54.62638854980469,26.802901496784017,0.3909239729849778,-1.7964495591950138,-1.1209757311116135,-100.0,-100.0,-100.0,0.8346617817878723,6,22119,242.8329315185547,54.62638854980469,26.802901496784017,0.3391099716529682,-1.4038141640853328,-0.6687412012792787,-100.0,-100.0,-100.0,0.8346617817878723,6,0.0
32677,242.4075164794922,55.6247444152832,35.05824712215437,0.3906812850268326,-2.6284590382736774,-2.3167336198198782,2.652412176132202,2.5496156215667725,188.1839599609375,1.559509038925171,2,32677,242.4075164794922,55.6247444152832,35.05824712215437,0.3910896828936157,-1.947396290668203,-1.330602367096985,2.652412176132202,2.5496156215667725,188.1839599609375,1.559509038925171,2,0.0
6350,243.07420349121097,55.11664581298828,17.439538320940322,0.3906707222139025,-1.0150724474598702,-0.5206027752022169,4.198758125305176,0.8991273045539856,299.48541259765625,0.2454906404018402,1,6350,243.07420349121097,55.11664581298828,17.439538320940322,0.3210489882559983,-0.9396553911723646,-0.3556232902775915,4.198758125305176,0.8991273045539856,299.48541259765625,0.2454906404018402,1,0.0
8205,243.07569885253903,54.76915740966797,23.943374881941203,0.3906317727820731,-1.4146132581845516,-0.9544250589583848,4.245510101318359,2.5314066410064697,61.42481994628906,0.3130458295345306,1,8205,243.07569885253903,54.76915740966797,23.943374881941203,0.3428802722653221,-1.18823142870488,-0.6117861183990838,4.245510101318359,2.5314066410064697,61.42481994628906,0.3130458295345306,1,0.0
21052,241.8292236328125,54.92340850830078,26.933448401672024,0.3903395556392764,-1.705290521850905,-1.2264239997412816,1.5618958473205566,1.4531816244125366,157.2685089111328,0.7495265007019043,1,21052,241.8292236328125,54.92340850830078,26.933448401672024,0.3484931625233661,-1.3845437354027843,-0.764289770815094,1.5618958473205566,1.4531816244125366,157.2685089111328,0.7495265007019043,1,0.0
34438,242.40074157714844,55.32511901855469,17.686262375818544,0.3893570969149845,-1.1765607968895668,-0.5275984114393972,1.7813668251037598,1.7309030294418335,239.8184051513672,1.7998740673065186,2,34438,242.40074157714844,55.32511901855469,17.686262375818544,0.3014748186676614,-1.0899172661962533,-0.3536627201739005,1.7813668251037598,1.7309030294418335,239.8184051513672,1.7998740673065186,2,0.0
123,243.812255859375,55.23332977294922,43.66967501925648,0.3890531523554063,-3.83141938455972,-4.496523339517262,2.776336669921875,2.174244165420532,315.8974609375,0.0293029360473155,1,123,243.812255859375,55.23332977294922,43.66967501925648,0.5279348483086919,-2.500166245604448,-2.285163310112125,2.776336669921875,2.174244165420532,315.8974609375,0.0293029360473155,1,0.0
32498,242.64926147460935,54.91344451904297,8.458587311383512,0.388807139122929,-0.8321168820033623,-0.183030050403695,1.3208410739898682,1.0968823432922363,289.81787109375,1.6259212493896484,2,32498,242.64926147460935,54.91344451904297,8.458587311383512,0.2853394733016818,-0.8691177576167942,-0.1414287216865464,1.3208410739898682,1.0968823432922363,289.81787109375,1.6259212493896484,2,0.0
1624,243.36048889160156,55.39837265014648,33.949798295118796,0.3887259016619236,-2.32519762549212,-2.1319838933452564,4.052412986755371,3.378904342651367,253.4136505126953,0.0881540775299072,1,1624,243.36048889160156,55.39837265014648,33.949798295118796,0.4075167435181243,-1.7077725719261143,-1.2431814993490715,4.052412986755371,3.378904342651367,253.4136505126953,0.0881540775299072,1,0.0
30256,242.8703155517578,55.07074737548828,10.047801403977916,0.3884131548361191,-0.8580859819925523,-0.2243935459211668,1.10438871383667,0.5755985379219055,301.9945983886719,1.4990516901016235,2,30256,242.8703155517578,55.07074737548828,10.047801403977916,0.2886232834179161,-0.882069733318374,-0.1687305030160884,1.10438871383667,0.5755985379219055,301.9945983886719,1.4990516901016235,2,0.0
743,241.38931274414065,54.738468170166016,45.12053805491505,0.3881491817511237,-4.3738304972656366,-4.959147487809688,-100.0,-100.0,-100.0,0.094871737062931,6,743,241.38931274414065,54.738468170166016,45.12053805491505,0.5086301793892058,-2.8099652902885115,-2.406817764983425,-100.0,-100.0,-100.0,0.094871737062931,6,0.0
4682,243.1879119873047,55.170654296875,22.09374525404195,0.3873054272019516,-1.2716889727566585,-0.8107267779435305,3.2925193309783936,2.061595678329468,23.824968338012695,0.2130832523107528,1,4682,243.1879119873047,55.170654296875,22.09374525404195,0.3347393838378754,-1.094840833088792,-0.5284555054324171,3.2925193309783936,2.061595678329468,23.824968338012695,0.2130832523107528,1,0.0
38173,242.23545837402344,55.1357536315918,12.943809299710932,0.3870609477835829,-1.008022367585634,-0.3120587491463758,1.582489013671875,1.1669319868087769,83.74199676513672,2.3342835903167725,2,38173,242.23545837402344,55.1357536315918,12.943809299710932,0.285313517775371,-0.993404579058984,-0.218505799289594,1.582489013671875,1.1669319868087769,83.74199676513672,2.3342835903167725,2,0.0
32722,242.65138244628903,55.660396575927734,36.77686761347995,0.3869216270244344,-2.664374213170852,-2.5501180165489785,-100.0,-100.0,-100.0,1.797831892967224,4,32722,242.65138244628903,55.660396575927734,36.77686761347995,0.4435341654316804,-1.8074933995552929,-1.4014678542432868,-100.0,-100.0,-100.0,1.797831892967224,4,0.0
28458,242.57679748535156,54.6516227722168,23.829575818908232,0.3848448173511072,-1.112428091674328,-0.8516453642925779,-100.0,-100.0,-100.0,1.3716517686843872,6,28458,242.57679748535156,54.6516227722168,23.829575818908232,0.3882122184047826,-0.8117154134398739,-0.5162608419725787,-100.0,-100.0,-100.0,1.3716517686843872,6,0.0
30966,243.17218017578125,54.701866149902344,29.16376232952525,0.3841990167372042,-1.9455540228753876,-1.376263075879526,-100.0,-100.0,-100.0,1.6261003017425537,6,30966,243.17218017578125,54.701866149902344,29.16376232952525,0.3547269032207126,-1.467155592291965,-0.808695928858481,-100.0,-100.0,-100.0,1.6261003017425537,6,0.0
11785,242.916259765625,54.91233825683594,14.167152646376104,0.3839380069091548,-0.8936163117870563,-0.3682927059756331,2.124689817428589,0.8141263723373413,97.45954895019533,0.3910317718982696,1,11785,242.916259765625,54.91233825683594,14.167152646376104,0.3046484328233078,-0.8718638027283481,-0.262247156662645,2.124689817428589,0.8141263723373413,97.45954895019533,0.3910317718982696,1,0.0
26601,243.04893493652344,54.857688903808594,19.79912130587589,0.3835094776751572,-1.2296501082148954,-0.6536522509367216,0.9393216371536256,0.9199854731559752,213.21775817871097,1.0862644910812378,1,26601,243.04893493652344,54.857688903808594,19.79912130587589,0.3104331084733749,-1.1042467475805415,-0.4332795202051078,0.9393216371536256,0.9199854731559752,213.21775817871097,1.0862644910812378,1,0.0
3041,241.8392639160156,54.75086212158203,31.19892977388134,0.3828616425397905,-2.0254540728716317,-1.7249274555426448,0.8634652495384216,0.8622501492500305,230.1596221923828,0.1703450232744217,1,3041,241.8392639160156,54.75086212158203,31.19892977388134,0.3792222910045977,-1.5403441164799625,-1.0348965205595946,0.8634652495384216,0.8622501492500305,230.1596221923828,0.1703450232744217,1,0.0
18918,243.26858520507812,54.52273178100586,39.53494970649791,0.3827386368769843,-2.9863545004257985,-3.167748846756837,-100.0,-100.0,-100.0,0.6964830756187439,6,18918,243.26858520507812,54.52273178100586,39.53494970649791,0.4880165537050164,-1.9400047185560203,-1.6833583975296584,-100.0,-100.0,-100.0,0.6964830756187439,6,0.0
3184,243.75863647460935,54.81658554077149,42.937302123359814,0.3826813749334982,-3.713874048929016,-4.245016756880258,3.414924383163452,3.40958023071289,213.76605224609375,0.1504060477018356,1,3184,243.75863647460935,54.81658554077149,42.937302123359814,0.5014247566330955,-2.4563357003786495,-2.187372423830622,3.414924383163452,3.40958023071289,213.76605224609375,0.1504060477018356,1,0.0
4836,241.7097015380859,54.617183685302734,39.69885362861432,0.3822573136986989,-3.1480287886459517,-3.302879219284154,4.594565391540527,4.460096836090088,281.66070556640625,0.2246465235948562,1,4836,241.7097015380859,54.617183685302734,39.69885362861432,0.45477202314848,-2.1673779995646396,-1.792417928734796,4.594565391540527,4.460096836090088,281.66070556640625,0.2246465235948562,1,0.0
30514,242.39630126953125,54.44631576538086,36.70581690022909,0.3816755608399411,-2.833235803836959,-2.6271326391338956,2.0287344455718994,1.2646914720535278,71.1373291015625,1.3976796865463257,2,30514,242.39630126953125,54.44631576538086,36.70581690022909,0.3986423652788327,-2.055898399669054,-1.481088984077388,2.0287344455718994,1.2646914720535278,71.1373291015625,1.3976796865463257,2,0.0
20030,241.83718872070312,54.982765197753906,25.873566767804668,0.3815985334068896,-1.6124107420103142,-1.1233395971102162,1.5829038619995115,1.4920659065246582,64.94129943847656,0.7002089619636536,1,20030,241.83718872070312,54.982765197753906,25.873566767804668,0.3363884377200549,-1.326601488996071,-0.706598775043003,1.5829038619995115,1.4920659065246582,64.94129943847656,0.7002089619636536,1,0.0
482,242.45358276367188,55.04615783691406,4.363523480735187,0.3810609496716153,-0.5903885570765149,-0.1176432409757735,1.0543675422668457,0.9034827351570128,69.20579528808594,0.0719467997550964,1,482,242.45358276367188,55.04615783691406,4.363523480735187,0.2966678536108818,-0.6580438609423789,-0.1050515436997818,1.0543675422668457,0.9034827351570128,69.20579528808594,0.0719467997550964,1,0.0
4718,242.8249969482422,55.50229263305664,28.46566851431688,0.3792366162492707,-1.7665881437087116,-1.3900768037806772,4.444915771484375,1.5509028434753418,242.89483642578125,0.1888779401779174,1,4718,242.8249969482422,55.50229263305664,28.46566851431688,0.357371637770527,-1.3925301287993204,-0.8558119559275669,4.444915771484375,1.5509028434753418,242.89483642578125,0.1888779401779174,1,0.0
3066,243.19190979003903,55.42896270751953,30.94983230559024,0.37739482212547,-1.9996190678631536,-1.6917699819195358,4.010505199432373,3.179081678390503,61.1634635925293,0.1331503689289093,1,3066,243.19190979003903,55.42896270751953,30.94983230559024,0.3721261536705136,-1.5254524030556609,-1.017557956196543,4.010505199432373,3.179081678390503,61.1634635925293,0.1331503689289093,1,0.0
16463,242.28021240234375,55.33910369873047,20.22788363427245,0.3770449239629683,-1.2061015637640844,-0.6821747750146412,2.5599236488342285,0.9055456519126892,162.0326385498047,0.5575705766677856,1,16463,242.28021240234375,55.33910369873047,20.22788363427245,0.3127569634285385,-1.0727492471084483,-0.4517601251287307,2.5599236488342285,0.9055456519126892,162.0326385498047,0.5575705766677856,1,0.0
10236,241.4318389892578,55.4010124206543,44.62746769613872,0.3769210791775136,-4.351584824264115,-4.761779306702839,-100.0,-100.0,-100.0,0.4221631586551666,6,10236,241.4318389892578,55.4010124206543,44.62746769613872,0.4685912567453637,-2.842629652873946,-2.3330766659987567,-100.0,-100.0,-100.0,0.4221631586551666,6,0.0
18834,242.521728515625,55.453758239746094,24.38170766817868,0.3766004171448782,-1.4922802958539645,-0.9902021162537122,3.663650751113891,0.8237047791481018,273.3436279296875,0.6360101103782654,1,18834,242.521728515625,55.453758239746094,24.38170766817868,0.3261429185144832,-1.25219814953973,-0.6311928926206436,3.663650751113891,0.8237047791481018,273.3436279296875,0.6360101103782654,1,0.0
3291,242.15115356445312,55.69607162475586,41.50388347263816,0.3765907412791841,-4.034744308011461,-3.701377866991683,-100.0,-100.0,-100.0,0.2156782001256942,6,3291,242.15115356445312,55.69607162475586,41.50388347263816,0.3750353671014372,-2.8295073844816123,-1.912486978852713,-100.0,-100.0,-100.0,0.2156782001256942,6,0.0
32649,243.4102783203125,54.74876022338867,33.81885506710514,0.3765798107468784,-2.4756148924019707,-2.1074838424715203,1.834322929382324,0.9534775614738464,64.96035766601562,1.6638391017913818,2,32649,243.4102783203125,54.74876022338867,33.81885506710514,0.3673327034821572,-1.861367232251528,-1.2269574116862547,1.834322929382324,0.9534775614738464,64.96035766601562,1.6638391017913818,2,0.0
14992,241.94906616210935,55.11600112915039,22.05580925229651,0.374247366322097,-1.3126024056555206,-0.8072934336196129,2.103163003921509,1.2349491119384766,272.08251953125,0.4903035163879394,1,14992,241.94906616210935,55.11600112915039,22.05580925229651,0.3174932225445516,-1.1359754490954417,-0.5257058414878488,2.103163003921509,1.2349491119384766,272.08251953125,0.4903035163879394,1,0.0
1715,243.65040588378903,55.46009826660156,44.13288735580241,0.3740790445683261,-3.9443702939759526,-4.666816781204924,6.388354301452637,4.018918991088867,46.60014343261719,0.1083257794380188,1,1715,243.65040588378903,55.46009826660156,44.13288735580241,0.5112974341028025,-2.566517148988302,-2.3522890838006916,6.388354301452637,4.018918991088867,46.60014343261719,0.1083257794380188,1,0.0
30478,243.55763244628903,55.170352935791016,34.321468451833695,0.3735103340998205,-2.521990548843174,-2.190896904619699,2.459402561187744,1.7801576852798462,133.8113250732422,1.3602778911590576,2,30478,243.55763244628903,55.170352935791016,34.321468451833695,0.3703120122788613,-1.8821343436275348,-1.2695221893707058,2.459402561187744,1.7801576852798462,133.8113250732422,1.3602778911590576,2,0.0
22996,242.6642303466797,55.2982063293457,15.238663499366726,0.3724908669600486,-0.9890263300707456,-0.4120125176642497,4.488391399383545,1.258991837501526,28.959274291992188,0.838225781917572,1,22996,242.6642303466797,55.2982063293457,15.238663499366726,0.291520907497495,-0.9490814130556628,-0.2873310734106418,4.488391399383545,1.258991837501526,28.959274291992188,0.838225781917572,1,0.0
11879,241.66275024414065,55.057498931884766,31.544305009771517,0.3717859631934845,-2.1016091727725397,-1.771956897265751,4.337242603302002,0.9134091138839722,75.96282196044922,0.3940669894218445,1,11879,241.66275024414065,55.057498931884766,31.544305009771517,0.3644157704888541,-1.6011129753686386,-1.0593944729757538,4.337242603302002,0.9134091138839722,75.96282196044922,0.3940669894218445,1,0.0
23163,242.2643280029297,55.26346206665039,16.833123408895016,0.3717391755077922,-1.2892888398752047,-0.3961468181491195,-100.0,-100.0,-100.0,0.8961038589477539,6,23163,242.2643280029297,55.26346206665039,16.833123408895016,0.2718155040810168,-1.1474762613925842,-0.2467804566392208,-100.0,-100.0,-100.0,0.8961038589477539,6,0.0
17684,242.5947265625,55.27812957763672,13.769869942326263,0.370506146052567,-0.9031340271571248,-0.3514088261752426,1.7139949798583984,0.9160378575325012,58.99409484863281,0.6177634000778198,1,17684,242.5947265625,55.27812957763672,13.769869942326263,0.2902021640010174,-0.8860298160984561,-0.250903977847573,1.7139949798583984,0.9160378575325012,58.99409484863281,0.6177634000778198,1,0.0
18811,242.86854553222656,54.776519775390625,19.12010380936254,0.3692222675937189,-1.155463999478197,-0.6134699518343865,1.241157054901123,1.1917709112167358,227.3519287109375,0.6312840580940247,1,18811,242.86854553222656,54.776519775390625,19.12010380936254,0.301381028038521,-1.0457376948336643,-0.4104279307513028,1.241157054901123,1.1917709112167358,227.3519287109375,0.6312840580940247,1,0.0
1431,243.03387451171875,55.1243896484375,16.218368797632653,0.3691585572424145,-0.9318192825455884,-0.4592479126625174,3.517667055130005,1.9238581657409668,299.10028076171875,0.1049749255180358,1,1431,243.03387451171875,55.1243896484375,16.218368797632653,0.3035455381264288,-0.8781060450217957,-0.3184257015294381,3.517667055130005,1.9238581657409668,299.10028076171875,0.1049749255180358,1,0.0
30491,241.9651641845703,54.56145477294922,36.16130904260161,0.3690298861484639,-2.7582674133954836,-2.5203366907062428,1.48327898979187,1.2953100204467771,282.0483093261719,1.3767186403274536,2,30491,241.9651641845703,54.56145477294922,36.16130904260161,0.3807848017930436,-2.013960348129998,-1.4299556582397628,1.48327898979187,1.2953100204467771,282.0483093261719,1.3767186403274536,2,0.0
13657,243.5425720214844,55.30116271972656,36.27792795595247,0.3689436315495816,-2.642646393849578,-2.451823296185742,-100.0,-100.0,-100.0,0.4975902438163757,6,13657,243.5425720214844,55.30116271972656,36.27792795595247,0.409940432821093,-1.81650304466582,-1.3548162264776875,-100.0,-100.0,-100.0,0.4975902438163757,6,0.0
16431,242.26182556152344,55.163795471191406,12.93142892747186,0.3684721998818832,-0.8671671432750162,-0.3200623321350277,1.7572340965270996,1.295068383216858,167.814697265625,0.5662144422531128,1,16431,242.26182556152344,55.163795471191406,12.93142892747186,0.2876569108155983,-0.8618813498354474,-0.2318824046385351,1.7572340965270996,1.295068383216858,167.814697265625,0.5662144422531128,1,0.0
30314,243.0709686279297,54.91408920288086,18.72281894170608,0.3683416399173177,-1.202957292794299,-0.5871880748485715,1.481889247894287,1.359001398086548,37.278587341308594,1.4464521408081057,2,30314,243.0709686279297,54.91408920288086,18.72281894170608,0.2911184725705489,-1.098106390907835,-0.3915817388333438,1.481889247894287,1.359001398086548,37.278587341308594,1.4464521408081057,2,0.0
39887,243.1833953857422,55.23334503173828,23.455950610955416,0.3677400038083981,-1.6738673280073244,-0.821522540444105,-100.0,-100.0,-100.0,3.657996416091919,4,39887,243.1833953857422,55.23334503173828,23.455950610955416,0.2881061487708274,-1.383565397478023,-0.4988681266845589,-100.0,-100.0,-100.0,3.657996416091919,4,0.0
15185,242.22488403320312,55.137393951416016,13.315634917640326,0.3676025614681347,-0.9623665616801848,-0.241814179942851,-100.0,-100.0,-100.0,0.5274834036827087,6,15185,242.22488403320312,55.137393951416016,13.315634917640326,0.2825285699597624,-0.8753943920635576,-0.1521660214892051,-100.0,-100.0,-100.0,0.5274834036827087,6,0.0
32626,242.9256896972656,54.57960891723633,30.57613609801897,0.3674005921397609,-2.116119413825431,-1.6387496953110647,2.099008083343506,1.107340693473816,217.88282775878903,1.6131398677825928,2,32626,242.9256896972656,54.57960891723633,30.57613609801897,0.3374427475826273,-1.6532388420942348,-0.9846018952567078,2.099008083343506,1.107340693473816,217.88282775878903,1.6131398677825928,2,0.0
23004,242.75982666015625,54.608646392822266,27.125790534643873,0.3673404031701345,-1.731517719837159,-1.2453267073528038,2.063742160797119,1.6397799253463743,259.8738708496094,0.8745083808898926,1,23004,242.75982666015625,54.608646392822266,27.125790534643873,0.3275580337442941,-1.4035727055035505,-0.7741507081256809,2.063742160797119,1.6397799253463743,259.8738708496094,0.8745083808898926,1,0.0
16467,243.2278594970703,54.95978546142578,22.909013291329597,0.3673017598835643,-1.3763854457067126,-0.8714502344363875,1.1934620141983032,1.1629570722579956,168.83746337890625,0.5336626768112183,1,16467,243.2278594970703,54.95978546142578,22.909013291329597,0.3137866354730343,-1.17785361409882,-0.563211530211983,1.1934620141983032,1.1629570722579956,168.83746337890625,0.5336626768112183,1,0.0
28385,242.7111358642578,54.346405029296875,42.38522558168272,0.3671542817841139,-3.7863304713955257,-3.9709287958542,-100.0,-100.0,-100.0,1.4411128759384155,6,28385,242.7111358642578,54.346405029296875,42.38522558168272,0.446172844345226,-2.502418366688872,-2.023591854690358,-100.0,-100.0,-100.0,1.4411128759384155,6,0.0
32628,242.88351440429688,54.60771179199219,28.461424972657877,0.3671528586747484,-1.9121798039895752,-1.3851119459113954,0.9886990189552308,0.9680629968643188,234.59234619140625,1.6023586988449097,2,32628,242.88351440429688,54.60771179199219,28.461424972657877,0.325599682398619,-1.5333990893564726,-0.8482318456012888,0.9886990189552308,0.9680629968643188,234.59234619140625,1.6023586988449097,2,0.0
26767,243.5584259033203,54.936283111572266,34.33281748966385,0.3662736074633161,-2.469135798591226,-2.1018231193789267,-100.0,-100.0,-100.0,1.1612166166305542,6,26767,243.5584259033203,54.936283111572266,34.33281748966385,0.3776042549371846,-1.7538414056933944,-1.1845022311969438,-100.0,-100.0,-100.0,1.1612166166305542,6,0.0
28534,242.92135620117188,55.58890914916992,34.434459943321784,0.3655865204987603,-2.7400221533596048,-2.1188944125632996,-100.0,-100.0,-100.0,1.3433711528778076,6,28534,242.92135620117188,55.58890914916992,34.434459943321784,0.3386780892903947,-2.0192686900606565,-1.1928722374542848,-100.0,-100.0,-100.0,1.3433711528778076,6,0.0
1417,242.29067993164065,55.30977249145508,18.54133330551152,0.3644843999799566,-1.0452624054192785,-0.5808367805090382,5.173412799835205,4.95991849899292,227.6626434326172,0.1155326291918754,1,1417,242.29067993164065,55.30977249145508,18.54133330551152,0.3058558001975374,-0.948560678835008,-0.3920013458193262,5.173412799835205,4.95991849899292,227.6626434326172,0.1155326291918754,1,0.0
32721,242.052734375,55.152286529541016,19.150333017970897,0.3635871948445376,-0.8503319883349155,-0.5231194804764067,-100.0,-100.0,-100.0,1.8119033575057983,4,32721,242.052734375,55.152286529541016,19.150333017970897,0.3434168221816466,-0.6638017500219812,-0.3234248383540327,-100.0,-100.0,-100.0,1.8119033575057983,4,0.0
36114,241.70945739746097,54.83092498779297,32.741533599300475,0.3632747651907187,-2.373979209260088,-1.9377009510499992,1.9040340185165403,1.7852914333343506,350.35968017578125,1.9758039712905884,2,36114,241.70945739746097,54.83092498779297,32.741533599300475,0.3435960025536493,-1.8111057426822528,-1.1384711628610826,1.9040340185165403,1.7852914333343506,350.35968017578125,1.9758039712905884,2,0.0
28163,243.25604248046875,55.487911224365234,35.036581269061266,0.363272906775928,-2.5948688651442953,-2.3142377571108503,3.3433902263641357,1.7278231382369995,236.06460571289065,1.1458566188812256,1,28163,243.25604248046875,55.487911224365234,35.036581269061266,0.3681400956395164,-1.9164778155064224,-1.3308955626611931,3.3433902263641357,1.7278231382369995,236.06460571289065,1.1458566188812256,1,0.0
14957,242.22097778320312,55.28997421264648,19.004730870221955,0.3632042186246504,-1.1308283162820354,-0.6069950369325083,2.0883002281188965,1.6461591720581057,221.2112579345703,0.5119489431381226,1,14957,242.22097778320312,55.28997421264648,19.004730870221955,0.2984172840569903,-1.0239084067496167,-0.4069024418504759,2.0883002281188965,1.6461591720581057,221.2112579345703,0.5119489431381226,1,0.0
24668,243.7957305908203,55.0513916015625,41.77114156458599,0.3615412173523523,-3.5985858215040567,-3.8737779187955375,3.639035701751709,2.4905364513397217,120.0844268798828,0.9274668097496032,1,24668,243.7957305908203,55.0513916015625,41.77114156458599,0.4379326786259191,-2.4468904103523195,-2.03460862834196,3.639035701751709,2.4905364513397217,120.0844268798828,0.9274668097496032,1,0.0
21238,242.00787353515625,55.07770538330078,19.750048083448025,0.3614255924314868,-1.4365227117904618,-0.5595382853719222,-100.0,-100.0,-100.0,0.7958234548568726,6,21238,242.00787353515625,55.07770538330078,19.750048083448025,0.2719591595423708,-1.2372147595008456,-0.3451673039567977,-100.0,-100.0,-100.0,0.7958234548568726,6,0.0
14947,243.01687622070312,54.97017288208008,15.739290142981066,0.3599963259942349,-0.9707836585387288,-0.4357742070215936,7.03485107421875,1.5389362573623655,157.3201904296875,0.477660059928894,1,14947,243.01687622070312,54.97017288208008,15.739290142981066,0.2875407403331875,-0.924026501159083,-0.3030437798813513,7.03485107421875,1.5389362573623655,157.3201904296875,0.477660059928894,1,0.0
30205,242.9112243652344,55.04803466796875,11.370023059448934,0.3599848855578238,-0.8944037934688501,-0.2626771502965717,2.175450086593628,1.101891040802002,185.2627868652344,1.4883098602294922,2,30205,242.9112243652344,55.04803466796875,11.370023059448934,0.2695905032653607,-0.903517216921872,-0.1920034650981518,2.175450086593628,1.101891040802002,185.2627868652344,1.4883098602294922,2,0.0
21083,242.8894805908203,55.473289489746094,27.575308656400484,0.3597800012619378,-1.79572057815616,-1.2001497262358058,-100.0,-100.0,-100.0,0.7759376168251038,4,21083,242.8894805908203,55.473289489746094,27.575308656400484,0.3247254274530552,-1.376361649026405,-0.7126280750715839,-100.0,-100.0,-100.0,0.7759376168251038,4,0.0
37480,242.19448852539065,55.49630355834961,29.91710699589243,0.3591998923186866,-2.177304709295015,-1.4666241441072294,-100.0,-100.0,-100.0,2.404357671737671,6,37480,242.19448852539065,55.49630355834961,29.91710699589243,0.3140207405011302,-1.6688615550019466,-0.8573075423002575,-100.0,-100.0,-100.0,2.404357671737671,6,0.0
8192,243.13262939453125,54.91913604736328,20.54053430012561,0.3565045053529183,-1.190693295000154,-0.703123992118147,1.1941527128219604,1.0042496919631958,62.87501525878906,0.3238280117511749,1,8192,243.13262939453125,54.91913604736328,20.54053430012561,0.3009088616094876,-1.0510152466846674,-0.4648455363238436,1.1941527128219604,1.0042496919631958,62.87501525878906,0.3238280117511749,1,0.0
2870,242.0421600341797,54.98916244506836,18.858311202975997,0.3559674256350417,-1.0711182300081858,-0.5991348310632338,5.347225666046143,3.1510348320007324,105.4492645263672,0.136980339884758,1,2870,242.0421600341797,54.98916244506836,18.858311202975997,0.2984702768403777,-0.9680148330050168,-0.4029826148296007,5.347225666046143,3.1510348320007324,105.4492645263672,0.136980339884758,1,0.0
26566,242.0000762939453,54.93670654296875,21.07797198909116,0.3559466189703908,-1.305435040795282,-0.7370214919112955,2.079841136932373,2.0797007083892822,318.3283386230469,1.016633152961731,1,26566,242.0000762939453,54.93670654296875,21.07797198909116,0.2919852323019302,-1.1510361273871168,-0.4827690931525771,2.079841136932373,2.0797007083892822,318.3283386230469,1.016633152961731,1,0.0
6265,242.45233154296875,55.33251953125,17.580941470644483,0.355671331156773,-1.0211629443021513,-0.5276690902340851,1.3820875883102417,1.259579300880432,264.248046875,0.2270951569080352,1,6265,242.45233154296875,55.33251953125,17.580941470644483,0.2927817231009584,-0.9427181213533634,-0.3595977887615377,1.3820875883102417,1.259579300880432,264.248046875,0.2270951569080352,1,0.0
38787,242.61111450195312,55.21256256103515,9.883301561346537,0.3548503124975832,-0.9250516580233824,-0.2147933673787418,1.7049826383590698,0.8609618544578552,298.92681884765625,2.5014607906341553,2,38787,242.61111450195312,55.21256256103515,9.883301561346537,0.2559332302484163,-0.945108092126171,-0.1575416218824464,1.7049826383590698,0.8609618544578552,298.92681884765625,2.5014607906341553,2,0.0
30728,241.9133453369141,54.89864730834961,24.67570012314938,0.3546570782138545,-1.3098644938089783,-0.9229429141222726,-100.0,-100.0,-100.0,1.6166328191757202,6,30728,241.9133453369141,54.89864730834961,24.67570012314938,0.3415839931363204,-0.98467088650594,-0.5570872279399464,-100.0,-100.0,-100.0,1.6166328191757202,6,0.0
8422,242.4978179931641,54.54621887207031,30.288597902715665,0.3543927894546032,-1.5582846664029182,-1.512906633826988,-100.0,-100.0,-100.0,0.3358490169048309,6,8422,242.4978179931641,54.54621887207031,30.288597902715665,0.411210872057238,-1.034514001305657,-0.8819787096587285,-100.0,-100.0,-100.0,0.3358490169048309,6,0.0
4521,242.58984375,54.90146255493164,8.844781555372574,0.3531882494308204,-0.6970686171871565,-0.1973995202413125,6.894538879394531,1.8653826713562012,182.0372772216797,0.180230513215065,1,4521,242.58984375,54.90146255493164,8.844781555372574,0.2755637126339895,-0.7366749051756579,-0.1558763102445694,6.894538879394531,1.8653826713562012,182.0372772216797,0.180230513215065,1,0.0
30504,243.2826690673828,54.59016799926758,36.69371450436213,0.3531391360875235,-2.829759530566074,-2.6239332412372627,1.7958142757415771,1.3849005699157717,115.86911010742188,1.353176474571228,2,30504,243.2826690673828,54.59016799926758,36.69371450436213,0.3690765043066281,-2.0523177693595365,-1.478768829030792,1.7958142757415771,1.3849005699157717,115.86911010742188,1.353176474571228,2,0.0
33047,242.5531463623047,55.09416961669922,2.880484117502375,0.3529796990809959,-0.5188791951464105,-0.0108765757199157,-100.0,-100.0,-100.0,1.7957122325897217,6,33047,242.5531463623047,55.09416961669922,2.880484117502375,0.2854350875098015,-0.5149329809175064,-0.0069275889686979,-100.0,-100.0,-100.0,1.7957122325897217,6,0.0
14925,242.47964477539065,54.79007339477539,15.906623714560926,0.352407261844715,-0.9783378328258704,-0.4436515071015689,3.973093032836914,3.4143359661102295,324.57647705078125,0.4850825667381286,1,14925,242.47964477539065,54.79007339477539,15.906623714560926,0.2818208211451125,-0.9289144042440276,-0.3079215262526065,3.973093032836914,3.4143359661102295,324.57647705078125,0.4850825667381286,1,0.0
39741,242.19448852539065,54.962684631347656,14.249770252928563,0.3514816197901789,-1.0946822446622742,-0.3602545235724605,1.9612174034118652,1.7805778980255127,126.4306640625,3.1163599491119385,2,39741,242.19448852539065,54.962684631347656,14.249770252928563,0.2573204791745818,-1.059361140377332,-0.2458171171942674,1.9612174034118652,1.7805778980255127,126.4306640625,3.1163599491119385,2,0.0
16455,242.594482421875,54.7341194152832,18.885658797226142,0.3501808240604954,-1.1303638083196224,-0.5997314902251739,1.834314227104187,0.5053113698959351,176.07496643066406,0.5507397651672363,1,16455,242.594482421875,54.7341194152832,18.885658797226142,0.2866818853679272,-1.0255988180814908,-0.4022406029195534,1.834314227104187,0.5053113698959351,176.07496643066406,0.5507397651672363,1,0.0
30515,242.6835174560547,55.665992736816406,37.19943770336256,0.34941648153284,-2.9000067696006924,-2.7265208664880625,1.5262401103973389,1.5039058923721311,45.276031494140625,1.3729839324951172,2,30515,242.6835174560547,55.665992736816406,37.19943770336256,0.3696617377759857,-2.0902488574486693,-1.526609146909361,1.5262401103973389,1.5039058923721311,45.276031494140625,1.3729839324951172,2,0.0
32477,242.3915100097656,54.79273223876953,16.686978667573676,0.3489000510554571,-1.1152730909976338,-0.4769289982043184,1.6055829524993896,1.5873183012008667,165.04391479492188,1.6966979503631592,2,32477,242.3915100097656,54.79273223876953,16.686978667573676,0.2692643246074617,-1.0478151861660188,-0.3239382206986712,1.6055829524993896,1.5873183012008667,165.04391479492188,1.6966979503631592,2,0.0
30605,242.8885955810547,54.52140808105469,33.38995639634231,0.3486294811064019,-2.201990694039216,-1.9491415393636424,-100.0,-100.0,-100.0,1.5151413679122925,4,30605,242.8885955810547,54.52140808105469,33.38995639634231,0.3762902590914943,-1.5357184431619988,-1.108002359573286,-100.0,-100.0,-100.0,1.5151413679122925,4,0.0
10139,243.60533142089844,55.054988861083984,35.2271209422743,0.3477549065854333,-2.5257207881185373,-2.3502495954421856,3.789546251296997,3.62165904045105,355.0843811035156,0.3417973518371582,1,10139,243.60533142089844,55.054988861083984,35.2271209422743,0.3679331483803189,-1.8390141096889048,-1.3511825408346108,3.789546251296997,3.62165904045105,355.0843811035156,0.3417973518371582,1,0.0
32541,242.7888031005859,54.71864318847656,21.073026714163817,0.3471792970602618,-1.3506453062394164,-0.733223047245135,1.0411852598190308,0.9974641799926758,318.4178771972656,1.5404928922653198,2,32541,242.7888031005859,54.71864318847656,21.073026714163817,0.279560681775584,-1.1926853176427457,-0.4771664054104811,1.0411852598190308,0.9974641799926758,318.4178771972656,1.5404928922653198,2,0.0
11735,242.35992431640625,55.091339111328125,7.994657348561114,0.3471355770227821,-0.7079343781129084,-0.1776776479689956,2.0722544193267822,1.0104035139083862,222.7344970703125,0.4188811480998993,1,11735,242.35992431640625,55.091339111328125,7.994657348561114,0.266547844220605,-0.7540041792661909,-0.1429031597263051,2.0722544193267822,1.0104035139083862,222.7344970703125,0.4188811480998993,1,0.0
32939,241.55616760253903,55.24478530883789,37.03727690388626,0.3470930093331711,-2.591071639003503,-2.602984927523595,-100.0,-100.0,-100.0,1.8475369215011597,6,32939,241.55616760253903,55.24478530883789,37.03727690388626,0.4192817059102817,-1.717748096661157,-1.4263691168991268,-100.0,-100.0,-100.0,1.8475369215011597,6,0.0
32483,242.1085968017578,54.863155364990234,19.70536681299208,0.3466981240438527,-1.2716950312985105,-0.6451756687798209,1.5124444961547852,1.2360297441482544,59.15433883666992,1.5277811288833618,2,32483,242.1085968017578,54.863155364990234,19.70536681299208,0.2749723445802898,-1.145524360536664,-0.4255560068786279,1.5124444961547852,1.2360297441482544,59.15433883666992,1.5277811288833618,2,0.0
3153,243.15890502929688,54.455570220947266,40.84120754588899,0.345380936130738,-3.330447581275045,-3.605712036572093,2.766420602798462,2.405496597290039,269.62689208984375,0.1707920134067535,1,3153,243.15890502929688,54.455570220947266,40.84120754588899,0.4254502700748783,-2.259326429840686,-1.9235448360673104,2.766420602798462,2.405496597290039,269.62689208984375,0.1707920134067535,1,0.0
1688,242.4380340576172,55.75959014892578,42.923823422267,0.343921112249092,-3.701757002881882,-4.2403051703976145,4.400481224060059,4.386098384857178,126.60266876220705,0.1167588382959365,1,1688,242.4380340576172,55.75959014892578,42.923823422267,0.452281725347411,-2.4452664944324214,-2.185196965586657,4.400481224060059,4.386098384857178,126.60266876220705,0.1167588382959365,1,0.0
36031,242.12612915039065,55.33346176147461,23.10600997776098,0.3437724161392696,-1.5101321263163914,-0.8807063131008864,1.2744139432907104,1.2647775411605835,229.4896240234375,2.0119569301605225,2,36031,242.12612915039065,55.33346176147461,23.10600997776098,0.2801699465148589,-1.2998269064226875,-0.5624238023200855,1.2744139432907104,1.2647775411605835,229.4896240234375,2.0119569301605225,2,0.0
36000,242.0948944091797,55.01075744628906,16.8526378206474,0.3436395242665442,-1.1477625474030275,-0.4832669877820946,1.6230624914169312,0.9172240495681764,301.29754638671875,2.0878546237945557,2,36000,242.0948944091797,55.01075744628906,16.8526378206474,0.2629273985666899,-1.0752213139080138,-0.3256432529646268,1.6230624914169312,0.9172240495681764,301.29754638671875,2.0878546237945557,2,0.0
1436,242.0182342529297,55.27339553833008,23.51546555721623,0.3435303900444383,-1.3499282594268505,-0.9193462051865812,3.2658064365386963,0.9960477352142334,128.03106689453125,0.0806306824088096,1,1436,242.0182342529297,55.27339553833008,23.51546555721623,0.3043019097973414,-1.135284686127331,-0.5914099523994084,3.2658064365386963,0.9960477352142334,128.03106689453125,0.0806306824088096,1,0.0
28485,242.15122985839844,55.449710845947266,28.180987164917923,0.3434601081929472,-2.331317670196055,-1.2650390783123826,-100.0,-100.0,-100.0,1.457305669784546,6,28485,242.15122985839844,55.449710845947266,28.180987164917923,0.2553157645459573,-1.8901136849206872,-0.7482706078741007,-100.0,-100.0,-100.0,1.457305669784546,6,0.0
30330,243.22377014160156,55.29094314575195,26.40335326610144,0.3433576542143298,-1.717825205401588,-1.1707862832945015,1.3054050207138062,1.305237054824829,264.3442687988281,1.376901626586914,2,30330,243.22377014160156,55.29094314575195,26.40335326610144,0.2972127774179427,-1.411372833051236,-0.7298716583580764,1.3054050207138062,1.305237054824829,264.3442687988281,1.376901626586914,2,0.0
11854,242.53433227539065,54.64241409301758,24.433746787360516,0.3433512451676592,-1.4644589239120938,-0.9951517781995376,3.275547742843628,2.490983724594116,213.7884521484375,0.3824942409992218,1,11854,242.53433227539065,54.64241409301758,24.433746787360516,0.3015119486221163,-1.223547692713092,-0.6347451784972156,3.275547742843628,2.490983724594116,213.7884521484375,0.3824942409992218,1,0.0
36043,243.18951416015625,54.89512634277344,22.912009809493796,0.3422419199681547,-1.4964112161884375,-0.8654620705481286,1.5902894735336304,1.388380765914917,90.1754379272461,2.0325076580047607,2,36043,243.18951416015625,54.89512634277344,22.912009809493796,0.2783340459256926,-1.2910877752214611,-0.5533591115753352,1.5902894735336304,1.388380765914917,90.1754379272461,2.0325076580047607,2,0.0
34552,241.95730590820312,54.606388092041016,34.181500618794786,0.3421594912546576,-2.531295356587732,-2.1653618382150417,2.082989454269409,1.7599316835403442,321.0871887207031,1.7309727668762207,2,34552,241.95730590820312,54.606388092041016,34.181500618794786,0.3346538795294034,-1.8965260672015856,-1.2544023062175509,2.082989454269409,1.7599316835403442,321.0871887207031,1.7309727668762207,2,0.0
2826,242.17935180664065,55.09918975830078,14.106036782432724,0.3420044108778516,-0.8518979889718837,-0.3659108529960674,2.988203763961792,0.9469138383865356,256.2885437011719,0.1544401496648788,1,2826,242.17935180664065,55.09918975830078,14.106036782432724,0.275793985009325,-0.8311749645839265,-0.260990638857193,2.988203763961792,0.9469138383865356,256.2885437011719,0.1544401496648788,1,0.0
570,241.81288146972656,54.715213775634766,33.202530485435084,0.3400679195708285,-2.226756751644366,-2.0130270054767707,3.593890428543091,1.5886212587356567,289.4585876464844,0.0642366260290145,1,570,241.81288146972656,54.715213775634766,33.202530485435084,0.3527388804399639,-1.647114421151247,-1.1829802788150985,3.593890428543091,1.5886212587356567,289.4585876464844,0.0642366260290145,1,0.0
34907,242.523193359375,55.18343734741211,8.315036353632324,0.339969006353308,-1.0425898844749786,-0.092062508580223,-100.0,-100.0,-100.0,1.9277442693710327,6,34907,242.523193359375,55.18343734741211,8.315036353632324,0.2313589812927554,-1.0093445914061137,-0.0583841439812007,-100.0,-100.0,-100.0,1.9277442693710327,6,0.0
30393,241.8660430908203,55.32047653198242,29.404859830550308,0.3390968581423325,-1.9849705262175577,-1.4941266018562076,2.0630481243133545,1.888134241104126,267.4992370605469,1.3414795398712158,2,30393,241.8660430908203,55.32047653198242,29.404859830550308,0.3073093946058552,-1.5703731983690383,-0.9077546205906324,2.0630481243133545,1.888134241104126,267.4992370605469,1.3414795398712158,2,0.0
32773,243.3349151611328,54.86650085449219,28.199186930356763,0.3389250287820198,-1.6344055126233088,-1.2670916416677536,-100.0,-100.0,-100.0,1.7410597801208496,4,32773,243.3349151611328,54.86650085449219,28.199186930356763,0.338416516171499,-1.192532745394859,-0.7493905177926147,-100.0,-100.0,-100.0,1.7410597801208496,4,0.0
39879,242.36439514160156,55.00469970703125,7.88687180147245,0.3386576595742486,-0.4134903874741891,-0.0826758734056269,-100.0,-100.0,-100.0,3.668504476547241,4,39879,242.36439514160156,55.00469970703125,7.88687180147245,0.2988731653699466,-0.3836202348206058,-0.0524672758597846,-100.0,-100.0,-100.0,3.668504476547241,4,0.0
13493,241.7279815673828,55.18775939941406,30.415800464229086,0.3383485744216166,-1.9908143727723613,-1.6222083542063956,3.704987764358521,2.913074016571045,354.9642333984375,0.4701078832149505,1,13493,241.7279815673828,55.18775939941406,30.415800464229086,0.3242223856734478,-1.5390064876054363,-0.9802168638375608,3.704987764358521,2.913074016571045,354.9642333984375,0.4701078832149505,1,0.0
24638,242.62171936035156,55.22415542602539,10.617514960857536,0.3382097970218423,-0.8345053602249821,-0.24171770562325,3.705823421478271,1.6607439517974854,247.794921875,0.9580902457237244,1,24638,242.62171936035156,55.22415542602539,10.617514960857536,0.2561956809051121,-0.853985548379545,-0.1808785974773985,3.705823421478271,1.6607439517974854,247.794921875,0.9580902457237244,1,0.0
11851,242.3540802001953,55.48747634887695,27.435769553388564,0.3382010646286481,-1.7050592349372529,-1.2786403868179053,2.208540201187134,2.065931558609009,329.10052490234375,0.3817997574806213,1,11851,242.3540802001953,55.48747634887695,27.435769553388564,0.3097500812377444,-1.367822887223449,-0.7941263492151738,2.208540201187134,2.065931558609009,329.10052490234375,0.3817997574806213,1,0.0
14846,242.8162078857422,55.02264404296875,8.256751066120902,0.3378059512847108,-0.7268377197142806,-0.1831494415510028,2.141041040420532,0.5334970951080322,269.1742248535156,0.4755702018737793,1,14846,242.8162078857422,55.02264404296875,8.256751066120902,0.2582196535959878,-0.770513893879574,-0.1460774719939227,2.141041040420532,0.5334970951080322,269.1742248535156,0.4755702018737793,1,0.0
15189,241.53404235839844,55.04360580444336,35.97099161151141,0.3362974466138321,-2.7429789925324775,-2.39323216950152,-100.0,-100.0,-100.0,0.5589423179626465,6,15189,241.53404235839844,55.04360580444336,35.97099161151141,0.3495662854804922,-1.9352568561660908,-1.3267331448556012,-100.0,-100.0,-100.0,0.5589423179626465,6,0.0
26648,242.66323852539065,55.343528747558594,17.910966423347706,0.3360511113467704,-0.8712584700661097,-0.4525636401972229,-100.0,-100.0,-100.0,1.2789206504821775,4,26648,242.66323852539065,55.343528747558594,17.910966423347706,0.3025404922414091,-0.7095410814549419,-0.2809773759366983,-100.0,-100.0,-100.0,1.2789206504821775,4,0.0
34788,242.3629913330078,55.404151916503906,22.583617113129556,0.3349584751888799,-1.5417736978566765,-0.7537704209872216,-100.0,-100.0,-100.0,1.9027392864227295,6,34788,242.3629913330078,55.404151916503906,22.583617113129556,0.2677237245672482,-1.2748557978506194,-0.4595890821698187,-100.0,-100.0,-100.0,1.9027392864227295,6,0.0
1413,242.00592041015625,54.93386459350586,20.9436002059371,0.3346784779956466,-1.181299670409715,-0.729883229620964,2.5318710803985596,1.5921142101287842,62.86977767944336,0.1096309944987297,1,1413,242.00592041015625,54.93386459350586,20.9436002059371,0.287761054392056,-1.0322879301401269,-0.4807592288070018,2.5318710803985596,1.5921142101287842,62.86977767944336,0.1096309944987297,1,0.0
2948,242.61280822753903,54.65751266479492,23.502449948256707,0.33464221469241,-1.3585435793299248,-0.9185926394841076,2.3646626472473145,2.338827133178711,214.29339599609375,0.1577733606100082,1,2948,242.61280822753903,54.65751266479492,23.502449948256707,0.2951763471101081,-1.1445121655048625,-0.5911638322290493,2.3646626472473145,2.338827133178711,214.29339599609375,0.1577733606100082,1,0.0
2969,241.7510986328125,55.110652923583984,28.725566761088217,0.3346163474626115,-1.7815418990192415,-1.4191045018747548,3.350217580795288,2.4090044498443604,248.77630615234375,0.1564561128616333,1,2969,241.7510986328125,55.110652923583984,28.725566761088217,0.3178360868609304,-1.3975472883853262,-0.8715481803659519,3.350217580795288,2.4090044498443604,248.77630615234375,0.1564561128616333,1,0.0
11,241.9280242919922,55.3801383972168,29.90002168364012,0.3345673928001605,-1.8614643283160597,-1.5553924343337635,7.717666149139404,6.014376163482666,51.943016052246094,0.0104048354551196,1,11,241.9280242919922,55.3801383972168,29.90002168364012,0.3285670108904244,-1.4287674381516966,-0.942816655044766,7.717666149139404,6.014376163482666,51.943016052246094,0.0104048354551196,1,0.0
2783,242.28109741210935,55.02389144897461,10.400270878955824,0.3342632518654408,-0.7284412916262296,-0.2382631650641613,5.0066423416137695,1.153370380401611,135.33482360839844,0.1251663714647293,1,2783,242.28109741210935,55.02389144897461,10.400270878955824,0.2636616726546251,-0.753275706288382,-0.1815936593678183,5.0066423416137695,1.153370380401611,135.33482360839844,0.1251663714647293,1,0.0
3181,243.34207153320312,55.65867614746094,44.87760923453729,0.3339015223522826,-4.112217560855528,-4.9549162075701,4.055700778961182,2.520490884780884,7.432937622070312,0.1370141953229904,1,3181,243.34207153320312,55.65867614746094,44.87760923453729,0.4659908581326931,-2.654097916332688,-2.461607886713107,4.055700778961182,2.520490884780884,7.432937622070312,0.1370141953229904,1,0.0
34400,243.04087829589844,55.25599670410156,20.093809325282507,0.3335956908562819,-1.3066842178580629,-0.6685264957780402,1.7481772899627686,1.592949390411377,153.00119018554688,1.8137423992156985,2,34400,243.04087829589844,55.25599670410156,20.093809325282507,0.264259785914442,-1.1708605090655868,-0.4383937387933189,1.7481772899627686,1.592949390411377,153.00119018554688,1.8137423992156985,2,0.0
11700,242.3289031982422,55.10622024536133,9.302004571173825,0.3328018269479696,-0.7382864600545387,-0.2083500690946506,1.1324656009674072,1.1219544410705566,321.1205139160156,0.3923868536949157,1,11700,242.3289031982422,55.10622024536133,9.302004571173825,0.2569110815648808,-0.77340491059178,-0.1623269005972038,1.1324656009674072,1.1219544410705566,321.1205139160156,0.3923868536949157,1,0.0
4783,241.8235321044922,54.62667465209961,36.40630233128252,0.3326977642590412,-2.6581337376824763,-2.570576473337999,3.874926805496216,3.756103992462158,24.156103134155273,0.2036022990942001,1,4783,241.8235321044922,54.62667465209961,36.40630233128252,0.3649709917090056,-1.9021112425827165,-1.4573832053733582,3.874926805496216,3.756103992462158,24.156103134155273,0.2036022990942001,1,0.0
36332,243.64439392089844,55.44143295288086,43.35104409114942,0.332571515977996,-3.5721179040001516,-4.2916295688169095,-100.0,-100.0,-100.0,2.105520486831665,6,36332,243.64439392089844,55.44143295288086,43.35104409114942,0.4931202229063832,-2.195925508262034,-2.1520053323187103,-100.0,-100.0,-100.0,2.105520486831665,6,0.0
20050,243.4921112060547,55.38139724731445,37.04168670985308,0.3324335797414651,-2.813498120081827,-2.6964085822166552,1.8724026679992676,1.0111075639724731,168.72793579101562,0.712152361869812,1,20050,243.4921112060547,55.38139724731445,37.04168670985308,0.3598236077993143,-2.0164947484618616,-1.5154017859772275,1.8724026679992676,1.0111075639724731,168.72793579101562,0.712152361869812,1,0.0
7974,242.5735321044922,55.1260986328125,4.6453753915626015,0.3318400357936643,-0.6371817305754827,-0.1212434282631523,4.367759704589844,1.005953073501587,109.83092498779295,0.314625471830368,1,7974,242.5735321044922,55.1260986328125,4.6453753915626015,0.2537984672120369,-0.7037899067228394,-0.1072860994936406,4.367759704589844,1.005953073501587,109.83092498779295,0.314625471830368,1,0.0
8035,242.95755004882812,55.1401252746582,14.059682781492192,0.3308780165299612,-0.8745813754434375,-0.3639821743377349,2.021441698074341,1.423995018005371,39.449241638183594,0.2829719483852386,1,8035,242.95755004882812,55.1401252746582,14.059682781492192,0.2640003295286652,-0.8544144917075517,-0.2595661225464521,2.021441698074341,1.423995018005371,39.449241638183594,0.2829719483852386,1,0.0
17911,242.13742065429688,54.90742874145508,17.453703944641468,0.3287284858349776,-0.8728813729914502,-0.4280162110661363,-100.0,-100.0,-100.0,0.6623829007148743,6,17911,242.13742065429688,54.90742874145508,17.453703944641468,0.2917259657977103,-0.7197957537616794,-0.2661655031503102,-100.0,-100.0,-100.0,0.6623829007148743,6,0.0
32583,243.3760528564453,54.879207611083984,29.23256452937232,0.328727201703465,-1.9838281383774183,-1.473347926898947,1.5587682723999023,1.164595365524292,225.08523559570312,1.545989990234375,2,32583,243.3760528564453,54.879207611083984,29.23256452937232,0.2951851664605209,-1.5755262846041296,-0.8960812248212046,1.5587682723999023,1.164595365524292,225.08523559570312,1.545989990234375,2,0.0
10029,243.1887359619141,54.79581832885742,25.889867921669072,0.3284648595099299,-1.5693150970356065,-1.1256596001387185,1.5015850067138672,1.1371828317642212,252.14816284179688,0.3646832406520843,1,10029,243.1887359619141,54.79581832885742,25.889867921669072,0.2950369541056047,-1.2839695182847604,-0.7088995837356625,1.5015850067138672,1.1371828317642212,252.14816284179688,0.3646832406520843,1,0.0
8056,242.91404724121097,55.03794479370117,11.486811809165564,0.3283277402894708,-0.7845695346706613,-0.270960720079279,4.233476161956787,0.9436901211738586,293.00958251953125,0.2994808256626129,1,8056,242.91404724121097,55.03794479370117,11.486811809165564,0.2578579104773686,-0.7973255241353822,-0.2016136404272372,4.233476161956787,0.9436901211738586,293.00958251953125,0.2994808256626129,1,0.0
28672,241.9825897216797,54.62255096435547,32.87533900851224,0.3282391794712428,-2.4884198091913015,-1.8700658850452792,-100.0,-100.0,-100.0,1.4529452323913574,6,28672,241.9825897216797,54.62255096435547,32.87533900851224,0.3030870043391613,-1.8477148784125692,-1.067925361154792,-100.0,-100.0,-100.0,1.4529452323913574,6,0.0
16440,242.5035400390625,54.75708770751953,17.701283882222608,0.328032579422034,-1.0690342178231604,-0.5335087348407245,1.2459338903427124,1.095153570175171,206.8151397705078,0.5656080842018127,1,16440,242.5035400390625,54.75708770751953,17.701283882222608,0.2656174351380699,-0.9876290195313264,-0.3624117621096372,1.2459338903427124,1.095153570175171,206.8151397705078,0.5656080842018127,1,0.0
18831,241.8739471435547,55.060264587402344,24.290405533055697,0.3278708071883949,-1.4852236758372048,-0.9823036302566496,4.312973976135254,3.0455009937286377,304.46075439453125,0.6580862998962402,1,18831,241.8739471435547,55.060264587402344,24.290405533055697,0.2836565783732406,-1.247640911893874,-0.6265620810483762,4.312973976135254,3.0455009937286377,304.46075439453125,0.6580862998962402,1,0.0
1828,242.05140686035156,55.08624649047851,18.314393137855653,0.3278319659680019,-1.1338116379241447,-0.4748445421209831,-100.0,-100.0,-100.0,0.1461772620677948,6,1828,242.05140686035156,55.08624649047851,18.314393137855653,0.2674858839718806,-0.9642481617387132,-0.2944644164829985,-100.0,-100.0,-100.0,0.1461772620677948,6,0.0
28160,243.5277557373047,55.18687057495117,33.54462777546141,0.3276863558112702,-2.4106561227505803,-2.0643502825830975,2.6564619541168213,1.391281008720398,350.5064392089844,1.2238761186599731,1,28160,243.5277557373047,55.18687057495117,33.54462777546141,0.3222088406686159,-1.811221044269568,-1.2061011318605226,2.6564619541168213,1.391281008720398,350.5064392089844,1.2238761186599731,1,0.0
14912,242.41192626953125,54.74420928955078,19.176748940312812,0.3276658023522359,-1.1401315684028892,-0.6171788353143097,2.4403533935546875,2.433622121810913,158.5672149658203,0.5235477089881897,1,14912,242.41192626953125,54.74420928955078,19.176748940312812,0.2696772136570785,-1.0296045589574891,-0.4129655878955445,2.4403533935546875,2.433622121810913,158.5672149658203,0.5235477089881897,1,0.0
6337,242.23794555664065,55.40049743652344,24.13961973426457,0.3275291821638267,-1.4200281189516288,-0.9703151221526084,2.364488124847412,0.7575563192367554,314.1126708984375,0.2479336410760879,1,6337,242.23794555664065,55.40049743652344,24.13961973426457,0.2893053091173482,-1.1876488887236565,-0.6205957866067351,2.364488124847412,0.7575563192367554,314.1126708984375,0.2479336410760879,1,0.0
19949,242.39340209960935,55.01331329345703,6.774791837500792,0.3275177743048663,-0.7202109753685039,-0.1521760619908472,1.8085306882858276,1.738560676574707,145.25469970703125,0.6855635046958923,1,19949,242.39340209960935,55.01331329345703,6.774791837500792,0.2466705718253932,-0.7736248229755025,-0.125600807322021,1.8085306882858276,1.738560676574707,145.25469970703125,0.6855635046958923,1,0.0
6530,242.8491668701172,54.365108489990234,42.064458080187805,0.3264014275364059,-3.5654190446915837,-3.964468484519826,1.2819037437438965,1.0691640377044678,6.527252197265625,0.2514167726039886,1,6530,242.8491668701172,54.365108489990234,42.064458080187805,0.4135880533296506,-2.3889319550861297,-2.0736009983399577,1.2819037437438965,1.0691640377044678,6.527252197265625,0.2514167726039886,1,0.0
1531,241.6744079589844,55.18539810180664,32.15202123625808,0.3262562488778264,-2.118472983696255,-1.8570286830783136,1.7992995977401731,1.7895616292953491,288.8598327636719,0.1032106876373291,1,1531,241.6744079589844,55.18539810180664,32.15202123625808,0.3301697214549532,-1.589953650274567,-1.103578895424087,1.7992995977401731,1.7895616292953491,288.8598327636719,0.1032106876373291,1,0.0
36137,242.0202484130859,54.419647216796875,42.44377938792135,0.3251170052709834,-3.801349715627322,-4.078467001859254,2.8971004486083984,1.4495584964752195,203.84255981445312,1.983192443847656,2,36137,242.0202484130859,54.419647216796875,42.44377938792135,0.3890442575115277,-2.584589332963093,-2.1137157531079067,2.8971004486083984,1.4495584964752195,203.84255981445312,1.983192443847656,2,0.0
28532,243.0657196044922,54.600685119628906,31.68860808635525,0.3247927127454016,-2.166410851441986,-1.6981620985354855,-100.0,-100.0,-100.0,1.4531341791152954,6,28532,243.0657196044922,54.600685119628906,31.68860808635525,0.3178183834577057,-1.5816558118866468,-0.9793966177722304,-100.0,-100.0,-100.0,1.4531341791152954,6,0.0
36209,241.78713989257812,55.60658264160156,43.04981638773469,0.3241051829077079,-3.687108809049888,-4.188601013934916,-100.0,-100.0,-100.0,2.1172854900360107,4,36209,241.78713989257812,55.60658264160156,43.04981638773469,0.442285967909525,-2.3404169472212137,-2.111134501141192,-100.0,-100.0,-100.0,2.1172854900360107,4,0.0
9985,243.2396240234375,55.14495849609375,23.35473121485031,0.3232432429297198,-1.3797418788582363,-0.9064788181956688,2.1609256267547607,1.591385006904602,91.26334381103516,0.3431079089641571,1,9985,243.2396240234375,55.14495849609375,23.35473121485031,0.2808576679540481,-1.1694222871309905,-0.583754314897391,2.1609256267547607,1.591385006904602,91.26334381103516,0.3431079089641571,1,0.0
34801,243.4279937744141,54.80204391479492,32.75790680068105,0.3229756317621767,-2.011063280421252,-1.852414988809649,-100.0,-100.0,-100.0,2.038299798965454,6,34801,243.4279937744141,54.80204391479492,32.75790680068105,0.3619069118193069,-1.376078119483869,-1.0589117960623844,-100.0,-100.0,-100.0,2.038299798965454,6,0.0
33012,242.7779235839844,54.8498649597168,13.738339461483031,0.322513698697188,-0.829963108095331,-0.2581581663461289,-100.0,-100.0,-100.0,1.7642078399658203,6,33012,242.7779235839844,54.8498649597168,13.738339461483031,0.264594999087036,-0.7371812968405347,-0.1621116538914684,-100.0,-100.0,-100.0,1.7642078399658203,6,0.0
28671,242.4644775390625,55.56946563720703,31.491305781169753,0.3224599597252577,-2.3182939657391506,-1.6710169777142894,-100.0,-100.0,-100.0,1.471230387687683,6,28671,242.4644775390625,55.56946563720703,31.491305781169753,0.2922662807491327,-1.742451508151453,-0.9652036114703404,-100.0,-100.0,-100.0,1.471230387687683,6,0.0
1327,242.89222717285156,54.94236755371094,12.486729251709477,0.3216854299765769,-0.7837918048073421,-0.304642561679329,4.359933853149414,0.8794277310371399,10.92616081237793,0.101311981678009,1,1327,242.89222717285156,54.94236755371094,12.486729251709477,0.2577037532144674,-0.7847361823954074,-0.2228925798357889,4.359933853149414,0.8794277310371399,10.92616081237793,0.101311981678009,1,0.0
11730,242.1884002685547,54.992149353027344,13.906545219124157,0.3214277397605546,-0.8822973627539887,-0.3573128985587306,1.4213265180587769,0.5228660106658936,39.45525360107422,0.4038487672805786,1,11730,242.1884002685547,54.992149353027344,13.906545219124157,0.254755882552667,-0.863703398514106,-0.254994474549557,1.4213265180587769,0.5228660106658936,39.45525360107422,0.4038487672805786,1,0.0
34496,242.24185180664065,55.45969009399414,27.2381551593596,0.3208337607122247,-1.8159260739217016,-1.2526949086556858,2.2163970470428467,1.51926589012146,206.43490600585935,1.841712236404419,2,34496,242.24185180664065,55.45969009399414,27.2381551593596,0.2779009853986397,-1.4796628455499643,-0.7739909241251949,2.2163970470428467,1.51926589012146,206.43490600585935,1.841712236404419,2,0.0
11848,243.08905029296875,55.39311218261719,27.01546126111323,0.3207854841569399,-1.669118005554885,-1.235390586159638,1.4522429704666138,1.4012340307235718,199.2921600341797,0.4245167076587677,1,11848,243.08905029296875,55.39311218261719,27.01546126111323,0.2919550681471305,-1.3464713674596842,-0.7702345232132224,1.4522429704666138,1.4012340307235718,199.2921600341797,0.4245167076587677,1,0.0
30203,242.1058349609375,54.94422912597656,17.497873793228464,0.3204360079300372,-1.1391796659781377,-0.5191200334260898,1.7773703336715698,1.540363073348999,154.2337188720703,1.394039750099182,2,30203,242.1058349609375,54.94422912597656,17.497873793228464,0.2505680347075718,-1.057677685986422,-0.3500613090062552,1.7773703336715698,1.540363073348999,154.2337188720703,1.394039750099182,2,0.0
10089,243.03236389160156,55.50127410888672,31.23584977968021,0.320198973636189,-2.0610446779447176,-1.7296672879652395,3.1510534286499023,0.6302857398986816,199.14007568359375,0.3444220721721649,1,10089,243.03236389160156,55.50127410888672,31.23584977968021,0.3131623562629148,-1.5740375011118812,-1.0370449315875163,3.1510534286499023,0.6302857398986816,199.14007568359375,0.3444220721721649,1,0.0
13441,242.1167907714844,55.379920959472656,25.429265504088637,0.3195761469130474,-1.546912684343483,-1.0829433876361838,1.877399206161499,1.6599452495574951,176.85430908203125,0.4577207863330841,1,13441,242.1167907714844,55.379920959472656,25.429265504088637,0.2835680173757932,-1.275875352618271,-0.6845814361642097,1.877399206161499,1.6599452495574951,176.85430908203125,0.4577207863330841,1,0.0
4456,242.38865661621097,54.93950271606445,9.3039304970773,0.3189702984300752,-0.7080732268597023,-0.2086708506759601,2.077531337738037,0.4156647026538849,232.51422119140625,0.2132297307252884,1,4456,242.38865661621097,54.93950271606445,9.3039304970773,0.2493827719180382,-0.74354589914882,-0.1629515537353313,2.077531337738037,0.4156647026538849,232.51422119140625,0.2132297307252884,1,0.0
16462,242.78269958496097,54.65382385253906,24.70554029079844,0.3189294294030295,-1.5035664720340496,-1.0179216260989985,4.359272480010986,0.9546990990638732,82.32527923583984,0.5722286701202393,1,16462,242.78269958496097,54.65382385253906,24.70554029079844,0.2788774063100981,-1.253874354421745,-0.6469736745269123,4.359272480010986,0.9546990990638732,82.32527923583984,0.5722286701202393,1,0.0
11874,242.8256072998047,54.547393798828125,31.25518265014825,0.3187105126734961,-2.0699740171801606,-1.7320506902577275,2.130819797515869,1.3111401796340942,187.321533203125,0.4182678461074829,1,11874,242.8256072998047,54.547393798828125,31.25518265014825,0.3109206100557685,-1.581915268021674,-1.0380777211165688,2.130819797515869,1.3111401796340942,187.321533203125,0.4182678461074829,1,0.0
30283,243.045166015625,55.340843200683594,23.672506669943605,0.3185966872329601,-1.5097538366343115,-0.9281991740949994,2.4404656887054443,2.423309087753296,69.81648254394531,1.300911545753479,2,30283,243.045166015625,55.340843200683594,23.672506669943605,0.2657809046842748,-1.286556456820066,-0.5924059917397606,2.4404656887054443,2.423309087753296,69.81648254394531,1.300911545753479,2,0.0
10128,242.19656372070312,54.47247695922851,37.04382179190992,0.3182311270295353,-2.769781953208325,-2.697877918915517,3.534694194793701,3.156806707382202,237.77821350097656,0.3302687108516693,1,10128,242.19656372070312,54.47247695922851,37.04382179190992,0.350848719584049,-1.9737904791612833,-1.5172942725021832,3.534694194793701,3.156806707382202,237.77821350097656,0.3302687108516693,1,0.0
36023,243.21414184570312,55.19191360473633,23.377558919983677,0.3181145606538716,-1.5290617611985422,-0.9021197823239886,2.6354968547821045,1.836376070976257,214.23159790039065,2.0675110816955566,2,36023,243.21414184570312,55.19191360473633,23.377558919983677,0.2601065967780131,-1.3114309057188724,-0.5748384347100788,2.6354968547821045,1.836376070976257,214.23159790039065,2.0675110816955566,2,0.0
36029,242.7330017089844,55.39118957519531,21.19787236630519,0.3180810809191174,-1.3840460704484256,-0.7401793328749798,2.4565796852111816,1.3524476289749146,22.232465744018555,2.052480697631836,2,36029,242.7330017089844,55.39118957519531,21.19787236630519,0.2537933211171289,-1.221436170180216,-0.4796046409554948,2.4565796852111816,1.3524476289749146,22.232465744018555,2.052480697631836,2,0.0
1386,242.0579376220703,54.94757843017578,18.98002373836977,0.3175726986628921,-1.0688044715600633,-0.6063155205790993,6.258749961853027,1.596510410308838,334.65753173828125,0.1026897206902504,1,1386,242.0579376220703,54.94757843017578,18.98002373836977,0.2675872326336947,-0.963233922715428,-0.4074397092073055,6.258749961853027,1.596510410308838,334.65753173828125,0.1026897206902504,1,0.0
38184,243.2214508056641,55.17023086547851,23.175161318097427,0.3170773240941766,-1.5372461401806994,-0.8846818276837302,1.507487177848816,0.8145347833633423,302.343505859375,2.443934202194214,2,38184,243.2214508056641,55.17023086547851,23.175161318097427,0.2562820176135577,-1.323491657203179,-0.5631251184721455,1.507487177848816,0.8145347833633423,302.343505859375,2.443934202194214,2,0.0
1570,241.72650146484375,55.32555389404297,33.63579633661251,0.3168577489981816,-2.2876405631855463,-2.0812819134329352,5.792463779449463,1.3294776678085327,156.71026611328125,0.1039993688464164,1,1570,241.72650146484375,55.32555389404297,33.63579633661251,0.3300786952560612,-1.6864304733634197,-1.2178576494382662,5.792463779449463,1.3294776678085327,156.71026611328125,0.1039993688464164,1,0.0
4787,243.08116149902344,55.57942581176758,36.13866646108474,0.316760767841317,-2.621804000875323,-2.5188484773672326,2.390120029449463,1.287076473236084,227.5211944580078,0.2087078392505645,1,4787,243.08116149902344,55.57942581176758,36.13866646108474,0.3453980420884768,-1.8819526598084164,-1.4326284389584003,2.390120029449463,1.287076473236084,227.5211944580078,0.2087078392505645,1,0.0
33050,243.0166015625,54.645751953125,28.49141009768892,0.3161739934832156,-1.5583693801672116,-1.299462380123236,-100.0,-100.0,-100.0,1.7365907430648804,6,33050,243.0166015625,54.645751953125,28.49141009768892,0.3311806486224929,-1.1056548040231329,-0.7670460161314014,-100.0,-100.0,-100.0,1.7365907430648804,6,0.0
30474,241.52093505859375,54.933692932128906,37.11804252629996,0.3150749351540532,-2.8894153289911344,-2.7101208028300627,2.1439242362976074,2.1093032360076904,351.78179931640625,1.4747086763381958,2,30474,241.52093505859375,54.933692932128906,37.11804252629996,0.3325274316105475,-2.0853297629635184,-1.519448180836103,2.1439242362976074,2.1093032360076904,351.78179931640625,1.4747086763381958,2,0.0
4444,242.2049865722656,55.082157135009766,13.054634729179272,0.3146533888039768,-0.8211795633982178,-0.3251265132899655,3.190401315689087,0.6502028703689575,2.5120925903320312,0.2148530781269073,1,4444,242.2049865722656,55.082157135009766,13.054634729179272,0.2510859813315709,-0.8148602086476853,-0.2356537742481264,3.190401315689087,0.6502028703689575,2.5120925903320312,0.2148530781269073,1,0.0
17686,243.0729522705078,54.86858749389648,20.118636800174585,0.3139269062014098,-1.2055011681118366,-0.6748994012979057,2.640091896057129,0.9297457933425904,84.09905242919922,0.586208164691925,1,17686,243.0729522705078,54.86858749389648,20.118636800174585,0.2594912512740501,-1.074290011093343,-0.4470830317858558,2.640091896057129,0.9297457933425904,84.09905242919922,0.586208164691925,1,0.0
13458,241.86672973632812,54.97526550292969,24.947679132536248,0.3137539176102365,-1.5089988902486833,-1.0393338425166645,2.715092182159424,1.8420741558074951,68.36491394042969,0.4503255784511566,1,13458,241.86672973632812,54.97526550292969,24.947679132536248,0.2767160720701845,-1.2523327000147464,-0.6595056157823905,2.715092182159424,1.8420741558074951,68.36491394042969,0.4503255784511566,1,0.0
4740,242.7349090576172,54.49032211303711,33.931105855298,0.3133218031784155,-2.340353486882272,-2.128936162650954,4.364386081695557,3.1119532585144043,241.7684783935547,0.2154653221368789,1,4740,242.7349090576172,54.49032211303711,33.931105855298,0.3259429733543106,-1.7238486820165244,-1.2415213543001866,4.364386081695557,3.1119532585144043,241.7684783935547,0.2154653221368789,1,0.0
34538,242.80918884277344,55.56407165527344,31.88929066797711,0.3132777061647837,-2.265660674843432,-1.8140718976733037,2.413522243499756,2.3475914001464844,166.05157470703125,1.890222430229187,2,34538,242.80918884277344,55.56407165527344,31.88929066797711,0.2932666927197876,-1.7431285385705395,-1.0749352581410112,2.413522243499756,2.3475914001464844,166.05157470703125,1.890222430229187,2,0.0
30729,242.20252990722656,54.72153091430664,23.571981900487945,0.3132632540769707,-1.2934936726036803,-0.8307344357062699,-100.0,-100.0,-100.0,1.512519359588623,6,30729,242.20252990722656,54.72153091430664,23.571981900487945,0.2895696416560626,-0.9999848318348048,-0.5042549965262788,-100.0,-100.0,-100.0,1.512519359588623,6,0.0
6229,242.1463165283203,55.05806350708008,14.930777523779238,0.3130501857165333,-0.9011985156701396,-0.4002229704182662,2.335326671600342,2.2884085178375244,28.78718376159668,0.2293986082077026,1,6229,242.1463165283203,55.05806350708008,14.930777523779238,0.2522045691971009,-0.8679799093212403,-0.2819453817507805,2.335326671600342,2.2884085178375244,28.78718376159668,0.2293986082077026,1,0.0
34261,242.57862854003903,55.106475830078125,3.4625017326544714,0.3127329313151414,-0.7658676722992457,-0.1024008475624865,0.979966938495636,0.5040677189826965,90.07149505615234,1.8127580881118777,2,34261,242.57862854003903,55.106475830078125,3.4625017326544714,0.2251154139863303,-0.830387763912407,-0.0892508609471361,0.979966938495636,0.5040677189826965,90.07149505615234,1.8127580881118777,2,0.0
24659,242.12249755859375,55.458370208740234,29.14095786209949,0.3122644849296536,-1.921435341008873,-1.46472588575201,2.227064847946167,2.0722174644470215,309.2675476074219,0.9436866641044616,1,24659,242.12249755859375,55.458370208740234,29.14095786209949,0.2862785104535962,-1.5189289344946515,-0.89368022251743,2.227064847946167,2.0722174644470215,309.2675476074219,0.9436866641044616,1,0.0
37270,242.7501983642578,54.628849029541016,25.8693746846978,0.3122560575606453,-1.726013111530156,-1.1165238881163306,1.9365028142929075,1.232846975326538,331.4747619628906,2.1013293266296387,2,37270,242.7501983642578,54.628849029541016,25.8693746846978,0.2626781659306795,-1.433387811409191,-0.6960041439058643,1.9365028142929075,1.232846975326538,331.4747619628906,2.1013293266296387,2,0.0
8480,242.63560485839844,55.47837448120117,25.844753645077713,0.3122253070138214,-1.6433909443404484,-1.0283178575222358,-100.0,-100.0,-100.0,0.3466003835201263,6,8480,242.63560485839844,55.47837448120117,25.844753645077713,0.2757222049843886,-1.2822159509466933,-0.6168421398988961,-100.0,-100.0,-100.0,0.3466003835201263,6,0.0
533,241.97000122070312,54.67156982421875,30.92947640648735,0.3118830215424275,-1.9775040746136423,-1.6884404910462587,7.5377068519592285,5.282761573791504,292.70135498046875,0.0414237789809703,1,533,241.97000122070312,54.67156982421875,30.92947640648735,0.3100704375119464,-1.5034789186356547,-1.0150801921306654,7.5377068519592285,5.282761573791504,292.70135498046875,0.0414237789809703,1,0.0
6227,242.82302856445312,55.304500579833984,17.45003190345242,0.3114352472091725,-1.0150535995554415,-0.5209620554104311,2.2176246643066406,2.0816938877105713,137.95755004882812,0.2493790835142135,1,6227,242.82302856445312,55.304500579833984,17.45003190345242,0.2560273722011318,-0.939203685303836,-0.3557133438049084,2.2176246643066406,2.0816938877105713,137.95755004882812,0.2493790835142135,1,0.0
18857,243.11935424804688,54.55191421508789,35.15850175480445,0.311069667863327,-2.555599997291274,-2.3371983960632656,2.021111488342285,2.021026134490967,214.25357055664065,0.6532659530639648,1,18857,243.11935424804688,54.55191421508789,35.15850175480445,0.3233633560858555,-1.8719433357780864,-1.3438566868903006,2.021111488342285,2.021026134490967,214.25357055664065,0.6532659530639648,1,0.0
436,242.43702697753903,55.00169372558594,5.684209963279482,0.3109651527565503,-0.6078358689285912,-0.1352050620349117,1.2430765628814695,1.0675705671310425,255.8533935546875,0.0512613765895366,1,436,242.43702697753903,55.00169372558594,5.684209963279482,0.242870903589913,-0.6691026285520759,-0.1161352263864597,1.2430765628814695,1.0675705671310425,255.8533935546875,0.0512613765895366,1,0.0
26472,242.5717010498047,55.15830612182617,6.578606068369972,0.3108424754337527,-0.7453651535950175,-0.146856588049547,1.0848376750946045,1.0409010648727417,191.8769073486328,1.0325485467910769,1,26472,242.5717010498047,55.15830612182617,6.578606068369972,0.231245270098387,-0.7980531043172197,-0.1203897301082592,1.0848376750946045,1.0409010648727417,191.8769073486328,1.0325485467910769,1,0.0
34912,242.0363006591797,54.83041763305664,22.87754832469824,0.3108275876250242,-1.5809152711368584,-0.7761120421821452,-100.0,-100.0,-100.0,2.08805513381958,6,34912,242.0363006591797,54.83041763305664,22.87754832469824,0.2472810426079204,-1.3062587283064349,-0.4725879708967351,-100.0,-100.0,-100.0,2.08805513381958,6,0.0
6487,243.59548950195312,54.8679084777832,36.613466221613024,0.3107619898545726,-2.6943468477588697,-2.611108349439587,1.80871319770813,1.8077830076217651,155.80682373046875,0.2740258276462555,1,6487,243.59548950195312,54.8679084777832,36.613466221613024,0.3414164495269683,-1.9254016810424153,-1.4765185168364667,1.80871319770813,1.8077830076217651,155.80682373046875,0.2740258276462555,1,0.0
10015,242.5326690673828,55.52062225341797,28.357750002313324,0.3105218873149208,-1.7798456681712949,-1.3777867220127564,2.93709659576416,1.7462680339813232,208.22344970703125,0.3397881984710693,1,10015,242.5326690673828,55.52062225341797,28.357750002313324,0.2893055733321494,-1.4095083593527065,-0.8488046883404113,2.93709659576416,1.7462680339813232,208.22344970703125,0.3397881984710693,1,0.0
8432,242.15670776367188,55.66025924682617,39.43309204725813,0.3104440469007617,-2.9152039996751404,-3.142461626051555,-100.0,-100.0,-100.0,0.3673005998134613,6,8432,242.15670776367188,55.66025924682617,39.43309204725813,0.4040174483145439,-1.876495583496374,-1.672152897569133,-100.0,-100.0,-100.0,0.3673005998134613,6,0.0
1702,243.8118133544922,55.254051208496094,43.97624737992378,0.3103330356410543,-3.911890873356726,-4.608730745387155,13.619562149047852,2.891138792037964,259.8070983886719,0.0862150713801384,1,1702,243.8118133544922,55.254051208496094,43.97624737992378,0.4220137851864544,-2.5503640302911226,-2.3298577752723117,13.619562149047852,2.891138792037964,259.8070983886719,0.0862150713801384,1,0.0
21998,243.2172088623047,55.26919174194336,25.520818420468142,0.3102238315086392,-1.594568853144213,-1.08994094097004,2.37160325050354,2.3286614418029785,189.3884124755859,0.821310818195343,1,21998,243.2172088623047,55.26919174194336,25.520818420468142,0.2710215722003311,-1.3192108649175158,-0.687136539820761,2.37160325050354,2.3286614418029785,189.3884124755859,0.821310818195343,1,0.0
8269,241.85873413085935,54.73127746582031,31.35540891539972,0.3097949863718245,-2.066330382184156,-1.7459501071780068,2.6538286209106445,1.6753994226455688,261.1462097167969,0.3182428181171417,1,8269,241.85873413085935,54.73127746582031,31.35540891539972,0.3045713964622633,-1.5741594206370566,-1.0456995666174107,2.6538286209106445,1.6753994226455688,261.1462097167969,0.3182428181171417,1,0.0
1472,243.11329650878903,55.42359924316406,28.94971658014121,0.3095473735552097,-1.7931972797753832,-1.4447153868786702,1.733020305633545,1.6589057445526123,157.58755493164062,0.0948047637939453,1,1472,243.11329650878903,55.42359924316406,28.94971658014121,0.2962410794436051,-1.4005363442186596,-0.8853485907660922,1.733020305633545,1.6589057445526123,157.58755493164062,0.0948047637939453,1,0.0
14781,242.5091857910156,55.0565185546875,2.4927469870067176,0.3092249818408102,-0.6441415154576768,-0.1001763545919293,2.312373399734497,2.3123483657836914,178.5011444091797,0.5084506273269653,1,14781,242.5091857910156,55.0565185546875,2.4927469870067176,0.2329862843922883,-0.7173131605226588,-0.0932422932253185,2.312373399734497,2.3123483657836914,178.5011444091797,0.5084506273269653,1,0.0
2909,242.0998687744141,55.35531997680664,24.679167784724577,0.3090201477786532,-1.4436393412482866,-1.0165049393092307,6.548203468322754,1.3835837841033936,283.06231689453125,0.1512186080217361,1,2909,242.0998687744141,55.35531997680664,24.679167784724577,0.276751379473203,-1.1957536993622933,-0.6472433982081724,6.548203468322754,1.3835837841033936,283.06231689453125,0.1512186080217361,1,0.0
23975,241.79681396484375,54.61332702636719,37.62987543694616,0.3089881569125126,-3.1952554404010645,-2.727119665361895,-100.0,-100.0,-100.0,0.9483910202980042,6,23975,241.79681396484375,54.61332702636719,37.62987543694616,0.3040499028444428,-2.283452884983883,-1.4842110731022211,-100.0,-100.0,-100.0,0.9483910202980042,6,0.0
21985,242.1119079589844,55.29661178588867,21.88328589024207,0.3072533720798166,-1.335336700490176,-0.7935770542491514,2.7737202644348145,0.6585845351219177,229.45391845703125,0.8054258823394775,1,21985,242.1119079589844,55.29661178588867,21.88328589024207,0.2565217403471765,-1.161667472506918,-0.5163930972413343,2.7737202644348145,0.6585845351219177,229.45391845703125,0.8054258823394775,1,0.0
18726,242.7980804443359,54.96518325805664,9.013052453485972,0.306941190015637,-0.7622613226320328,-0.2002674616478118,1.3985819816589355,1.2726147174835205,332.48773193359375,0.6290202736854553,1,18726,242.7980804443359,54.96518325805664,9.013052453485972,0.2336096645489275,-0.798990780135731,-0.1563527548685939,1.3985819816589355,1.2726147174835205,332.48773193359375,0.6290202736854553,1,0.0
2778,242.49722290039065,55.22370529174805,10.876888240265712,0.3068780794511009,-0.7420521189894344,-0.2522376891455721,3.2541327476501465,2.3560667037963867,301.1846008300781,0.1498351544141769,1,2778,242.49722290039065,55.22370529174805,10.876888240265712,0.2426599908933944,-0.7618569050758419,-0.1903459006585068,3.2541327476501465,2.3560667037963867,301.1846008300781,0.1498351544141769,1,0.0
17705,242.6908416748047,54.62942123413086,25.448830307946427,0.3057305814895896,-1.566471484215651,-1.0839263740735383,1.9355502128601072,1.417765974998474,346.25927734375,0.6124076843261719,1,17705,242.6908416748047,54.62942123413086,25.448830307946427,0.2693422765826908,-1.2939846473479215,-0.6843390221683483,1.9355502128601072,1.417765974998474,346.25927734375,0.6124076843261719,1,0.0
4647,242.2366180419922,54.654727935791016,26.45808941466064,0.3052781693395852,-1.5918008242920934,-1.180128716574098,2.4539239406585693,2.406797170639038,165.8136444091797,0.1891173422336578,1,4647,242.2366180419922,54.654727935791016,26.45808941466064,0.279190039042232,-1.2880469726950377,-0.7396185109149047,2.4539239406585693,2.406797170639038,165.8136444091797,0.1891173422336578,1,0.0
30868,243.0744171142578,55.74419021606445,44.99146109169068,0.3049581239904883,-3.753900232374307,-4.906546158434855,-100.0,-100.0,-100.0,1.6760990619659424,6,30868,243.0744171142578,55.74419021606445,44.99146109169068,0.5106608334723356,-2.204617634444481,-2.387267557639656,-100.0,-100.0,-100.0,1.6760990619659424,6,0.0
14854,242.8289794921875,55.033302307128906,8.594803038648429,0.3048111015497477,-0.7332532184252167,-0.1903107212253102,1.9679594039916992,1.3646018505096436,193.33302307128903,0.4845992624759674,1,14854,242.8289794921875,55.033302307128906,8.594803038648429,0.2334575671732784,-0.7736292766338037,-0.150183091455916,1.9679594039916992,1.3646018505096436,193.33302307128903,0.4845992624759674,1,0.0
11610,242.70054626464844,55.09396743774414,4.937122084030663,0.3045701320046989,-0.6550359684802936,-0.1245193526038632,3.654428720474243,0.8266769051551819,120.54344940185548,0.4006577432155609,1,11610,242.70054626464844,55.09396743774414,4.937122084030663,0.2317234504815536,-0.719952414039785,-0.1090833014522442,3.654428720474243,0.8266769051551819,120.54344940185548,0.4006577432155609,1,0.0
38931,241.27882385253903,55.11294937133789,44.86921744608766,0.3044804226074751,-3.994498742587865,-4.857371132031932,-100.0,-100.0,-100.0,2.831838369369507,6,38931,241.27882385253903,55.11294937133789,44.86921744608766,0.4535836799703616,-2.458890406479755,-2.3690074340221043,-100.0,-100.0,-100.0,2.831838369369507,6,0.0
7927,242.75404357910156,55.01187515258789,6.367213289682747,0.3039757638454505,-0.6626380100154604,-0.1465756584145658,1.7814799547195437,1.3396227359771729,138.5382843017578,0.2898951172828674,1,7927,242.75404357910156,55.01187515258789,6.367213289682747,0.2334930412995224,-0.720322575335447,-0.1235336297958115,1.7814799547195437,1.3396227359771729,138.5382843017578,0.2898951172828674,1,0.0
22989,241.9430694580078,55.241397857666016,24.723058628686637,0.3038017965383729,-1.5381653378695566,-1.0183906654403032,2.1533126831054688,2.1095616817474365,43.77931594848633,0.8483570218086243,1,22989,241.9430694580078,55.241397857666016,24.723058628686637,0.262063307842477,-1.286800208251801,-0.6461598494781706,2.1533126831054688,2.1095616817474365,43.77931594848633,0.8483570218086243,1,0.0
19911,242.76446533203125,55.14487838745117,8.553454932232802,0.3031952845609668,-0.7570190954767705,-0.1891323117074427,3.864983797073364,0.9158479571342468,82.84867095947266,0.7236136198043823,1,19911,242.76446533203125,55.14487838745117,8.553454932232802,0.2297839589487428,-0.7974612307661334,-0.1491590059485593,3.864983797073364,0.9158479571342468,82.84867095947266,0.7236136198043823,1,0.0
37234,243.0901031494141,54.766448974609375,24.413240927230905,0.3019815261104983,-1.6146120229255552,-0.986492626179333,3.155486822128296,1.6032452583312988,244.0841064453125,2.2543232440948486,2,37234,243.0901031494141,54.766448974609375,24.413240927230905,0.2490437733957868,-1.366682839378383,-0.6224048453196345,3.155486822128296,1.6032452583312988,244.0841064453125,2.2543232440948486,2,0.0
18802,242.07452392578125,54.80952453613281,22.589379808605127,0.3012686066053815,-1.365310434159666,-0.8461151498137429,0.8409088850021362,0.7154865264892578,31.37472152709961,0.6557043790817261,1,18802,242.07452392578125,54.80952453613281,22.589379808605127,0.2553134172960815,-1.1742217810233389,-0.5476027684840422,0.8409088850021362,0.7154865264892578,31.37472152709961,0.6557043790817261,1,0.0
10058,241.7149353027344,55.03155899047851,29.7740144680662,0.3011854167801863,-1.912426354754621,-1.542142133772386,1.751744508743286,1.4666129350662231,305.6923522949219,0.3660094141960144,1,10058,241.7149353027344,55.03155899047851,29.7740144680662,0.2872572715040128,-1.4869112913504876,-0.937407990720336,1.751744508743286,1.4666129350662231,305.6923522949219,0.3660094141960144,1,0.0
14922,242.32879638671875,54.769020080566406,18.896847344041028,0.3008438525023313,-1.124601889499652,-0.6004906764621606,1.1440401077270508,0.8550204634666443,281.4736633300781,0.4809600412845611,1,14922,242.32879638671875,54.769020080566406,18.896847344041028,0.2469744930897181,-1.019726686351778,-0.4029023764675656,1.1440401077270508,0.8550204634666443,281.4736633300781,0.4809600412845611,1,0.0
37213,243.02430725097656,55.11604690551758,15.769250777192743,0.2999250155262724,-1.1091868830693197,-0.4297529062841621,1.6084580421447754,0.9596062302589417,238.9127197265625,2.2062814235687256,2,37213,243.02430725097656,55.11604690551758,15.769250777192743,0.2264974466876503,-1.053959651620146,-0.2920536467262729,1.6084580421447754,0.9596062302589417,238.9127197265625,2.2062814235687256,2,0.0
11684,242.9710235595703,54.99259185791016,13.851187835223314,0.2998648568773849,-0.8805097624316712,-0.3552058286974054,1.643677830696106,1.6352324485778809,145.01292419433594,0.410382866859436,1,11684,242.9710235595703,54.99259185791016,13.851187835223314,0.2375374688738591,-0.8628405974187687,-0.2538363381287811,1.643677830696106,1.6352324485778809,145.01292419433594,0.410382866859436,1,0.0
22991,241.9499053955078,55.27132797241211,25.40514079527997,0.2994455513915265,-1.590139455264336,-1.078947532892662,2.994076728820801,1.8768388032913208,142.67901611328125,0.8344322443008423,1,22991,241.9499053955078,55.27132797241211,25.40514079527997,0.2607063880113212,-1.3179509162630016,-0.6804853500032793,2.994076728820801,1.8768388032913208,142.67901611328125,0.8344322443008423,1,0.0
16387,242.95388793945312,55.13822937011719,13.899944988824942,0.2991259828868419,-0.9014092576597028,-0.3565144733433217,1.770301342010498,0.5626736283302307,264.4129333496094,0.5271105766296387,1,16387,242.95388793945312,55.13822937011719,13.899944988824942,0.2351648465906544,-0.8823657607646205,-0.2538901988249679,1.770301342010498,0.5626736283302307,264.4129333496094,0.5271105766296387,1,0.0
36089,243.36471557617188,55.35269927978515,32.46088453181058,0.2990350563391736,-2.342543707178471,-1.8961879465997251,2.1041648387908936,2.104081392288208,152.2164306640625,2.0883851051330566,2,36089,243.36471557617188,55.35269927978515,32.46088453181058,0.2812996781768201,-1.793209964654161,-1.1171867138569156,2.1041648387908936,2.104081392288208,152.2164306640625,2.0883851051330566,2,0.0
10018,243.3099670410156,55.00726318359375,25.211936418729582,0.2981811007338732,-1.5152924482170802,-1.0630501388572569,6.481710433959961,1.3013216257095337,112.57363891601562,0.3327432870864868,1,10018,243.3099670410156,55.00726318359375,25.211936418729582,0.2654614070996728,-1.2508096244697824,-0.6731922912670018,6.481710433959961,1.3013216257095337,112.57363891601562,0.3327432870864868,1,0.0
26591,243.2971038818359,54.89747619628906,26.296570991954873,0.2976901085889654,-1.6759142093119004,-1.1620702315745408,1.9186149835586548,1.483500361442566,178.9083251953125,1.094948649406433,1,26591,243.2971038818359,54.89747619628906,26.296570991954873,0.2608248141108449,-1.3747850308680372,-0.7268309388456163,1.9186149835586548,1.483500361442566,178.9083251953125,1.094948649406433,1,0.0
38965,242.48599243164065,55.66134262084961,36.89486544388938,0.2976884833134063,-3.393348776202281,-2.5739680148436537,-100.0,-100.0,-100.0,2.707946300506592,6,38965,242.48599243164065,55.66134262084961,36.89486544388938,0.2533235857594629,-2.529054863529903,-1.4126388086888246,-100.0,-100.0,-100.0,2.707946300506592,6,0.0
13287,242.376953125,55.105857849121094,7.783522264664609,0.2974324847372583,-0.7096627564749708,-0.1727021075188871,1.1646908521652222,1.1245721578598022,151.52403259277344,0.4550880193710327,1,13287,242.376953125,55.105857849121094,7.783522264664609,0.2276270288994184,-0.7569328816339967,-0.1394949351785862,1.1646908521652222,1.1245721578598022,151.52403259277344,0.4550880193710327,1,0.0
18814,243.1310272216797,55.35381317138672,26.27536094547376,0.2973775341903411,-1.6383699977077513,-1.161342873839636,2.094416618347168,1.7943332195281982,26.13226890563965,0.6394838094711304,1,18814,243.1310272216797,55.35381317138672,26.27536094547376,0.2643641632616862,-1.3393860740120254,-0.7278610531657137,2.094416618347168,1.7943332195281982,26.13226890563965,0.6394838094711304,1,0.0
30737,242.70848083496097,54.301265716552734,45.07007252878582,0.2969118565309797,-4.207317452249252,-4.938480642423988,-100.0,-100.0,-100.0,1.6910241842269895,6,30737,242.70848083496097,54.301265716552734,45.07007252878582,0.4147203675845543,-2.649172430478922,-2.3992802575161756,-100.0,-100.0,-100.0,1.6910241842269895,6,0.0
14783,242.55496215820312,55.10165023803711,3.290938836719912,0.2966384883699767,-0.6500438888352998,-0.1062488268572469,3.1382803916931152,2.7890567779541016,90.41576385498048,0.4954468607902527,1,14783,242.55496215820312,55.10165023803711,3.290938836719912,0.2237672454532865,-0.7209419295548697,-0.0969646583577229,3.1382803916931152,2.7890567779541016,90.41576385498048,0.4954468607902527,1,0.0
9929,242.87612915039065,54.82526779174805,16.843861684148667,0.2962460660286263,-1.0004835979585602,-0.4893248960308896,1.1730493307113647,0.7827759981155396,131.29452514648438,0.3356822729110718,1,9929,242.87612915039065,54.82526779174805,16.843861684148667,0.2408067070099282,-0.9352343515261368,-0.3361162332233548,1.1730493307113647,0.7827759981155396,131.29452514648438,0.3356822729110718,1,0.0
20099,242.35140991210935,55.247928619384766,14.29856966321843,0.296016433394514,-0.9714152260508884,-0.2806078772322551,-100.0,-100.0,-100.0,0.7659556865692139,6,20099,242.35140991210935,55.247928619384766,14.29856966321843,0.2317667014473051,-0.8706155927221266,-0.1760563645294736,-100.0,-100.0,-100.0,0.7659556865692139,6,0.0
11839,242.04673767089844,54.64141845703125,30.615999383216163,0.2958324128511091,-2.0039026093419525,-1.6477911325204064,2.0692856311798096,1.0591962337493896,132.4097137451172,0.3933693170547485,1,11839,242.04673767089844,54.64141845703125,30.615999383216163,0.2853381044126671,-1.543584327370806,-0.9937558063316232,2.0692856311798096,1.0591962337493896,132.4097137451172,0.3933693170547485,1,0.0
28216,242.47361755371097,55.59748458862305,33.123805128992,0.2952774077634254,-2.2124619443852227,-1.907908373027921,-100.0,-100.0,-100.0,1.378114104270935,4,28216,242.47361755371097,55.59748458862305,33.123805128992,0.3115408000273408,-1.5595144136603905,-1.0871184965057328,-100.0,-100.0,-100.0,1.378114104270935,4,0.0
1695,241.24295043945312,55.06398391723633,45.97291571908115,0.2948545844604081,-4.348474742628911,-5.417621607548882,4.948826789855957,3.927258968353271,154.48416137695312,0.1009815037250518,1,1695,241.24295043945312,55.06398391723633,45.97291571908115,0.4294268966888933,-2.762527797059441,-2.6303333845925843,4.948826789855957,3.927258968353271,154.48416137695312,0.1009815037250518,1,0.0
38827,243.4831695556641,54.86170196533203,33.064767856920014,0.2941848937981419,-2.442230109150822,-1.9839089658053393,2.431398868560791,1.8320770263671875,319.29583740234375,2.532420873641968,2,38827,243.4831695556641,54.86170196533203,33.064767856920014,0.2764797961385523,-1.8606354365439683,-1.1590069453067988,2.431398868560791,1.8320770263671875,319.29583740234375,2.532420873641968,2,0.0
13671,242.74978637695312,55.45488739013672,25.04536118976954,0.2940407824929299,-1.496417377955878,-0.9554627699229652,-100.0,-100.0,-100.0,0.507063090801239,6,13671,242.74978637695312,55.45488739013672,25.04536118976954,0.2661736335016499,-1.160122420116843,-0.5756234140014161,-100.0,-100.0,-100.0,0.507063090801239,6,0.0
8478,242.77113342285156,55.165531158447266,9.58698219786473,0.2940067713882426,-0.8216021751428519,-0.1229469144737803,-100.0,-100.0,-100.0,0.3323428630828857,6,8478,242.77113342285156,55.165531158447266,9.58698219786473,0.2236967546330033,-0.7772239204590704,-0.0778552343526587,-100.0,-100.0,-100.0,0.3323428630828857,6,0.0
3055,242.0476226806641,54.517093658447266,36.84476079852248,0.2934442101584877,-2.7097963370039535,-2.657491979990038,11.927445411682127,6.181149005889893,7.348995208740234,0.1430878639221191,1,3055,242.0476226806641,54.517093658447266,36.84476079852248,0.3263999373427161,-1.9265018252259176,-1.498519308029044,11.927445411682127,6.181149005889893,7.348995208740234,0.1430878639221191,1,0.0
14969,242.7314453125,55.460731506347656,25.250862358058676,0.2933574786524138,-1.5382064962968132,-1.0660363032133546,1.6661131381988523,0.9638462066650392,261.99859619140625,0.510814368724823,1,14969,242.7314453125,55.460731506347656,25.250862358058676,0.2591491931698896,-1.2719136159310211,-0.6742528492968565,1.6661131381988523,0.9638462066650392,261.99859619140625,0.510814368724823,1,0.0
35980,242.4284210205078,54.87385940551758,11.729034385150255,0.2930618597001078,-0.9410608792724608,-0.2696667976324174,1.6554323434829712,1.0950664281845093,52.4018669128418,2.009683132171631,2,35980,242.4284210205078,54.87385940551758,11.729034385150255,0.2168529388389819,-0.9412363223677104,-0.1920713349013265,1.6554323434829712,1.0950664281845093,52.4018669128418,2.009683132171631,2,0.0
4702,241.8538055419922,55.3294792175293,30.05165108584222,0.2928697672466631,-1.91681585684759,-1.5765924019797084,7.449025630950928,1.711129903793335,148.37045288085938,0.1963278800249099,1,4702,241.8538055419922,55.3294792175293,30.05165108584222,0.2833445745876264,-1.4803738184038662,-0.9562853138464606,7.449025630950928,1.711129903793335,148.37045288085938,0.1963278800249099,1,0.0
9932,242.9952850341797,54.88234329223633,17.43244390693948,0.2927822058171042,-1.0287879353019749,-0.5195621258226001,1.1297348737716677,0.9441501498222352,357.55535888671875,0.3396411538124084,1,9932,242.9952850341797,54.88234329223633,17.43244390693948,0.2391972073883844,-0.9528488521260484,-0.3544181281747321,1.1297348737716677,0.9441501498222352,357.55535888671875,0.3396411538124084,1,0.0
4631,242.1361389160156,55.453514099121094,28.64603173229128,0.2924281883957655,-1.7828509645661397,-1.410244906128264,2.381229877471924,1.8237234354019165,179.1588592529297,0.1779767721891403,1,4631,242.1361389160156,55.453514099121094,28.64603173229128,0.2763976997816464,-1.4019007183541428,-0.866643063924273,2.381229877471924,1.8237234354019165,179.1588592529297,0.1779767721891403,1,0.0
2729,242.70057678222656,55.2204704284668,11.09510367403452,0.2922755636984301,-0.7485164282785197,-0.2589375869946907,1.7627707719802856,1.7615859508514404,13.636951446533203,0.1738428175449371,1,2729,242.70057678222656,55.2204704284668,11.09510367403452,0.2313819901057326,-0.7659424616862301,-0.1944099337251323,1.7627707719802856,1.7615859508514404,13.636951446533203,0.1738428175449371,1,0.0
22157,242.06146240234375,55.5196647644043,33.35745684750066,0.2921233223846284,-2.768830768737357,-1.944094028165807,-100.0,-100.0,-100.0,0.8606160879135132,6,22157,242.06146240234375,55.5196647644043,33.35745684750066,0.2476643427706641,-2.104197464008836,-1.1054143555476723,-100.0,-100.0,-100.0,0.8606160879135132,6,0.0
18785,242.35421752929688,54.87368392944336,13.080423325007366,0.2919091869728665,-0.8828050113909589,-0.3246276168027909,3.3882107734680176,3.107717275619507,242.9232482910156,0.660273015499115,1,18785,242.35421752929688,54.87368392944336,13.080423325007366,0.2271539593737617,-0.8745205257552957,-0.2337989125387434,3.3882107734680176,3.107717275619507,242.9232482910156,0.660273015499115,1,0.0
6516,242.6607666015625,54.349876403808594,42.02639426178484,0.2916550170725101,-3.558210837688753,-3.952705596293401,5.3383002281188965,1.2913622856140137,75.54078674316406,0.2441767007112503,1,6516,242.6607666015625,54.349876403808594,42.02639426178484,0.3691787418678525,-2.3850608722606315,-2.0686756972472184,5.3383002281188965,1.2913622856140137,75.54078674316406,0.2441767007112503,1,0.0
10255,243.63101196289065,55.24291229248047,37.85928642984159,0.2916228723988852,-2.489508190412814,-2.7767228608447763,-100.0,-100.0,-100.0,0.4117701649665832,6,10255,243.63101196289065,55.24291229248047,37.85928642984159,0.3942138099165125,-1.5623975049943484,-1.5070589373183627,-100.0,-100.0,-100.0,0.4117701649665832,6,0.0
4648,241.97601318359375,55.358116149902344,27.79900749421727,0.2912689624393985,-1.70650992257083,-1.3172209603167253,6.010341644287109,1.4039604663848877,70.9410400390625,0.2222839891910553,1,4648,241.97601318359375,55.358116149902344,27.79900749421727,0.2716757124405024,-1.3567399148811043,-0.8158580559294983,6.010341644287109,1.4039604663848877,70.9410400390625,0.2222839891910553,1,0.0
8096,241.9452362060547,55.12839889526367,22.329055708787433,0.2911538897038976,-1.3021627301835212,-0.8276028722587765,0.8498091101646423,0.7142577767372131,154.4740447998047,0.3175784349441528,1,8096,241.9452362060547,55.12839889526367,22.329055708787433,0.2507473726193917,-1.118844578251383,-0.5378274160185469,0.8498091101646423,0.7142577767372131,154.4740447998047,0.3175784349441528,1,0.0
30152,242.415771484375,54.77840042114258,17.187974640246477,0.2910834782385402,-1.1226761334231643,-0.5022377604470549,2.63112735748291,1.5759371519088743,241.7121734619141,1.3298076391220093,2,30152,242.415771484375,54.77840042114258,17.187974640246477,0.2271654831155657,-1.0462311262984036,-0.3393306986116186,2.63112735748291,1.5759371519088743,241.7121734619141,1.3298076391220093,2,0.0
18889,241.9351348876953,54.4614143371582,41.72737709801408,0.2905977751301984,-3.443553233163792,-3.767713641746115,-100.0,-100.0,-100.0,0.7243867516517639,4,18889,241.9351348876953,54.4614143371582,41.72737709801408,0.3802224646937876,-2.2188384562679664,-1.9401615529397536,-100.0,-100.0,-100.0,0.7243867516517639,4,0.0
17773,243.17410278320312,55.464752197265625,32.171183249138586,0.2902102851424448,-2.3950155010987166,-1.766384458572394,-100.0,-100.0,-100.0,0.6254417896270752,6,17773,243.17410278320312,55.464752197265625,32.171183249138586,0.266013803611627,-1.7880006212300097,-1.0147327519625349,-100.0,-100.0,-100.0,0.6254417896270752,6,0.0
35863,242.5405731201172,54.92655563354492,7.460612849704623,0.2884097582817508,-0.8344622055084816,-0.1590417834585949,1.844407320022583,1.4834318161010742,17.704896926879883,2.0172908306121826,2,35863,242.5405731201172,54.92655563354492,7.460612849704623,0.2088858930515963,-0.8764415737231398,-0.1238743389139196,1.844407320022583,1.4834318161010742,17.704896926879883,2.0172908306121826,2,0.0
1565,243.57534790039065,55.23731231689453,35.94313751596453,0.2883066799717081,-2.5774044115616364,-2.481421769442459,4.434991359710693,0.9850109219551086,43.324501037597656,0.1177720353007316,1,1565,243.57534790039065,55.23731231689453,35.94313751596453,0.3154310496598475,-1.8489066381548864,-1.4144203968553664,4.434991359710693,0.9850109219551086,43.324501037597656,0.1177720353007316,1,0.0
8290,243.18170166015625,55.52950668334961,35.41107880630699,0.287717388773444,-2.541051728392446,-2.3830563228655657,1.6006338596343994,1.5963811874389648,301.78411865234375,0.3229629695415497,1,8290,243.18170166015625,55.52950668334961,35.41107880630699,0.3067378679391337,-1.843512161784211,-1.3667562269802331,1.6006338596343994,1.5963811874389648,301.78411865234375,0.3229629695415497,1,0.0
18867,241.4558563232422,55.36900329589844,43.0277282306061,0.2876200725338353,-3.802063821388217,-4.27440610410468,4.067188739776611,1.835615873336792,262.441162109375,0.6362091302871704,1,18867,241.4558563232422,55.36900329589844,43.0277282306061,0.3669003042147573,-2.534837894534669,-2.1979417486409,4.067188739776611,1.835615873336792,262.441162109375,0.6362091302871704,1,0.0
549,241.58251953125,55.09622573852539,34.398764637195995,0.287503745549596,-2.3692207478973306,-2.2057738572585204,3.042381525039673,1.5608638525009155,147.69375610351562,0.048900444060564,1,549,241.58251953125,55.09622573852539,34.398764637195995,0.3056056174825821,-1.7274564692134633,-1.2794560913287094,3.042381525039673,1.5608638525009155,147.69375610351562,0.048900444060564,1,0.0
39567,242.99212646484375,54.99684524536133,14.498593787164202,0.2874784554471478,-1.0915790190706172,-0.3691573097745699,1.6891169548034668,1.672137975692749,341.25433349609375,2.924809694290161,2,39567,242.99212646484375,54.99684524536133,14.498593787164202,0.2120474679752101,-1.0512010544425208,-0.250234323385762,1.6891169548034668,1.672137975692749,341.25433349609375,2.924809694290161,2,0.0
32463,242.13150024414065,54.787132263183594,22.048356658381895,0.2874252603328929,-1.4121443647956298,-0.8018574058646575,1.9621328115463257,1.0274354219436646,275.3969421386719,1.5165982246398926,2,32463,242.13150024414065,54.787132263183594,22.048356658381895,0.2339838342398355,-1.2303240516770195,-0.517334532435569,1.9621328115463257,1.0274354219436646,275.3969421386719,1.5165982246398926,2,0.0
109,241.58987426757812,55.37328338623047,39.10211754278073,0.2866650613411097,-3.016327189378865,-3.153862638121137,3.6562774181365967,3.107168436050415,133.40158081054688,0.0305167436599731,1,109,241.58987426757812,55.37328338623047,39.10211754278073,0.3410791916660846,-2.078513120580071,-1.7248211634722337,3.6562774181365967,3.107168436050415,133.40158081054688,0.0305167436599731,1,0.0
34477,242.6139373779297,55.48982238769531,26.487489453868516,0.2864521114924084,-1.7515474708752057,-1.1769010925933914,1.830988526344299,1.0089633464813232,217.30845642089844,1.7817928791046145,2,34477,242.6139373779297,55.48982238769531,26.487489453868516,0.2455672982149013,-1.4401208900242737,-0.7311844615584335,1.830988526344299,1.0089633464813232,217.30845642089844,1.7817928791046145,2,0.0
8176,242.63540649414065,54.60189056396485,26.880389071451106,0.2864514664024999,-1.6424451855290234,-1.2217324397399385,3.578545093536377,1.8747738599777224,76.35360717773438,0.3025406897068023,1,8176,242.63540649414065,54.60189056396485,26.880389071451106,0.2618787376311519,-1.324259569844511,-0.7624979453376861,3.578545093536377,1.8747738599777224,76.35360717773438,0.3025406897068023,1,0.0
35964,242.60499572753903,55.317501068115234,16.145377670001523,0.2863831278791557,-1.113986998725608,-0.4480541310611876,1.6866216659545898,0.8551406860351562,139.163818359375,2.082256317138672,2,35964,242.60499572753903,55.317501068115234,16.145377670001523,0.217981143161545,-1.0531407800121435,-0.3037517406535032,1.6866216659545898,0.8551406860351562,139.163818359375,2.082256317138672,2,0.0
30427,243.35108947753903,54.63447189331055,36.425991955120175,0.2858999534500711,-2.791573206428675,-2.57047360740982,2.7042667865753174,1.4390528202056885,61.314697265625,1.49978506565094,2,30427,243.35108947753903,54.63447189331055,36.425991955120175,0.2971809701668865,-2.029989168195103,-1.4526961208677642,2.7042667865753174,1.4390528202056885,61.314697265625,1.49978506565094,2,0.0
10156,243.6894073486328,55.29305648803711,40.72971487386772,0.285827868377802,-3.3426777535035304,-3.574533479191676,2.9715921878814697,2.2890138626098633,13.940448760986328,0.3519282341003418,1,10156,243.6894073486328,55.29305648803711,40.72971487386772,0.3464020973203451,-2.2803054103271956,-1.9097460915329576,2.9715921878814697,2.2890138626098633,13.940448760986328,0.3519282341003418,1,0.0
32549,241.7957000732422,55.2316780090332,29.063408571587622,0.2857272588467917,-1.9683355592504912,-1.4538001304870185,2.721142053604126,1.3844730854034424,3.7252235412597656,1.6587343215942385,2,32549,241.7957000732422,55.2316780090332,29.063408571587622,0.2557996121401399,-1.5668513906776935,-0.885755521213869,2.721142053604126,1.3844730854034424,3.7252235412597656,1.6587343215942385,2,0.0
18761,242.7515106201172,54.76695251464844,17.90943098267141,0.2851055743030987,-1.0908221706832928,-0.5442167109922369,0.8290486335754395,0.6111171245574951,165.0828857421875,0.6337891817092896,1,18761,242.7515106201172,54.76695251464844,17.90943098267141,0.2302127403670109,-1.004856817321522,-0.3683386987495112,0.8290486335754395,0.6111171245574951,165.0828857421875,0.6337891817092896,1,0.0
32413,242.2370452880859,54.776084899902344,20.198267755216175,0.284369696467632,-1.2979678538524415,-0.675315222173828,1.106610894203186,0.6617365479469299,244.3870849609375,1.5075006484985352,2,32413,242.2370452880859,54.776084899902344,20.198267755216175,0.2269124063910162,-1.159980518617021,-0.4426720336505616,1.106610894203186,0.6617365479469299,244.3870849609375,1.5075006484985352,2,0.0
21180,243.2629852294922,54.829254150390625,26.961177134016115,0.2841982536549834,-2.090128686897292,-1.1369280350654587,-100.0,-100.0,-100.0,0.7922844886779785,6,21180,243.2629852294922,54.829254150390625,26.961177134016115,0.2195312436741326,-1.6921175017714871,-0.6775814447445432,-100.0,-100.0,-100.0,0.7922844886779785,6,0.0
40083,241.59991455078125,55.158878326416016,34.29898824541741,0.2840401224823592,-2.181277758818287,-2.0961291637028343,-100.0,-100.0,-100.0,4.940820693969727,4,40083,241.59991455078125,55.158878326416016,34.29898824541741,0.3298385295612748,-1.467795223794216,-1.1817128560397432,-100.0,-100.0,-100.0,4.940820693969727,4,0.0
14914,242.7435302734375,54.67005157470703,23.411089846756056,0.2837052152905068,-1.4034282552785111,-0.9102852689051948,1.4683395624160769,1.3138911724090576,336.84698486328125,0.5183291435241699,1,14914,242.7435302734375,54.67005157470703,23.411089846756056,0.2446605775430236,-1.1908789923051817,-0.5854339866430525,1.4683395624160769,1.3138911724090576,336.84698486328125,0.5183291435241699,1,0.0
24778,242.90496826171875,54.860076904296875,15.912347986729689,0.2835912651267129,-0.9499144186868786,-0.3514706727487227,-100.0,-100.0,-100.0,1.0193393230438232,6,24778,242.90496826171875,54.860076904296875,15.912347986729689,0.2333213622505182,-0.8239208598796232,-0.2195885085285049,-100.0,-100.0,-100.0,1.0193393230438232,6,0.0
36096,243.4940948486328,54.84904098510742,33.68642968899405,0.2832608384161637,-2.4836076629393378,-2.083869307436097,1.241444110870361,1.2412983179092407,197.70816040039065,1.9722543954849243,2,36096,243.4940948486328,54.84904098510742,33.68642968899405,0.2729529613926681,-1.8736038322591253,-1.2125277711157427,1.241444110870361,1.2412983179092407,197.70816040039065,1.9722543954849243,2,0.0
6258,243.0646514892578,54.75096893310547,24.46112227139052,0.2832382295838591,-1.443647779556381,-0.9975519656478556,4.099667549133301,3.120349168777466,145.6905517578125,0.2464001774787902,1,6258,243.0646514892578,54.75096893310547,24.46112227139052,0.2512218145749365,-1.201949520098579,-0.6361957633402222,4.099667549133301,3.120349168777466,145.6905517578125,0.2464001774787902,1,0.0
1474,242.48129272460935,54.553226470947266,29.930102193308045,0.2828384042457765,-1.8869924529212116,-1.5613850796937945,2.842388868331909,0.8937761783599854,235.75021362304688,0.1179674193263053,1,1474,242.48129272460935,54.553226470947266,29.930102193308045,0.2751455937216113,-1.455393401136968,-0.9480631316556828,2.842388868331909,0.8937761783599854,235.75021362304688,0.1179674193263053,1,0.0
17603,242.3363342285156,54.89946746826172,12.285031186930624,0.2827815171308326,-0.8492174089217462,-0.2961974209271961,4.763801097869873,1.0993515253067017,341.98260498046875,0.600890040397644,1,17603,242.3363342285156,54.89946746826172,12.285031186930624,0.2195359182621876,-0.8511337677948567,-0.2161384035665341,4.763801097869873,1.0993515253067017,341.98260498046875,0.600890040397644,1,0.0
16568,242.63182067871097,55.6596794128418,36.6960226488734,0.2819264110336725,-3.0107878521499143,-2.5340334676162866,-100.0,-100.0,-100.0,0.57808518409729,6,16568,242.63182067871097,55.6596794128418,36.6960226488734,0.2773852952279325,-2.1589544899665785,-1.3938890779691355,-100.0,-100.0,-100.0,0.57808518409729,6,0.0
38148,242.38296508789065,54.690731048583984,22.538743096702497,0.2816121440925018,-1.492653921497885,-0.8351306784849314,2.301752805709839,2.3007848262786865,262.1534423828125,2.3331010341644287,2,38148,242.38296508789065,54.690731048583984,22.538743096702497,0.2260525866170468,-1.2951006259546496,-0.5337564318705553,2.301752805709839,2.3007848262786865,262.1534423828125,2.3331010341644287,2,0.0
1564,242.1031188964844,55.573673248291016,35.461383418024504,0.2815705470233242,-2.5140355190820594,-2.3922265860056253,2.7063934803009033,2.443251609802246,336.14105224609375,0.0775782689452171,1,1564,242.1031188964844,55.573673248291016,35.461383418024504,0.3047963939922086,-1.8136629342341928,-1.3713014930318754,2.7063934803009033,2.443251609802246,336.14105224609375,0.0775782689452171,1,0.0
14907,242.2018585205078,54.755008697509766,21.93758136511852,0.2808899159865488,-1.3047053770733734,-0.7986545483231835,2.3293051719665527,2.318960189819336,359.9785461425781,0.516198456287384,1,14907,242.2018585205078,54.755008697509766,21.93758136511852,0.2380019130206882,-1.1309351063688813,-0.5205498729596639,2.3293051719665527,2.318960189819336,359.9785461425781,0.516198456287384,1,0.0
18914,243.46615600585935,55.02513885498047,30.48614559690388,0.2808667455047289,-1.954363783511904,-1.5379450781475124,-100.0,-100.0,-100.0,0.724892795085907,6,18914,243.46615600585935,55.02513885498047,30.48614559690388,0.2790096554416663,-1.4222995062750403,-0.895281893120226,-100.0,-100.0,-100.0,0.724892795085907,6,0.0
4602,243.2788543701172,55.20010757446289,25.623457658715218,0.2808226898334772,-1.5245474308063611,-1.1009688729290583,2.7809531688690186,2.4477548599243164,322.2987976074219,0.1842434853315353,1,4602,243.2788543701172,55.20010757446289,25.623457658715218,0.2538284899836464,-1.2477012427994945,-0.6950866008650353,2.7809531688690186,2.4477548599243164,322.2987976074219,0.1842434853315353,1,0.0
23848,242.52894592285156,54.6329231262207,25.014580767346523,0.280787900482691,-1.564562460451652,-1.043496149241135,2.3854639530181885,1.9989278316497805,183.33006286621097,0.9038065075874328,1,23848,242.52894592285156,54.6329231262207,25.014580767346523,0.2427306814446211,-1.303945697636114,-0.6600407985262156,2.3854639530181885,1.9989278316497805,183.33006286621097,0.9038065075874328,1,0.0
8116,242.2581024169922,55.4030647277832,23.948791522224877,0.2802671531735107,-1.414172611447478,-0.9545598137257998,3.1346654891967773,0.8780224919319153,43.34415435791016,0.3143154084682464,1,8116,242.2581024169922,55.4030647277832,23.948791522224877,0.2461279531785177,-1.1872660687120464,-0.6114886522986452,3.1346654891967773,0.8780224919319153,43.34415435791016,0.3143154084682464,1,0.0
30331,242.15133666992188,55.50826644897461,31.226896206766643,0.2800377581087476,-2.1686301063602955,-1.725210384105047,2.606764078140259,2.2727363109588623,74.614501953125,1.493985652923584,2,30331,242.15133666992188,55.50826644897461,31.226896206766643,0.2617672231621846,-1.6783455720904057,-1.0308773360373968,2.606764078140259,2.2727363109588623,74.614501953125,1.493985652923584,2,0.0
17657,242.54364013671875,54.703407287597656,20.76108153634724,0.2800206911687614,-1.2430201228566369,-0.7164816453111374,1.2291256189346311,1.051382303237915,290.1405944824219,0.5766802430152893,1,17657,242.54364013671875,54.703407287597656,20.76108153634724,0.2330841613520503,-1.0969918223710389,-0.4715858775741934,1.2291256189346311,1.051382303237915,290.1405944824219,0.5766802430152893,1,0.0
13411,243.1447601318359,55.28977966308594,24.1469583845613,0.2796743658933247,-1.449630350442483,-0.9705879217066662,4.029223442077637,0.8073784112930298,129.66502380371094,0.4643634259700775,1,13411,243.1447601318359,55.28977966308594,24.1469583845613,0.2440648822801234,-1.2166451712290878,-0.6203039700664493,4.029223442077637,0.8073784112930298,129.66502380371094,0.4643634259700775,1,0.0
2801,242.88327026367188,55.28815078735352,17.7194271602976,0.2793270973070036,-1.01188144998002,-0.5353381928906658,2.7670578956604004,1.8320353031158447,331.94659423828125,0.1740154474973678,1,2801,242.88327026367188,55.28815078735352,17.7194271602976,0.2317832216703577,-0.9311089120022722,-0.3645227777568153,2.7670578956604004,1.8320353031158447,331.94659423828125,0.1740154474973678,1,0.0
34723,241.7375640869141,54.76577377319336,33.669306573692,0.2792704459125646,-2.2893771303353216,-1.9933207670700543,-100.0,-100.0,-100.0,2.0036280155181885,6,34723,241.7375640869141,54.76577377319336,33.669306573692,0.2962309505147457,-1.6088808058367154,-1.1302855755204049,-100.0,-100.0,-100.0,2.0036280155181885,6,0.0
8284,243.6453399658203,55.15071487426758,37.064538813189984,0.279094636148889,-2.764621998599481,-2.701977014740197,3.651238441467285,3.638388395309448,257.77789306640625,0.275525689125061,1,8284,243.6453399658203,55.15071487426758,37.064538813189984,0.3089152949603438,-1.967099286981159,-1.519028334510942,3.651238441467285,3.638388395309448,257.77789306640625,0.275525689125061,1,0.0
24588,242.32958984375,55.05501937866211,8.629981751495722,0.2788697712301567,-0.7828160655514657,-0.1892196232399009,3.100125789642334,1.212370991706848,296.36968994140625,0.9490707516670228,1,24588,242.32958984375,55.05501937866211,8.629981751495722,0.2093514332116733,-0.8208886296091461,-0.1476851130647209,3.100125789642334,1.212370991706848,296.36968994140625,0.9490707516670228,1,0.0
34635,243.0562744140625,55.47248077392578,30.182111069209675,0.2783745046794099,-1.561283847077429,-1.4994880538095978,-100.0,-100.0,-100.0,1.924846649169922,4,34635,243.0562744140625,55.47248077392578,30.182111069209675,0.3205646428626925,-1.0419416101685548,-0.8748437563612985,-100.0,-100.0,-100.0,1.924846649169922,4,0.0
6361,241.6764984130859,55.1573600769043,31.70526614130541,0.2781034125189439,-2.094814503949959,-1.7936096649461697,3.3661632537841797,3.3632240295410156,133.37033081054688,0.2706137001514435,1,6361,241.6764984130859,55.1573600769043,31.70526614130541,0.2762114783588225,-1.5865122899008994,-1.0702294446688485,3.3661632537841797,3.3632240295410156,133.37033081054688,0.2706137001514435,1,0.0
28491,241.83950805664065,54.8765869140625,27.534277112440495,0.2780263269841132,-1.275540962135756,-1.195818866566163,-100.0,-100.0,-100.0,1.428303360939026,6,28491,241.83950805664065,54.8765869140625,27.534277112440495,0.3118698742041349,-0.8576335866265231,-0.710224821618999,-100.0,-100.0,-100.0,1.428303360939026,6,0.0
2713,242.26419067382812,55.04957962036133,10.870463218902932,0.2779467499795565,-0.7416988362139244,-0.2520513626490444,4.451462745666504,4.231192111968994,176.19882202148438,0.1427233666181564,1,2713,242.26419067382812,55.04957962036133,10.870463218902932,0.2197941360444109,-0.7614975545287161,-0.1900820103736935,4.451462745666504,4.231192111968994,176.19882202148438,0.1427233666181564,1,0.0
8146,242.07627868652344,54.78449630737305,23.53146610905369,0.2777783365857796,-1.384316970404351,-0.9204792533385046,1.304027795791626,1.2908475399017334,162.20669555664062,0.2965652644634247,1,8146,242.07627868652344,54.78449630737305,23.53146610905369,0.242684767424255,-1.169047756003692,-0.5917874555859849,1.304027795791626,1.2908475399017334,162.20669555664062,0.2965652644634247,1,0.0
9976,242.2248077392578,54.7314338684082,22.652953485210475,0.2771583548964729,-1.3305370918232842,-0.8515622982724574,3.893253803253174,1.0267776250839231,266.7859802246094,0.3559263944625854,1,9976,242.2248077392578,54.7314338684082,22.652953485210475,0.2389297906580681,-1.1384747068160417,-0.5515642267929158,3.893253803253174,1.0267776250839231,266.7859802246094,0.3559263944625854,1,0.0
21110,242.1206817626953,54.849388122558594,19.852100792126866,0.2767699772253664,-0.9397966442590606,-0.5658931183110342,-100.0,-100.0,-100.0,0.7766085267066956,5,21110,242.1206817626953,54.849388122558594,19.852100792126866,0.2577216367758568,-0.7382653237828162,-0.3490637076499963,-100.0,-100.0,-100.0,0.7766085267066956,5,0.0
5984,242.56410217285156,54.977779388427734,4.296783793173481,0.2764219057837178,-0.6253165902419583,-0.1171357340387402,3.2509124279022217,0.6503236293792725,1.0549449920654297,0.2533160448074341,1,5984,242.56410217285156,54.977779388427734,4.296783793173481,0.2119464275634497,-0.6934857860482313,-0.1047669399476649,3.2509124279022217,0.6503236293792725,1.0549449920654297,0.2533160448074341,1,0.0
2912,243.2120361328125,54.761932373046875,27.764742433353085,0.2756824627919598,-1.694272008204777,-1.313247709399123,7.386792182922363,2.5198543071746826,250.9268798828125,0.1281714141368866,1,2912,243.2120361328125,54.761932373046875,27.764742433353085,0.25801905664853,-1.3454469535270277,-0.8134113510408573,7.386792182922363,2.5198543071746826,250.9268798828125,0.1281714141368866,1,0.0
4344,242.6553649902344,55.0675048828125,2.80918182142901,0.2755452521501763,-0.6032374422649046,-0.1032514611049184,4.151306629180908,0.838674783706665,280.31597900390625,0.1968805342912674,1,4344,242.6553649902344,55.0675048828125,2.80918182142901,0.2114704819761858,-0.676478496971994,-0.0959791043396452,4.151306629180908,0.838674783706665,280.31597900390625,0.1968805342912674,1,0.0
30284,243.1978759765625,55.41206741333008,30.355266164821742,0.2751938044100575,-2.079298598114683,-1.6113127713448714,1.400618076324463,1.3566935062408447,166.72250366210938,1.3042960166931152,2,30284,243.1978759765625,55.41206741333008,30.355266164821742,0.2532914182245114,-1.6265695904454232,-0.9709084319346992,1.400618076324463,1.3566935062408447,166.72250366210938,1.3042960166931152,2,0.0
30033,242.9322204589844,54.91429901123047,14.553315843514408,0.2748236676159671,-1.0069834674940166,-0.3795403436768087,1.9705947637557983,1.0041557550430298,41.292972564697266,1.4471030235290527,2,30033,242.9322204589844,54.91429901123047,14.553315843514408,0.2100047465676159,-0.974417605945218,-0.2644756657406251,1.9705947637557983,1.0041557550430298,41.292972564697266,1.4471030235290527,2,0.0
17627,242.74790954589844,55.27679443359375,14.836341848952507,0.2747640142984419,-0.9446096046964134,-0.3951219646904981,1.9705740213394165,1.5342097282409668,185.58517456054688,0.5974575281143188,1,17627,242.74790954589844,55.27679443359375,14.836341848952507,0.2168839678397847,-0.9116832644968536,-0.2776770969814801,1.9705740213394165,1.5342097282409668,185.58517456054688,0.5974575281143188,1,0.0
2861,242.0261993408203,55.19961929321289,21.05893904913567,0.2747014508735909,-1.1973456500063395,-0.7377246439818257,8.485963821411133,1.75569748878479,180.94276428222656,0.1677123755216598,1,2861,242.0261993408203,55.19961929321289,21.05893904913567,0.2355895060526177,-1.045634624548137,-0.4853474259127758,8.485963821411133,1.75569748878479,180.94276428222656,0.1677123755216598,1,0.0
1549,241.92543029785156,55.49335861206055,34.82551159903346,0.2746736132783466,-2.432770047189009,-2.279116832705141,6.423223495483398,2.323202133178711,150.75439453125,0.0941862687468528,1,1549,241.92543029785156,55.49335861206055,34.82551159903346,0.293278096585286,-1.768232480133148,-1.3160901493033053,6.423223495483398,2.323202133178711,150.75439453125,0.0941862687468528,1,0.0
17550,242.7974548339844,55.114654541015625,8.436390010808179,0.2743667086344551,-0.742719483757024,-0.186642777972618,1.432286024093628,0.3299371302127838,83.33155822753906,0.616968035697937,1,17550,242.7974548339844,55.114654541015625,8.436390010808179,0.208848923672419,-0.7844123027610637,-0.147802523629505,1.432286024093628,0.3299371302127838,83.33155822753906,0.616968035697937,1,0.0
7883,242.76708984375,54.93256759643555,9.481300702834886,0.2739467064386905,-0.7276665832477791,-0.212908998783365,2.0782649517059326,1.9976298809051511,129.0996551513672,0.2981998026371002,1,7883,242.76708984375,54.93256759643555,9.481300702834886,0.2130076002561236,-0.761056804582287,-0.165165178604854,2.0782649517059326,1.9976298809051511,129.0996551513672,0.2981998026371002,1,0.0
502,243.1382598876953,55.47643280029297,31.97026273365848,0.2735275344984629,-2.0878550492027768,-1.830549882296472,3.441844940185547,3.381510972976685,269.5942687988281,0.0395798310637474,1,502,243.1382598876953,55.47643280029297,31.97026273365848,0.2771525864518682,-1.5671921284296506,-1.0893294441703167,3.441844940185547,3.381510972976685,269.5942687988281,0.0395798310637474,1,0.0
18781,242.6380920410156,54.711727142333984,20.32064079393066,0.2733464065975551,-1.2220906093691766,-0.6872101647984481,2.543889284133911,2.1371545791625977,273.81182861328125,0.6746756434440613,1,18781,242.6380920410156,54.711727142333984,20.32064079393066,0.2259908844693119,-1.0857061303741535,-0.4537981686043555,2.543889284133911,2.1371545791625977,273.81182861328125,0.6746756434440613,1,0.0
4727,241.7064971923828,55.3362922668457,34.54697321198262,0.273108419166787,-2.415769207915383,-2.2313872947623445,2.585866689682007,2.360351800918579,283.996826171875,0.1828760951757431,1,4727,241.7064971923828,55.3362922668457,34.54697321198262,0.2877217592562597,-1.7665899493053197,-1.292637040948072,2.585866689682007,2.360351800918579,283.996826171875,0.1828760951757431,1,0.0
13673,242.68470764160156,54.62390899658203,25.745398901760076,0.2729267913524252,-1.7280439143775217,-1.019057208426016,-100.0,-100.0,-100.0,0.4895884692668915,6,13673,242.68470764160156,54.62390899658203,25.745398901760076,0.2314662544993916,-1.3700269404801697,-0.6116076636620054,-100.0,-100.0,-100.0,0.4895884692668915,6,0.0
30017,242.8334197998047,55.215309143066406,13.233880568012154,0.2727342065388577,-0.9563467774759112,-0.3268268917608868,0.8906958103179932,0.471127301454544,103.33637237548828,1.3384729623794556,2,30017,242.8334197998047,55.215309143066406,13.233880568012154,0.2065796989157047,-0.9422907745196544,-0.2318138232247231,0.8906958103179932,0.471127301454544,103.33637237548828,1.3384729623794556,2,0.0
11766,243.1802520751953,54.83280563354492,24.39810757087885,0.271733697795219,-1.4610292093657709,-0.991811737403316,2.4295220375061035,2.3046908378601074,259.45501708984375,0.3949208855628967,1,11766,243.1802520751953,54.83280563354492,24.39810757087885,0.2386080296095106,-1.2208016986971912,-0.6325150170497345,2.4295220375061035,2.3046908378601074,259.45501708984375,0.3949208855628967,1,0.0
18737,242.2650451660156,54.84554290771485,16.33461900710395,0.2714653938186459,-1.0151738695567067,-0.4633297907142115,1.538793683052063,1.2523273229599,172.47152709960938,0.6536937355995178,1,18737,242.2650451660156,54.84554290771485,16.33461900710395,0.2162551938287374,-0.95778798923735,-0.3192457093112021,1.538793683052063,1.2523273229599,172.47152709960938,0.6536937355995178,1,0.0
28250,242.3424835205078,54.83696746826172,15.124898049934515,0.2710498685718748,-1.0820200052305504,-0.3158092262365427,-100.0,-100.0,-100.0,1.377610445022583,5,28250,242.3424835205078,54.83696746826172,15.124898049934515,0.2066620264691933,-0.9687126345431184,-0.1976374771754488,-100.0,-100.0,-100.0,1.377610445022583,5,0.0
8214,241.68731689453125,55.130165100097656,31.054127216488816,0.2706226121066802,-2.033912985852683,-1.7051570990575424,2.4725282192230225,2.4634575843811035,3.615446090698242,0.291573166847229,1,8214,241.68731689453125,55.130165100097656,31.054127216488816,0.2647341603102241,-1.5546527647817252,-1.023956934867564,2.4725282192230225,2.4634575843811035,3.615446090698242,0.291573166847229,1,0.0
6052,242.62429809570312,55.239105224609375,11.518293862032143,0.2705761147065058,-0.7776569969859829,-0.2719273274986087,2.5749640464782715,1.3129723072052002,279.76934814453125,0.2478803247213363,1,6052,242.62429809570312,55.239105224609375,11.518293862032143,0.2132477184573044,-0.790061768501836,-0.2023012966667367,2.5749640464782715,1.3129723072052002,279.76934814453125,0.2478803247213363,1,0.0
26611,243.46881103515625,54.71984100341797,36.46334541399263,0.2702151780109831,-2.763761499852172,-2.579589082887637,1.583796501159668,0.8477842807769775,208.0655212402344,1.0947842597961426,1,26611,243.46881103515625,54.71984100341797,36.46334541399263,0.2849432862458024,-2.0018107271277756,-1.458937552922698,1.583796501159668,0.8477842807769775,208.0655212402344,1.0947842597961426,1,0.0
28106,242.3724365234375,55.06480026245117,7.212697677550491,0.2699745627471779,-0.7732674806231304,-0.1571690132245069,1.3898568153381348,1.3777328729629517,209.35693359375,1.1904165744781494,1,28106,242.3724365234375,55.06480026245117,7.212697677550491,0.1999384563966275,-0.8203065666489147,-0.1257418834812406,1.3898568153381348,1.3777328729629517,209.35693359375,1.1904165744781494,1,0.0
37074,242.65158081054688,55.18742370605469,8.669536123090928,0.2696716975202837,-0.8706313097522147,-0.1839889478978975,1.5585180521011353,0.9661898612976074,134.48373413085938,2.158224582672119,2,37074,242.65158081054688,55.18742370605469,8.669536123090928,0.195442567611042,-0.9016805315345786,-0.1383112694883256,1.5585180521011353,0.9661898612976074,134.48373413085938,2.158224582672119,2,0.0
588,243.0038146972656,55.716827392578125,42.60140424104303,0.2696488721697091,-3.628923362820824,-4.133550961400627,2.8155109882354736,2.0475635528564453,123.76278686523438,0.0542878545820713,1,588,243.0038146972656,55.716827392578125,42.60140424104303,0.3527841826475949,-2.402284571692205,-2.141645297150512,2.8155109882354736,2.0475635528564453,123.76278686523438,0.0542878545820713,1,0.0
14987,242.58786010742188,55.54405975341797,29.718055755671855,0.2689549733523135,-1.927384377015788,-1.5349334475377536,0.9510764479637146,0.8794518113136292,279.0627746582031,0.5175608992576599,1,14987,242.58786010742188,55.54405975341797,29.718055755671855,0.254097524891957,-1.5037388779780585,-0.9331267496017202,0.9510764479637146,0.8794518113136292,279.0627746582031,0.5175608992576599,1,0.0
4548,242.1031188964844,54.74323654174805,24.643777938056477,0.268937637146472,-1.4492480888161643,-1.013364495333155,5.419747829437256,1.6170579195022583,83.57901000976562,0.1896785944700241,1,4548,242.1031188964844,54.74323654174805,24.643777938056477,0.23991132747129,-1.2022723366296684,-0.6453144129517815,5.419747829437256,1.6170579195022583,83.57901000976562,0.1896785944700241,1,0.0
34408,241.9281005859375,55.084442138671875,22.51466501662219,0.2686579023213617,-1.454542046991239,-0.834681340436238,1.849020838737488,1.1256654262542725,332.9752502441406,1.8537399768829343,2,34408,241.9281005859375,55.084442138671875,22.51466501662219,0.2188740600336008,-1.25918786876306,-0.5352241910116197,1.849020838737488,1.1256654262542725,332.9752502441406,1.8537399768829343,2,0.0
8322,242.68072509765625,55.723114013671875,40.60432470229664,0.2683518063287072,-3.314123260316386,-3.540383838697159,2.5925889015197754,2.585343837738037,94.13128662109376,0.3083617389202118,1,8322,242.68072509765625,55.723114013671875,40.60432470229664,0.3250549719305733,-2.2621659677486297,-1.8953870889296904,2.5925889015197754,2.585343837738037,94.13128662109376,0.3083617389202118,1,0.0
30553,241.6903839111328,54.827117919921875,33.43681206005751,0.2678958570428619,-2.4137337527269764,-2.0465164159767015,2.9168431758880615,2.890879392623902,236.9999084472656,1.3175586462020874,3,30553,241.6903839111328,54.827117919921875,33.43681206005751,0.2611546521542754,-1.818869055019432,-1.196147395475638,2.9168431758880615,2.890879392623902,236.9999084472656,1.3175586462020874,3,0.0
35920,242.3640594482422,54.79240036010742,17.096704615803887,0.2665649025336514,-1.1581934369790443,-0.4950799184600731,2.417259693145752,1.2647032737731934,303.6691589355469,1.9763818979263303,2,35920,242.3640594482422,54.79240036010742,17.096704615803887,0.2045032732621451,-1.0807117487565483,-0.3324874604859485,2.417259693145752,1.2647032737731934,303.6691589355469,1.9763818979263303,2,0.0
8041,243.03956604003903,54.765865325927734,23.21520802100185,0.2664604202657974,-1.3618658255888365,-0.8951990669829278,2.559189558029175,1.887053608894348,44.26614761352539,0.3229898810386657,1,8041,243.03956604003903,54.765865325927734,23.21520802100185,0.2319363245689061,-1.1550959851633091,-0.5770678929362537,2.559189558029175,1.887053608894348,44.26614761352539,0.3229898810386657,1,0.0
23974,242.90213012695312,55.18016815185547,13.565043279773638,0.2663792168784092,-0.7392500689506221,-0.2513428520484828,-100.0,-100.0,-100.0,0.9471813440322876,6,23974,242.90213012695312,55.18016815185547,13.565043279773638,0.226187013721837,-0.6488751520193929,-0.1579935880517002,-100.0,-100.0,-100.0,0.9471813440322876,6,0.0
115,241.9108428955078,54.50135803222656,40.19651623032696,0.2663458476463926,-3.192645308078425,-3.4293718222740353,5.547801971435547,3.1824889183044434,156.29957580566406,0.0307564679533243,1,115,241.9108428955078,54.50135803222656,40.19651623032696,0.3263370168925064,-2.171542658519774,-1.8458474688983797,5.547801971435547,3.1824889183044434,156.29957580566406,0.0307564679533243,1,0.0
19877,242.4989471435547,55.08319091796875,3.479060734598111,0.2662675125531803,-0.6746597466847765,-0.1068592222420896,1.8913195133209229,1.7909449338912964,244.048828125,0.712530255317688,1,19877,242.4989471435547,55.08319091796875,3.479060734598111,0.199024151579705,-0.7438680121312762,-0.0964721006939832,1.8913195133209229,1.7909449338912964,244.048828125,0.712530255317688,1,0.0
4552,241.8071746826172,54.9207878112793,27.70711632517394,0.265771588090553,-1.697748439626915,-1.307175987437456,5.783755302429199,1.659066677093506,305.0268249511719,0.220072790980339,1,4552,241.8071746826172,54.9207878112793,27.70711632517394,0.2476304252060639,-1.3509674409750083,-0.8099619413084889,5.783755302429199,1.659066677093506,305.0268249511719,0.220072790980339,1,0.0
3038,243.29115295410156,54.58161926269531,37.27426448874996,0.2657580260973393,-2.7699266874529687,-2.745350148287171,3.975773334503174,3.7835817337036137,251.5484619140625,0.135977491736412,1,3038,243.29115295410156,54.58161926269531,37.27426448874996,0.2986751344674655,-1.9590581867208832,-1.5395051708415717,3.975773334503174,3.7835817337036137,251.5484619140625,0.135977491736412,1,0.0
35954,242.08209228515625,55.07657241821289,17.204732682783067,0.2654958912809499,-1.162495326413022,-0.500208142917924,2.301499366760254,1.9547895193099976,79.6046142578125,2.0935611724853516,2,35954,242.08209228515625,55.07657241821289,17.204732682783067,0.2039667045494818,-1.0826235446295347,-0.3352352506402841,2.301499366760254,1.9547895193099976,79.6046142578125,2.0935611724853516,2,0.0
438,242.96446228027344,54.914188385009766,15.492882463172146,0.265230724749023,-0.8885213704292964,-0.4245990308275805,3.1945013999938965,3.188124179840088,8.142328262329102,0.0432809442281723,1,438,242.96446228027344,54.914188385009766,15.492882463172146,0.2179234039436496,-0.8459411789288348,-0.2964854292655365,3.1945013999938965,3.188124179840088,8.142328262329102,0.0432809442281723,1,0.0
39290,242.84608459472656,55.78797149658203,45.2647721211047,0.2650401577754375,-4.110871416714951,-5.0187447841295825,-100.0,-100.0,-100.0,2.922964096069336,4,39290,242.84608459472656,55.78797149658203,45.2647721211047,0.3953058986428613,-2.5305347994939185,-2.4287222929166994,-100.0,-100.0,-100.0,2.922964096069336,4,0.0
13517,242.7484588623047,54.38824462890625,40.05734565347268,0.2649659606195181,-3.2432413822971307,-3.3941773226052447,2.388744831085205,2.054084062576294,201.89669799804688,0.4561553299427032,1,13517,242.7484588623047,54.38824462890625,40.05734565347268,0.3134459395941335,-2.234253349388236,-1.8315635868022735,2.388744831085205,2.054084062576294,201.89669799804688,0.4561553299427032,1,0.0
1422,243.05856323242188,55.358455657958984,24.763619554415133,0.2649007630941482,-1.4403360616558256,-1.023565029858812,2.834638833999634,2.4566895961761475,206.51043701171875,0.1036770492792129,1,1422,243.05856323242188,55.358455657958984,24.763619554415133,0.2384863386048447,-1.1896373909613926,-0.651020751042071,2.834638833999634,2.4566895961761475,206.51043701171875,0.1036770492792129,1,0.0
11575,242.92282104492188,55.04328536987305,11.773856955486329,0.2647377927091316,-0.8079484733746486,-0.2800551549129065,0.8174668550491333,0.7931653261184692,228.5516662597656,0.3816471099853515,1,11575,242.92282104492188,55.04328536987305,11.773856955486329,0.2070079663198419,-0.8170996269621671,-0.2070457558026306,0.8174668550491333,0.7931653261184692,228.5516662597656,0.3816471099853515,1,0.0
1316,242.69483947753903,54.76819610595703,17.29108327074521,0.2646565814365418,-0.9812616256199318,-0.5124797823535638,2.3405911922454834,2.2703471183776855,161.0071258544922,0.0829853937029838,1,1316,242.69483947753903,54.76819610595703,17.29108327074521,0.2196751113039398,-0.908229628223331,-0.350497259465106,2.3405911922454834,2.2703471183776855,161.0071258544922,0.0829853937029838,1,0.0
17910,241.9682159423828,55.388916015625,29.25027525568804,0.2643719536201936,-1.8422274384374948,-1.3864104093194254,-100.0,-100.0,-100.0,0.6671726107597351,6,17910,241.9682159423828,55.388916015625,29.25027525568804,0.2562172996743508,-1.3604479050883451,-0.8143082109597246,-100.0,-100.0,-100.0,0.6671726107597351,6,0.0
32524,242.7279052734375,54.535888671875,31.193188445266458,0.2642042055315166,-2.178450445788652,-1.7192018771945954,2.1164493560791016,1.1413226127624512,48.14732360839844,1.6211892366409302,2,32524,242.7279052734375,54.535888671875,31.193188445266458,0.2454965048714436,-1.6882604757296862,-1.0265385421139424,2.1164493560791016,1.1413226127624512,48.14732360839844,1.6211892366409302,2,0.0
38777,242.32492065429688,54.872276306152344,13.770615422145973,0.2634586664783837,-1.0453269159309413,-0.3412948642248904,1.8702865839004517,1.196540594100952,32.40580749511719,2.690669298171997,2,38777,242.32492065429688,54.872276306152344,13.770615422145973,0.1947546677694786,-1.0172826873730831,-0.234737550338735,1.8702865839004517,1.196540594100952,32.40580749511719,2.690669298171997,2,0.0
30802,242.54881286621097,55.05365753173828,1.1259159752911925,0.2632728831225859,-0.8406866031972264,-0.0017153089481997,-100.0,-100.0,-100.0,1.6874887943267822,6,30802,242.54881286621097,55.05365753173828,1.1259159752911925,0.1848285886625761,-0.840084923553745,-0.0010916154508078,-100.0,-100.0,-100.0,1.6874887943267822,6,0.0
80,242.98812866210935,54.89070892333984,16.943817003244586,0.262528484842595,-0.9460610336457084,-0.4932043284808998,3.141324043273926,2.997194766998291,279.2159729003906,0.0242229271680116,1,80,242.98812866210935,54.89070892333984,16.943817003244586,0.2190279577837669,-0.8778932341529233,-0.3376681587505352,3.141324043273926,2.997194766998291,279.2159729003906,0.0242229271680116,1,0.0
27177,242.8537750244141,54.57048416137695,30.213752733547658,0.2624210085288184,-1.759572062214212,-1.5035006861937452,-100.0,-100.0,-100.0,1.2460895776748655,6,27177,242.8537750244141,54.57048416137695,30.213752733547658,0.2784571018447221,-1.2389168417886096,-0.8769568616993202,-100.0,-100.0,-100.0,1.2460895776748655,6,0.0
13474,241.7046813964844,55.06846618652344,30.1179169405632,0.2623254194236894,-1.9602283986758784,-1.5842735376867716,1.6675394773483276,1.5534497499465942,90.50434112548828,0.4276261627674103,1,13474,241.7046813964844,55.06846618652344,30.1179169405632,0.2501893315255487,-1.5204627204214072,-0.9597083255438844,1.6675394773483276,1.5534497499465942,90.50434112548828,0.4276261627674103,1,0.0
30136,242.186767578125,54.74860000610352,22.55792088799135,0.2621961125179007,-1.4319125495844411,-0.8405901715634064,1.0896179676055908,1.0145727396011353,30.99843978881836,1.3111153841018677,2,30136,242.186767578125,54.74860000610352,22.55792088799135,0.2159136349092514,-1.2382442310474304,-0.5411998875321556,1.0896179676055908,1.0145727396011353,30.99843978881836,1.3111153841018677,2,0.0
18883,242.09657287597656,54.41288375854492,41.67370788108297,0.2620897923598494,-3.3604105750926125,-3.751735416968877,-100.0,-100.0,-100.0,0.7216914892196655,4,18883,242.09657287597656,54.41288375854492,41.67370788108297,0.3531618578862337,-2.1404013161638837,-1.9334445079333216,-100.0,-100.0,-100.0,0.7216914892196655,4,0.0
20038,242.0418701171875,55.55411911010742,35.46410685574182,0.2610112137399011,-2.5991254160997945,-2.391427403496039,2.5213897228240967,0.6140015721321106,350.5571594238281,0.6828594207763672,1,20038,242.0418701171875,55.55411911010742,35.46410685574182,0.2727062320293343,-1.8971917726597396,-1.3694346435627227,2.5213897228240967,0.6140015721321106,350.5571594238281,0.6828594207763672,1,0.0
3154,242.7521514892578,54.32954788208008,43.562635297764565,0.2607396608461624,-3.836701006449285,-4.459716344529743,8.234984397888184,2.2324984073638916,299.22637939453125,0.1628275364637375,1,3154,242.7521514892578,54.32954788208008,43.562635297764565,0.3485476693600849,-2.517448891221312,-2.2719417049666837,8.234984397888184,2.2324984073638916,299.22637939453125,0.1628275364637375,1,0.0
9857,242.75389099121097,55.307594299316406,16.627242273137636,0.2607372731916326,-0.9903226911330906,-0.4785482255790635,2.6253256797790527,2.4394571781158447,343.61602783203125,0.341855376958847,1,9857,242.75389099121097,55.307594299316406,16.627242273137636,0.2115616858726888,-0.9288824953950184,-0.3295140004380321,2.6253256797790527,2.4394571781158447,343.61602783203125,0.341855376958847,1,0.0
39744,242.8042755126953,55.41505432128906,23.272820247110687,0.2605489319895071,-1.577117333460869,-0.8875870533402309,2.424919366836548,1.3081763982772827,277.7254638671875,3.1733241081237793,2,39744,242.8042755126953,55.41505432128906,23.272820247110687,0.2081233879200991,-1.3556401714187658,-0.5601066813139357,2.424919366836548,1.3081763982772827,277.7254638671875,3.1733241081237793,2,0.0
29950,242.6167755126953,55.03446578979492,1.515728478570988,0.260463172465947,-0.7233318920912055,-0.0903090569256554,2.1234710216522217,1.674305081367493,114.86420440673828,1.457617998123169,2,29950,242.6167755126953,55.03446578979492,1.515728478570988,0.1893970595840393,-0.7932662015614418,-0.0823967085425847,2.1234710216522217,1.674305081367493,114.86420440673828,1.457617998123169,2,0.0
26565,242.6825408935547,54.61728286743164,26.12893853051721,0.2603283164721146,-1.661969764443148,-1.1457975659094173,1.337052822113037,1.244974136352539,161.88714599609375,1.032657504081726,1,26565,242.6825408935547,54.61728286743164,26.12893853051721,0.2275852913390813,-1.3661532315784113,-0.71755031462161,1.337052822113037,1.244974136352539,161.88714599609375,1.032657504081726,1,0.0
1362,242.7464904785156,54.774139404296875,17.445088411953588,0.260317566813892,-0.988627838664111,-0.5204603738390683,2.400272846221924,0.9769843220710754,333.91082763671875,0.1093173176050186,1,1362,242.7464904785156,54.774139404296875,17.445088411953588,0.2163806925232572,-0.9126860759222184,-0.3553314078958526,2.400272846221924,0.9769843220710754,333.91082763671875,0.1093173176050186,1,0.0
441,242.05384826660156,55.09467697143555,18.29852937412593,0.2594019934194684,-1.0216358831274743,-0.5664376292832298,1.843380570411682,0.8525620698928833,177.19744873046875,0.0715340971946716,1,441,242.05384826660156,55.09467697143555,18.29852937412593,0.2182192892253197,-0.9290735043641548,-0.3828335677080232,1.843380570411682,0.8525620698928833,177.19744873046875,0.0715340971946716,1,0.0
1527,241.7271728515625,55.37924575805664,35.30213644984,0.2589518232764866,-2.4931913315425747,-2.363296480552283,3.891298770904541,2.870978355407715,142.1441192626953,0.0957305952906608,1,1527,241.7271728515625,55.37924575805664,35.30213644984,0.2793746364019254,-1.8018220469266155,-1.3571628690841488,3.891298770904541,2.870978355407715,142.1441192626953,0.0957305952906608,1,0.0
34259,242.94529724121097,55.19482421875,15.280389609829731,0.2587536738189354,-1.0623622656673155,-0.4082358915005861,1.092341065406799,0.94736909866333,105.64273071289062,1.865604043006897,2,34259,242.94529724121097,55.19482421875,15.280389609829731,0.1967733418923981,-1.0157715342018343,-0.2796236334154202,1.092341065406799,0.94736909866333,105.64273071289062,1.865604043006897,2,0.0
26809,242.6550140380859,54.517459869384766,31.98325605745338,0.2586717481816588,-1.979869217769568,-1.7396317660139515,-100.0,-100.0,-100.0,1.1228867769241333,6,26809,242.6550140380859,54.517459869384766,31.98325605745338,0.2790763953084939,-1.381600414054962,-1.0009165102093764,-100.0,-100.0,-100.0,1.1228867769241333,6,0.0
19946,242.71389770507812,55.27552795410156,14.353427245849064,0.2585338190110449,-0.9353087075313516,-0.3737694610346049,1.1994460821151731,1.1286859512329102,71.43807983398438,0.6928998231887817,1,19946,242.71389770507812,55.27552795410156,14.353427245849064,0.2025378445369961,-0.908638266976434,-0.2637139926004066,1.1994460821151731,1.1286859512329102,71.43807983398438,0.6928998231887817,1,0.0
38256,242.5731964111328,54.68368911743164,21.90669151607814,0.2584646671237771,-1.0071790048550475,-0.7039348432240927,-100.0,-100.0,-100.0,2.569577693939209,4,38256,242.5731964111328,54.68368911743164,21.90669151607814,0.2520739007271057,-0.7575445151645035,-0.4304368127819512,-100.0,-100.0,-100.0,2.569577693939209,4,0.0
4711,243.064697265625,55.55850982666016,34.76931126793472,0.2577582027239766,-2.4432111980796787,-2.269374805370126,2.2555196285247803,1.68472158908844,127.66533660888672,0.1867563873529434,1,4711,243.064697265625,55.55850982666016,34.76931126793472,0.2728666681903261,-1.7817564775804526,-1.3112924450022456,2.2555196285247803,1.68472158908844,127.66533660888672,0.1867563873529434,1,0.0
24662,243.6054229736328,55.100887298583984,35.346649927407306,0.2575337156874391,-2.610534513914766,-2.3696725570751953,0.9402612447738647,0.8699067234992981,169.9028778076172,0.9614164233207704,1,24662,243.6054229736328,55.100887298583984,35.346649927407306,0.2654125137991204,-1.9147983243225872,-1.3582253823535098,0.9402612447738647,0.8699067234992981,169.9028778076172,0.9614164233207704,1,0.0
32431,241.8923187255859,55.0489387512207,23.652588321996877,0.256597256512136,-1.5209681246541855,-0.9249058972972948,1.7136296033859253,1.0138453245162964,73.40644073486328,1.5558284521102903,2,32431,241.8923187255859,55.0489387512207,23.652588321996877,0.2129411527915859,-1.2965878995792326,-0.5888982682717187,1.7136296033859253,1.0138453245162964,73.40644073486328,1.5558284521102903,2,0.0
4605,241.96917724609375,55.32528305053711,26.714111392598547,0.2565099200562626,-1.613117445242086,-1.2054449926027773,2.302084684371948,2.1779472827911377,276.8560791015625,0.1890585124492645,1,4605,241.96917724609375,55.32528305053711,26.714111392598547,0.2354468777432199,-1.3008742978879326,-0.7537603525866673,2.302084684371948,2.1779472827911377,276.8560791015625,0.1890585124492645,1,0.0
3163,241.3308563232422,55.27726364135742,44.96897308302312,0.2562526701117987,-4.131403061283049,-4.991482042658765,2.9675629138946533,0.6109215021133423,262.6652526855469,0.1594829708337783,1,3163,241.3308563232422,55.27726364135742,44.96897308302312,0.3588752780630719,-2.662754266188762,-2.474845405747725,2.9675629138946533,0.6109215021133423,262.6652526855469,0.1594829708337783,1,0.0
34319,242.77227783203125,55.39809036254883,21.962948461221988,0.2560395193372883,-1.4183337983436812,-0.7941276094368888,1.0500094890594482,1.0019762516021729,201.1563262939453,1.8805357217788696,2,34319,242.77227783203125,55.39809036254883,21.962948461221988,0.2072687117082716,-1.2370408714255745,-0.5113472191427118,1.0500094890594482,1.0019762516021729,201.1563262939453,1.8805357217788696,2,0.0
36218,243.0105743408203,54.78889465332031,21.520810520212823,0.2556299749638501,-1.174195837227114,-0.6764256507984451,-100.0,-100.0,-100.0,2.2078781127929688,5,36218,243.0105743408203,54.78889465332031,21.520810520212823,0.2289501418449047,-0.9340900509668986,-0.4143791532881965,-100.0,-100.0,-100.0,2.2078781127929688,5,0.0
34918,242.71319580078125,54.32186126708984,43.85727686899421,0.2548014165614818,-3.8625622797516135,-4.471391579249074,-100.0,-100.0,-100.0,2.069214105606079,6,34918,242.71319580078125,54.32186126708984,43.85727686899421,0.3546323599937971,-2.435265315001684,-2.2221952085803425,-100.0,-100.0,-100.0,2.069214105606079,6,0.0
30536,241.96597290039065,55.699127197265625,44.28850491091893,0.2544044532983221,-4.127531991185596,-4.722427253126968,5.55418586730957,2.8114731311798096,179.19216918945312,1.3970142602920532,2,30536,241.96597290039065,55.699127197265625,44.28850491091893,0.3281858485389192,-2.7300221364693056,-2.369781636884175,5.55418586730957,2.8114731311798096,179.19216918945312,1.3970142602920532,2,0.0
30139,242.38380432128903,54.66584777832031,23.958408233252207,0.2541432311127404,-1.5287411498326124,-0.9509593579695927,2.0365827083587646,1.3972053527832031,15.00955581665039,1.4369604587554932,2,30139,242.38380432128903,54.66584777832031,23.958408233252207,0.2129369514536097,-1.296805736468342,-0.604938326779696,2.0365827083587646,1.3972053527832031,15.00955581665039,1.4369604587554932,2,0.0
14917,243.07394409179688,54.74454879760742,24.962392478923014,0.2540721492677703,-1.5160080720305469,-1.0402732731159858,1.33626127243042,1.3255348205566406,8.485479354858398,0.5048613548278809,1,14917,243.07394409179688,54.74454879760742,24.962392478923014,0.2235859663968952,-1.258466180960275,-0.65955812844619,1.33626127243042,1.3255348205566406,8.485479354858398,0.5048613548278809,1,0.0
18670,242.41563415527344,55.17439270019531,9.423193025285896,0.253823388306068,-0.7707268926253944,-0.2098489732467592,2.176828622817993,0.6252792477607727,81.29454040527344,0.6601029634475708,1,18670,242.41563415527344,55.17439270019531,9.423193025285896,0.193697405209898,-0.8030060231269416,-0.1617680726947467,2.176828622817993,0.6252792477607727,81.29454040527344,0.6601029634475708,1,0.0
13251,242.4265289306641,55.08934020996094,5.821001195095404,0.2533062047542837,-0.6739966954578183,-0.1370058014547614,2.5739970207214355,0.6252394318580627,141.57789611816406,0.4395622014999389,1,13251,242.4265289306641,55.08934020996094,5.821001195095404,0.1926484786427172,-0.7340438835373165,-0.1167057398188204,2.5739970207214355,0.6252394318580627,141.57789611816406,0.4395622014999389,1,0.0
11814,242.9903259277344,55.454708099365234,28.10136050435016,0.2532250312510546,-1.7625604111444608,-1.34904262785222,1.0922588109970093,1.0531007051467896,275.3792724609375,0.4141542315483093,1,11814,242.9903259277344,55.454708099365234,28.10136050435016,0.2344319975240807,-1.4009883963669485,-0.8324562941182823,1.0922588109970093,1.0531007051467896,275.3792724609375,0.4141542315483093,1,0.0
38238,242.9381866455078,55.174861907958984,14.420844216968764,0.2529695568538604,-1.0612165320686848,-0.3687532353024849,0.6239275336265564,0.6170156598091125,325.8461608886719,2.4928150177001953,3,38238,242.9381866455078,55.174861907958984,14.420844216968764,0.1885376340408448,-1.0250158055433851,-0.2527543942187665,0.6239275336265564,0.6170156598091125,325.8461608886719,2.4928150177001953,3,0.0
24628,243.1623992919922,54.798702239990234,25.055229245540705,0.2527714349570513,-1.5715528124931477,-1.0465447848515843,2.4145050048828125,1.27961528301239,228.6561279296875,0.957347810268402,1,24628,243.1623992919922,54.798702239990234,25.055229245540705,0.2182993280553901,-1.3090672719428882,-0.661085848456189,2.4145050048828125,1.27961528301239,228.6561279296875,0.957347810268402,1,0.0
35802,242.508056640625,54.864845275878906,11.314157431861734,0.2524629094358799,-0.9305810114126822,-0.2574968904340972,1.3914018869400024,0.8680689334869385,88.02452087402344,1.951270580291748,2,35802,242.508056640625,54.864845275878906,11.314157431861734,0.1861439723855812,-0.9366722999693176,-0.1854527360155276,1.3914018869400024,0.8680689334869385,88.02452087402344,1.951270580291748,2,0.0
24556,242.5953063964844,54.96708297729492,4.928236134587377,0.2523674715141025,-0.7164717402195508,-0.1220909407807242,1.465317964553833,1.3199498653411863,251.5570373535156,0.9349645972251892,1,24556,242.5953063964844,54.96708297729492,4.928236134587377,0.1871710523930604,-0.7789117939374661,-0.1052288490809334,1.465317964553833,1.3199498653411863,251.5570373535156,0.9349645972251892,1,0.0
30414,243.49295043945312,55.369876861572266,36.70220652579559,0.2520623505892969,-2.8297296994643872,-2.625112660573039,3.1262412071228027,3.1038029193878174,303.4321594238281,1.3861180543899536,2,30414,243.49295043945312,55.369876861572266,36.70220652579559,0.2636535719514585,-2.051186562040049,-1.4787135304677168,3.1262412071228027,3.1038029193878174,303.4321594238281,1.3861180543899536,2,0.0
39254,242.22921752929688,54.67876052856445,25.2977339712893,0.2518190907673853,-1.7101646922718845,-1.0610716808275324,2.077655792236328,1.1490607261657717,27.250213623046875,2.838057041168213,2,39254,242.22921752929688,54.67876052856445,25.2977339712893,0.2077331860226037,-1.4324629425918314,-0.6617172281053785,2.077655792236328,1.1490607261657717,27.250213623046875,2.838057041168213,2,0.0
2727,242.78656005859375,55.25732421875,14.370241208921616,0.2514075267667255,-0.8617987946367663,-0.3764698851919855,3.5034217834472656,1.311829686164856,78.58940887451172,0.1720365434885025,1,2727,242.78656005859375,55.25732421875,14.370241208921616,0.2031568285711283,-0.8370352806764358,-0.2673596157252422,3.5034217834472656,1.311829686164856,78.58940887451172,0.1720365434885025,1,0.0
22162,243.6702880859375,55.26321029663086,39.51337311910875,0.2514031288763987,-3.165628323049071,-3.1623751097602666,-100.0,-100.0,-100.0,0.8359926342964172,6,22162,243.6702880859375,55.26321029663086,39.51337311910875,0.2965960269913326,-2.120901318212668,-1.6810036793910106,-100.0,-100.0,-100.0,0.8359926342964172,6,0.0
16437,242.61834716796875,55.48815155029297,26.394304527389917,0.2512076493773457,-1.6357046261281325,-1.1729898606062308,2.933793306350708,0.969534397125244,108.43008422851562,0.5440943837165833,1,16437,242.61834716796875,55.48815155029297,26.394304527389917,0.2248677127312038,-1.332929555072739,-0.7343962654320704,2.933793306350708,0.969534397125244,108.43008422851562,0.5440943837165833,1,0.0
3104,241.5441131591797,55.41326522827149,41.66015959248419,0.2509942803076088,-3.4744510499756216,-3.841483025566144,4.372926712036133,2.5717933177948,20.453710556030273,0.1633287817239761,1,3104,241.5441131591797,55.41326522827149,41.66015959248419,0.316577527491772,-2.3336337961831513,-2.022586299739177,4.372926712036133,2.5717933177948,20.453710556030273,0.1633287817239761,1,0.0
28480,242.52243041992188,55.207332611083984,9.719276469679398,0.2509932217624175,-0.6173570820485809,-0.1264554609723674,-100.0,-100.0,-100.0,1.4768128395080566,6,28480,242.52243041992188,55.207332611083984,9.719276469679398,0.2085886827181544,-0.5717260096733364,-0.0800695244122455,-100.0,-100.0,-100.0,1.4768128395080566,6,0.0
32478,242.67967224121097,54.620059967041016,25.95054776963979,0.2509654058933082,-1.6933334908447684,-1.1255490855793029,1.5895448923110962,0.9748736023902892,93.84178161621094,1.6585206985473633,2,32478,242.67967224121097,54.620059967041016,25.95054776963979,0.2148167896213617,-1.399683391775591,-0.7026909728212899,1.5895448923110962,0.9748736023902892,93.84178161621094,1.6585206985473633,2,0.0
27154,242.4390411376953,54.9423942565918,8.026716537485173,0.2503542295084123,-1.1000095892904755,-0.0857307166228662,-100.0,-100.0,-100.0,1.229556679725647,6,27154,242.4390411376953,54.9423942565918,8.026716537485173,0.1656674501889452,-1.0690586314099666,-0.0543955903785256,-100.0,-100.0,-100.0,1.229556679725647,6,0.0
100,242.93161010742188,54.47458267211914,36.53352276692199,0.2503317281177347,-2.6387134198698807,-2.5936965625107766,6.39063835144043,4.597650051116943,196.4431915283203,0.0194543451070785,1,100,242.93161010742188,54.47458267211914,36.53352276692199,0.2798293352687606,-1.8731032734765125,-1.4666642440415747,6.39063835144043,4.597650051116943,196.4431915283203,0.0194543451070785,1,0.0
32232,242.9988555908203,55.0850830078125,14.539534799656906,0.2497907321374592,-1.0191363292468578,-0.3773150743219685,0.9913985729217528,0.9494400024414062,212.3509521484375,1.6693496704101562,2,32232,242.9988555908203,55.0850830078125,14.539534799656906,0.1898997876256307,-0.9850705680261772,-0.2615248627634522,0.9913985729217528,0.9494400024414062,212.3509521484375,1.6693496704101562,2,0.0
9793,242.3410797119141,55.20267105102539,12.356909184257578,0.2496457616921488,-0.818866115839327,-0.2993244537285585,1.4368568658828735,1.3962546586990356,89.29352569580078,0.3502335250377655,1,9793,242.3410797119141,55.20267105102539,12.356909184257578,0.1965664138912294,-0.8206116530549468,-0.2188638822532391,1.4368568658828735,1.3962546586990356,89.29352569580078,0.3502335250377655,1,0.0
14738,242.95492553710935,55.055999755859375,12.87808758883154,0.2494745783167,-0.8576550101453373,-0.3177108488638197,1.2680879831314087,0.9220553040504456,73.15357971191406,0.4843165576457977,1,14738,242.95492553710935,55.055999755859375,12.87808758883154,0.1953390898663404,-0.8526075187974339,-0.2300034299419818,1.2680879831314087,0.9220553040504456,73.15357971191406,0.4843165576457977,1,0.0
17642,241.8435821533203,55.09049987792969,25.438101283050347,0.2492852637740262,-1.5658245129010593,-1.0829959737748462,0.9401810765266418,0.6232603192329407,262.9284973144531,0.617897629737854,1,17642,241.8435821533203,55.09049987792969,25.438101283050347,0.2195615595849534,-1.2937566360265256,-0.6838629898018469,0.9401810765266418,0.6232603192329407,262.9284973144531,0.617897629737854,1,0.0
32602,242.07403564453125,54.557891845703125,34.266321964786705,0.2491472632915247,-2.5261476417128024,-2.179320026315096,2.7709310054779053,1.3855435848236084,208.7919006347656,1.5533692836761477,2,32602,242.07403564453125,54.557891845703125,34.266321964786705,0.2457208314443886,-1.886680351580509,-1.2611414973801205,2.7709310054779053,1.3855435848236084,208.7919006347656,1.5533692836761477,2,0.0
7906,242.843994140625,54.832061767578125,15.861392297930683,0.2491181360804224,-0.9477920219987894,-0.4416608627535222,1.3141496181488037,1.2442253828048706,97.13784790039062,0.316867858171463,1,7906,242.843994140625,54.832061767578125,15.861392297930683,0.2015572443048836,-0.8992733004582903,-0.3069274870952911,1.3141496181488037,1.2442253828048706,97.13784790039062,0.316867858171463,1,0.0
14886,242.0772399902344,54.824195861816406,21.963946472779,0.248749444000664,-1.3060804008541465,-0.8004244256560474,2.518627643585205,0.537538468837738,62.73038864135742,0.4786157608032226,1,14886,242.0772399902344,54.824195861816406,21.963946472779,0.2108673395445589,-1.1315037958667151,-0.5214877151938753,2.518627643585205,0.537538468837738,62.73038864135742,0.4786157608032226,1,0.0
3157,241.7048492431641,54.52433013916016,43.678234422630965,0.2487011543312805,-3.8600027206389864,-4.500816818301356,6.330030918121338,1.4382251501083374,183.12158203125,0.1303465664386749,1,3157,241.7048492431641,54.52433013916016,43.678234422630965,0.333691405448874,-2.529065871449047,-2.287993953094028,6.330030918121338,1.4382251501083374,183.12158203125,0.1303465664386749,1,0.0
30085,243.17913818359375,54.95186233520508,21.408418642279557,0.2486110668433783,-1.356686521687286,-0.7570067912622144,1.5544753074645996,1.345964789390564,7.634038925170898,1.321534276008606,2,30085,243.17913818359375,54.95186233520508,21.408418642279557,0.2021518770450462,-1.1914446043134748,-0.4918391594413255,1.5544753074645996,1.345964789390564,7.634038925170898,1.321534276008606,2,0.0
24924,242.76219177246097,55.437801361083984,24.155162750312257,0.248200712836575,-1.5999955206907022,-0.8786147073710016,-100.0,-100.0,-100.0,1.0495322942733765,6,24924,242.76219177246097,55.437801361083984,24.155162750312257,0.2066979109345492,-1.2900114992241172,-0.5318219496553527,-100.0,-100.0,-100.0,1.0495322942733765,6,0.0
1868,243.84947204589844,55.17511749267578,44.205287925107015,0.2480938607220964,-4.459887090924814,-4.600013329032065,-100.0,-100.0,-100.0,0.1345049887895584,6,1868,243.84947204589844,55.17511749267578,44.205287925107015,0.2797967636639014,-2.996294881266641,-2.2716996094972943,-100.0,-100.0,-100.0,0.1345049887895584,6,0.0
2954,242.51795959472656,54.51936340332031,31.83828665947187,0.2477195722323739,-2.0930506823950146,-1.812477825703014,2.345453977584839,2.2738218307495117,30.24012565612793,0.1375417560338974,1,2954,242.51795959472656,54.51936340332031,31.83828665947187,0.2483073062392379,-1.578983929622504,-1.0803798424475517,2.345453977584839,2.2738218307495117,30.24012565612793,0.1375417560338974,1,0.0
9990,242.0135955810547,55.36881637573242,27.30058346426704,0.2475641269371966,-1.6854272567584854,-1.2643195284687736,2.384604215621948,0.5195260643959045,255.2962646484375,0.3413476049900055,1,9990,242.0135955810547,55.36881637573242,27.30058346426704,0.2270530008919559,-1.352633335300537,-0.7859391813838211,2.384604215621948,0.5195260643959045,255.2962646484375,0.3413476049900055,1,0.0
8022,243.13815307617188,54.795013427734375,24.528317537694107,0.2473292877222983,-1.4559711663522907,-1.0030438635172438,1.589847445487976,1.5843836069107056,113.22561645507812,0.3214772045612335,1,8022,243.13815307617188,54.795013427734375,24.528317537694107,0.2188963284080772,-1.2120442391196828,-0.6390316725572823,1.589847445487976,1.5843836069107056,113.22561645507812,0.3214772045612335,1,0.0
11375,242.76414489746097,54.99835205078125,7.005308609770797,0.2466311793625853,-0.6872929879890498,-0.157274112810558,1.652569055557251,1.39397394657135,329.5812683105469,0.3927223682403564,1,11375,242.76414489746097,54.99835205078125,7.005308609770797,0.1887923348818103,-0.7401377593825775,-0.1297005531971976,1.652569055557251,1.39397394657135,329.5812683105469,0.3927223682403564,1,0.0
6120,242.4804229736328,55.374267578125,19.827323135271524,0.2466058421004434,-1.1408974477529443,-0.6572673439923056,3.3712446689605713,0.8265036344528198,119.77286529541016,0.2503211796283722,1,6120,242.4804229736328,55.374267578125,19.827323135271524,0.2073486642635106,-1.017008181080678,-0.4375594263920512,3.3712446689605713,0.8265036344528198,119.77286529541016,0.2503211796283722,1,0.0
35813,242.97276306152344,55.13185119628906,14.36366223472791,0.2465393275805439,-1.0385178930125134,-0.3686973655026948,2.4450128078460693,1.5302343368530271,183.26722717285156,1.9847153425216677,2,35813,242.97276306152344,55.13185119628906,14.36366223472791,0.1851708028648028,-1.0056779908264155,-0.2550079255673377,2.4450128078460693,1.5302343368530271,183.26722717285156,1.9847153425216677,2,0.0
32191,242.70895385742188,54.88663101196289,10.68829280480258,0.2464842061275071,-0.8860749313859559,-0.2398199840894057,1.7945436239242554,1.3422465324401855,329.3136291503906,1.6749796867370603,2,32191,242.70895385742188,54.88663101196289,10.68829280480258,0.18306726955116,-0.9005923330811975,-0.1758919071413088,1.7945436239242554,1.3422465324401855,329.3136291503906,1.6749796867370603,2,0.0
5945,242.22213745117188,55.07673645019531,12.425412025098362,0.2463296134791193,-0.8070278265977447,-0.3022820821200965,2.079558849334717,1.5537161827087402,317.15521240234375,0.2630844712257385,1,5945,242.22213745117188,55.07673645019531,12.425412025098362,0.195173767686926,-0.8085383576663635,-0.2211743774716566,2.079558849334717,1.5537161827087402,317.15521240234375,0.2630844712257385,1,0.0
32425,243.12355041503903,55.289825439453125,23.570558407097415,0.2460470188140352,-1.5155331813685566,-0.91853500137062,1.3153644800186155,1.2811508178710938,4.228963851928711,1.5044621229171753,2,32425,243.12355041503903,55.289825439453125,23.570558407097415,0.203938782228999,-1.2936071162145326,-0.5853632661090435,1.3153644800186155,1.2811508178710938,4.228963851928711,1.5044621229171753,2,0.0
26929,241.8793487548828,54.97981643676758,24.471505670369105,0.2458181741088693,-1.5588146921076966,-0.9054662521335975,-100.0,-100.0,-100.0,1.1708332300186155,6,26929,241.8793487548828,54.97981643676758,24.471505670369105,0.2112169031192888,-1.2396457629944042,-0.5470604035581653,-100.0,-100.0,-100.0,1.1708332300186155,6,0.0
30409,241.6529998779297,55.306053161621094,35.326952020768594,0.245601584756019,-2.6454264266479774,-2.364050704408984,2.147271633148194,1.2316244840621948,180.9178771972656,1.4872610569000244,2,30409,241.6529998779297,55.306053161621094,35.326952020768594,0.2491481650902913,-1.9486084035634728,-1.3531755687032578,2.147271633148194,1.2316244840621948,180.9178771972656,1.4872610569000244,2,0.0
9706,242.7136383056641,54.98861312866211,5.832909190510051,0.245600305028002,-0.6604929059387401,-0.1373642014835281,5.488234519958496,1.3599690198898315,146.8001708984375,0.3543406128883362,1,9706,242.7136383056641,54.98861312866211,5.832909190510051,0.1878640471699722,-0.7208060487496918,-0.1172446972204737,5.488234519958496,1.3599690198898315,146.8001708984375,0.3543406128883362,1,0.0
13338,242.1573486328125,55.32356262207031,21.951521565594614,0.2448899326348227,-1.2984151164979243,-0.7995247648733438,2.2571749687194824,0.4999785125255584,91.1778564453125,0.4264773428440094,1,13338,242.1573486328125,55.32356262207031,21.951521565594614,0.2081686463600729,-1.1241411381636894,-0.5208730688620103,2.2571749687194824,0.4999785125255584,91.1778564453125,0.4264773428440094,1,0.0
9933,242.4239196777344,54.62726211547851,25.862693512281485,0.2447568676429636,-1.5660298681309048,-1.122692343236623,1.5005662441253662,0.8219534158706665,314.5008850097656,0.3441783487796783,1,9933,242.4239196777344,54.62726211547851,25.862693512281485,0.2198896010760806,-1.281052569314381,-0.7067034606558267,1.5005662441253662,0.8219534158706665,314.5008850097656,0.3441783487796783,1,0.0
32745,243.1873779296875,54.921234130859375,22.252351607477152,0.2447517422048427,-0.576878046547022,-0.729036250089315,-100.0,-100.0,-100.0,1.7083762884140017,4,32745,243.1873779296875,54.921234130859375,22.252351607477152,0.2901043599686652,-0.3185112923228567,-0.4451839919519191,-100.0,-100.0,-100.0,1.7083762884140017,4,0.0
510,242.0437164306641,55.49869155883789,32.63814658749089,0.2447395455371695,-2.1618307646472528,-1.9274514541187608,2.572884321212769,2.127462863922119,90.86997985839844,0.0745862796902656,1,510,242.0437164306641,55.49869155883789,32.63814658749089,0.2511396882730511,-1.6096548846190806,-1.1391726033034593,2.572884321212769,2.127462863922119,90.86997985839844,0.0745862796902656,1,0.0
32086,242.3782958984375,54.98293685913086,7.997797192527124,0.2445610144200427,-0.8199148503064138,-0.1718813459507412,0.9638627767562866,0.8125719428062439,193.473876953125,1.569462776184082,2,32086,242.3782958984375,54.98293685913086,7.997797192527124,0.1793467428070905,-0.8596172062321026,-0.1335183402326963,0.9638627767562866,0.8125719428062439,193.473876953125,1.569462776184082,2,0.0
32744,242.5337829589844,54.488094329833984,33.67969355392889,0.2444146211469187,-1.9698819131108176,-1.9950078871953096,-100.0,-100.0,-100.0,1.722075581550598,4,32744,242.5337829589844,54.488094329833984,33.67969355392889,0.2968953432163329,-1.2888524521814229,-1.1311031914459715,-100.0,-100.0,-100.0,1.722075581550598,4,0.0
32289,242.01284790039065,54.93037796020508,20.789934030521763,0.2438552364079072,-1.3327098570249107,-0.7137734060309271,1.3750555515289309,0.9703412055969238,251.9104156494141,1.6920435428619385,2,32289,242.01284790039065,54.93037796020508,20.789934030521763,0.1958338109261665,-1.181059863102304,-0.4653635955186739,1.3750555515289309,0.9703412055969238,251.9104156494141,1.6920435428619385,2,0.0
29900,242.62391662597656,54.92559814453125,7.5407238733283775,0.2436929469668315,-0.79582844607408,-0.1630212653982474,1.1299482583999634,0.8312930464744568,44.802589416503906,1.30152428150177,2,29900,242.62391662597656,54.92559814453125,7.5407238733283775,0.1794840252831002,-0.8397759726154896,-0.1287024672809206,1.1299482583999634,0.8312930464744568,44.802589416503906,1.30152428150177,2,0.0
35912,242.17640686035156,55.284542083740234,19.79499998786291,0.243568223231664,-1.299306847834253,-0.647819050920134,1.0677552223205566,1.0569777488708496,54.91936492919922,2.028012990951538,2,35912,242.17640686035156,55.284542083740234,19.79499998786291,0.1916429598469916,-1.1679905139817768,-0.424216651230807,1.0677552223205566,1.0569777488708496,54.91936492919922,2.028012990951538,2,0.0
4308,242.8737945556641,54.901126861572266,13.43610025185938,0.2434128981485147,-0.8345807517103679,-0.3393472080380748,6.094023704528809,1.777458429336548,88.42406463623047,0.1993903815746307,1,4308,242.8737945556641,54.901126861572266,13.43610025185938,0.1947579220858264,-0.8229723643648096,-0.2443326767694754,6.094023704528809,1.777458429336548,88.42406463623047,0.1993903815746307,1,0.0
7806,242.85780334472656,55.10076522827149,10.025055142502278,0.2434068988109249,-0.7417293247537239,-0.2273006366952389,2.652668714523315,0.5445824861526489,103.7212371826172,0.2824146747589111,1,7806,242.85780334472656,55.10076522827149,10.025055142502278,0.1897611505210684,-0.769838270199901,-0.1741746876077654,2.652668714523315,0.5445824861526489,103.7212371826172,0.2824146747589111,1,0.0
37170,242.78189086914065,54.77628707885742,17.764405179659335,0.243207841575649,-1.2011562075804412,-0.5287938172130862,1.321876883506775,1.2449957132339478,142.26385498046875,2.1014537811279297,2,37170,242.78189086914065,54.77628707885742,17.764405179659335,0.1869221576699616,-1.1098525936504604,-0.3515796526195902,1.321876883506775,1.2449957132339478,142.26385498046875,2.1014537811279297,2,0.0
32612,242.6936798095703,54.49102020263672,33.69410721154395,0.2431059400265874,-2.4564414011334126,-2.0853883800754054,2.0921058654785156,1.7594677209854126,309.9488525390625,1.530205011367798,2,32612,242.6936798095703,54.49102020263672,33.69410721154395,0.2370644366284189,-1.846577719585073,-1.2139236524892352,2.0921058654785156,1.7594677209854126,309.9488525390625,1.530205011367798,2,0.0
26810,241.5505523681641,55.4621696472168,43.07445514522715,0.2430515967352574,-3.913109947033848,-4.197004458245818,-100.0,-100.0,-100.0,1.2243143320083618,6,26810,241.5505523681641,55.4621696472168,43.07445514522715,0.3023516126353034,-2.564027153028928,-2.114503619383524,-100.0,-100.0,-100.0,1.2243143320083618,6,0.0
21012,243.39749145507812,55.07851028442383,28.13020818267072,0.2430286151995813,-1.8078184010889615,-1.3511909147124983,2.0906856060028076,1.32644522190094,17.648849487304688,0.7392905354499817,1,21012,243.39749145507812,55.07851028442383,28.13020818267072,0.2211235560018984,-1.4440826020710875,-0.8324709542772143,2.0906856060028076,1.32644522190094,17.648849487304688,0.7392905354499817,1,0.0
38127,242.8755798339844,54.70279312133789,23.12441285751108,0.2427658340696294,-1.53020579120256,-0.8790699200628851,1.1057673692703247,1.105072021484375,166.63710021972656,2.31719970703125,2,38127,242.8755798339844,54.70279312133789,23.12441285751108,0.1964569961335834,-1.31610791735838,-0.558410709191783,1.1057673692703247,1.105072021484375,166.63710021972656,2.31719970703125,2,0.0
13655,242.59754943847656,54.402740478515625,38.76671156929064,0.2424256722135673,-3.3782586192545816,-2.98195427253664,-100.0,-100.0,-100.0,0.4866974651813507,6,13655,242.59754943847656,54.402740478515625,38.76671156929064,0.2440490406908979,-2.3882544190314707,-1.600484058941177,-100.0,-100.0,-100.0,0.4866974651813507,6,0.0
28102,242.04730224609375,55.09476089477539,18.521603235705612,0.2422744223703047,-1.1736977921376388,-0.5752590553801046,0.9562108516693116,0.4639934301376343,170.84109497070312,1.1625746488571167,1,28102,242.04730224609375,55.09476089477539,18.521603235705612,0.1926416676543812,-1.07248024126916,-0.3840501786998621,0.9562108516693116,0.4639934301376343,170.84109497070312,1.1625746488571167,1,0.0
24593,242.8824005126953,54.79499816894531,18.446143580646886,0.2421451680068676,-1.1486456052709717,-0.5724367820855918,1.4366333484649658,0.4034422039985657,155.60211181640625,0.9679741263389589,1,24593,242.8824005126953,54.79499816894531,18.446143580646886,0.1940632018246675,-1.0505232452545357,-0.383853326794616,1.4366333484649658,0.4034422039985657,155.60211181640625,0.9679741263389589,1,0.0
8189,242.12559509277344,55.507904052734375,31.630642972063157,0.2420595264331598,-2.0947258528074393,-1.7832994555548656,1.2529864311218262,1.1759600639343262,53.94226837158203,0.2867587506771087,1,8189,242.12559509277344,55.507904052734375,31.630642972063157,0.2392821708433278,-1.58981176264087,-1.064802984985189,1.2529864311218262,1.1759600639343262,53.94226837158203,0.2867587506771087,1,0.0
30091,243.19468688964844,55.161033630371094,22.133253124155004,0.2418868840259463,-1.402257032626373,-0.8084131794178631,0.7696309685707092,0.7049428224563599,182.2520294189453,1.4129596948623655,2,30091,243.19468688964844,55.161033630371094,22.133253124155004,0.1983739549906888,-1.2187251144915172,-0.5216962878381937,0.7696309685707092,0.7049428224563599,182.2520294189453,1.4129596948623655,2,0.0
8142,243.0697326660156,54.69490432739258,27.13225692210321,0.2418815618050781,-1.6633657868627998,-1.2469767307992985,2.1494762897491455,2.1439578533172607,225.4451141357422,0.2854817807674408,1,8142,243.0697326660156,54.69490432739258,27.13225692210321,0.2220018409715659,-1.3363860511970762,-0.776465868751267,2.1494762897491455,2.1439578533172607,225.4451141357422,0.2854817807674408,1,0.0
30143,243.3446350097656,54.94013214111328,27.09854253094454,0.2417891034259357,-1.7762760671308635,-1.2400205820830568,2.437908411026001,1.957326054573059,121.9730453491211,1.4589052200317385,2,30143,243.3446350097656,54.94013214111328,27.09854253094454,0.2113874709799725,-1.4465825762075284,-0.7686776535820462,2.437908411026001,1.957326054573059,121.9730453491211,1.4589052200317385,2,0.0
35775,242.3592987060547,55.005340576171875,8.039608731648231,0.2416986610193781,-0.8456620634113466,-0.1708270495236485,2.269447088241577,1.7930577993392944,100.52833557128906,2.083111047744751,2,35775,242.3592987060547,55.005340576171875,8.039608731648231,0.175498061501571,-0.8829384850179838,-0.130986589438996,2.269447088241577,1.7930577993392944,100.52833557128906,2.083111047744751,2,0.0
30258,242.7657012939453,54.55912399291992,30.06957731575762,0.2416805247501784,-2.048850944753026,-1.5745486684586143,1.1370340585708618,0.6547806859016418,355.7545471191406,1.3374269008636477,2,30258,242.7657012939453,54.55912399291992,30.06957731575762,0.2215798286627423,-1.6070547312653312,-0.9505714628955186,1.1370340585708618,0.6547806859016418,355.7545471191406,1.3374269008636477,2,0.0
6196,241.9770050048828,55.243404388427734,23.759122770557415,0.2414191123784047,-1.392139661225357,-0.9387031671526124,3.267270088195801,3.1994693279266357,254.3191680908203,0.2304907143115997,1,6196,241.9770050048828,55.243404388427734,23.759122770557415,0.2122697859978469,-1.1703512671513578,-0.6022570263321861,3.267270088195801,3.1994693279266357,254.3191680908203,0.2304907143115997,1,0.0
10061,243.24728393554688,55.513336181640625,36.00282396306886,0.2413278576686667,-2.6262670129991976,-2.492595793771375,1.879668354988098,1.8794997930526731,143.19871520996094,0.3412544429302215,1,10061,243.24728393554688,55.513336181640625,36.00282396306886,0.2598689910372012,-1.8940566118271909,-1.4195022152060772,1.879668354988098,1.8794997930526731,143.19871520996094,0.3412544429302215,1,0.0
21895,242.33807373046875,54.84874725341797,14.621661989902956,0.241172328414276,-0.9570200185306578,-0.3847689773025984,3.895364761352539,0.9489489793777466,92.2623291015625,0.8226286172866821,1,21895,242.33807373046875,54.84874725341797,14.621661989902956,0.1884303681762427,-0.9261019897865884,-0.2702118301248838,3.895364761352539,0.9489489793777466,92.2623291015625,0.8226286172866821,1,0.0
4252,242.79978942871097,54.88084030151367,12.594130790349125,0.2409620343007608,-0.804606614898198,-0.3082464705607046,2.419550895690918,2.415400743484497,206.9675750732422,0.1786960363388061,1,4252,242.79978942871097,54.88084030151367,12.594130790349125,0.1917756865493541,-0.8040276678687708,-0.2249716904480597,2.419550895690918,2.415400743484497,206.9675750732422,0.1786960363388061,1,0.0
8465,242.9930725097656,55.26314926147461,19.118690729308753,0.2409307692980674,-0.968010466957301,-0.5212768935230212,-100.0,-100.0,-100.0,0.3706932663917541,6,8465,242.9930725097656,55.26314926147461,19.118690729308753,0.216315582850765,-0.7821402376035252,-0.3222707661420844,-100.0,-100.0,-100.0,0.3706932663917541,6,0.0
38219,241.84835815429688,54.58673095703125,37.5373532494145,0.2405403202563007,-3.0107085468354575,-2.793635236340742,2.3948028087615967,1.3295146226882937,359.957763671875,2.4499523639678955,2,38219,241.84835815429688,54.58673095703125,37.5373532494145,0.2500886142731988,-2.1747520066915937,-1.5534274238698718,2.3948028087615967,1.3295146226882937,359.957763671875,2.4499523639678955,2,0.0
18673,242.33204650878903,55.18862533569336,11.960412645803578,0.2405331960172176,-0.8439108801714074,-0.2848121032950273,1.1215064525604248,0.976136326789856,88.4309310913086,0.6277261972427368,1,18673,242.33204650878903,55.18862533569336,11.960412645803578,0.1859715544490412,-0.849378072851461,-0.2087621523207042,1.1215064525604248,0.976136326789856,88.4309310913086,0.6277261972427368,1,0.0
4760,242.92800903320312,55.67235565185547,39.24740872959928,0.2403691827360164,-3.0751927015558365,-3.190526696647958,2.431500196456909,1.7908283472061155,144.1751251220703,0.2210221290588379,1,4760,242.92800903320312,55.67235565185547,39.24740872959928,0.2826711327867675,-2.128125169800674,-1.7424774185702283,2.431500196456909,1.7908283472061155,144.1751251220703,0.2210221290588379,1,0.0
37436,242.16958618164065,55.557857513427734,33.613765860419015,0.2398375810898119,-2.2563725549282316,-1.9844544621581997,-100.0,-100.0,-100.0,2.321038007736206,6,37436,242.16958618164065,55.557857513427734,33.613765860419015,0.2569683147210728,-1.5787254193211664,-1.1258651603698606,-100.0,-100.0,-100.0,2.321038007736206,6,0.0
24557,242.63253784179688,55.1260871887207,4.971615005424673,0.2395130862469963,-0.7153668139270215,-0.121978257996787,1.821289658546448,1.8047630786895752,79.78382873535156,0.9624172449111938,1,24557,242.63253784179688,55.1260871887207,4.971615005424673,0.1778078052766123,-0.7768336014950372,-0.1044918153039126,1.821289658546448,1.8047630786895752,79.78382873535156,0.9624172449111938,1,0.0
6109,242.30421447753903,55.25753402709961,15.70242718441724,0.2392856571048574,-0.9337626391387124,-0.4346862643700925,2.1643049716949463,1.2941802740097046,103.17432403564452,0.2729138135910034,1,6109,242.30421447753903,55.25753402709961,15.70242718441724,0.1939235485838255,-0.8882370188610229,-0.302955318206407,2.1643049716949463,1.2941802740097046,103.17432403564452,0.2729138135910034,1,0.0
6017,242.56558227539065,54.88071060180664,10.096957431549242,0.239246963830143,-0.7357853041618241,-0.2293258422802175,0.9517284035682678,0.6489616632461548,184.05267333984375,0.2469577640295028,1,6017,242.56558227539065,54.88071060180664,10.096957431549242,0.1872049165121059,-0.7631949699240009,-0.1754662592550697,0.9517284035682678,0.6489616632461548,184.05267333984375,0.2469577640295028,1,0.0
32867,242.6921844482422,55.47177505493164,25.665832961247396,0.2392176366064154,-1.3971244350970775,-1.0116701182108707,-100.0,-100.0,-100.0,1.846652626991272,6,32867,242.6921844482422,55.47177505493164,25.665832961247396,0.2324073095432849,-1.041623199417045,-0.6075445407150328,-100.0,-100.0,-100.0,1.846652626991272,6,0.0
13179,242.9192657470703,55.137901306152344,12.803445676242392,0.2392096181227309,-0.8481059958245667,-0.3148898442323447,1.540835738182068,1.432832956314087,291.37939453125,0.4483866989612579,1,13179,242.9192657470703,55.137901306152344,12.803445676242392,0.1877643352959906,-0.8439873174385198,-0.2283736802200928,1.540835738182068,1.432832956314087,291.37939453125,0.4483866989612579,1,0.0
11664,242.0296173095703,54.97689056396485,19.43498507832492,0.2391629760855906,-1.1400725203044888,-0.6324867586599999,1.3330448865890503,1.0691306591033936,209.2738494873047,0.3899148106575012,1,11664,242.0296173095703,54.97689056396485,19.43498507832492,0.1985397702787244,-1.0239280435983988,-0.422056118736444,1.3330448865890503,1.0691306591033936,209.2738494873047,0.3899148106575012,1,0.0
16438,241.92694091796875,54.751407623291016,28.75156497710853,0.2388632695093749,-1.841047047562996,-1.4208512618435252,1.3700296878814695,1.0121651887893677,64.67788696289062,0.5518589615821838,1,16438,241.92694091796875,54.751407623291016,28.75156497710853,0.2216356893551635,-1.4546619296334362,-0.8709954160212562,1.3700296878814695,1.0121651887893677,64.67788696289062,0.5518589615821838,1,0.0
24894,242.0225067138672,55.59541702270508,37.92744187082622,0.2387303970172082,-3.108016493237895,-2.791639095987992,-100.0,-100.0,-100.0,1.0330384969711304,6,24894,242.0225067138672,55.59541702270508,37.92744187082622,0.2500504997292267,-2.176311669869745,-1.513961500461659,-100.0,-100.0,-100.0,1.0330384969711304,6,0.0
1653,243.7616424560547,55.37289810180664,44.86916508795345,0.2386975708372699,-4.1002685005438755,-4.95112186020878,6.68959903717041,1.8713037967681885,285.8621826171875,0.1220535039901733,1,1653,243.7616424560547,55.37289810180664,44.86916508795345,0.3344878244211404,-2.642570402265403,-2.459633850230438,6.68959903717041,1.8713037967681885,285.8621826171875,0.1220535039901733,1,0.0
22179,243.30810546875,55.26237106323242,28.04429310689341,0.2386712343190127,-1.716455586350509,-1.250253523853671,-100.0,-100.0,-100.0,0.8335596919059753,6,22179,243.30810546875,55.26237106323242,28.04429310689341,0.2283060428146099,-1.280251977050259,-0.7402212488936755,-100.0,-100.0,-100.0,0.8335596919059753,6,0.0
6645,243.2385711669922,54.927703857421875,23.791860338841293,0.2383252670930173,-1.3593806912356183,-0.8485825800950857,-100.0,-100.0,-100.0,0.2806064784526825,6,6645,243.2385711669922,54.927703857421875,23.791860338841293,0.2162690349736235,-1.0597280333418522,-0.5144952453602746,-100.0,-100.0,-100.0,0.2806064784526825,6,0.0
35943,242.283447265625,55.34695053100586,20.579240242451835,0.2381616085270253,-1.342242692347848,-0.6967658268290197,1.4694744348526,1.1028927564620972,203.29522705078125,1.9669067859649656,2,35943,242.283447265625,55.34695053100586,20.579240242451835,0.1891807878822208,-1.192089968636809,-0.4521539708611056,1.4694744348526,1.1028927564620972,203.29522705078125,1.9669067859649656,2,0.0
37095,242.56915283203125,55.159324645996094,6.644182143446176,0.2379083832798838,-0.8263545045020544,-0.1408925741183717,0.909976065158844,0.9079424738883972,229.64224243164065,2.1702237129211426,2,37095,242.56915283203125,55.159324645996094,6.644182143446176,0.1714128164157499,-0.8710129295082905,-0.1099269086642552,0.909976065158844,0.9079424738883972,229.64224243164065,2.1702237129211426,2,0.0
11728,242.81704711914065,54.67869567871094,23.66025020815774,0.2378342974574288,-1.4076231451103254,-0.9305620751740108,1.3642784357070925,1.2909499406814575,96.29156494140624,0.3938454687595367,1,11728,242.81704711914065,54.67869567871094,23.66025020815774,0.2068902211234373,-1.1884411874333032,-0.5973326259660613,1.3642784357070925,1.2909499406814575,96.29156494140624,0.3938454687595367,1,0.0
29933,242.58294677734375,54.81047058105469,14.298634899140204,0.2376998157049477,-0.9954428756887176,-0.3681986084618347,1.7538107633590698,0.8806207776069641,300.879150390625,1.3326361179351809,2,29933,242.58294677734375,54.81047058105469,14.298634899140204,0.181441929551968,-0.9659735332410954,-0.2569386076774929,1.7538107633590698,0.8806207776069641,300.879150390625,1.3326361179351809,2,0.0
38742,242.8921661376953,55.027103424072266,10.796250387891224,0.2376375024915498,-0.9454069739852042,-0.2384914902623564,1.5743478536605835,0.8061596751213074,278.4444580078125,2.583401918411255,2,38742,242.8921661376953,55.027103424072266,10.796250387891224,0.172625565312336,-0.9537237752818856,-0.1703903969583758,1.5743478536605835,0.8061596751213074,278.4444580078125,2.583401918411255,2,0.0
4514,242.0178680419922,55.299747467041016,24.460830341664774,0.2375058155100538,-1.4353608861673195,-0.9975167352572936,2.611766576766968,1.0562337636947632,95.16683959960938,0.2075982987880706,1,4514,242.0178680419922,55.299747467041016,24.460830341664774,0.2113948600095307,-1.193656120510216,-0.6361337922698254,2.611766576766968,1.0562337636947632,95.16683959960938,0.2075982987880706,1,0.0
11579,242.83689880371097,54.85264587402344,14.716251832717743,0.2374316669728935,-0.9138227114436154,-0.3904919426749353,2.286316156387329,0.5414892435073853,122.53266143798828,0.4085766971111297,1,11579,242.83689880371097,54.85264587402344,14.716251832717743,0.1892912419597623,-0.8832149238676469,-0.2752812572876747,2.286316156387329,0.5414892435073853,122.53266143798828,0.4085766971111297,1,0.0
38136,243.11837768554688,55.17841339111328,20.032005510998054,0.2373102333310003,-1.334400066424796,-0.6608400355110196,3.4142251014709473,1.7238942384719849,61.41408920288086,2.303401231765747,2,38136,243.11837768554688,55.17841339111328,20.032005510998054,0.1855502975487611,-1.1958763832425212,-0.4301217987152557,3.4142251014709473,1.7238942384719849,61.41408920288086,2.303401231765747,2,0.0
32647,243.606201171875,54.6781005859375,41.82395458223199,0.2371940491203622,-3.659815632026174,-3.8867711405465513,3.2596018314361572,2.2483949661254883,9.509868621826172,1.6043074131011963,2,32647,243.606201171875,54.6781005859375,41.82395458223199,0.2817293276896323,-2.500286703463281,-2.0365156684869636,3.2596018314361572,2.2483949661254883,9.509868621826172,1.6043074131011963,2,0.0
4528,242.33790588378903,54.63233947753906,26.35401136508754,0.2371207846802989,-1.5829653919079982,-1.1699526328590582,2.116842746734619,1.5444601774215698,189.1572723388672,0.2130645364522934,1,4528,242.33790588378903,54.63233947753906,26.35401136508754,0.2165660300693938,-1.282515563417234,-0.7337453659712795,2.116842746734619,1.5444601774215698,189.1572723388672,0.2130645364522934,1,0.0
30214,242.10470581054688,54.73124694824219,25.149322480149877,0.2369410317965324,-1.6162484180469432,-1.0528893765870897,1.7430007457733154,1.0596034526824951,178.83303833007812,1.4445552825927734,2,30214,242.10470581054688,54.73124694824219,25.149322480149877,0.2017579450666786,-1.3486861263377046,-0.6625837403105597,1.7430007457733154,1.0596034526824951,178.83303833007812,1.4445552825927734,2,0.0
31091,242.2407989501953,54.716548919677734,23.125192181524884,0.2362856689113251,-1.483276786670179,-0.8826267674195195,2.6242098808288574,0.6783819198608398,289.2686462402344,1.5275335311889648,1,31091,242.2407989501953,54.716548919677734,23.125192181524884,0.1948999064312722,-1.2729617275198737,-0.5640872759993516,2.6242098808288574,0.6783819198608398,289.2686462402344,1.5275335311889648,1,0.0
22992,242.8750915527344,55.51259231567383,29.59446615378992,0.2362320257676382,-1.954621261628573,-1.5186657183075305,2.2562520503997803,1.570375680923462,47.12825775146485,0.8621268272399902,1,22992,242.8750915527344,55.51259231567383,29.59446615378992,0.2191275498269227,-1.5344701879336005,-0.922927629987811,2.2562520503997803,1.570375680923462,47.12825775146485,0.8621268272399902,1,0.0
9742,242.1978454589844,54.952919006347656,14.36802113232388,0.2360602810233327,-0.8924254814800654,-0.3758156074234903,1.4456255435943604,1.4406352043151855,341.9375305175781,0.3343062102794647,1,9742,242.1978454589844,54.952919006347656,14.36802113232388,0.1883220719338738,-0.8669689306877097,-0.2662116092346174,1.4456255435943604,1.4406352043151855,341.9375305175781,0.3343062102794647,1,0.0
26382,242.81578063964844,54.95268249511719,9.94155665309777,0.2357432799300713,-0.8197031597319123,-0.2221015665508843,1.914318561553955,1.611246109008789,262.9049072265625,0.9829866886138916,1,26382,242.81578063964844,54.95268249511719,9.94155665309777,0.177707932264817,-0.8454536466203458,-0.1680320036915243,1.914318561553955,1.611246109008789,262.9049072265625,0.9829866886138916,1,0.0
18910,242.8611602783203,55.571144104003906,32.775133255765354,0.2357065000444754,-2.4783192060465367,-1.855011432792165,-100.0,-100.0,-100.0,0.7207595705986023,6,18910,242.8611602783203,55.571144104003906,32.775133255765354,0.2171036835130179,-1.8424978701455876,-1.0601561868177551,-100.0,-100.0,-100.0,0.7207595705986023,6,0.0
6164,243.1871032714844,55.165157318115234,21.961827628975296,0.2355547296963386,-1.2704156847932668,-0.8007194713430422,2.410790205001831,1.4955939054489136,224.79348754882812,0.2433480471372604,1,6164,243.1871032714844,55.165157318115234,21.961827628975296,0.202671192660182,-1.096465677728279,-0.522219054046739,2.410790205001831,1.4955939054489136,224.79348754882812,0.2433480471372604,1,0.0
13220,242.47084045410156,55.257537841796875,13.07712178620894,0.235302116468644,-0.8576287058063301,-0.3248797420126233,1.7200753688812256,1.3411574363708496,111.37218475341795,0.4732749760150909,1,13220,242.47084045410156,55.257537841796875,13.07712178620894,0.1850294351325307,-0.8498767303211021,-0.2344478573222493,1.7200753688812256,1.3411574363708496,111.37218475341795,0.4732749760150909,1,0.0
4453,242.0391540527344,54.860862731933594,21.792471601533705,0.2352330170520303,-1.2513569235543818,-0.7886361733138728,3.27622652053833,2.940969467163086,160.29490661621094,0.1821037083864212,1,4453,242.0391540527344,54.860862731933594,21.792471601533705,0.2027031021348799,-1.0816515560116715,-0.515136445941826,3.27622652053833,2.940969467163086,160.29490661621094,0.1821037083864212,1,0.0
29005,242.0449676513672,55.16079330444336,19.57024100529341,0.2351841179861263,-1.2459062283851776,-0.6359767397130959,1.5105270147323608,1.24566388130188,120.3026123046875,1.3815449476242063,1,29005,242.0449676513672,55.16079330444336,19.57024100529341,0.1877431643050147,-1.1217785280020205,-0.4194479448232991,1.5105270147323608,1.24566388130188,120.3026123046875,1.3815449476242063,1,0.0
21048,242.2941131591797,55.597900390625,34.36662471419506,0.2351466103976794,-2.4659264613940715,-2.1994346910743867,2.6318349838256836,0.754069447517395,148.70956420898438,0.7443394064903259,1,21048,242.2941131591797,55.597900390625,34.36662471419506,0.2394468150241257,-1.8247771937945445,-1.2750479338336802,2.6318349838256836,0.754069447517395,148.70956420898438,0.7443394064903259,1,0.0
16488,243.55926513671875,55.02965545654297,33.67207987557694,0.2351219614146373,-2.3587304530579334,-2.086199267327932,1.5887786149978638,0.9358949661254884,150.5701141357422,0.5587823987007141,1,16488,243.55926513671875,55.02965545654297,33.67207987557694,0.2383486637766413,-1.7545863380273998,-1.2190702033663283,1.5887786149978638,0.9358949661254884,150.5701141357422,0.5587823987007141,1,0.0
18709,242.421630859375,54.7569580078125,18.34625963055427,0.2348991753146404,-1.1126448283292203,-0.5680942222068643,1.4068307876586914,1.3652746677398682,240.08465576171875,0.6347216963768005,1,18709,242.421630859375,54.7569580078125,18.34625963055427,0.1904888797653867,-1.0179110150142274,-0.3824988925077118,1.4068307876586914,1.3652746677398682,240.08465576171875,0.6347216963768005,1,0.0
11463,242.36065673828125,55.0903434753418,7.951969065456222,0.2348713377708845,-0.7055982269663259,-0.1760941586126174,2.5802366733551025,1.2038785219192505,210.5640563964844,0.3798935711383819,1,11463,242.36065673828125,55.0903434753418,7.951969065456222,0.1804480020626981,-0.7513574473831806,-0.1414426253041722,2.5802366733551025,1.2038785219192505,210.5640563964844,0.3798935711383819,1,0.0
11366,242.29698181152344,55.03850936889648,9.764049612794116,0.2348467214219844,-0.7485483632623282,-0.2197278380379992,1.1116304397583008,1.0660258531570437,254.5021514892578,0.3844332695007324,1,11366,242.29698181152344,55.03850936889648,9.764049612794116,0.1818210415099473,-0.7786549541685733,-0.1689557940700603,1.1116304397583008,1.0660258531570437,254.5021514892578,0.3844332695007324,1,0.0
22911,242.55039978027344,54.855812072753906,11.624069632050588,0.2347403878537328,-0.8543131685967221,-0.2729192039744146,1.7541625499725342,1.7520114183425903,56.51787567138672,0.8691377639770508,1,22911,242.55039978027344,54.855812072753906,11.624069632050588,0.1795668065208568,-0.862806192958231,-0.2004663287816132,1.7541625499725342,1.7520114183425903,56.51787567138672,0.8691377639770508,1,0.0
39355,242.49151611328125,55.332244873046875,17.278656111234305,0.2344784120849392,-1.1399639195077107,-0.4188877593456864,-100.0,-100.0,-100.0,3.043855667114258,6,39355,242.49151611328125,55.332244873046875,17.278656111234305,0.1849539829909243,-0.990107984348252,-0.2606123476757883,-100.0,-100.0,-100.0,3.043855667114258,6,0.0
30377,243.4813690185547,55.34415817260742,35.5805743166582,0.2344570142002044,-2.678055481793912,-2.4100389897709946,1.8905571699142456,1.6594332456588743,325.5390625,1.4849570989608765,2,30377,243.4813690185547,55.34415817260742,35.5805743166582,0.2392035254759839,-1.966519157576172,-1.3754426760989835,1.8905571699142456,1.6594332456588743,325.5390625,1.4849570989608765,2,0.0
30008,242.9933319091797,55.286842346191406,20.10590306946887,0.2342785351188178,-1.2772160277105906,-0.6698436323967999,1.718713641166687,0.903329074382782,258.4477844238281,1.4388103485107422,2,30008,242.9933319091797,55.286842346191406,20.10590306946887,0.1879644460579169,-1.1417377530992254,-0.4398519156769054,1.718713641166687,0.903329074382782,258.4477844238281,1.4388103485107422,2,0.0
21980,241.9639129638672,55.358680725097656,28.13106773953748,0.2339377225570859,-1.813257579702556,-1.3511155690868857,3.631864309310913,1.5142885446548462,121.3631362915039,0.8075600266456604,1,21980,241.9639129638672,55.358680725097656,28.13106773953748,0.2123802405050935,-1.4493333325904325,-0.832283105810653,3.631864309310913,1.5142885446548462,121.3631362915039,0.8075600266456604,1,0.0
4669,243.39114379882812,55.40927505493164,35.176074670445274,0.2335001703174936,-2.494898607983902,-2.3408324753840644,3.465161085128784,1.156779170036316,307.6886901855469,0.205720841884613,1,4669,243.39114379882812,55.40927505493164,35.176074670445274,0.2493296553912104,-1.810839609256429,-1.346381576672123,3.465161085128784,1.156779170036316,307.6886901855469,0.205720841884613,1,0.0
2842,242.8683929443359,55.45399475097656,26.231570079015945,0.2334861616367596,-1.5646563001281286,-1.158231003127488,1.5124160051345823,1.4991114139556885,275.5189208984375,0.1432959884405136,1,2842,242.8683929443359,55.45399475097656,26.231570079015945,0.2136185224289954,-1.2683299390039984,-0.7273418949902374,1.5124160051345823,1.4991114139556885,275.5189208984375,0.1432959884405136,1,0.0
22923,242.58871459960935,54.76418685913086,17.07778115985974,0.2333879833139223,-1.0696454663855477,-0.4988387246361592,2.6038694381713867,2.1265957355499268,11.050529479980469,0.8701901435852051,1,22923,242.58871459960935,54.76418685913086,17.07778115985974,0.1855827219165512,-0.9976118292321589,-0.3394914469011243,2.6038694381713867,2.1265957355499268,11.050529479980469,0.8701901435852051,1,0.0
1245,242.8924560546875,55.202754974365234,14.139672613850635,0.2324061140259542,-0.8433445888207429,-0.3668470881951551,0.9926547408103944,0.8007375597953796,13.808526992797852,0.1201946884393692,1,1245,242.8924560546875,55.202754974365234,14.139672613850635,0.1882534665381611,-0.8217400697716138,-0.2612236688416509,0.9926547408103944,0.8007375597953796,13.808526992797852,0.1201946884393692,1,0.0
13502,243.01824951171875,55.619747161865234,37.37443799795697,0.2321489531239862,-2.829499071077964,-2.765740019294384,2.334498405456543,1.2939374446868896,100.78350830078124,0.4400412440299988,1,13502,243.01824951171875,55.619747161865234,37.37443799795697,0.2566129634839005,-2.011464165293364,-1.5482593137554694,2.334498405456543,1.2939374446868896,100.78350830078124,0.4400412440299988,1,0.0
32330,242.7906036376953,55.397804260253906,22.142267607385293,0.2318442789386784,-1.417372265546227,-0.8082889043658215,1.143526315689087,0.6454954147338867,187.2759552001953,1.6059647798538208,2,32330,242.7906036376953,55.397804260253906,22.142267607385293,0.1890266373866488,-1.232761529118151,-0.5207914786815795,1.143526315689087,0.6454954147338867,187.2759552001953,1.6059647798538208,2,0.0
1306,242.9783477783203,54.744239807128906,22.85511300667129,0.2316615233682878,-1.303846237225519,-0.8673922109215447,4.305037498474121,2.0796899795532227,259.5322570800781,0.0806470289826393,1,1306,242.9783477783203,54.744239807128906,22.85511300667129,0.2036096534742352,-1.1068856930372557,-0.5611479573962357,4.305037498474121,2.0796899795532227,259.5322570800781,0.0806470289826393,1,0.0
36383,242.04034423828125,54.389015197753906,43.78739769353194,0.231630012771361,-4.08989869332519,-4.446109306903897,-100.0,-100.0,-100.0,2.1639597415924072,6,36383,242.04034423828125,54.389015197753906,43.78739769353194,0.2904765091222345,-2.6697745814313927,-2.212383519020709,-100.0,-100.0,-100.0,2.1639597415924072,6,0.0
13477,243.63185119628903,55.13652801513672,36.48171124834069,0.2312457895886925,-2.7044083681021487,-2.5844082391871166,1.8225176334381104,1.073524832725525,234.5739898681641,0.4691876769065857,1,13477,243.63185119628903,55.13652801513672,36.48171124834069,0.2503348469507521,-1.9427891986179584,-1.4629057215096597,1.8225176334381104,1.073524832725525,234.5739898681641,0.4691876769065857,1,0.0
21883,242.3829040527344,54.854061126708984,13.521050301857269,0.2312361394117085,-0.9142640555415856,-0.3403112019328958,1.2916362285614014,0.4576781988143921,322.9677429199219,0.7990472316741943,1,21883,242.3829040527344,54.854061126708984,13.521050301857269,0.1793191890159441,-0.8990503546673724,-0.2426114832949406,1.2916362285614014,0.4576781988143921,322.9677429199219,0.7990472316741943,1,0.0
1430,242.3957672119141,55.53261184692383,29.707808948947186,0.2310148953759826,-1.864607656626213,-1.533947138773753,2.29825758934021,1.1069740056991575,217.04161071777344,0.1189595833420753,1,1430,242.3957672119141,55.53261184692383,29.707808948947186,0.2239653165862977,-1.4417303925619658,-0.9331651886352724,2.29825758934021,1.1069740056991575,217.04161071777344,0.1189595833420753,1,0.0
36105,242.3495178222656,54.42125701904297,38.49157479084989,0.2307581254315712,-3.1290423035258,-3.00554979697696,1.8872300386428833,1.2667657136917114,80.48472595214844,1.929022431373596,2,36105,242.3495178222656,54.42125701904297,38.49157479084989,0.2479648628593906,-2.2294900633424857,-1.651948070740877,1.8872300386428833,1.2667657136917114,80.48472595214844,1.929022431373596,2,0.0
16250,242.3285675048828,55.04218673706055,8.667398631940628,0.2307507331110925,-0.7409871615209974,-0.1917864761882985,1.3070225715637207,1.2054661512374878,207.37046813964844,0.5678390264511108,1,16250,242.3285675048828,55.04218673706055,8.667398631940628,0.1763446000083308,-0.7804920594892739,-0.1508538336261778,1.3070225715637207,1.2054661512374878,207.37046813964844,0.5678390264511108,1,0.0
6344,243.1167449951172,54.57183837890625,34.0990962183321,0.2307130360814272,-2.368582017230508,-2.1562067541839434,1.5823637247085571,1.5276199579238892,323.4225769042969,0.2369659394025802,1,6344,243.1167449951172,54.57183837890625,34.0990962183321,0.2400330084036683,-1.7431399471046416,-1.255105179785518,1.5823637247085571,1.5276199579238892,323.4225769042969,0.2369659394025802,1,0.0
20981,242.3739318847656,54.6967887878418,22.290202555392572,0.2304670092974386,-1.3556305192216862,-0.8230829219994859,1.3335669040679932,1.3125303983688354,150.86322021484375,0.7382047176361084,1,20981,242.3739318847656,54.6967887878418,22.290202555392572,0.1938264767749802,-1.1714732767423313,-0.5334777158739997,1.3335669040679932,1.3125303983688354,150.86322021484375,0.7382047176361084,1,0.0
11642,242.22314453125,55.333251953125,21.00219798603441,0.2302024221909369,-1.2318811883319152,-0.7331744949503411,1.39693021774292,1.386183738708496,263.52569580078125,0.4022426307201385,1,11642,242.22314453125,55.333251953125,21.00219798603441,0.1941934386133376,-1.0807639841842764,-0.4820128340419112,1.39693021774292,1.386183738708496,263.52569580078125,0.4022426307201385,1,0.0
6352,241.97947692871097,54.61465072631836,33.31361071900896,0.2300702344706087,-2.2751850168966077,-2.0304300479013064,3.700779438018799,1.2978615760803225,237.25181579589844,0.2659263908863067,1,6352,241.97947692871097,54.61465072631836,33.31361071900896,0.2356008766901668,-1.6901531131588865,-1.1918965954688927,3.700779438018799,1.2978615760803225,237.25181579589844,0.2659263908863067,1,0.0
25009,243.69924926757812,55.382564544677734,43.215875868034615,0.2298688802845651,-3.8872293854347273,-4.245077727230843,-100.0,-100.0,-100.0,1.0193448066711426,6,25009,243.69924926757812,55.382564544677734,43.215875868034615,0.2937964637632175,-2.524356726234157,-2.1335354300728535,-100.0,-100.0,-100.0,1.0193448066711426,6,0.0
4566,243.0762939453125,55.48595428466797,31.230716896793748,0.2296746977660854,-2.0368434039133505,-1.728992417207584,3.1778459548950195,3.049937009811402,127.0545654296875,0.2163051813840866,1,4566,243.0762939453125,55.48595428466797,31.230716896793748,0.2268594848382093,-1.5501003674903002,-1.0367753551766945,3.1778459548950195,3.049937009811402,127.0545654296875,0.2163051813840866,1,0.0
26972,242.9661865234375,54.86772918701172,17.163845951987167,0.2294838068448233,-0.8812064230126208,-0.4129502698426017,-100.0,-100.0,-100.0,1.1234599351882937,6,26972,242.9661865234375,54.86772918701172,17.163845951987167,0.2012273992428736,-0.7334489238173347,-0.2570853056964173,-100.0,-100.0,-100.0,1.1234599351882937,6,0.0
22023,243.0832672119141,54.364051818847656,44.62804911662825,0.2294343324288485,-4.145164342425931,-4.85477695071579,4.858330726623535,1.818507432937622,319.945556640625,0.7980474233627319,1,22023,243.0832672119141,54.364051818847656,44.62804911662825,0.3061809296255876,-2.7129258486566146,-2.422052932079697,4.858330726623535,1.818507432937622,319.945556640625,0.7980474233627319,1,0.0
4590,243.3373260498047,55.26177978515625,28.923376267624818,0.2293767079685218,-1.8075409039798271,-1.4413645348483295,1.860928654670715,1.362539291381836,234.06869506835935,0.1921622306108474,1,4590,243.3373260498047,55.26177978515625,28.923376267624818,0.2178859171825385,-1.41557086981013,-0.8831228112031506,1.860928654670715,1.362539291381836,234.06869506835935,0.1921622306108474,1,0.0
14696,242.3615264892578,55.266998291015625,15.091308500151683,0.2293629174356463,-0.9423282136776908,-0.4063052790206454,1.841059327125549,1.0472966432571411,193.3972320556641,0.4952813386917114,1,14696,242.3615264892578,55.266998291015625,15.091308500151683,0.1823684724505886,-0.9055732753613458,-0.2846648390309695,1.841059327125549,1.0472966432571411,193.3972320556641,0.4952813386917114,1,0.0
13316,242.63035583496097,55.395606994628906,20.879799778502587,0.2287544506081157,-1.2306201628987532,-0.724571325360423,0.7356184124946594,0.646287202835083,233.6162872314453,0.4736237227916717,1,13316,242.63035583496097,55.395606994628906,20.879799778502587,0.1922297210472092,-1.081974310518584,-0.4765431606642473,0.7356184124946594,0.646287202835083,233.6162872314453,0.4736237227916717,1,0.0
39790,243.01206970214844,55.42892837524414,27.171184970797594,0.2285442182842439,-1.6843412073371968,-1.1582029008560517,-100.0,-100.0,-100.0,3.497933864593506,6,39790,243.01206970214844,55.42892837524414,27.171184970797594,0.2117547169045815,-1.279120875171337,-0.6894580472538208,-100.0,-100.0,-100.0,3.497933864593506,6,0.0
3125,241.63638305664065,54.55259704589844,44.184868329777345,0.2284564602145634,-3.96368198885342,-4.686109030654633,2.1538991928100586,0.7755563259124756,213.22393798828125,0.1669842451810836,1,3125,241.63638305664065,54.55259704589844,44.184868329777345,0.3116860626115105,-2.5801550996378877,-2.359392792419948,2.1538991928100586,0.7755563259124756,213.22393798828125,0.1669842451810836,1,0.0
6245,242.72561645507812,55.47258758544922,25.90853233820499,0.2282891291141336,-1.5549254925187856,-1.1272653045279206,2.777635097503662,1.1434237957000732,79.7908706665039,0.2566332817077636,1,6245,242.72561645507812,55.47258758544922,25.90853233820499,0.2064955531510525,-1.2688229729433371,-0.7096806576944015,2.777635097503662,1.1434237957000732,79.7908706665039,0.2566332817077636,1,0.0
30350,242.3975372314453,55.630184173583984,35.43832990977038,0.2282665589756713,-2.6586707634840745,-2.38366611630522,0.969282567501068,0.7804934978485107,305.33563232421875,1.3830313682556152,2,30350,242.3975372314453,55.630184173583984,35.43832990977038,0.2322653085771811,-1.954929998594675,-1.3622573327101468,0.969282567501068,0.7804934978485107,305.33563232421875,1.3830313682556152,2,0.0
11742,243.30746459960935,54.79002380371094,29.487989215528575,0.2280897951200595,-1.891618036389373,-1.5073812744005035,1.6807743310928345,1.0335590839385986,317.9604797363281,0.4235711693763733,1,11742,243.30746459960935,54.79002380371094,29.487989215528575,0.2158841411549494,-1.477362943327067,-0.9184867890217164,1.6807743310928345,1.0335590839385986,317.9604797363281,0.4235711693763733,1,0.0
11873,242.5823516845703,55.649208068847656,36.0259336051651,0.2280262553339449,-2.6359704211553447,-2.496560682620742,4.369683742523193,1.307309627532959,242.6957092285156,0.4131553471088409,1,11873,242.5823516845703,55.649208068847656,36.0259336051651,0.2450034464805165,-1.902059008447076,-1.421180451399056,4.369683742523193,1.307309627532959,242.6957092285156,0.4131553471088409,1,0.0
17621,242.8892059326172,54.69393539428711,23.810021531591815,0.227680907106181,-1.443437763456345,-0.9419253879572234,2.1321988105773926,1.5376503467559814,117.99574279785156,0.6022543907165527,1,17621,242.8892059326172,54.69393539428711,23.810021531591815,0.1963669805071189,-1.2192307224276655,-0.6031054864680254,2.1321988105773926,1.5376503467559814,117.99574279785156,0.6022543907165527,1,0.0
26237,242.57826232910156,55.08368682861328,2.0959405854514905,0.2272154968436014,-0.6946188298559982,-0.0955177803857423,1.9776320457458496,1.314483404159546,205.61770629882812,0.9933183193206788,1,26237,242.57826232910156,55.08368682861328,2.0959405854514905,0.1674270315852916,-0.7661803915046791,-0.0879933961501758,1.9776320457458496,1.314483404159546,205.61770629882812,0.9933183193206788,1,0.0
20118,242.6094207763672,55.79191207885742,44.59903182194981,0.2271540474197879,-4.156829888499046,-4.75066270784514,-100.0,-100.0,-100.0,0.7266579270362854,6,20118,242.6094207763672,55.79191207885742,44.59903182194981,0.3055107871345466,-2.6509761946892256,-2.3288621781445205,-100.0,-100.0,-100.0,0.7266579270362854,6,0.0
16403,243.21563720703125,55.26285552978515,25.280979649655237,0.2270256927076016,-1.5467041428225408,-1.0685350222545382,0.769878089427948,0.4467058181762695,293.8769836425781,0.5499115586280823,1,16403,243.21563720703125,55.26285552978515,25.280979649655237,0.2001205774892739,-1.279278088172735,-0.6754709877786075,0.769878089427948,0.4467058181762695,293.8769836425781,0.5499115586280823,1,0.0
26463,242.90066528320312,54.81974792480469,17.62608986853748,0.2267857815713459,-1.1104097161276,-0.5267060070550821,0.9325270652770996,0.9077208042144777,149.58375549316406,1.064020752906799,1,26463,242.90066528320312,54.81974792480469,17.62608986853748,0.1801562459808343,-1.027434074621844,-0.3555178733734347,0.9325270652770996,0.9077208042144777,149.58375549316406,1.064020752906799,1,0.0
1337,243.2328643798828,55.19937515258789,24.138225764456656,0.2267535079824981,-1.3938503464755618,-0.9700540137307748,4.107244968414307,2.6605677604675293,291.26190185546875,0.1083849668502807,1,1337,243.2328643798828,55.19937515258789,24.138225764456656,0.202508904880475,-1.1613781516750763,-0.6204234087075804,4.107244968414307,2.6605677604675293,291.26190185546875,0.1083849668502807,1,0.0
13674,242.82159423828125,54.71578598022461,21.64385782911896,0.226505003632688,-1.1458016637291617,-0.685112770720162,-100.0,-100.0,-100.0,0.4987901449203491,6,13674,242.82159423828125,54.71578598022461,21.64385782911896,0.2062684746100721,-0.9026828639814142,-0.4194836952300073,-100.0,-100.0,-100.0,0.4987901449203491,6,0.0
1528,241.8673858642578,55.53196334838867,37.86751827265028,0.2265040326342877,-2.846670356835884,-2.871945942158842,2.921907901763916,2.540607213973999,56.24347686767578,0.1131498739123344,1,1528,241.8673858642578,55.53196334838867,37.86751827265028,0.2592312559719685,-1.9965879304381264,-1.598126519089368,2.921907901763916,2.540607213973999,56.24347686767578,0.1131498739123344,1,0.0
1830,243.0131072998047,55.189720153808594,17.08525738576468,0.2263765783524537,-0.9300211696835315,-0.4089584355256355,-100.0,-100.0,-100.0,0.1405642479658126,6,1830,243.0131072998047,55.189720153808594,17.08525738576468,0.1940150445331344,-0.7836893597220835,-0.2545377181368799,-100.0,-100.0,-100.0,0.1405642479658126,6,0.0
30134,243.2565765380859,55.30559921264648,27.822631384974493,0.2263674358931263,-1.838471371648574,-1.3153749320585242,2.1719861030578613,1.1131864786148071,359.1539611816406,1.4509769678115845,2,30134,243.2565765380859,55.30559921264648,27.822631384974493,0.2001378758966312,-1.483055956835283,-0.8099818084126967,2.1719861030578613,1.1131864786148071,359.1539611816406,1.4509769678115845,2,0.0
8091,243.3548583984375,55.224212646484375,28.56999166408869,0.2262958172719105,-1.7910327053473671,-1.4012355185568983,3.095640182495117,3.095564603805542,327.2561950683594,0.3223730027675628,1,8091,243.3548583984375,55.224212646484375,28.56999166408869,0.2122858925680621,-1.412516003633011,-0.8614069386809148,3.095640182495117,3.095564603805542,327.2561950683594,0.3223730027675628,1,0.0
26549,242.813720703125,55.46038436889648,25.952785951735436,0.226154291538869,-1.6468953498434766,-1.1287236263218852,1.6799776554107666,1.509039044380188,144.67088317871094,0.9791151881217957,1,26549,242.813720703125,55.46038436889648,25.952785951735436,0.1973096784140395,-1.3563495359625235,-0.7075556280218561,1.6799776554107666,1.509039044380188,144.67088317871094,0.9791151881217957,1,0.0
4190,242.8394775390625,55.08195877075195,9.119975644902157,0.2258328460251977,-0.7027975802535849,-0.2038370656147911,1.5430335998535156,1.4493677616119385,140.6962432861328,0.2169654816389084,1,4190,242.8394775390625,55.08195877075195,9.119975644902157,0.1764872239829878,-0.7395997550545281,-0.1596214727577217,1.5430335998535156,1.4493677616119385,140.6962432861328,0.2169654816389084,1,0.0
35969,242.3190460205078,55.39265441894531,22.488696387814155,0.2255889529766081,-1.4634900425253572,-0.8312106669144759,1.449141263961792,1.1434742212295532,193.27981567382812,2.060107946395874,2,35969,242.3190460205078,55.39265441894531,22.488696387814155,0.1829626223345756,-1.2671685558499852,-0.5315940851022848,1.449141263961792,1.1434742212295532,193.27981567382812,2.060107946395874,2,0.0
35815,242.65223693847656,54.75847244262695,17.593455895572816,0.2253120364076974,-1.1807556024922286,-0.5203049657661825,1.6774721145629885,1.029789686203003,305.0891418457031,1.9904232025146484,2,35815,242.65223693847656,54.75847244262695,17.593455895572816,0.1737521038207167,-1.0933332205685555,-0.3470208999553172,1.6774721145629885,1.029789686203003,305.0891418457031,1.9904232025146484,2,0.0
30271,242.46092224121097,54.51664352416992,32.19470051549995,0.2252586414364806,-2.2700594656836226,-1.8585684520879229,1.6639512777328491,1.661118507385254,333.9805908203125,1.34123432636261,2,30271,242.46092224121097,54.51664352416992,32.19470051549995,0.2146404504947864,-1.7345088233995,-1.0991986219546488,1.6639512777328491,1.661118507385254,333.9805908203125,1.34123432636261,2,0.0
8072,243.091796875,54.72949981689453,26.045572794403967,0.2251005528284735,-1.5732696593191242,-1.1400085202506367,4.245365619659424,1.0289863348007202,272.0789794921875,0.2912752330303192,1,8072,243.091796875,54.72949981689453,26.045572794403967,0.203382093249303,-1.2825136057470543,-0.7166430137557954,4.245365619659424,1.0289863348007202,272.0789794921875,0.2912752330303192,1,0.0
13498,241.6972198486328,55.47371673583984,39.521064762196744,0.2250438003013832,-3.15539519524528,-3.2573400047649748,3.406214714050293,0.9651852250099182,143.83120727539062,0.4282658100128174,1,13498,241.6972198486328,55.47371673583984,39.521064762196744,0.2625035058418196,-2.187245788644276,-1.7712064438519708,3.406214714050293,0.9651852250099182,143.83120727539062,0.4282658100128174,1,0.0
4800,242.6523895263672,55.795921325683594,44.89555499655973,0.2249273228157663,-4.123871568004004,-4.9618445492564565,5.678922176361084,1.136386156082153,294.9975891113281,0.1896872222423553,1,4800,242.6523895263672,55.795921325683594,44.89555499655973,0.3130956838419493,-2.6633901896987995,-2.4637950583072925,5.678922176361084,1.136386156082153,294.9975891113281,0.1896872222423553,1,0.0
35903,242.83604431152344,54.721214294433594,21.54272207181985,0.2248739770123808,-1.4041145209756647,-0.7634701024200098,1.5201764106750488,0.9101435542106628,163.47116088867188,2.0106453895568848,2,35903,242.83604431152344,54.721214294433594,21.54272207181985,0.1802444572853866,-1.2324819159502376,-0.4926885083081189,1.5201764106750488,0.9101435542106628,163.47116088867188,2.0106453895568848,2,0.0
17613,242.70111083984375,55.392330169677734,21.022829995667273,0.224840813482058,-1.2575355860736417,-0.7334807890170404,2.308250665664673,0.7648559808731079,205.47445678710935,0.5872469544410706,1,17613,242.70111083984375,55.392330169677734,21.022829995667273,0.1878129526541516,-1.1047581225395795,-0.4810781343456753,2.308250665664673,0.7648559808731079,205.47445678710935,0.5872469544410706,1,0.0
8140,243.35826110839844,55.322479248046875,31.29835711325114,0.2247462138632939,-2.059332099123565,-1.7377693594096366,2.2084012031555176,2.0533156394958496,230.02297973632812,0.3158130943775177,1,8140,243.35826110839844,55.322479248046875,31.29835711325114,0.2208392043318089,-1.5692578923852427,-1.041043347385399,2.2084012031555176,2.0533156394958496,230.02297973632812,0.3158130943775177,1,0.0
32450,241.81361389160156,55.077789306640625,26.40578715506401,0.2246416130378979,-1.730756682712722,-1.1693138531631293,2.183687448501587,1.153471827507019,246.66864013671875,1.6650246381759644,2,32450,241.81361389160156,55.077789306640625,26.40578715506401,0.1934798727618709,-1.4225353187655772,-0.7275625020236978,2.183687448501587,1.153471827507019,246.66864013671875,1.6650246381759644,2,0.0
34151,242.3682403564453,54.822364807128906,15.428791126933794,0.2243019181304463,-1.068702683473646,-0.4149029472803209,0.954655110836029,0.6949193477630615,97.33483123779295,1.7561956644058228,2,34151,242.3682403564453,54.822364807128906,15.428791126933794,0.1707638258264282,-1.01976388957296,-0.2836663229145279,0.954655110836029,0.6949193477630615,97.33483123779295,1.7561956644058228,2,0.0
7748,243.00633239746097,55.0687141418457,14.684103471088564,0.2242662779924545,-0.8979754864254375,-0.3891890328043605,3.505811929702759,1.6892518997192385,234.927001953125,0.287359744310379,1,7748,243.00633239746097,55.0687141418457,14.684103471088564,0.1798476144400635,-0.8680418872585342,-0.2747272043309895,3.505811929702759,1.6892518997192385,234.927001953125,0.287359744310379,1,0.0
18703,242.0471649169922,55.02226638793945,18.405126275422823,0.2242524136466593,-1.1157677484874942,-0.5713779072548463,0.824938952922821,0.6459767818450928,268.080322265625,0.6349467039108276,1,18703,242.0471649169922,55.02226638793945,18.405126275422823,0.1819494082808032,-1.0198909133924012,-0.3845292502560857,0.824938952922821,0.6459767818450928,268.080322265625,0.6349467039108276,1,0.0
30080,243.1531524658203,54.98537063598633,20.06504890996113,0.2242270741882783,-1.2751340469520132,-0.6674519015143029,2.029280662536621,1.5007613897323608,347.47198486328125,1.304042100906372,2,30080,243.1531524658203,54.98537063598633,20.06504890996113,0.1797985618688844,-1.1406933682624067,-0.4385498139148244,2.029280662536621,1.5007613897323608,347.47198486328125,1.304042100906372,2,0.0
27067,241.58688354492188,55.14066696166992,34.554551041192454,0.2240705699560745,-2.5916309372087944,-2.139260787064507,-100.0,-100.0,-100.0,1.2526966333389282,6,27067,241.58688354492188,55.14066696166992,34.554551041192454,0.2229417728456474,-1.864381825145181,-1.2029868727553157,-100.0,-100.0,-100.0,1.2526966333389282,6,0.0
6386,243.53921508789065,54.84506607055664,35.22736961975792,0.2240620483067613,-2.5092325345769217,-2.3498497571516888,4.521666049957275,4.249475479125977,211.6714324951172,0.2388069331645965,1,6386,243.53921508789065,54.84506607055664,35.22736961975792,0.2387439803542115,-1.822064798296853,-1.3505012126565628,4.521666049957275,4.249475479125977,211.6714324951172,0.2388069331645965,1,0.0
2542,242.60916137695312,55.04207229614258,1.0660081772901775,0.2240454979560384,-0.5855609995452513,-0.0942206558982814,2.3408594131469727,2.3199753761291504,230.8669586181641,0.1397775411605835,1,2542,242.60916137695312,55.04207229614258,1.0660081772901775,0.172313300471146,-0.6619163811174511,-0.0901879733997257,2.3408594131469727,2.3199753761291504,230.8669586181641,0.1397775411605835,1,0.0
7876,242.58258056640625,54.7520751953125,17.802250283679466,0.2239511280008396,-1.0397125425288558,-0.5393356032468948,2.262042760848999,1.9421576261520384,44.255760192871094,0.3123405873775482,1,7876,242.58258056640625,54.7520751953125,17.802250283679466,0.1841373024033721,-0.956909266293286,-0.3664762264339347,2.262042760848999,1.9421576261520384,44.255760192871094,0.3123405873775482,1,0.0
11820,241.5845947265625,55.17399597167969,34.99225570560905,0.2238863133076879,-2.5011400267982697,-2.3077563061202575,1.8037630319595337,1.1439582109451294,104.87574768066406,0.4151107966899872,1,11820,241.5845947265625,55.17399597167969,34.99225570560905,0.2351870998099653,-1.826761571853716,-1.329512708487256,1.8037630319595337,1.1439582109451294,104.87574768066406,0.4151107966899872,1,0.0
7896,242.4141082763672,55.37107849121094,20.159050103451225,0.2237554986610233,-1.167228608796789,-0.677999436779861,2.945263385772705,1.0892304182052612,179.49728393554688,0.2843884527683258,1,7896,242.4141082763672,55.37107849121094,20.159050103451225,0.1882103961200783,-1.0357142163492523,-0.4496079429985188,2.945263385772705,1.0892304182052612,179.49728393554688,0.2843884527683258,1,0.0
1378,243.20672607421875,54.745121002197266,28.264194167035292,0.2237539788928981,-1.7296848722026144,-1.3673160002400255,3.105947732925415,3.1019551753997803,343.47998046875,0.0923444405198097,1,1378,243.20672607421875,54.745121002197266,28.264194167035292,0.2118624877331413,-1.3626325153506391,-0.8429989653135496,3.105947732925415,3.1019551753997803,343.47998046875,0.0923444405198097,1,0.0
407,242.3854522705078,54.77560806274414,17.716212986548513,0.2237234574233746,-0.99161177092889,-0.5344078996508194,1.8783305883407593,1.2787035703659058,248.0471649169922,0.0652033537626266,1,407,242.3854522705078,54.77560806274414,17.716212986548513,0.1872494509965232,-0.9101261585361452,-0.3633552625476076,1.8783305883407593,1.2787035703659058,248.0471649169922,0.0652033537626266,1,0.0
11770,242.39781188964844,54.59059143066406,28.206727938735007,0.2234648175470789,-1.7721734064524637,-1.3605469517509257,2.759263753890991,2.024192571640014,276.8676452636719,0.3898146450519562,1,11770,242.39781188964844,54.59059143066406,28.206727938735007,0.2072049195044376,-1.4068049314489983,-0.8388304175529013,2.759263753890991,2.024192571640014,276.8676452636719,0.3898146450519562,1,0.0
1480,243.54391479492188,54.86018371582031,35.070373109547155,0.222924861448672,-2.4635949853457704,-2.321956367642848,2.2289862632751465,0.6909027695655823,232.77394104003903,0.119086317718029,1,1480,243.54391479492188,54.86018371582031,35.070373109547155,0.2392934193346499,-1.7853600464473474,-1.337109830151472,2.2289862632751465,0.6909027695655823,232.77394104003903,0.119086317718029,1,0.0
38900,242.1200714111328,55.73033905029297,43.799883486896405,0.2229118260057464,-4.210757121604335,-4.450594945056465,-100.0,-100.0,-100.0,2.7736082077026367,6,38900,242.1200714111328,55.73033905029297,43.799883486896405,0.2660364541443664,-2.789354832563326,-2.214154523994638,-100.0,-100.0,-100.0,2.7736082077026367,6,0.0
7922,242.8898162841797,55.23670196533203,15.48184494759242,0.2228571773800397,-0.9311532508175602,-0.424188194350877,1.980098843574524,1.8572344779968264,177.644287109375,0.321262001991272,1,7922,242.8898162841797,55.23670196533203,15.48184494759242,0.1797905907387688,-0.8887629116184437,-0.2961424869539654,1.980098843574524,1.8572344779968264,177.644287109375,0.321262001991272,1,0.0
11517,242.22415161132812,55.303165435791016,19.54474619253826,0.2227773488273745,-1.1463781533185138,-0.6393474666508421,1.572921872138977,1.5287127494812012,64.2974853515625,0.3785985112190246,1,11517,242.22415161132812,55.303165435791016,19.54474619253826,0.1851223423590421,-1.0279676704600105,-0.4261603607718298,1.572921872138977,1.5287127494812012,64.2974853515625,0.3785985112190246,1,0.0
8018,243.0910491943359,54.69855117797851,27.42794236974978,0.2227300690260942,-1.6885814207121912,-1.2774166499325583,1.75451922416687,1.740860104560852,36.23951721191406,0.3104999959468841,1,8018,243.0910491943359,54.69855117797851,27.42794236974978,0.2053491653800729,-1.3512402856734538,-0.7931581143006264,1.75451922416687,1.740860104560852,36.23951721191406,0.3104999959468841,1,0.0
7825,242.8189392089844,54.934043884277344,10.71375687158284,0.2223988273183003,-0.7607185143536895,-0.2468655572038137,1.670167088508606,1.1169476509094238,190.12716674804688,0.3024987578392029,1,7825,242.8189392089844,54.934043884277344,10.71375687158284,0.1740015476939091,-0.7816841388496447,-0.1863730087273889,1.670167088508606,1.1169476509094238,190.12716674804688,0.3024987578392029,1,0.0
16504,243.2239227294922,54.512210845947266,39.14332648596602,0.2221561807234215,-3.108523124640538,-3.164550441755443,5.0271100997924805,1.2865694761276243,215.70684814453125,0.5704555511474609,1,16504,243.2239227294922,54.512210845947266,39.14332648596602,0.2551760082108632,-2.1682646492151383,-1.7299390103943608,5.0271100997924805,1.2865694761276243,215.70684814453125,0.5704555511474609,1,0.0
32443,242.74891662597656,54.57988357543945,28.730216432531627,0.2219718975961346,-1.9342993726209168,-1.41422023842723,2.1750853061676025,1.604490876197815,23.964014053344727,1.6767336130142212,2,32443,242.74891662597656,54.57988357543945,28.730216432531627,0.1979565833538924,-1.544179451902604,-0.8629218696260704,2.1750853061676025,1.604490876197815,23.964014053344727,1.6767336130142212,2,0.0
30573,242.5412139892578,54.59896469116211,27.022769499747888,0.2219180204461884,-1.6164585466836896,-1.143060955204377,-100.0,-100.0,-100.0,1.6007699966430664,4,30573,242.5412139892578,54.59896469116211,27.022769499747888,0.2100034743888443,-1.2163425311543818,-0.6810275523261522,-100.0,-100.0,-100.0,1.6007699966430664,4,0.0
11544,242.9214324951172,55.30325698852539,19.2259653952062,0.2217541129089845,-1.1282737981779856,-0.6198203875973393,1.8827487230300903,0.4290211498737335,334.6082763671875,0.4008485078811645,1,11544,242.9214324951172,55.30325698852539,19.2259653952062,0.1837323987590887,-1.0164377308213994,-0.4143351704390636,1.8827487230300903,0.4290211498737335,334.6082763671875,0.4008485078811645,1,0.0
7951,242.22055053710935,54.72294235229492,23.161988221424988,0.2217114959501405,-1.3579456757145822,-0.8909756183601596,3.904193162918091,0.8854279518127441,148.9000244140625,0.3172542452812195,1,7951,242.22055053710935,54.72294235229492,23.161988221424988,0.1928840789791505,-1.152507431521103,-0.5744999431826783,3.904193162918091,0.8854279518127441,148.9000244140625,0.3172542452812195,1,0.0
1193,242.370361328125,55.04258728027344,7.2311971313829,0.2217018030991849,-0.643872441913435,-0.1619953880169939,1.089146614074707,0.9902122020721436,232.8245849609375,0.1138286292552948,1,1193,242.370361328125,55.04258728027344,7.2311971313829,0.173278451130836,-0.6955957446534795,-0.1331003322763138,1.089146614074707,0.9902122020721436,232.8245849609375,0.1138286292552948,1,0.0
16361,242.37646484375,55.422882080078125,23.50607390176983,0.221697162499688,-1.4152984707736216,-0.917292795366218,1.4295110702514648,1.395290732383728,42.82685089111328,0.5726767182350159,1,16361,242.37646484375,55.422882080078125,23.50607390176983,0.1910147821034956,-1.1994915884400892,-0.5888503938036411,1.4295110702514648,1.395290732383728,42.82685089111328,0.5726767182350159,1,0.0
9848,242.2780914306641,55.42762756347656,24.973674098739487,0.2215374772415154,-1.4966550971264925,-1.0416500494046483,1.2287163734436035,0.8747819662094116,281.6971740722656,0.3619393408298492,1,9848,242.2780914306641,55.42762756347656,24.973674098739487,0.1966363221579869,-1.2392553169724634,-0.6609272950509946,1.2287163734436035,0.8747819662094116,281.6971740722656,0.3619393408298492,1,0.0
26583,242.5204315185547,54.545433044433594,30.27187260997051,0.2214734148967274,-2.0349019788258347,-1.601175010756959,2.201096534729004,2.200744152069092,194.32882690429688,1.031372308731079,1,26583,242.5204315185547,54.545433044433594,30.27187260997051,0.2066547958378852,-1.586120162689308,-0.9661208733556076,2.201096534729004,2.200744152069092,194.32882690429688,1.031372308731079,1,0.0
27122,242.0009002685547,54.75196838378906,26.77506170130211,0.2213292819041241,-1.819498538244028,-1.1182612785662978,-100.0,-100.0,-100.0,1.1443325281143188,6,27122,242.0009002685547,54.75196838378906,26.77506170130211,0.1898710889710642,-1.4278044893477486,-0.6671996356325852,-100.0,-100.0,-100.0,1.1443325281143188,6,0.0
32182,242.28787231445312,54.889896392822266,13.871129201555208,0.2211172907862056,-0.991149304503926,-0.3492140810388978,1.8099961280822752,0.9059693217277528,71.51670837402344,1.6119903326034546,2,32182,242.28787231445312,54.889896392822266,13.871129201555208,0.1674814070404988,-0.9659056009175402,-0.2434610225169794,1.8099961280822752,0.9059693217277528,71.51670837402344,1.6119903326034546,2,0.0
11554,242.37440490722656,54.817630767822266,15.58165826429023,0.2209487626819308,-0.9497309963251812,-0.4283605903407922,1.8969646692276,0.9245215654373168,125.03746032714844,0.4021114706993103,1,11554,242.37440490722656,54.817630767822266,15.58165826429023,0.1773268052670162,-0.905424739688527,-0.2984380136699864,1.8969646692276,0.9245215654373168,125.03746032714844,0.4021114706993103,1,0.0
17718,242.23751831054688,55.62082290649414,36.26296315616421,0.220577939392289,-2.693623172110875,-2.541464594842062,1.6390759944915771,0.3815922141075134,304.4439392089844,0.5979928970336914,1,17718,242.23751831054688,55.62082290649414,36.26296315616421,0.2357201352070327,-1.9449293772998808,-1.4420105063586195,1.6390759944915771,0.3815922141075134,304.4439392089844,0.5979928970336914,1,0.0
34074,242.45249938964844,55.04529571533203,4.402937069975197,0.2203640534741491,-0.7729463463195668,-0.110970779212181,0.9409952163696288,0.9227479696273804,83.92018127441406,1.8562095165252688,2,34074,242.45249938964844,55.04529571533203,4.402937069975197,0.159122495968471,-0.8326785082992497,-0.0936075041219971,0.9409952163696288,0.9227479696273804,83.92018127441406,1.8562095165252688,2,0.0
37232,242.5034942626953,55.57963180541992,31.959475984063495,0.2203302821713369,-2.2959194638088425,-1.821906224388362,1.7578333616256714,1.4415656328201294,89.69633483886719,2.2343239784240723,2,37232,242.5034942626953,55.57963180541992,31.959475984063495,0.2046520488245655,-1.767907792223985,-1.0766546581351255,1.7578333616256714,1.4415656328201294,89.69633483886719,2.2343239784240723,2,0.0
34303,243.3794403076172,54.994842529296875,27.671906421152087,0.2201533799540706,-1.8520001537819673,-1.2972314156851377,0.5304298996925354,0.5137699246406555,162.50917053222656,1.8031809329986572,2,34303,243.3794403076172,54.994842529296875,27.671906421152087,0.1920950579517326,-1.4997717376005786,-0.7979958597664479,0.5304298996925354,0.5137699246406555,162.50917053222656,1.8031809329986572,2,0.0
23791,242.14366149902344,54.79886245727539,21.25211290367522,0.2201440096973803,-1.3040691190523468,-0.7481729175612689,2.207153558731079,2.09521222114563,270.83428955078125,0.8957870602607727,1,23791,242.14366149902344,54.79886245727539,21.25211290367522,0.1818841507559916,-1.144737590509772,-0.4887036520397021,2.207153558731079,2.09521222114563,270.83428955078125,0.8957870602607727,1,0.0
17656,242.5760803222656,54.56564712524414,28.988174454342793,0.2196943642445896,-1.869323533875426,-1.447916691043159,2.089561462402344,0.7811064720153809,306.7894287109375,0.6002766489982605,1,17656,242.5760803222656,54.56564712524414,28.988174454342793,0.2040946938149334,-1.4737966351098688,-0.8855490410524502,2.089561462402344,0.7811064720153809,306.7894287109375,0.6002766489982605,1,0.0
26681,242.633544921875,55.07394790649414,2.368608670070189,0.2192148743138451,-0.1376754456498052,-0.0073377504962356,-100.0,-100.0,-100.0,1.1730695962905884,4,26681,242.633544921875,55.07394790649414,2.368608670070189,0.2077622333307143,-0.135009125716646,-0.0047063807915285,-100.0,-100.0,-100.0,1.1730695962905884,4,0.0
10101,242.71060180664065,54.40108871459961,39.12209341362102,0.2190374335609913,-3.077928956733169,-3.1596088341923614,4.85088586807251,2.858156204223633,0.5423641204833984,0.3399690389633178,1,10101,242.71060180664065,54.40108871459961,39.12209341362102,0.2543506886974293,-2.1395087503224146,-1.7280824262058747,4.85088586807251,2.858156204223633,0.5423641204833984,0.3399690389633178,1,0.0
28455,242.22882080078125,54.5994758605957,29.571092950341317,0.2187873878223258,-1.8357409329194696,-1.4245271013224483,-100.0,-100.0,-100.0,1.4909950494766235,6,28455,242.22882080078125,54.5994758605957,29.571092950341317,0.2165411491679846,-1.341268666324619,-0.8347138500113991,-100.0,-100.0,-100.0,1.4909950494766235,6,0.0
38158,243.3458709716797,54.79646301269531,30.425997044312982,0.2187596206838556,-2.145817295643154,-1.6150599762071527,2.892535448074341,2.284945249557495,255.8471221923828,2.479550361633301,2,38158,243.3458709716797,54.79646301269531,30.425997044312982,0.1968198496756136,-1.6845009582513717,-0.9673858072525284,2.892535448074341,2.284945249557495,255.8471221923828,2.479550361633301,2,0.0
32544,241.8173370361328,55.43712615966797,34.989443664775344,0.2185694109018187,-2.616154746893049,-2.303051550424404,2.0117287635803223,1.937605142593384,74.97370910644531,1.570369005203247,2,32544,241.8173370361328,55.43712615966797,34.989443664775344,0.2188771882995694,-1.9372344605388687,-1.322243258944042,2.0117287635803223,1.937605142593384,74.97370910644531,1.570369005203247,2,0.0
28562,242.9501037597656,54.9282341003418,14.637064777408156,0.2184120274421087,-1.0243705327945232,-0.294758313034849,-100.0,-100.0,-100.0,1.4305936098098757,6,28562,242.9501037597656,54.9282341003418,14.637064777408156,0.168587229063089,-0.9185454162383794,-0.1847655653015554,-100.0,-100.0,-100.0,1.4305936098098757,6,0.0
30533,243.6006317138672,55.523555755615234,45.01706275659031,0.2182990210451265,-4.282026117222608,-5.007278440387655,2.791480779647827,2.7787609100341797,339.8332214355469,1.3780090808868408,2,30533,243.6006317138672,55.523555755615234,45.01706275659031,0.2888691324725758,-2.803993477898098,-2.4761641661337177,2.791480779647827,2.7787609100341797,339.8332214355469,1.3780090808868408,2,0.0
23160,243.07598876953125,55.54875183105469,34.44431143229602,0.2182864594499708,-2.973632769963604,-2.1206253224085905,-100.0,-100.0,-100.0,0.8938650488853455,6,23160,243.07598876953125,55.54875183105469,34.44431143229602,0.183367325931639,-2.252348593780011,-1.1937291800693772,-100.0,-100.0,-100.0,0.8938650488853455,6,0.0
8123,242.8134307861328,55.53536605834961,30.260906033737086,0.2182007777719084,-1.952690341861415,-1.6023179011348976,5.807077884674072,1.1770994663238523,19.038619995117188,0.2798119485378265,1,8123,242.8134307861328,55.53536605834961,30.260906033737086,0.2105390909425158,-1.5071155793165585,-0.969457448954846,5.807077884674072,1.1770994663238523,19.038619995117188,0.2798119485378265,1,0.0
3321,243.16603088378903,54.99802780151367,20.369795150502764,0.2179626089590821,-1.2761767555607473,-0.5988040792914037,-100.0,-100.0,-100.0,0.2151525020599365,6,3321,243.16603088378903,54.99802780151367,20.369795150502764,0.1793000072468457,-1.0631218128284732,-0.3685795861947324,-100.0,-100.0,-100.0,0.2151525020599365,6,0.0
27208,242.79763793945312,55.4093017578125,22.87255445967248,0.2176657515997501,-1.5447815590068188,-0.7757542676162565,-100.0,-100.0,-100.0,1.249718427658081,6,27208,242.79763793945312,55.4093017578125,22.87255445967248,0.1757905061457937,-1.270258423451914,-0.4724271750396028,-100.0,-100.0,-100.0,1.249718427658081,6,0.0
37149,242.66929626464844,55.43083572387695,23.124162310177756,0.2176159128311897,-1.5197993188539405,-0.8799769761495368,4.296902656555176,4.296864986419678,343.4395751953125,2.1290037631988525,2,37149,242.66929626464844,55.43083572387695,23.124162310177756,0.1768437148854978,-1.306700736163958,-0.5598380236430056,4.296902656555176,4.296864986419678,343.4395751953125,2.1290037631988525,2,0.0
13166,242.82568359375,54.85404586791992,14.41927080985178,0.2175979321592505,-0.9085634917286636,-0.3777466251435727,1.6629735231399536,0.9211716651916504,171.79759216308594,0.4455167651176452,1,13166,242.82568359375,54.85404586791992,14.41927080985178,0.172630298393141,-0.882204251190219,-0.2673314699970235,1.6629735231399536,0.9211716651916504,171.79759216308594,0.4455167651176452,1,0.0
22884,242.47091674804688,55.367897033691406,19.510917161030218,0.2173107727988871,-1.1970360030548328,-0.6356360254798662,1.7991547584533691,1.7400342226028442,178.90960693359375,0.8704526424407959,1,22884,242.47091674804688,55.367897033691406,19.510917161030218,0.1766196589462707,-1.077600461705808,-0.4222676290066594,1.7991547584533691,1.7400342226028442,178.90960693359375,0.8704526424407959,1,0.0
15153,242.52340698242188,54.47212219238281,34.65557397834328,0.2168437899940676,-2.138158079885954,-2.156490213509777,-100.0,-100.0,-100.0,0.5454915165901184,6,15153,242.52340698242188,54.47212219238281,34.65557397834328,0.2632013060677313,-1.4054049943128393,-1.2114833308347115,-100.0,-100.0,-100.0,0.5454915165901184,6,0.0
409,242.95846557617188,54.77862930297851,20.80142035092487,0.2167280475216392,-1.1615346300143152,-0.7195662130874205,1.370819926261902,0.8877241611480713,297.10601806640625,0.0450790897011756,1,409,242.95846557617188,54.77862930297851,20.80142035092487,0.1869668597986579,-1.0150768528700185,-0.4740392875975028,1.370819926261902,0.8877241611480713,297.10601806640625,0.0450790897011756,1,0.0
27072,243.8004608154297,55.182098388671875,42.622271770079344,0.2165524449798292,-3.992172840373329,-4.047112162689014,-100.0,-100.0,-100.0,1.2406541109085083,6,27072,243.8004608154297,55.182098388671875,42.622271770079344,0.2476489237506827,-2.686223412305937,-2.054466872572281,-100.0,-100.0,-100.0,1.2406541109085083,6,0.0
16489,243.233642578125,55.4888801574707,34.58087220457695,0.2164432876699364,-2.468614277860461,-2.236028050823911,1.7262603044509888,1.187256097793579,191.97244262695312,0.5685828924179077,1,16489,243.233642578125,55.4888801574707,34.58087220457695,0.2236099332966836,-1.816241963330121,-1.2934397304681964,1.7262603044509888,1.187256097793579,191.97244262695312,0.5685828924179077,1,0.0
19847,242.79478454589844,55.090938568115234,7.786017094106718,0.2164404815875243,-0.7370350799171994,-0.1707822864516751,1.6543408632278442,1.5838708877563477,81.3529052734375,0.7225733399391174,1,19847,242.79478454589844,55.090938568115234,7.786017094106718,0.1638164563561512,-0.7820855109865649,-0.1362401116390707,1.6543408632278442,1.5838708877563477,81.3529052734375,0.7225733399391174,1,0.0
2823,241.7975921630859,54.910587310791016,28.20136113684511,0.2163618668762948,-1.7333031574092013,-1.3604932833023755,3.826321840286255,1.9172616004943848,260.3228454589844,0.1705495119094848,1,2823,241.7975921630859,54.910587310791016,28.20136113684511,0.2038556451714741,-1.3687056896206742,-0.8394056807513279,3.826321840286255,1.9172616004943848,260.3228454589844,0.1705495119094848,1,0.0
23795,242.0951690673828,55.2295036315918,19.863422464631352,0.216330910192443,-1.2211439487207434,-0.6569055279931918,3.2169370651245117,1.518870830535889,40.96612930297851,0.8927011489868164,1,23795,242.0951690673828,55.2295036315918,19.863422464631352,0.1761547685304707,-1.0935182731398758,-0.4345141061971651,3.2169370651245117,1.518870830535889,40.96612930297851,0.8927011489868164,1,0.0
4813,241.35076904296875,54.83235931396485,44.32531797198892,0.2162301140205762,-4.00157701567326,-4.739028770327044,3.779183387756348,3.7735846042633057,345.29034423828125,0.1885096430778503,1,4813,241.35076904296875,54.83235931396485,44.32531797198892,0.2953207794292427,-2.6031146274349255,-2.379574247728007,3.779183387756348,3.7735846042633057,345.29034423828125,0.1885096430778503,1,0.0
17676,241.63775634765625,55.03818130493164,32.41300973584738,0.2161022879109823,-2.220103913894801,-1.893726991888328,1.8234186172485352,1.7115882635116575,264.638427734375,0.606121838092804,1,17676,241.63775634765625,55.03818130493164,32.41300973584738,0.2131837898765752,-1.6780146569306489,-1.1210593166683365,1.8234186172485352,1.7115882635116575,264.638427734375,0.606121838092804,1,0.0
34386,243.20867919921875,54.70816421508789,29.798103964809098,0.2155716342741956,-2.047464790129159,-1.5383835526467762,1.0988683700561523,1.042505145072937,177.38217163085938,1.875716209411621,2,34386,243.20867919921875,54.70816421508789,29.798103964809098,0.1947553094199677,-1.613837286055149,-0.9283430018262592,1.0988683700561523,1.042505145072937,177.38217163085938,1.875716209411621,2,0.0
8184,242.0246124267578,54.6009521484375,33.03118346166146,0.2154356800138992,-2.2499958992197464,-1.9868249629901331,2.0427186489105225,1.4253931045532229,189.83705139160156,0.2768739759922027,1,8184,242.0246124267578,54.6009521484375,33.03118346166146,0.218705671599137,-1.6788370192231064,-1.1695128375010726,2.0427186489105225,1.4253931045532229,189.83705139160156,0.2768739759922027,1,0.0
32536,241.69461059570312,54.84856033325195,32.803078461373445,0.2147351742197315,-2.3526388442675312,-1.9472206486135089,1.1002832651138306,1.0706582069396973,121.64688873291016,1.5112829208374023,2,32536,241.69461059570312,54.84856033325195,32.803078461373445,0.2057733842501985,-1.7871979017483832,-1.143747521441833,1.1002832651138306,1.0706582069396973,121.64688873291016,1.5112829208374023,2,0.0
5838,242.9296417236328,55.074920654296875,12.101063979262198,0.2144017299348897,-0.7957845626894197,-0.2909847129189052,2.3137266635894775,1.558544397354126,139.2758331298828,0.227709025144577,1,5838,242.9296417236328,55.074920654296875,12.101063979262198,0.1695859919165341,-0.8010878035199043,-0.2140398440529175,2.3137266635894775,1.558544397354126,139.2758331298828,0.227709025144577,1,0.0
30261,242.59266662597656,55.60259246826172,33.23155794249084,0.2143184786917848,-2.38724532259364,-2.0133042730421704,1.857858180999756,1.5224997997283936,298.7076110839844,1.4844008684158323,2,30261,242.59266662597656,55.60259246826172,33.23155794249084,0.208348765303167,-1.80149683160987,-1.1781649594995716,1.857858180999756,1.5224997997283936,298.7076110839844,1.4844008684158323,2,0.0
34281,243.12698364257812,55.221153259277344,21.40943284675857,0.2142553413741459,-1.3821401206738682,-0.7544074234105699,2.138558864593506,1.2376447916030884,34.67679977416992,1.750760793685913,2,34281,243.12698364257812,55.221153259277344,21.40943284675857,0.1724580831968791,-1.214003695389151,-0.4875957526828373,2.138558864593506,1.2376447916030884,34.67679977416992,1.750760793685913,2,0.0
23755,242.8922119140625,55.17185592651367,13.00080437995296,0.2142369022267141,-0.9051256162191696,-0.3201997715458957,1.152934193611145,1.140622615814209,333.05389404296875,0.9014634490013124,1,23755,242.8922119140625,55.17185592651367,13.00080437995296,0.1649186673967587,-0.8963170347561615,-0.2296197934263774,1.152934193611145,1.140622615814209,333.05389404296875,0.9014634490013124,1,0.0
6121,242.3400726318359,55.43265151977539,24.456160607971313,0.2141426274207317,-1.4429321676081694,-0.9969823127788748,1.311362624168396,1.1900808811187744,263.7922058105469,0.2686872184276581,1,6121,242.3400726318359,55.43265151977539,24.456160607971313,0.1899580047217437,-1.2012239188058202,-0.6357013021472192,1.311362624168396,1.1900808811187744,263.7922058105469,0.2686872184276581,1,0.0
1402,242.0193328857422,55.37736892700195,27.525050422248825,0.2141054253107358,-1.6637786183782428,-1.2877219226277974,1.3370590209960938,1.23215913772583,203.42559814453125,0.0953113064169883,1,1402,242.0193328857422,55.37736892700195,27.525050422248825,0.200471118541045,-1.323225567526261,-0.7991521994978941,1.3370590209960938,1.23215913772583,203.42559814453125,0.0953113064169883,1,0.0
34462,243.48226928710935,55.27159118652344,33.67864866995539,0.2131362108834624,-2.4679721373793626,-2.0822420465607445,1.6457622051239014,1.636696696281433,299.73114013671875,1.791470646858215,2,34462,243.48226928710935,55.27159118652344,33.67864866995539,0.2066394660135484,-1.8580665940026788,-1.2114982749752092,1.6457622051239014,1.636696696281433,299.73114013671875,1.791470646858215,2,0.0
20946,242.2681884765625,55.378944396972656,22.50967755687677,0.2128355875050655,-1.3703272251340146,-0.8394681641206987,3.1660573482513428,1.00935697555542,147.28863525390625,0.7729962468147278,1,20946,242.2681884765625,55.378944396972656,22.50967755687677,0.1794416076762225,-1.1805933314747177,-0.5430632897220117,3.1660573482513428,1.00935697555542,147.28863525390625,0.7729962468147278,1,0.0
11420,242.48204040527344,55.31234359741211,16.16935206096461,0.2128188490057593,-0.9756674959171436,-0.4558201896483341,2.7605457305908203,0.8852592706680298,192.3060607910156,0.3821119964122772,1,11420,242.48204040527344,55.31234359741211,16.16935206096461,0.1715949249719586,-0.9216394330189204,-0.3152148674238565,2.7605457305908203,0.8852592706680298,192.3060607910156,0.3821119964122772,1,0.0
35736,242.26217651367188,55.02679061889648,11.021927927134998,0.2124718978383651,-0.9202782174891166,-0.2477620667992835,1.3325586318969729,0.7127268314361572,273.335205078125,2.0833325386047363,2,35736,242.26217651367188,55.02679061889648,11.021927927134998,0.1565305697314359,-0.9289094497359116,-0.1787377880761055,1.3325586318969729,0.7127268314361572,273.335205078125,2.0833325386047363,2,0.0
4386,242.25454711914065,54.754581451416016,20.928150984699528,0.212412389740015,-1.1974250757722058,-0.7286741078813334,2.0203373432159424,1.7265952825546265,82.74344635009766,0.2133627086877823,1,4386,242.25454711914065,54.754581451416016,20.928150984699528,0.1813014888601686,-1.0485681112496552,-0.4798228286245592,2.0203373432159424,1.7265952825546265,82.74344635009766,0.2133627086877823,1,0.0
26263,242.5611572265625,55.109954833984375,3.729972131962349,0.2122929365898856,-0.7062574754019216,-0.1076832543835139,7.703213691711426,1.7106791734695437,236.55615234375,1.0102719068527222,1,26263,242.5611572265625,55.109954833984375,3.729972131962349,0.1568559771336882,-0.7728785559520568,-0.0954643947265141,7.703213691711426,1.7106791734695437,236.55615234375,1.0102719068527222,1,0.0
29951,242.12164306640625,54.989219665527344,16.181418197408675,0.2121446304997742,-1.0753096699955542,-0.4521308059243122,1.5764387845993042,1.1544489860534668,203.11085510253903,1.401749610900879,2,29951,242.12164306640625,54.989219665527344,16.181418197408675,0.164211659141866,-1.016364705626574,-0.3086022726156083,1.5764387845993042,1.1544489860534668,203.11085510253903,1.401749610900879,2,0.0
35963,242.4149932861328,54.61080551147461,26.893171977270512,0.2121270693073973,-1.7969117036748006,-1.215997630815434,1.034048557281494,0.9529091715812684,64.13870239257812,1.9716190099716189,2,35963,242.4149932861328,54.61080551147461,26.893171977270512,0.1820782250924914,-1.4706587330663912,-0.7518492272715187,1.034048557281494,0.9529091715812684,64.13870239257812,1.9716190099716189,2,0.0
18543,242.54486083984375,54.98714447021485,3.895251058358322,0.2120893979174833,-0.6727619961692214,-0.1109586416180483,1.5273534059524536,1.3983978033065796,83.67797088623047,0.6522384881973267,1,18543,242.54486083984375,54.98714447021485,3.895251058358322,0.1590404757500858,-0.7405570094497291,-0.0991266126993898,1.5273534059524536,1.3983978033065796,83.67797088623047,0.6522384881973267,1,0.0
8122,243.4408416748047,55.18216323852539,30.59020280925749,0.2119528237730153,-1.9856605323908827,-1.6441709212333635,1.9148024320602417,1.8882927894592283,358.43743896484375,0.2757959067821502,1,8122,243.4408416748047,55.18216323852539,30.59020280925749,0.2057053331737327,-1.5261408667237666,-0.9916058714591932,1.9148024320602417,1.8882927894592283,358.43743896484375,0.2757959067821502,1,0.0
2620,242.10560607910156,54.83955764770508,20.624286348766702,0.2115472412921481,-1.1706536464038049,-0.7084467037281184,3.261129379272461,1.3947097063064575,266.6454772949219,0.1660777330398559,1,2620,242.10560607910156,54.83955764770508,20.624286348766702,0.1806184456936587,-1.028916857862515,-0.4679665625828593,3.261129379272461,1.3947097063064575,266.6454772949219,0.1660777330398559,1,0.0
18876,241.7797393798828,55.59027099609375,42.459228399353705,0.2114835088776183,-3.5787157851601985,-3.9946110292915145,-100.0,-100.0,-100.0,0.7130699157714844,4,18876,241.7797393798828,55.59027099609375,42.459228399353705,0.2828174849386959,-2.2879634730054508,-2.0331357520631483,-100.0,-100.0,-100.0,0.7130699157714844,4,0.0
20147,241.953125,55.36859130859375,28.799992863825537,0.2111074079047931,-1.4309525434011054,-1.3342611438952563,-100.0,-100.0,-100.0,0.7376931309700012,6,20147,241.953125,55.36859130859375,28.799992863825537,0.2373246545024369,-0.9665795617977024,-0.7859908389776961,-100.0,-100.0,-100.0,0.7376931309700012,6,0.0
34219,242.57241821289065,55.34508514404297,17.78062339547797,0.21105331424828,-1.1773350097034578,-0.5308042150818785,2.114257574081421,1.8578343391418457,103.22393798828124,1.7744349241256714,2,34219,242.57241821289065,55.34508514404297,17.78062339547797,0.1638863265094578,-1.0870393658204591,-0.3540487978334902,2.114257574081421,1.8578343391418457,103.22393798828124,1.7744349241256714,2,0.0
28377,243.33648681640625,55.0265998840332,26.028374812143692,0.2109469159715373,-1.7468444919383503,-1.0456297133231751,-100.0,-100.0,-100.0,1.3001830577850342,6,28377,243.33648681640625,55.0265998840332,26.028374812143692,0.1798992861049853,-1.3797814358013547,-0.626559368423811,-100.0,-100.0,-100.0,1.3001830577850342,6,0.0
38186,242.96707153320312,54.54754638671875,32.91276844491669,0.2109327136144692,-2.4119509789789704,-1.9601858024652137,2.376337766647339,1.8158577680587769,174.10643005371094,2.418203592300415,2,38186,242.96707153320312,54.54754638671875,32.91276844491669,0.1987468035550995,-1.8372905641763888,-1.1464281530503293,2.376337766647339,1.8158577680587769,174.10643005371094,2.418203592300415,2,0.0
7954,243.33709716796875,54.9437370300293,26.793957999585466,0.210184784086887,-1.635025995531354,-1.2129750893113107,2.5842177867889404,1.5416806936264038,262.1835632324219,0.2798735201358795,1,7954,243.33709716796875,54.9437370300293,26.793957999585466,0.1919275643810307,-1.3196928312208118,-0.7576016593070222,2.5842177867889404,1.5416806936264038,262.1835632324219,0.2798735201358795,1,0.0
28575,243.4081573486328,54.48717498779297,44.22884943757402,0.2099031187549662,-4.069162529809779,-4.608891163139715,-100.0,-100.0,-100.0,1.4393268823623655,6,28575,243.4081573486328,54.48717498779297,44.22884943757402,0.2799583438918931,-2.6030766067869657,-2.275110297825071,-100.0,-100.0,-100.0,1.4393268823623655,6,0.0
396,243.1892547607422,55.06819915771485,20.953793812129085,0.209599470510591,-1.1705701188494866,-0.7297282842413751,4.815707206726074,1.1299761533737185,312.0395202636719,0.0655724257230758,1,396,243.1892547607422,55.06819915771485,20.953793812129085,0.1811328243667942,-1.020454395028786,-0.4800095276914343,4.815707206726074,1.1299761533737185,312.0395202636719,0.0655724257230758,1,0.0
20957,242.3689117431641,55.39364242553711,21.92183008149908,0.209532657235041,-1.3306874024512536,-0.7956979523998432,7.464550971984863,1.5426206588745115,171.17437744140625,0.7521334886550903,1,20957,242.3689117431641,55.39364242553711,21.92183008149908,0.1755625243672361,-1.1554076294187106,-0.5170436709556631,7.464550971984863,1.5426206588745115,171.17437744140625,0.7521334886550903,1,0.0
1330,241.85777282714844,54.88755416870117,26.70364655703872,0.2095312036693588,-1.5941168932391416,-1.2041202257774746,1.877299189567566,1.672993540763855,259.7254638671875,0.090424858033657,1,1330,241.85777282714844,54.88755416870117,26.70364655703872,0.193783509034864,-1.2819644027574473,-0.7527963002653287,1.877299189567566,1.672993540763855,259.7254638671875,0.090424858033657,1,0.0
30289,242.2752685546875,54.49277114868164,34.99242999865228,0.2094189504895743,-2.60258233587715,-2.3045644405391608,0.9615897536277772,0.9611235857009888,50.489471435546875,1.411749005317688,2,30289,242.2752685546875,54.49277114868164,34.99242999865228,0.2109199878382517,-1.9246076550339624,-1.3241923692866024,0.9615897536277772,0.9611235857009888,50.489471435546875,1.411749005317688,2,0.0
4413,242.4924468994141,54.71419906616211,20.303133665985687,0.2094034511493198,-1.159855821285061,-0.6873983967703388,1.0600296258926392,1.0479174852371216,6.894865036010742,0.2177179902791977,1,4413,242.4924468994141,54.71419906616211,20.303133665985687,0.177575151687433,-1.025270169479306,-0.4553139776390941,1.0600296258926392,1.0479174852371216,6.894865036010742,0.2177179902791977,1,0.0
9639,242.5436248779297,54.73948287963867,18.601071613224295,0.2091777757212921,-1.087967186039844,-0.5835920920648291,1.6820793151855469,0.8916089534759521,79.50436401367188,0.3384436070919037,1,9639,242.5436248779297,54.73948287963867,18.601071613224295,0.1727479327548807,-0.9892935256131992,-0.3929750131733564,1.6820793151855469,0.8916089534759521,79.50436401367188,0.3384436070919037,1,0.0
7888,241.90907287597656,54.959171295166016,23.719880088237236,0.2086526701563834,-1.3971935069971393,-0.9355046213049312,1.5673894882202148,1.5664455890655518,109.07484436035156,0.2859180271625519,1,7888,241.90907287597656,54.959171295166016,23.719880088237236,0.1827639102635297,-1.1764762815206822,-0.6003270702733684,1.5673894882202148,1.5664455890655518,109.07484436035156,0.2859180271625519,1,0.0
11407,242.15594482421875,55.11088180541992,15.048486139886874,0.208587373940787,-0.9269890205131374,-0.4045516305151027,0.7818080186843872,0.488524466753006,198.40896606445312,0.4114519953727722,1,11407,242.15594482421875,55.11088180541992,15.048486139886874,0.1667423237148955,-0.8910768660429489,-0.2837581505999095,0.7818080186843872,0.488524466753006,198.40896606445312,0.4114519953727722,1,0.0
26363,242.1593780517578,55.23479843139648,18.25028258522802,0.2085601318608606,-1.1426522956071572,-0.5609627473339909,2.1179299354553223,2.109998941421509,175.1007843017578,1.0725659132003784,1,26363,242.1593780517578,55.23479843139648,18.25028258522802,0.1665630497592101,-1.047964426406002,-0.3765583018911151,2.1179299354553223,2.109998941421509,175.1007843017578,1.0725659132003784,1,0.0
18698,242.28367614746097,54.818790435791016,17.17756457995904,0.2084475455761853,-1.05253988752639,-0.5044736037349081,2.6192774772644043,1.9882359504699707,209.56326293945312,0.6306660175323486,1,18698,242.28367614746097,54.818790435791016,17.17756457995904,0.1674141096879421,-0.9792884694193558,-0.3434986975418918,2.6192774772644043,1.9882359504699707,209.56326293945312,0.6306660175323486,1,0.0
38334,241.85720825195312,54.53293991088867,39.79764236348204,0.2082210088872007,-3.24228092451218,-3.2340354140278333,-100.0,-100.0,-100.0,2.5894789695739746,6,38334,241.85720825195312,54.53293991088867,39.79764236348204,0.2443265813839118,-2.175974146023401,-1.7124632908305872,-100.0,-100.0,-100.0,2.5894789695739746,6,0.0
24814,243.2836151123047,54.72734069824219,30.997091121594835,0.2081268292171718,-1.952305464068688,-1.6044495818893,-100.0,-100.0,-100.0,1.0955462455749512,6,24814,243.2836151123047,54.72734069824219,30.997091121594835,0.2134630485251089,-1.3983225491403626,-0.9303952893392896,-100.0,-100.0,-100.0,1.0955462455749512,6,0.0
32079,242.8832092285156,54.99609375,10.882892175758682,0.2075949223326774,-0.8908185095981533,-0.2452487925424898,1.0680280923843384,0.921241044998169,82.91922760009766,1.6045552492141724,2,32079,242.8832092285156,54.99609375,10.882892175758682,0.154412672125663,-0.902831640526663,-0.1789599904293281,1.0680280923843384,0.921241044998169,82.91922760009766,1.6045552492141724,2,0.0
14800,242.04237365722656,55.29970932006836,23.80329532729311,0.2074762719865214,-1.4302014027468315,-0.9416019296051092,1.6320773363113403,1.328270673751831,23.480186462402344,0.4990119934082031,1,14800,242.04237365722656,55.29970932006836,23.80329532729311,0.179887137422862,-1.206317595427007,-0.6030296125249681,1.6320773363113403,1.328270673751831,23.480186462402344,0.4990119934082031,1,0.0
26842,242.69256591796875,55.72636413574219,40.83441423944428,0.2072231216638894,-3.903476494437872,-3.509895306347087,-100.0,-100.0,-100.0,1.1535323858261108,6,26842,242.69256591796875,55.72636413574219,40.83441423944428,0.2036448336636579,-2.7547505793963376,-1.831738673865596,-100.0,-100.0,-100.0,1.1535323858261108,6,0.0
10049,242.85842895507812,54.46585464477539,36.27533267263003,0.2070626991932443,-2.662393793466789,-2.544452101693827,2.5678043365478516,2.2611095905303955,235.28860473632812,0.3408888578414917,1,10049,242.85842895507812,54.46585464477539,36.27533267263003,0.224406570623364,-1.913587704295004,-1.4441458229371895,2.5678043365478516,2.2611095905303955,235.28860473632812,0.3408888578414917,1,0.0
29893,242.23062133789065,55.27298355102539,18.020585528536134,0.2069104273115267,-1.1626601441987785,-0.5460330603206218,3.8872263431549072,2.296602964401245,313.05010986328125,1.3269232511520386,2,29893,242.23062133789065,55.27298355102539,18.020585528536134,0.1627791315630141,-1.069974068765351,-0.365232185332366,3.8872263431549072,2.296602964401245,313.05010986328125,1.3269232511520386,2,0.0
16323,242.0771026611328,55.155704498291016,18.43071806349971,0.2068053632562531,-1.1043309993537085,-0.5728016917494567,1.9180313348770144,0.8107212781906128,324.9378967285156,0.5730776190757751,1,16323,242.0771026611328,55.155704498291016,18.43071806349971,0.1687426418467162,-1.0078946462408618,-0.3854262835378195,1.9180313348770144,0.8107212781906128,324.9378967285156,0.5730776190757751,1,0.0
18671,242.6405487060547,55.35797500610352,18.665688673389788,0.2066548471941011,-1.1279843568282253,-0.5856533583951624,1.364914059638977,0.8706057071685791,118.18997192382812,0.6387882828712463,1,18671,242.6405487060547,55.35797500610352,18.665688673389788,0.1682104997860512,-1.0262096226715076,-0.3924531840970812,1.364914059638977,0.8706057071685791,118.18997192382812,0.6387882828712463,1,0.0
1463,241.53663635253903,54.95729064941406,36.336122813531766,0.2065755151530161,-2.630087314808082,-2.5564679168123963,5.323217868804932,2.1068902015686035,184.8557891845703,0.0840539932250976,1,1463,241.53663635253903,54.95729064941406,36.336122813531766,0.2280440004041315,-1.8779167476028071,-1.4503035938087077,5.323217868804932,2.1068902015686035,184.8557891845703,0.0840539932250976,1,0.0
28073,242.1290740966797,55.26646041870117,20.24817855465196,0.2064446935392535,-1.269052423369878,-0.6793782256910922,0.7562806010246277,0.7517700791358948,26.41688346862793,1.2633438110351562,1,28073,242.1290740966797,55.26646041870117,20.24817855465196,0.1670124869001478,-1.1309945652847364,-0.4461723383527828,0.7562806010246277,0.7517700791358948,26.41688346862793,1.2633438110351562,1,0.0
30187,243.26133728027344,55.39055633544922,31.041867454396797,0.206369934807079,-2.1468643433665213,-1.699228744488766,2.1095781326293945,1.3626209497451782,33.98217010498047,1.4433761835098269,2,30187,243.26133728027344,55.39055633544922,31.041867454396797,0.1925082363897498,-1.663551158599974,-1.0162170712604262,2.1095781326293945,1.3626209497451782,33.98217010498047,1.4433761835098269,2,0.0
32975,243.8140869140625,55.0220832824707,42.44749854423623,0.2062635441427727,-3.636506620537903,-3.9908184672903433,-100.0,-100.0,-100.0,1.762275457382202,6,32975,243.8140869140625,55.0220832824707,42.44749854423623,0.268844394254905,-2.3468405019507905,-2.031666639776907,-100.0,-100.0,-100.0,1.762275457382202,6,0.0
6441,243.7255859375,54.84893035888672,41.24089133962783,0.2062494633686368,-3.4162041238462715,-3.7185466863976617,4.190147876739502,1.4969381093978882,191.5560760498047,0.2668014466762543,1,6441,243.7255859375,54.84893035888672,41.24089133962783,0.2552330015171417,-2.311351162648143,-1.970986352718042,4.190147876739502,1.4969381093978882,191.5560760498047,0.2668014466762543,1,0.0
26542,242.3558349609375,55.501312255859375,28.216446240275527,0.2061481018704317,-1.83934412948981,-1.3592113762533924,1.600893497467041,1.3194936513900757,150.4853973388672,1.0478922128677368,1,26542,242.3558349609375,55.501312255859375,28.216446240275527,0.1860001423370814,-1.4709248138714666,-0.8353519188916532,1.600893497467041,1.3194936513900757,150.4853973388672,1.0478922128677368,1,0.0
4667,242.8245849609375,55.66910171508789,38.13947383326991,0.2061460037774446,-2.9045224374795415,-2.932001514975658,2.496924877166748,2.326744079589844,10.723857879638672,0.1899966448545456,1,4667,242.8245849609375,55.66910171508789,38.13947383326991,0.2357586948709314,-2.03600622758624,-1.6256367909990868,2.496924877166748,2.326744079589844,10.723857879638672,0.1899966448545456,1,0.0
30267,243.53582763671875,55.21874237060547,34.31925804930195,0.2060875027340386,-2.517589897354265,-2.188666279555722,0.7292162775993347,0.7247843742370605,57.438926696777344,1.4360134601593018,2,30267,243.53582763671875,55.21874237060547,34.31925804930195,0.2047484065507291,-1.8758954600382547,-1.2664465660337758,0.7292162775993347,0.7247843742370605,57.438926696777344,1.4360134601593018,2,0.0
26508,242.43597412109375,55.505977630615234,27.872826820890698,0.2060870905692095,-1.8088816416264948,-1.3220464810835872,1.3841795921325684,1.1319023370742798,338.6917724609375,1.0966029167175293,1,26508,242.43597412109375,55.505977630615234,27.872826820890698,0.1849346605500312,-1.453080241643153,-0.815180150469498,1.3841795921325684,1.1319023370742798,338.6917724609375,1.0966029167175293,1,0.0
11406,242.9695281982422,54.87672805786133,16.91719586709361,0.206014955289606,-1.0104244727936946,-0.4926485271838342,0.9577739238739014,0.9562963843345642,47.306358337402344,0.3912504613399505,1,11406,242.9695281982422,54.87672805786133,16.91719586709361,0.1671206596083522,-0.9434785910891464,-0.3378122100263663,0.9577739238739014,0.9562963843345642,47.306358337402344,0.3912504613399505,1,0.0
28038,242.9267578125,54.95296859741211,13.231910620870288,0.2058800487226634,-0.9398991102784264,-0.3273306585751424,1.0660675764083862,1.036073088645935,113.05223083496094,1.185477614402771,1,28038,242.9267578125,54.95296859741211,13.231910620870288,0.1570019791032347,-0.9265011011744662,-0.2327397195827161,1.0660675764083862,1.036073088645935,113.05223083496094,1.185477614402771,1,0.0
4467,243.3180694580078,54.85630416870117,27.91562711976687,0.2058347290286427,-1.71599586338968,-1.3293214807741636,2.281674861907959,2.259650230407715,268.5686950683594,0.187096819281578,1,4467,243.3180694580078,54.85630416870117,27.91562711976687,0.1924145737944764,-1.3616580352180985,-0.822155199283923,2.281674861907959,2.259650230407715,268.5686950683594,0.187096819281578,1,0.0
2641,242.3482208251953,54.783729553222656,17.805498022598186,0.2058181470605618,-1.0153147332631314,-0.539591409994961,2.2272119522094727,2.039907693862915,166.8619842529297,0.1620135903358459,1,2641,242.3482208251953,54.783729553222656,17.805498022598186,0.170993988447614,-0.9325227189984188,-0.366788631535017,2.2272119522094727,2.039907693862915,166.8619842529297,0.1620135903358459,1,0.0
26370,242.05043029785156,55.13265228271485,18.881869498943868,0.2058065169115611,-1.1758394278434925,-0.5969788280585236,1.277186393737793,1.1840728521347046,294.4468078613281,1.008844256401062,1,26370,242.05043029785156,55.13265228271485,18.881869498943868,0.1653523722966812,-1.0684216333681482,-0.3981563358771259,1.277186393737793,1.1840728521347046,294.4468078613281,1.008844256401062,1,0.0
5803,242.74412536621097,55.07429504394531,5.829073304445042,0.205724616813542,-0.645231112381926,-0.1374511076393709,1.8101626634597776,0.3974608480930328,210.59640502929688,0.2268154472112655,1,5803,242.74412536621097,55.07429504394531,5.829073304445042,0.1583690473082152,-0.7057148588900034,-0.1174616114093498,1.8101626634597776,0.3974608480930328,210.59640502929688,0.2268154472112655,1,0.0
9499,242.2219085693359,55.06235885620117,12.348641377488075,0.2056818946490576,-0.8184051068057431,-0.2989445741538806,0.9642149209976196,0.955125093460083,200.9620056152344,0.3613272905349731,1,9499,242.2219085693359,55.06235885620117,12.348641377488075,0.1619572582629468,-0.8201705568041118,-0.2185297902709311,0.9642149209976196,0.955125093460083,200.9620056152344,0.3613272905349731,1,0.0
38830,243.7221221923828,54.79058074951172,42.30675806181598,0.2055467171372474,-3.807244544125697,-4.03239554743101,1.803785800933838,1.2446390390396118,4.144935607910156,2.6279959678649902,2,38830,243.7221221923828,54.79058074951172,42.30675806181598,0.2418299568312199,-2.6003487321144707,-2.0919009774892934,1.803785800933838,1.2446390390396118,4.144935607910156,2.6279959678649902,2,0.0
21977,243.27796936035156,54.8798828125,26.075867843458433,0.2053303932205994,-1.6369087849301136,-1.140945921571065,2.8044252395629883,1.5247251987457275,10.042877197265623,0.7991330027580261,1,21977,243.27796936035156,54.8798828125,26.075867843458433,0.1809400662041833,-1.34308762483883,-0.7151272540530049,2.8044252395629883,1.5247251987457275,10.042877197265623,0.7991330027580261,1,0.0
9365,242.48939514160156,55.126834869384766,5.631180655793622,0.2052699831162655,-0.6569848722602695,-0.1341423719436083,1.5905349254608154,1.5325928926467896,49.628761291503906,0.3420617878437042,1,9365,242.48939514160156,55.126834869384766,5.631180655793622,0.1569641746478063,-0.7182083080207563,-0.1150656196292028,1.5905349254608154,1.5325928926467896,49.628761291503906,0.3420617878437042,1,0.0
34831,242.24349975585935,54.95806121826172,12.808758846112289,0.2052681278862536,-0.8552871885041382,-0.2231023842252603,-100.0,-100.0,-100.0,2.0761756896972656,6,34831,242.24349975585935,54.95806121826172,12.808758846112289,0.1632728050523746,-0.7750067873224942,-0.1404654726496139,-100.0,-100.0,-100.0,2.0761756896972656,6,0.0
22853,242.37063598632812,54.92012023925781,10.571851146254994,0.2049147259364712,-0.8225012870656361,-0.2403709067008781,2.023498773574829,1.9943631887435913,249.4705810546875,0.8596658706665039,1,22853,242.37063598632812,54.92012023925781,10.571851146254994,0.1558905103692634,-0.8424540998096901,-0.180047151824289,2.023498773574829,1.9943631887435913,249.4705810546875,0.8596658706665039,1,0.0
4750,242.5431976318359,54.365753173828125,41.00175112620101,0.2049141649593512,-3.3655262696225754,-3.650159582876775,3.57304048538208,2.9250259399414062,36.115753173828125,0.2055840939283371,1,4750,242.5431976318359,54.365753173828125,41.00175112620101,0.2528137631506165,-2.280521873452286,-1.9417968098902436,3.57304048538208,2.9250259399414062,36.115753173828125,0.2055840939283371,1,0.0
4137,243.0381622314453,55.02220153808594,15.818801125341936,0.2044640172598312,-0.9303550583148836,-0.4399176411969626,2.4039885997772217,0.8386683464050293,287.0706787109375,0.2196845263242721,1,4137,243.0381622314453,55.02220153808594,15.818801125341936,0.1664542200801278,-0.8828009078877236,-0.3061379852524578,2.4039885997772217,0.8386683464050293,287.0706787109375,0.2196845263242721,1,0.0
4215,242.1988220214844,55.1200065612793,13.784925286041796,0.2041434298121412,-0.8472356041895699,-0.3526796917264188,2.1127452850341797,0.9370726943016052,146.97097778320312,0.2021400332450866,1,4215,242.1988220214844,55.1200065612793,13.784925286041796,0.1637468963426411,-0.8306527767957472,-0.2523685127826784,2.1127452850341797,0.9370726943016052,146.97097778320312,0.2021400332450866,1,0.0
23823,242.1746826171875,55.38239669799805,24.363633388734424,0.204029317757776,-1.514366609822087,-0.986366483567966,1.186495065689087,1.0052226781845093,31.15628242492676,0.9018717408180236,1,23823,242.1746826171875,55.38239669799805,24.363633388734424,0.1749955923337323,-1.2724481398793115,-0.6268445790827363,1.186495065689087,1.0052226781845093,31.15628242492676,0.9018717408180236,1,0.0
38645,242.39141845703125,55.048702239990234,6.497313812848301,0.20396769392341,-0.8450566465082172,-0.1369480743140599,0.4181478917598724,0.3651620149612427,343.2353820800781,2.5275065898895264,2,38645,242.39141845703125,55.048702239990234,6.497313812848301,0.1456196541066798,-0.889198082683632,-0.1060368594605339,0.4181478917598724,0.3651620149612427,343.2353820800781,2.5275065898895264,2,0.0
4798,243.8923797607422,55.027469635009766,45.12427851198199,0.2037798320675528,-4.173885700023003,-5.0545349508986455,4.400873184204102,3.589902400970459,149.13494873046875,0.1843815892934799,1,4798,243.8923797607422,55.027469635009766,45.12427851198199,0.2859075774487246,-2.687629655835819,-2.498212597576206,4.400873184204102,3.589902400970459,149.13494873046875,0.1843815892934799,1,0.0
22004,241.67376708984375,54.82659149169922,33.97562136437259,0.2036818456772226,-2.4232616235054425,-2.1343920970931176,2.2335903644561768,0.7645382881164551,28.49407196044922,0.8028634786605835,1,22004,241.67376708984375,54.82659149169922,33.97562136437259,0.2053289718564718,-1.802463430042508,-1.2421754563983634,2.2335903644561768,0.7645382881164551,28.49407196044922,0.8028634786605835,1,0.0
37427,242.88848876953125,54.88214874267578,14.578511191701237,0.2035895618493308,-0.9080825769944189,-0.2922402904810634,-100.0,-100.0,-100.0,2.3685731887817383,6,37427,242.88848876953125,54.88214874267578,14.578511191701237,0.1648164624428691,-0.803137893585054,-0.1832443653690122,-100.0,-100.0,-100.0,2.3685731887817383,6,0.0
4071,242.66270446777344,54.92866516113281,7.743089236101785,0.203346128512514,-0.6714954780102187,-0.1722217286499993,0.9170449376106262,0.3536593317985534,24.04229164123535,0.2116303294897079,1,4071,242.66270446777344,54.92866516113281,7.743089236101785,0.1580578985784372,-0.7194580386667684,-0.1396129934224093,0.9170449376106262,0.3536593317985534,24.04229164123535,0.2116303294897079,1,0.0
28449,243.5533905029297,54.86321640014648,35.32055953697531,0.2032150941741414,-2.921281197930156,-2.2732370673120035,-100.0,-100.0,-100.0,1.386297345161438,6,28449,243.5533905029297,54.86321640014648,35.32055953697531,0.1863015149008267,-2.1514140152318935,-1.2686802566724218,-100.0,-100.0,-100.0,1.386297345161438,6,0.0
30410,242.47296142578125,55.70590591430664,39.59762030396183,0.2032120135005664,-3.261933231207123,-3.273173231586403,1.7675187587738037,1.381090760231018,128.00660705566406,1.3078663349151611,2,30410,242.47296142578125,55.70590591430664,39.59762030396183,0.2284193628122601,-2.2843806432600293,-1.774340295759118,1.7675187587738037,1.381090760231018,128.00660705566406,1.3078663349151611,2,0.0
34236,243.0221710205078,55.37995529174805,24.96938654421949,0.2030586697997073,-1.6293180960974163,-1.0348501875670848,1.4030297994613647,1.2150477170944214,74.30199432373047,1.8628240823745728,2,34236,243.0221710205078,55.37995529174805,24.96938654421949,0.1706209654159022,-1.3650275322653165,-0.6502519088686962,1.4030297994613647,1.2150477170944214,74.30199432373047,1.8628240823745728,2,0.0
4108,242.4655609130859,55.184688568115234,9.057566403378251,0.2030338159651489,-0.7013457124211363,-0.2023291546631554,3.917710542678833,0.7941017746925354,60.01942443847656,0.1822420805692672,1,4108,242.4655609130859,55.184688568115234,9.057566403378251,0.158621363258309,-0.7387331899897963,-0.1586379448628112,3.917710542678833,0.7941017746925354,60.01942443847656,0.1822420805692672,1,0.0
5770,242.66864013671875,55.1486930847168,6.716184913860497,0.2030330739618875,-0.6603890388678607,-0.1525122635600615,1.7998417615890503,0.7057926058769226,58.088836669921875,0.2402900159358978,1,5770,242.66864013671875,55.1486930847168,6.716184913860497,0.1566792255089145,-0.7156999794275172,-0.1271527280097461,1.7998417615890503,0.7057926058769226,58.088836669921875,0.2402900159358978,1,0.0
34362,241.7916259765625,55.01157760620117,27.217926788224677,0.202957026436374,-1.8114165548339185,-1.2493842089335665,1.659867763519287,1.4018590450286863,146.5144500732422,1.8743782043457031,2,34362,241.7916259765625,55.01157760620117,27.217926788224677,0.1759968128771925,-1.4745311274397623,-0.7709429367626526,1.659867763519287,1.4018590450286863,146.5144500732422,1.8743782043457031,2,0.0
1404,243.35476684570312,55.3310432434082,31.46763650343469,0.202922830754144,-2.0436156033137594,-1.7608287555776898,4.07102632522583,2.3178017139434814,78.04095458984375,0.1223234832286834,1,1404,243.35476684570312,55.3310432434082,31.46763650343469,0.2028658836970213,-1.5460204298998046,-1.0531818898804517,4.07102632522583,2.3178017139434814,78.04095458984375,0.1223234832286834,1,0.0
2676,242.91195678710935,54.69972229003906,23.86623065251503,0.2028327381097677,-1.383316055078734,-0.9475938707720328,1.3913540840148926,1.124145269393921,213.61070251464844,0.1424077600240707,1,2676,242.91195678710935,54.69972229003906,23.86623065251503,0.1798247199810028,-1.1586568919872131,-0.6074581932458869,1.3913540840148926,1.124145269393921,213.61070251464844,0.1424077600240707,1,0.0
32606,242.2505340576172,54.44584274291992,37.93719045629638,0.2027885440910907,-3.020773408616439,-2.8829428909217496,1.7808374166488647,1.7467401027679443,37.2239990234375,1.541950225830078,2,32606,242.2505340576172,54.44584274291992,37.93719045629638,0.2171526831685157,-2.161265850449592,-1.5979535056363845,1.7808374166488647,1.7467401027679443,37.2239990234375,1.541950225830078,2,0.0
4178,242.1158447265625,55.1145133972168,16.43663251133224,0.2026819549101534,-0.9584412129702324,-0.4694692670035034,3.1426846981048584,0.8793380856513977,114.61821746826172,0.1832931190729141,1,4178,242.1158447265625,55.1145133972168,16.43663251133224,0.1657948231629843,-0.9006171985079182,-0.324269289086012,3.1426846981048584,0.8793380856513977,114.61821746826172,0.1832931190729141,1,0.0
4595,243.1221466064453,54.5726432800293,34.160521166027614,0.2024479205645312,-2.3677914105340125,-2.166364906156161,4.171317100524902,0.8345122933387756,175.21365356445312,0.1807796955108642,1,4595,243.1221466064453,54.5726432800293,34.160521166027614,0.2116286127834145,-1.7390933035647067,-1.2601791670853668,4.171317100524902,0.8345122933387756,175.21365356445312,0.1807796955108642,1,0.0
74,242.0067901611328,54.99991226196289,19.94665063468323,0.2019859044269244,-1.102613621567676,-0.6629790213297475,3.345090389251709,2.0476889610290527,16.758270263671875,0.0320157334208488,1,74,242.0067901611328,54.99991226196289,19.94665063468323,0.1733673977206618,-0.974323643644706,-0.4395380853567273,3.345090389251709,2.0476889610290527,16.758270263671875,0.0320157334208488,1,0.0
37226,242.9280242919922,54.55856704711914,31.773915755461232,0.201875739531407,-2.273931960625651,-1.7949389240294165,0.9335325360298156,0.862006664276123,289.63934326171875,2.204169511795044,2,37226,242.9280242919922,54.55856704711914,31.773915755461232,0.1870478691030343,-1.7535378200637377,-1.061933648485137,0.9335325360298156,0.862006664276123,289.63934326171875,2.204169511795044,2,0.0
26371,242.9501190185547,54.97001266479492,13.568802664113988,0.201623362430719,-0.9335517629267464,-0.3404586996620086,1.3957895040512085,1.354390263557434,208.41416931152344,1.0087863206863403,1,26371,242.9501190185547,54.97001266479492,13.568802664113988,0.1553065038616388,-0.9159071576019336,-0.2412258605687212,1.3957895040512085,1.354390263557434,208.41416931152344,1.0087863206863403,1,0.0
34175,242.37335205078125,55.31352233886719,17.397111698552795,0.2015759914987583,-1.1566989859915224,-0.5097684415148399,0.6735900640487671,0.6264958381652832,264.1690979003906,1.8627127408981323,2,34175,242.37335205078125,55.31352233886719,17.397111698552795,0.156128591544313,-1.0728263210504203,-0.3406561429593194,0.6735900640487671,0.6264958381652832,264.1690979003906,1.8627127408981323,2,0.0
13031,242.4290771484375,55.185943603515625,9.731914016584724,0.2011416698243107,-0.7542072156366012,-0.2185852647839528,1.9950722455978391,1.5006556510925293,349.5841979980469,0.4339497983455658,1,13031,242.4290771484375,55.185943603515625,9.731914016584724,0.1552842904253832,-0.7843559930770998,-0.167973198804188,1.9950722455978391,1.5006556510925293,349.5841979980469,0.4339497983455658,1,0.0
26304,242.38519287109375,54.90662384033203,10.860395239035512,0.2009552388066184,-0.8449657200961573,-0.2482335018865285,1.6149258613586426,1.3384928703308103,177.24681091308594,1.084766149520874,1,26304,242.38519287109375,54.90662384033203,10.860395239035512,0.152219656263537,-0.8610783001755165,-0.1842427653844654,1.6149258613586426,1.3384928703308103,177.24681091308594,1.084766149520874,1,0.0
4501,242.724365234375,54.54677963256836,30.52839687065902,0.2008508236119974,-1.964295000971408,-1.6367004755224173,2.2968480587005615,1.89334499835968,356.86700439453125,0.2208433151245117,1,4501,242.724365234375,54.54677963256836,30.52839687065902,0.1959469384359987,-1.5078617977464674,-0.9880805122826466,2.2968480587005615,1.89334499835968,356.86700439453125,0.2208433151245117,1,0.0
9564,242.3035888671875,55.24239730834961,15.002691151483576,0.2008319532550384,-0.9180852555831625,-0.4027291273260652,2.950453996658325,1.1909949779510498,108.52311706542967,0.3381135165691376,1,9564,242.3035888671875,55.24239730834961,15.002691151483576,0.1609584438522202,-0.8830336364017677,-0.2827532824912111,2.950453996658325,1.1909949779510498,108.52311706542967,0.3381135165691376,1,0.0
23804,241.88455200195312,54.951568603515625,24.64859541610926,0.2007287666653267,-1.5359841963222371,-1.011051888155836,2.1286118030548096,1.0924755334854126,40.52976608276367,0.9106619358062744,1,23804,241.88455200195312,54.951568603515625,24.64859541610926,0.1727646804726216,-1.2859103179893872,-0.6410955178019629,2.1286118030548096,1.0924755334854126,40.52976608276367,0.9106619358062744,1,0.0
14776,242.0352325439453,54.802032470703125,23.92781272327274,0.2003176066487826,-1.438948239390581,-0.9517306832037092,1.685958743095398,1.6859506368637085,318.50250244140625,0.5062186121940613,1,14776,242.0352325439453,54.802032470703125,23.92781272327274,0.1739698646610418,-1.2114654407792598,-0.6087267323962573,1.685958743095398,1.6859506368637085,318.50250244140625,0.5062186121940613,1,0.0
17742,241.77801513671875,55.638519287109375,44.73897262450318,0.2002391189911452,-4.145324984375583,-4.898354076763317,1.6728445291519165,1.3854302167892456,98.84107971191406,0.5971917510032654,1,17742,241.77801513671875,55.638519287109375,44.73897262450318,0.2709119187002697,-2.7009859765431,-2.438662323118463,1.6728445291519165,1.3854302167892456,98.84107971191406,0.5971917510032654,1,0.0
21882,243.1142120361328,54.92337417602539,19.85649260677445,0.200232222848446,-1.2102096506558688,-0.6565142967203151,1.9848686456680296,1.1431611776351929,55.17479705810547,0.7906526327133179,1,21882,243.1142120361328,54.92337417602539,19.85649260677445,0.1637547383478436,-1.0829387515288649,-0.4345781447125428,1.9848686456680296,1.1431611776351929,55.17479705810547,0.7906526327133179,1,0.0
39194,242.4355926513672,54.99376678466797,5.976425363676757,0.1999104223717424,-0.8448331415555581,-0.1270947778587818,0.7316597104072571,0.698822557926178,359.4146423339844,2.769871711730957,2,39194,242.4355926513672,54.99376678466797,5.976425363676757,0.1420360191812812,-0.8907596032209916,-0.0986063968676841,0.7316597104072571,0.698822557926178,359.4146423339844,2.769871711730957,2,0.0
22903,242.39617919921875,55.36470031738281,19.97763789045292,0.1993557320260176,-1.2220126491758188,-0.6639151914998305,1.723377346992493,1.3249493837356567,109.16144561767578,0.8537372946739197,1,22903,242.39617919921875,55.36470031738281,19.97763789045292,0.1629147906703165,-1.0917586814945086,-0.4386071601448471,1.723377346992493,1.3249493837356567,109.16144561767578,0.8537372946739197,1,0.0
13149,242.97962951660156,54.873748779296875,17.302486491862947,0.1993292824047937,-1.0352277145360194,-0.5121467685388662,2.497793436050415,0.5880345106124878,57.48210144042969,0.4261801242828369,1,13149,242.97962951660156,54.873748779296875,17.302486491862947,0.1618117904080597,-0.9609495489388876,-0.3492398529512849,2.497793436050415,0.5880345106124878,57.48210144042969,0.4261801242828369,1,0.0
30604,242.4227294921875,55.6015739440918,33.60187631882106,0.1992711386192475,-2.1785508266755875,-1.9825374361991908,-100.0,-100.0,-100.0,1.5054644346237185,4,30604,242.4227294921875,55.6015739440918,33.60187631882106,0.2204488969427388,-1.5015107499841918,-1.1248265206801034,-100.0,-100.0,-100.0,1.5054644346237185,4,0.0
26885,243.5256805419922,55.1305046081543,32.82528791807433,0.1986334181940222,-2.5848687868080633,-1.8625740659688432,-100.0,-100.0,-100.0,1.2918007373809814,6,26885,243.5256805419922,55.1305046081543,32.82528791807433,0.1755038845071181,-1.9466060601500963,-1.0640574512481218,-100.0,-100.0,-100.0,1.2918007373809814,6,0.0
22850,242.72772216796875,55.25631332397461,13.436952266004011,0.1985526303925525,-0.914813109101791,-0.3362743150700681,2.423887252807617,1.0425325632095337,99.3546905517578,0.8297900557518005,1,22850,242.72772216796875,55.25631332397461,13.436952266004011,0.1536777805510343,-0.899877862501646,-0.239331730444624,2.423887252807617,1.0425325632095337,99.3546905517578,0.8297900557518005,1,0.0
19974,243.0789337158203,55.491455078125,31.55642753493933,0.1984637427402337,-2.138040578139405,-1.7718700856553686,1.569633722305298,1.5311294794082642,288.94610595703125,0.6870684027671814,1,19974,243.0789337158203,55.491455078125,31.55642753493933,0.1917778755881099,-1.6351457895614951,-1.057547372185779,1.569633722305298,1.5311294794082642,288.94610595703125,0.6870684027671814,1,0.0
20976,242.8163299560547,54.67859649658203,23.657300658240565,0.1981476579206966,-1.4477633236383978,-0.9283370188988872,1.4086724519729614,1.0968348979949951,143.7772979736328,0.7697574496269226,1,20976,242.8163299560547,54.67859649658203,23.657300658240565,0.1695223237316017,-1.22649511993871,-0.5940129704963777,1.4086724519729614,1.0968348979949951,143.7772979736328,0.7697574496269226,1,0.0
9554,242.25961303710935,55.075439453125,11.139607767582028,0.1981195340078497,-0.7800121453484035,-0.2593337397674511,0.949676752090454,0.9169625639915466,201.6345672607422,0.3514705300331116,1,9554,242.25961303710935,55.075439453125,11.139607767582028,0.1549254288605794,-0.7959780750489459,-0.1938747447916041,0.949676752090454,0.9169625639915466,201.6345672607422,0.3514705300331116,1,0.0
5920,242.16851806640625,54.912784576416016,16.36261686101994,0.1979439045437001,-0.962859902694765,-0.4656959624887928,2.856123685836792,0.5775485634803772,298.8446044921875,0.2480886727571487,1,5920,242.16851806640625,54.912784576416016,16.36261686101994,0.1612948436832788,-0.9061217029861732,-0.3218549770308563,2.856123685836792,0.5775485634803772,298.8446044921875,0.2480886727571487,1,0.0
14624,242.45074462890625,55.25472259521485,13.132463045677374,0.1978507405277398,-0.8657211218270596,-0.326607428562763,2.070237874984741,1.1909277439117432,89.24468994140625,0.4977012276649475,1,14624,242.45074462890625,55.25472259521485,13.132463045677374,0.1552440024031073,-0.8569008348584358,-0.2351674117849266,2.070237874984741,1.1909277439117432,89.24468994140625,0.4977012276649475,1,0.0
11812,242.62847900390625,55.648189544677734,36.00207582538281,0.1978253735720465,-2.6327385984021405,-2.4920470638741277,2.719479560852051,0.8365282416343689,298.9205627441406,0.4192027151584625,1,11812,242.62847900390625,55.648189544677734,36.00207582538281,0.2124449712956601,-1.900228673046316,-1.4189474957480193,2.719479560852051,0.8365282416343689,298.9205627441406,0.4192027151584625,1,0.0
2680,242.0021209716797,55.32533264160156,25.84106861448437,0.1977580611012933,-1.5328361920703997,-1.1210416657259707,2.050309181213379,1.0935375690460205,204.66421508789065,0.1509854942560196,1,2680,242.0021209716797,55.32533264160156,25.84106861448437,0.1799735263283901,-1.2489342318757966,-0.7062718219914498,2.050309181213379,1.0935375690460205,204.66421508789065,0.1509854942560196,1,0.0
19954,243.1527862548828,55.31348419189453,25.233213727671455,0.1973863671065517,-1.559739031776206,-1.063379127327038,3.943084239959717,0.9592256546020508,300.537353515625,0.7063749432563782,1,19954,243.1527862548828,55.31348419189453,25.233213727671455,0.1726884234267877,-1.292887976455573,-0.6717478805283004,3.943084239959717,0.9592256546020508,300.537353515625,0.7063749432563782,1,0.0
11557,242.19210815429688,55.36182403564453,23.01244941180444,0.1971931912792182,-1.3615944800305406,-0.8788092640175781,0.960342526435852,0.919592559337616,258.8265686035156,0.4130832850933075,1,11557,242.19210815429688,55.36182403564453,23.01244941180444,0.1702547913119208,-1.159719255695,-0.567047012343074,0.960342526435852,0.919592559337616,258.8265686035156,0.4130832850933075,1,0.0
22766,242.7836151123047,55.113868713378906,7.996490016814699,0.1970866203845144,-0.7579586419267897,-0.1749527023517365,1.778078556060791,0.7125129103660583,24.42784309387207,0.8289484977722168,1,22766,242.7836151123047,55.113868713378906,7.996490016814699,0.1482593598469276,-0.801097506623342,-0.1386368019099085,1.778078556060791,0.7125129103660583,24.42784309387207,0.8289484977722168,1,0.0
11280,242.29031372070312,55.1070671081543,10.561194457473947,0.1970004351046203,-0.7706780636009916,-0.2421501161151404,1.1608006954193115,0.7548233270645142,241.71612548828125,0.3955230116844177,1,11280,242.29031372070312,55.1070671081543,10.561194457473947,0.153089147705587,-0.7929670543452169,-0.1831488240712944,1.1608006954193115,0.7548233270645142,241.71612548828125,0.3955230116844177,1,0.0
32116,242.14390563964844,54.94459533691406,16.27293436857011,0.1969255869749422,-1.0924453411042352,-0.4550207011370569,0.6717162728309631,0.6678851842880249,263.745849609375,1.5434668064117432,2,32116,242.14390563964844,54.94459533691406,16.27293436857011,0.1517559909133118,-1.0303796462334704,-0.3089734744137248,0.6717162728309631,0.6678851842880249,263.745849609375,1.5434668064117432,2,0.0
18999,242.5602569580078,54.61701965332031,25.91482093958388,0.196842275485134,-1.6625214907210732,-1.0349601758354774,-100.0,-100.0,-100.0,0.6847363114356995,6,18999,242.5602569580078,54.61701965332031,25.91482093958388,0.1730081419817627,-1.2991075437649682,-0.6205329411574052,-100.0,-100.0,-100.0,0.6847363114356995,6,0.0
32770,242.17086791992188,55.25421142578125,18.68450275438864,0.1967382576252461,-0.9065944820987336,-0.4958193625642282,-100.0,-100.0,-100.0,1.8976497650146484,4,32770,242.17086791992188,55.25421142578125,18.68450275438864,0.1787503668126225,-0.7296365313668322,-0.3070624620022931,-100.0,-100.0,-100.0,1.8976497650146484,4,0.0
20842,242.652099609375,54.87957763671875,10.447687256747876,0.1966780751184332,-0.808673501986668,-0.2372027108433251,2.9658825397491455,1.3889670372009275,276.2911376953125,0.7251436710357666,1,20842,242.652099609375,54.87957763671875,10.447687256747876,0.1501697923723144,-0.8303500114020314,-0.1784297152901638,2.9658825397491455,1.3889670372009275,276.2911376953125,0.7251436710357666,1,0.0
37265,241.7330322265625,54.74082946777344,34.5880107277152,0.1966059394622391,-2.601310561237245,-2.2304030640874597,2.742950439453125,2.0529282093048096,201.48959350585935,2.2469756603240967,2,37265,241.7330322265625,54.74082946777344,34.5880107277152,0.1924287162962895,-1.9412121412519665,-1.2831212863024444,2.742950439453125,2.0529282093048096,201.48959350585935,2.2469756603240967,2,0.0
30402,243.58778381347656,55.46743392944336,42.6298397445928,0.1965786695359709,-3.7958635328054218,-4.140518177919458,2.5506224632263184,1.2912594079971311,128.2095947265625,1.4798983335494995,2,30402,243.58778381347656,55.46743392944336,42.6298397445928,0.2405652843968645,-2.5639998434931095,-2.1413715524241743,2.5506224632263184,1.2912594079971311,128.2095947265625,1.4798983335494995,2,0.0
37476,242.6119079589844,55.675682067871094,37.62961596756929,0.1965591613966977,-3.085652952696135,-2.7269904914857213,-100.0,-100.0,-100.0,2.478898525238037,6,37476,242.6119079589844,55.675682067871094,37.62961596756929,0.202569456814053,-2.173864377818212,-1.4841996912994002,-100.0,-100.0,-100.0,2.478898525238037,6,0.0
38370,242.99465942382812,55.378875732421875,24.358043358028397,0.1965144950431307,-1.3913097935238676,-0.8957410029692324,-100.0,-100.0,-100.0,2.627764940261841,6,38370,242.99465942382812,55.378875732421875,24.358043358028397,0.1803149878631221,-1.0754562417074724,-0.5415822470048606,-100.0,-100.0,-100.0,2.627764940261841,6,0.0
1846,242.18714904785156,55.30757522583008,20.559322846050023,0.1964746766929788,-1.5955962751407398,-0.6111876155645857,-100.0,-100.0,-100.0,0.1377582848072052,6,1846,242.18714904785156,55.30757522583008,20.559322846050023,0.1421954878376025,-1.378223080774524,-0.3758733993413947,-100.0,-100.0,-100.0,0.1377582848072052,6,0.0
30156,243.3666076660156,55.172115325927734,27.977279882994615,0.1961594868447745,-1.85084078243114,-1.3313830498509642,1.3738138675689695,0.8743336200714111,276.24530029296875,1.454993724822998,2,30156,243.3666076660156,55.172115325927734,27.977279882994615,0.1739639282873678,-1.4892143540925975,-0.8182465263602331,1.3738138675689695,0.8743336200714111,276.24530029296875,1.454993724822998,2,0.0
14879,241.80276489257812,55.130592346191406,27.15093114508884,0.1960929078273288,-1.6921617003706595,-1.2481804864800077,3.197953224182129,1.41256582736969,352.91064453125,0.4935785233974457,1,14879,241.80276489257812,55.130592346191406,27.15093114508884,0.1779977361191317,-1.3637784193874003,-0.7763420139642452,3.197953224182129,1.41256582736969,352.91064453125,0.4935785233974457,1,0.0
26415,242.80648803710935,55.418121337890625,23.471407080416583,0.1960888426406278,-1.4594173414271887,-0.9123074146507408,2.3982014656066895,0.8623497486114502,103.3129425048828,0.9871521592140198,1,26415,242.80648803710935,55.418121337890625,23.471407080416583,0.1656678396315024,-1.2422323550484655,-0.5837472390776964,2.3982014656066895,0.8623497486114502,103.3129425048828,0.9871521592140198,1,0.0
29783,242.8816680908203,55.271514892578125,16.888179215570496,0.195930536103412,-1.1068212994558833,-0.4862646238313473,1.406430959701538,1.4064252376556396,330.1993408203125,1.318823218345642,2,29783,242.8816680908203,55.271514892578125,16.888179215570496,0.1526364791288712,-1.0350651384254064,-0.3289458797911955,1.406430959701538,1.4064252376556396,330.1993408203125,1.318823218345642,2,0.0
6104,242.66127014160156,55.44904327392578,24.17455134088816,0.1957412193433044,-1.4222718519257858,-0.9731832698774288,2.255208969116211,1.250986933708191,147.13027954101562,0.253989964723587,1,6104,242.66127014160156,55.44904327392578,24.17455134088816,0.1730014305405123,-1.1887542505144897,-0.6221115458847172,2.255208969116211,1.250986933708191,147.13027954101562,0.253989964723587,1,0.0
24744,242.77720642089844,54.632694244384766,25.874027899141215,0.1956299228016089,-1.3143522693294936,-1.0310706474254128,-100.0,-100.0,-100.0,1.03340744972229,6,24744,242.77720642089844,54.632694244384766,25.874027899141215,0.198768368233878,-0.9522411281718308,-0.6183924845517479,-100.0,-100.0,-100.0,1.03340744972229,6,0.0
4042,242.78944396972656,54.978057861328125,8.348888638780842,0.1956014659134143,-0.6844672732632472,-0.1853765609553735,1.814681887626648,1.206067681312561,239.91162109375,0.2204854637384414,1,4042,242.78944396972656,54.978057861328125,8.348888638780842,0.1523945403696804,-0.727690899601404,-0.1478874189858674,1.814681887626648,1.206067681312561,239.91162109375,0.2204854637384414,1,0.0
19941,242.57498168945312,55.51373291015625,27.897989623697818,0.1955972310860959,-1.7801343604599646,-1.325440093282226,2.085657835006714,0.7728054523468018,250.61573791503903,0.6863252520561218,1,19941,242.57498168945312,55.51373291015625,27.897989623697818,0.1778687086193686,-1.4243345398613716,-0.8179538435913618,2.085657835006714,0.7728054523468018,250.61573791503903,0.6863252520561218,1,0.0
38849,241.88504028320312,54.83870315551758,27.07785761116371,0.1954332816019096,-1.2883431722089969,-1.1486741727455207,-100.0,-100.0,-100.0,2.846959352493286,4,38849,241.88504028320312,54.83870315551758,27.07785761116371,0.2129987812980355,-0.8863365902613086,-0.684098351280013,-100.0,-100.0,-100.0,2.846959352493286,4,0.0
21182,243.24359130859375,54.90240859985352,24.466196443148615,0.1952232486458288,-1.4099221970632272,-0.90499592300402,-100.0,-100.0,-100.0,0.8066446185112,6,21182,243.24359130859375,54.90240859985352,24.466196443148615,0.1785795347669715,-1.0909086021124088,-0.5468526709821251,-100.0,-100.0,-100.0,0.8066446185112,6,0.0
34019,242.59234619140625,54.81333923339844,14.132213474388069,0.1945142835529097,-1.0127798836695334,-0.3580396882637426,0.7724635601043701,0.7253841161727905,92.42969512939452,1.884742856025696,2,34019,242.59234619140625,54.81333923339844,14.132213474388069,0.1469235768058119,-0.9821287012189516,-0.247507050764217,0.7724635601043701,0.7253841161727905,92.42969512939452,1.884742856025696,2,0.0
24889,243.53550720214844,54.993350982666016,33.018495376341285,0.194273470724182,-2.580350170089527,-1.891746870930245,-100.0,-100.0,-100.0,1.0174355506896973,6,24889,243.53550720214844,54.993350982666016,33.018495376341285,0.1742434915288104,-1.9326155507639269,-1.0788914852316431,-100.0,-100.0,-100.0,1.0174355506896973,6,0.0
29796,242.22084045410156,54.85476303100586,17.00091440807319,0.1941759486501707,-1.1130493719835317,-0.4923986796171429,0.7145194411277771,0.5021473169326782,82.22777557373047,1.4695353507995603,2,29796,242.22084045410156,54.85476303100586,17.00091440807319,0.1513461234825521,-1.0396816809847296,-0.3329999295867262,0.7145194411277771,0.5021473169326782,82.22777557373047,1.4695353507995603,2,0.0
34279,242.3202209472656,55.4387092590332,25.031882312306365,0.1941325016213503,-1.6324521557361829,-1.0396184493524745,0.990345060825348,0.8164876699447632,141.14479064941406,1.8916633129119873,2,34279,242.3202209472656,55.4387092590332,25.031882312306365,0.163394019325811,-1.365502132397285,-0.6523160492316208,0.990345060825348,0.8164876699447632,141.14479064941406,1.8916633129119873,2,0.0
30179,243.37838745117188,55.06869888305664,27.446581295493083,0.1941068990889012,-1.8035482259773936,-1.2747504169354604,1.4792042970657349,0.8383151888847351,118.81842803955078,1.333122491836548,2,30179,243.37838745117188,55.06869888305664,27.446581295493083,0.1708147686688626,-1.4605382330116154,-0.786758390662078,1.4792042970657349,0.8383151888847351,118.81842803955078,1.333122491836548,2,0.0
2611,242.74107360839844,54.68331527709961,22.618270898539144,0.1939982976404104,-1.2964651249162908,-0.8490728745691222,1.4212236404418943,1.1703717708587646,335.4320068359375,0.15273517370224,1,2611,242.74107360839844,54.68331527709961,22.618270898539144,0.1694176415010137,-1.1055762094645076,-0.550348812506432,1.4212236404418943,1.1703717708587646,335.4320068359375,0.15273517370224,1,0.0
14639,242.20681762695312,55.04299545288086,12.8481383151772,0.1934840819247685,-0.8555857375047582,-0.3161191137230564,0.3966372311115265,0.3740710914134979,24.703874588012695,0.5120390057563782,1,14639,242.20681762695312,55.04299545288086,12.8481383151772,0.1515488542384218,-0.8504660502742818,-0.228729213719367,0.3966372311115265,0.3740710914134979,24.703874588012695,0.5120390057563782,1,0.0
7580,242.34988403320312,54.93720245361328,10.3824687881122,0.1934419459623214,-0.751379706108057,-0.237223447018254,1.386327028274536,1.343234300613403,276.09295654296875,0.3111333847045898,1,7580,242.34988403320312,54.93720245361328,10.3824687881122,0.1510855377738069,-0.7758280422296461,-0.1803864119663485,1.386327028274536,1.343234300613403,276.09295654296875,0.3111333847045898,1,0.0
7746,242.00668334960935,55.03373718261719,19.745982241815575,0.1933214681047979,-1.1431215224225333,-0.6518755653139956,4.424649238586426,0.904386341571808,226.997802734375,0.2888879776000976,1,7746,242.00668334960935,55.03373718261719,19.745982241815575,0.1619593920501337,-1.020530359678961,-0.4338030319472498,4.424649238586426,0.904386341571808,226.997802734375,0.2888879776000976,1,0.0
38721,242.25051879882812,54.762107849121094,20.624477167923384,0.19322765416682,-1.3785570299140006,-0.6980578064541002,1.2323273420333862,0.6165100932121277,92.34678649902344,2.684244394302368,2,38721,242.25051879882812,54.762107849121094,20.624477167923384,0.1514528147475912,-1.2255053049445903,-0.4511560600973791,1.2323273420333862,0.6165100932121277,92.34678649902344,2.684244394302368,2,0.0
29015,241.90283203125,54.747554779052734,29.550018952351227,0.1928443539308028,-1.99684272631213,-1.5105776672229003,1.6172692775726318,1.5762567520141602,147.09088134765625,1.306107759475708,1,29015,241.90283203125,54.747554779052734,29.550018952351227,0.175375510341772,-1.575505681309167,-0.9156859585751532,1.6172692775726318,1.5762567520141602,147.09088134765625,1.306107759475708,1,0.0
7633,242.74964904785156,55.25628280639648,13.735447067949767,0.1927761181558424,-0.8605149821975117,-0.3502865381250002,1.1508569717407229,1.0010894536972046,109.69256591796876,0.3223953247070312,1,7633,242.74964904785156,55.25628280639648,13.735447067949767,0.1536057463307968,-0.8441812280094889,-0.250542754937697,1.1508569717407229,1.0010894536972046,109.69256591796876,0.3223953247070312,1,0.0
24559,243.0655059814453,54.88218688964844,19.46917475185864,0.1926184426730438,-1.2030529480756194,-0.6320520578305902,1.9736355543136597,1.035068392753601,222.61151123046875,0.951919972896576,1,24559,243.0655059814453,54.88218688964844,19.46917475185864,0.1559683259565013,-1.0834394351267351,-0.4192093440514652,1.9736355543136597,1.035068392753601,222.61151123046875,0.951919972896576,1,0.0
21982,243.4398193359375,54.864776611328125,31.598023709396276,0.1924971611734418,-2.1524637746035267,-1.7769048245613823,2.573850154876709,1.6898120641708374,259.9292297363281,0.8213525414466858,1,21982,243.4398193359375,54.864776611328125,31.598023709396276,0.185398072569133,-1.646961162723869,-1.059447959103561,2.573850154876709,1.6898120641708374,259.9292297363281,0.8213525414466858,1,0.0
2970,243.5562438964844,54.72686004638672,38.821080941185926,0.1924437717395305,-2.9995177566297895,-3.0882240941830057,1.3368922472000122,1.2797545194625854,144.3916015625,0.1576832979917526,1,2970,243.5562438964844,54.72686004638672,38.821080941185926,0.2246976461420077,-2.0832667128010103,-1.6965527050830551,1.3368922472000122,1.2797545194625854,144.3916015625,0.1576832979917526,1,0.0
26478,241.7361297607422,55.12984848022461,29.39703265387128,0.1924382754392557,-1.9491136968856704,-1.4940139435182886,1.615167498588562,1.612586498260498,313.209228515625,1.0755213499069214,1,26478,241.7361297607422,55.12984848022461,29.39703265387128,0.1769479915259761,-1.5357352261152422,-0.9086261714360068,1.615167498588562,1.612586498260498,313.209228515625,1.0755213499069214,1,0.0
16598,241.51974487304688,54.89624786376953,37.65707514279422,0.1923652841500616,-2.996651424813084,-2.732996017004115,-100.0,-100.0,-100.0,0.5781511664390564,6,16598,241.51974487304688,54.89624786376953,37.65707514279422,0.2063185246608916,-2.0830441558547115,-1.4867955507179182,-100.0,-100.0,-100.0,0.5781511664390564,6,0.0
32292,243.15611267089844,54.7880973815918,25.272820093232895,0.1923031251475047,-1.6388230267053798,-1.0625241947152897,2.378505229949951,2.1966280937194824,209.344482421875,1.6449089050292969,2,32292,243.15611267089844,54.7880973815918,25.272820093232895,0.1631697450375792,-1.36593068436527,-0.6666196690643226,2.378505229949951,2.1966280937194824,209.344482421875,1.6449089050292969,2,0.0
38227,241.3991546630859,55.25501251220703,42.34710731983727,0.1922670321735496,-3.804199971084597,-4.045639944425342,1.9662562608718872,1.965570330619812,157.62274169921875,2.4704928398132324,2,38227,241.3991546630859,55.25501251220703,42.34710731983727,0.2274730371203644,-2.594139934278027,-2.0979691358154726,1.9662562608718872,1.965570330619812,157.62274169921875,2.4704928398132324,2,0.0
30564,242.53970336914065,55.079742431640625,2.3262402205323234,0.1922469325134467,-0.2241215104568155,-0.0070704328334355,-100.0,-100.0,-100.0,1.5380313396453855,4,30564,242.53970336914065,55.079742431640625,2.3262402205323234,0.1756485903868791,-0.2215482780325604,-0.0044987123591607,-100.0,-100.0,-100.0,1.5380313396453855,4,0.0
1225,242.2060089111328,54.81447219848633,19.08530023712368,0.1922256258000975,-1.0731028919105126,-0.6118932190923003,1.6494338512420654,1.3043051958084106,317.84503173828125,0.0933520197868347,1,1225,242.2060089111328,54.81447219848633,19.08530023712368,0.1622512860782552,-0.964732519520464,-0.4101879323413911,1.6494338512420654,1.3043051958084106,317.84503173828125,0.0933520197868347,1,0.0
32147,242.75177001953125,55.321754455566406,17.398379411941985,0.1922171358060324,-1.1455509596485285,-0.5115678574501434,1.178418517112732,0.6481841206550598,174.83746337890625,1.5687559843063354,2,32147,242.75177001953125,55.321754455566406,17.398379411941985,0.1495331917958472,-1.0635118756924613,-0.3433891278414568,1.178418517112732,0.6481841206550598,174.83746337890625,1.5687559843063354,2,0.0
5916,242.6335296630859,55.31673049926758,16.179749888492935,0.1921899572606385,-0.9537548274209848,-0.4565164133651699,1.2182002067565918,1.1684633493423462,60.41879653930664,0.2353479862213134,1,5916,242.6335296630859,55.31673049926758,16.179749888492935,0.1564389090873682,-0.8997747757078779,-0.3159584066948812,1.2182002067565918,1.1684633493423462,60.41879653930664,0.2353479862213134,1,0.0
4335,242.4891357421875,55.411190032958984,21.968088268823664,0.1919077028272421,-1.2626748564948045,-0.8012618290252614,2.193728446960449,2.1937272548675537,224.21755981445312,0.2156409472227096,1,4335,242.4891357421875,55.411190032958984,21.968088268823664,0.1656965455842528,-1.088605196367079,-0.5225511341725337,2.193728446960449,2.1937272548675537,224.21755981445312,0.2156409472227096,1,0.0
7701,242.2580413818359,55.1360969543457,12.246977016321653,0.191776914111748,-0.8080825548020776,-0.2957088533407982,2.8229682445526123,0.917981207370758,43.17472457885742,0.3160330355167389,1,7701,242.2580413818359,55.1360969543457,12.246977016321653,0.1513489548863577,-0.8114109016720406,-0.2167479737914001,2.8229682445526123,0.917981207370758,43.17472457885742,0.3160330355167389,1,0.0
30653,242.4514312744141,55.388877868652344,20.878337518137403,0.1917368228607601,-1.0901872556371974,-0.6323924406474317,-100.0,-100.0,-100.0,1.6319048404693604,5,30653,242.4514312744141,55.388877868652344,20.878337518137403,0.1737402336479785,-0.8654286488575068,-0.3884644135759435,-100.0,-100.0,-100.0,1.6319048404693604,5,0.0
35848,242.50132751464844,55.36570358276367,19.207549915886663,0.1914537167627332,-1.2637548843559974,-0.6107289879212209,2.685681104660034,2.6856510639190674,267.83612060546875,1.977065086364746,2,35848,242.50132751464844,55.36570358276367,19.207549915886663,0.1499722211369075,-1.143703375438965,-0.4009432333546471,2.685681104660034,2.6856510639190674,267.83612060546875,1.977065086364746,2,0.0
16129,242.84730529785156,55.21664047241211,13.609855946715424,0.1913876387193673,-0.889024751386704,-0.3444897722155965,1.440916895866394,0.6372138857841492,1.4758586883544922,0.5541755557060242,1,16129,242.84730529785156,55.21664047241211,13.609855946715424,0.150281058861062,-0.8733869919190368,-0.245921765392489,1.440916895866394,0.6372138857841492,1.4758586883544922,0.5541755557060242,1,0.0
32327,243.2517242431641,55.23519134521485,25.593263385104436,0.1913156207084296,-1.664167835061287,-1.091808450087002,1.5335277318954468,1.5330815315246582,187.99581909179688,1.6323299407958984,2,32327,243.2517242431641,55.23519134521485,25.593263385104436,0.1630145621123288,-1.3814822754485132,-0.6833655168743608,1.5335277318954468,1.5330815315246582,187.99581909179688,1.6323299407958984,2,0.0
13073,242.6773376464844,54.83717727661133,13.127780309044365,0.1912732017809411,-0.8595672004087928,-0.3267995844744185,0.7924321293830872,0.6248274445533752,220.6542205810547,0.4453569650650024,1,13073,242.6773376464844,54.83717727661133,13.127780309044365,0.1504465762155239,-0.8511985178424324,-0.235668663682969,0.7924321293830872,0.6248274445533752,220.6542205810547,0.4453569650650024,1,0.0
2565,242.1630096435547,55.165924072265625,15.958581735746312,0.1912675437764605,-0.927974176279408,-0.4464834100199752,3.298313856124878,3.258866786956787,281.3536071777344,0.1274250298738479,1,2565,242.1630096435547,55.165924072265625,15.958581735746312,0.156446310063367,-0.8781167219788512,-0.3101549538266357,3.298313856124878,3.258866786956787,281.3536071777344,0.1274250298738479,1,0.0
8275,241.7245330810547,54.596073150634766,40.16313036313986,0.1910292976626951,-3.239012132176057,-3.4219631307639395,2.264423370361328,0.9778723120689392,245.7318878173828,0.305511862039566,1,8275,241.7245330810547,54.596073150634766,40.16313036313986,0.2287155539894921,-2.2218589542025815,-1.8438516129937,2.264423370361328,0.9778723120689392,245.7318878173828,0.305511862039566,1,0.0
5719,242.75228881835935,54.86298370361328,12.622227351926936,0.1908583150453137,-0.8131478952927321,-0.3090151525044051,5.69040060043335,1.1530184745788574,319.66668701171875,0.2412536442279815,1,5719,242.75228881835935,54.86298370361328,12.622227351926936,0.1514491979631039,-0.8119229363450607,-0.2251319010740588,5.69040060043335,1.1530184745788574,319.66668701171875,0.2412536442279815,1,0.0
1429,242.27310180664065,55.59879302978515,34.62845027342443,0.1908348249125446,-2.4076290655946506,-2.2450065451590335,2.59168004989624,1.2311367988586426,345.0834045410156,0.1088652610778808,1,1429,242.27310180664065,55.59879302978515,34.62845027342443,0.2029622422042022,-1.7536935846050947,-1.2990859301788085,2.59168004989624,1.2311367988586426,345.0834045410156,0.1088652610778808,1,0.0
13173,243.22366333007812,55.03718566894531,22.123277431164688,0.1908011860389784,-1.308401384246872,-0.8115587585321649,2.2558722496032715,0.9083502888679504,2.308073043823242,0.466868132352829,1,13173,243.22366333007812,55.03718566894531,22.123277431164688,0.162605203292074,-1.1292881003309716,-0.5274207780207765,2.2558722496032715,0.9083502888679504,2.308073043823242,0.466868132352829,1,0.0
2974,243.5085296630859,54.69089126586914,38.572354021130046,0.1907300116553264,-2.96111254841052,-3.0300381498095814,4.158498764038086,1.110753059387207,235.57150268554688,0.1718072146177292,1,2974,243.5085296630859,54.69089126586914,38.572354021130046,0.2213169713224549,-2.0624564218144363,-1.6702559170616549,4.158498764038086,1.110753059387207,235.57150268554688,0.1718072146177292,1,0.0
4333,243.1739044189453,55.087135314941406,20.518523332705815,0.1906204430905217,-1.1726148471376143,-0.7013401910308492,1.2959591150283811,1.2959256172180176,350.5196533203125,0.209528386592865,1,4333,243.1739044189453,55.087135314941406,20.518523332705815,0.1620080481055436,-1.0331626125381903,-0.463630668842358,1.2959591150283811,1.2959256172180176,350.5196533203125,0.209528386592865,1,0.0
34072,242.20941162109375,55.11628341674805,13.370855688637182,0.1905810402735876,-0.9834286928806856,-0.3278783831733157,0.5359242558479309,0.5299224853515625,151.6481475830078,1.8335356712341309,2,34072,242.20941162109375,55.11628341674805,13.370855688637182,0.1432644210087462,-0.9631188422074892,-0.228541391693381,0.5359242558479309,0.5299224853515625,151.6481475830078,1.8335356712341309,2,0.0
13454,242.21429443359375,54.49396896362305,35.618919168615086,0.1904951304819948,-2.5888653251065668,-2.420435546329938,1.6632636785507202,1.5382145643234253,136.34222412109375,0.4402530491352081,1,13454,242.21429443359375,54.49396896362305,35.618919168615086,0.2022614187114367,-1.878755584888672,-1.384211092965925,1.6632636785507202,1.5382145643234253,136.34222412109375,0.4402530491352081,1,0.0
19857,242.03797912597656,55.00313186645508,18.856501030722978,0.1904945801057394,-1.1442452717468927,-0.5966308714409079,1.6728756427764893,0.920789897441864,293.3597717285156,0.6902477145195007,1,19857,242.03797912597656,55.00313186645508,18.856501030722978,0.1549399122654325,-1.0386051311440336,-0.3991395045789704,1.6728756427764893,0.920789897441864,293.3597717285156,0.6902477145195007,1,0.0
16240,242.1744079589844,55.048282623291016,13.956649946317812,0.1902174240012858,-0.901811019390712,-0.3579484981886756,4.052716255187988,1.8947242498397827,169.4436798095703,0.5314956903457642,1,16240,242.1744079589844,55.048282623291016,13.956649946317812,0.1497366432603319,-0.8811676192748414,-0.2542063909867369,4.052716255187988,1.8947242498397827,169.4436798095703,0.5314956903457642,1,0.0
36180,243.20960998535156,55.1595573425293,22.595886467552983,0.1901471597796187,-0.8513919611030598,-0.7546224424896997,-100.0,-100.0,-100.0,2.194500684738159,4,36180,243.20960998535156,55.1595573425293,22.595886467552983,0.2034816976847253,-0.584153669754476,-0.4600462110592655,-100.0,-100.0,-100.0,2.194500684738159,4,0.0
14703,242.1100921630859,54.890167236328125,18.787738866571768,0.1901391765430745,-1.1168242663701755,-0.5933092591711433,2.430006980895996,0.5406602025032043,125.4690170288086,0.5177862048149109,1,14703,242.1100921630859,54.890167236328125,18.787738866571768,0.156083240740398,-1.0133151442734656,-0.3977991599185096,2.430006980895996,0.5406602025032043,125.4690170288086,0.5177862048149109,1,0.0
13388,242.69235229492188,54.52741622924805,31.52030068698262,0.1900621090899683,-2.1035710861182326,-1.7674403571209565,1.3749219179153442,1.372032880783081,261.4632873535156,0.4710994958877563,1,13388,242.69235229492188,54.52741622924805,31.52030068698262,0.1859000371741833,-1.6029999914693234,-1.0559489943550575,1.3749219179153442,1.372032880783081,261.4632873535156,0.4710994958877563,1,0.0
18653,242.08360290527344,55.042015075683594,17.083993428435605,0.1899837531404413,-1.0489269868280306,-0.500101709818717,2.47043514251709,2.434624195098877,123.60357666015624,0.6266034245491028,1,18653,242.08360290527344,55.042015075683594,17.083993428435605,0.1523935115574611,-0.9777745705198616,-0.3412226003426992,2.47043514251709,2.434624195098877,123.60357666015624,0.6266034245491028,1,0.0
9332,242.4858856201172,54.90470886230469,9.236987963046769,0.1899486119737047,-0.7282259164218269,-0.2062261061959696,4.550535202026367,0.9149003624916076,24.362354278564453,0.3591193854808807,1,9332,242.4858856201172,54.90470886230469,9.236987963046769,0.1471290047371548,-0.763437622575185,-0.1606521225168731,4.550535202026367,0.9149003624916076,24.362354278564453,0.3591193854808807,1,0.0
23034,242.77200317382812,55.417022705078125,23.04633405938755,0.1899234511083081,-1.2374330005365368,-0.7891421962809211,-100.0,-100.0,-100.0,0.9158743023872375,4,23034,242.77200317382812,55.417022705078125,23.04633405938755,0.1758708251841773,-0.9582712833327311,-0.4802256881746465,-100.0,-100.0,-100.0,0.9158743023872375,4,0.0
17530,242.26980590820312,54.83761978149414,16.586830287830256,0.1897780799890753,-1.0189450977082546,-0.4749441665648634,1.6390105485916138,0.76364666223526,300.7613830566406,0.6016993522644043,1,17530,242.26980590820312,54.83761978149414,16.586830287830256,0.1520167684324096,-0.956482518209364,-0.3257552138627986,1.6390105485916138,0.76364666223526,300.7613830566406,0.6016993522644043,1,0.0
8175,243.6218109130859,54.94810485839844,36.344707302772875,0.189753886157614,-2.6643225408947036,-2.5579706812140492,6.016482830047607,6.010714054107666,230.5441436767578,0.2791486084461212,1,8175,243.6218109130859,54.94810485839844,36.344707302772875,0.2066220290955793,-1.9113634188235191,-1.4506480374179085,6.016482830047607,6.010714054107666,230.5441436767578,0.2791486084461212,1,0.0
35718,242.61851501464844,55.297359466552734,14.971901676734,0.1897434050917735,-1.06002756331865,-0.3931143223733854,1.9812768697738647,1.251762866973877,225.86285400390625,1.9397995471954343,2,35718,242.61851501464844,55.297359466552734,14.971901676734,0.1433677804728541,-1.0165643997441285,-0.2687585322796801,1.9812768697738647,1.251762866973877,225.86285400390625,1.9397995471954343,2,0.0
26376,243.05470275878903,55.16007232666016,17.595280000113664,0.189555890912164,-1.1086566322050893,-0.5249631431447548,1.750184416770935,1.3055293560028076,325.4176025390625,1.091765522956848,1,26376,243.05470275878903,55.16007232666016,17.595280000113664,0.1505574578794894,-1.0261570994740374,-0.354510028885875,1.750184416770935,1.3055293560028076,325.4176025390625,1.091765522956848,1,0.0
22857,242.2362518310547,54.95743942260742,13.050668744617244,0.1894785122721039,-0.9013958822930316,-0.3220054540970555,2.090843915939331,0.4251600503921509,28.434934616088867,0.8702403903007507,1,22857,242.2362518310547,54.95743942260742,13.050668744617244,0.1462464582991741,-0.8918905146579963,-0.2306893992528952,2.090843915939331,0.4251600503921509,28.434934616088867,0.8702403903007507,1,0.0
750,242.52359008789065,54.88203811645508,10.194178959985734,0.189423013375149,-0.714895693909374,-0.1393842957077953,-100.0,-100.0,-100.0,0.1164219304919242,6,750,242.52359008789065,54.88203811645508,10.194178959985734,0.1522308384270992,-0.6646069815574035,-0.0882732908690181,-100.0,-100.0,-100.0,0.1164219304919242,6,0.0
23725,243.03787231445312,55.154449462890625,16.934042560355287,0.1893826517394359,-1.068005563448631,-0.4914293450830937,1.8964015245437624,0.5538402795791626,171.5460205078125,0.9218785762786864,1,23725,243.03787231445312,55.154449462890625,16.934042560355287,0.1500790181701848,-0.9984673658013502,-0.3348560932872611,1.8964015245437624,0.5538402795791626,171.5460205078125,0.9218785762786864,1,0.0
6223,241.6736297607422,54.91323471069336,32.26389624222855,0.1893799811622241,-2.1555874447818755,-1.8728186608495032,4.5398850440979,1.24680757522583,114.2365264892578,0.2565926611423492,1,6223,241.6736297607422,54.91323471069336,32.26389624222855,0.1900738576959234,-1.6213907074754217,-1.111130090343537,4.5398850440979,1.24680757522583,114.2365264892578,0.2565926611423492,1,0.0
27166,243.2639312744141,54.71444320678711,30.966734229497828,0.1893381291573124,-1.9056510736096215,-1.600430203316485,-100.0,-100.0,-100.0,1.1049586534500122,6,27166,243.2639312744141,54.71444320678711,30.966734229497828,0.1976839210332081,-1.3529909022216922,-0.9282706667619094,-100.0,-100.0,-100.0,1.1049586534500122,6,0.0
34267,243.22962951660156,54.84554290771485,25.478296520054464,0.1891734482150633,-1.668945612056111,-1.0807763786571165,1.4084128141403198,1.3528746366500854,216.18930053710935,1.8140517473220823,2,34267,243.22962951660156,54.84554290771485,25.478296520054464,0.160020715221046,-1.389213894428158,-0.6764228127410619,1.4084128141403198,1.3528746366500854,216.18930053710935,1.8140517473220823,2,0.0
6302,243.22509765625,55.50550842285156,35.161910212789536,0.1891136842738837,-2.5006698134319314,-2.3380681149775957,1.9680838584899905,1.1624733209609983,224.86404418945312,0.2610819339752197,1,6302,243.22509765625,55.50550842285156,35.161910212789536,0.201238537252178,-1.817123181817459,-1.3446492460529795,1.9680838584899905,1.1624733209609983,224.86404418945312,0.2610819339752197,1,0.0
17458,242.70265197753903,55.299530029296875,15.617060284901504,0.1890620395716312,-0.9761226092350322,-0.429144574321544,2.209559917449951,0.6296012997627258,1.583662033081055,0.6057736277580261,1,17458,242.70265197753903,55.299530029296875,15.617060284901504,0.1502213057541044,-0.930276941324501,-0.2980550411090016,2.209559917449951,0.6296012997627258,1.583662033081055,0.6057736277580261,1,0.0
38106,243.18307495117188,54.851863861083984,23.89074911040957,0.1887273568855138,-1.5814033954665203,-0.9392852595403196,2.3489277362823486,1.9260741472244265,344.1823425292969,2.4849772453308105,2,38106,243.18307495117188,54.851863861083984,23.89074911040957,0.1543991403961666,-1.344842596921996,-0.5919643163154616,2.3489277362823486,1.9260741472244265,344.1823425292969,2.4849772453308105,2,0.0
9931,243.25054931640625,55.40271759033203,31.254164599885375,0.1887216081512111,-2.061739139118964,-1.7315996490576593,2.1857569217681885,1.347784399986267,333.8036193847656,0.3313918709754944,1,9931,243.25054931640625,55.40271759033203,31.254164599885375,0.1847509844559721,-1.5733730665875396,-1.0376362938879873,2.1857569217681885,1.347784399986267,333.8036193847656,0.3313918709754944,1,0.0
34215,242.03823852539065,54.84764862060547,22.24209482072511,0.1885703683897046,-1.4349023998466868,-0.8137196139304219,1.1176531314849854,0.8279668688774109,9.155559539794922,1.8351818323135376,2,34215,242.03823852539065,54.84764862060547,22.24209482072511,0.1532677209192894,-1.2457944670186831,-0.5221918725686422,1.1176531314849854,0.8279668688774109,9.155559539794922,1.8351818323135376,2,0.0
19971,241.609619140625,55.14974594116211,33.8736455107529,0.1885554097551429,-2.400660409887471,-2.118310863484155,1.2892063856124878,1.1668453216552734,338.43743896484375,0.692554235458374,1,19971,241.609619140625,55.14974594116211,33.8736455107529,0.1904945112549931,-1.7857428268989346,-1.234758003831785,1.2892063856124878,1.1668453216552734,338.43743896484375,0.692554235458374,1,0.0
6124,243.2984313964844,54.76959228515625,29.898118417823476,0.1880110829334883,-1.9088212662289792,-1.557111853232825,1.9212117195129397,1.7840722799301147,46.16893005371094,0.2675388157367706,1,6124,243.2984313964844,54.76959228515625,29.898118417823476,0.1808944907227641,-1.4781734536313895,-0.9453674037663362,1.9212117195129397,1.7840722799301147,46.16893005371094,0.2675388157367706,1,0.0
36107,243.15707397460935,55.655540466308594,41.37947945411412,0.1879996090401365,-3.603693981541509,-3.752471651267357,1.5059715509414673,1.4337716102600098,180.7478485107422,1.9368501901626587,2,36107,243.15707397460935,55.655540466308594,41.37947945411412,0.2183375573480943,-2.4802666242717897,-1.977695616753858,1.5059715509414673,1.4337716102600098,180.7478485107422,1.9368501901626587,2,0.0
1544,242.6854248046875,54.35139465332031,42.000930194941255,0.1877771932290627,-3.526796847383411,-3.944339605402395,3.7124452590942383,1.1725038290023804,202.1781311035156,0.1082535311579704,1,1544,242.6854248046875,54.35139465332031,42.000930194941255,0.2402254679775214,-2.355492809162971,-2.0647535530049588,3.7124452590942383,1.1725038290023804,202.1781311035156,0.1082535311579704,1,0.0
14936,242.90074157714844,54.513580322265625,33.97046843581949,0.1876559166477888,-2.38775780392792,-2.134344599408319,3.551553249359131,0.8765460252761841,231.22813415527344,0.4995238184928894,1,14936,242.90074157714844,54.513580322265625,33.97046843581949,0.1919249057929851,-1.768139814183232,-1.2432518915230282,3.551553249359131,0.8765460252761841,231.22813415527344,0.4995238184928894,1,0.0
34547,241.83116149902344,54.48493957519531,42.62756799153597,0.1874855450320237,-3.822562479483002,-4.137951415345771,1.5674240589141846,1.5452314615249634,205.9032745361328,1.8895734548568728,2,34547,241.83116149902344,54.48493957519531,42.62756799153597,0.2268986907618141,-2.5888943504261945,-2.1380979956375405,1.5674240589141846,1.5452314615249634,205.9032745361328,1.8895734548568728,2,0.0
28141,241.7622528076172,55.29530715942383,31.69926618627183,0.1871480117602617,-2.199902079575717,-1.789157482385898,3.526766061782837,0.7056137919425964,138.87509155273438,1.1672195196151731,1,28141,241.7622528076172,55.29530715942383,31.69926618627183,0.177881221929626,-1.6878934220606108,-1.0638569194186978,3.526766061782837,0.7056137919425964,138.87509155273438,1.1672195196151731,1,0.0
30717,243.4127655029297,55.13048553466797,28.997236321263923,0.1871284753436928,-2.054014601626098,-1.3569417897463545,-100.0,-100.0,-100.0,1.6736263036727903,6,30717,243.4127655029297,55.13048553466797,28.997236321263923,0.1635111792709178,-1.5820759305474772,-0.7982903730381817,-100.0,-100.0,-100.0,1.6736263036727903,6,0.0
9873,243.31329345703125,55.3057861328125,29.46608341552376,0.1871075938874762,-1.881745224797263,-1.5045804840687889,4.580653190612793,1.0529581308364868,20.17836570739746,0.3577658236026764,1,9873,243.31329345703125,55.3057861328125,29.46608341552376,0.177618677579473,-1.4681701393884068,-0.9168325165400436,4.580653190612793,1.0529581308364868,20.17836570739746,0.3577658236026764,1,0.0
21960,242.3778076171875,55.52015686035156,29.118002102604805,0.1870199531748708,-1.9024603790024257,-1.461705058212937,1.2538243532180786,1.1359105110168457,199.6861267089844,0.7782389521598816,1,21960,242.3778076171875,55.52015686035156,29.118002102604805,0.1726217359593622,-1.5005778470461892,-0.8918530652988932,1.2538243532180786,1.1359105110168457,199.6861267089844,0.7782389521598816,1,0.0
28564,242.69293212890625,55.22856521606445,11.456390533912035,0.1868609199850814,-0.7146407106053706,-0.177142774016724,-100.0,-100.0,-100.0,1.4703994989395142,6,28564,242.69293212890625,55.22856521606445,11.456390533912035,0.1535527019566197,-0.6508082609153955,-0.1118458302391781,-100.0,-100.0,-100.0,1.4703994989395142,6,0.0
26442,243.24505615234375,54.86016845703125,25.541903482766656,0.1868465402936206,-1.6137201933675946,-1.090160591280031,2.689076662063598,1.238438844680786,161.47181701660156,1.0749984979629517,1,26442,243.24505615234375,54.86016845703125,25.541903482766656,0.1621376023830059,-1.3359217964086785,-0.6856137230358839,2.689076662063598,1.238438844680786,161.47181701660156,1.0749984979629517,1,0.0
28285,242.80935668945312,54.90616989135742,11.633735287953115,0.1868067037565831,-0.591283705287791,-0.1828799086480985,-100.0,-100.0,-100.0,1.4390881061553955,6,28285,242.80935668945312,54.90616989135742,11.633735287953115,0.1622503504139444,-0.5254110092840594,-0.1154354219783793,-100.0,-100.0,-100.0,1.4390881061553955,6,0.0
20006,241.74403381347656,55.30961227416992,32.650756252513,0.1867571329376651,-2.2569844201611047,-1.9278437495875853,1.8151417970657349,1.4321209192276,10.926761627197266,0.6767052412033081,1,20006,241.74403381347656,55.30961227416992,32.650756252513,0.1843097454198822,-1.702601074383309,-1.1376851421019782,1.8151417970657349,1.4321209192276,10.926761627197266,0.6767052412033081,1,0.0
3301,241.6203460693359,54.97566604614258,33.321023966309916,0.1867278453062337,-2.183310309564555,-1.93841713433152,-100.0,-100.0,-100.0,0.1961767077445984,6,3301,241.6203460693359,54.97566604614258,33.321023966309916,0.2021720511932934,-1.520510727326922,-1.1026195042432767,-100.0,-100.0,-100.0,0.1961767077445984,6,0.0
13400,243.4656524658203,55.24788284301758,32.617508025833025,0.1866532884862849,-2.223599050382485,-1.9239611622650077,3.169576406478882,0.993356227874756,254.082275390625,0.4550735056400299,1,13400,243.4656524658203,55.24788284301758,32.617508025833025,0.1863651638233024,-1.6719640673151095,-1.1369159876206103,3.169576406478882,0.993356227874756,254.082275390625,0.4550735056400299,1,0.0
11392,243.0029754638672,55.29978942871094,20.891063519672898,0.1866021730301277,-1.224774060550584,-0.7255538128739862,1.698598027229309,0.3548321425914764,146.59024047851562,0.4180245697498321,1,11392,243.0029754638672,55.29978942871094,20.891063519672898,0.1572517639669771,-1.0761163240156544,-0.477321537561692,1.698598027229309,0.3548321425914764,146.59024047851562,0.4180245697498321,1,0.0
5948,241.9111328125,55.164024353027344,23.990936337428096,0.1865918761429986,-1.4086492154487866,-0.957651643616578,1.8895742893218992,1.8755241632461548,3.215818405151367,0.2709810137748718,1,5948,241.9111328125,55.164024353027344,23.990936337428096,0.1645539325729338,-1.1802551926494356,-0.6131532243321718,1.8895742893218992,1.8755241632461548,3.215818405151367,0.2709810137748718,1,0.0
38768,241.9177398681641,54.78441619873047,27.818863833135563,0.1865862123583086,-1.906719835851126,-1.3085085447308185,1.6839698553085327,1.1313755512237549,199.15234375,2.5093512535095215,2,38768,241.9177398681641,54.78441619873047,27.818863833135563,0.1604657628854599,-1.5445526567002494,-0.7995625648613097,1.6839698553085327,1.1313755512237549,199.15234375,2.5093512535095215,2,0.0
1492,242.49810791015625,54.39073944091797,39.58520212930187,0.1864824748243921,-3.1107322102898425,-3.2736111747338676,3.0258796215057373,1.4476903676986694,173.7118682861328,0.1054247319698333,1,1492,242.49810791015625,54.39073944091797,39.58520212930187,0.2229930824043072,-2.138073017028722,-1.778913606157627,3.0258796215057373,1.4476903676986694,173.7118682861328,0.1054247319698333,1,0.0
7673,242.195556640625,55.156036376953125,14.69591319405945,0.1864593453149282,-0.898105416414386,-0.3895357979085456,2.8714029788970947,1.2423083782196045,307.74334716796875,0.3030509650707245,1,7673,242.195556640625,55.156036376953125,14.69591319405945,0.1495680806369168,-0.8678404570752873,-0.2747551823922688,2.8714029788970947,1.2423083782196045,307.74334716796875,0.3030509650707245,1,0.0
13122,243.1138916015625,55.14304733276367,19.16796647137163,0.1861858351557864,-1.131594598316363,-0.6160714404281965,0.5763495564460754,0.5677695274353027,148.1562957763672,0.4341398775577545,1,13122,243.1138916015625,55.14304733276367,19.16796647137163,0.1537607683440313,-1.020709067578866,-0.411913452325333,0.5763495564460754,0.5677695274353027,148.1562957763672,0.4341398775577545,1,0.0
1369,242.1562042236328,55.534690856933594,32.55858309343894,0.1860843850142081,-2.1628270180866673,-1.9158740270587704,3.366152048110962,2.246821403503418,327.3341369628906,0.1178115755319595,1,1369,242.1562042236328,55.534690856933594,32.55858309343894,0.1898517218142436,-1.6147211782477715,-1.133479756885681,3.366152048110962,2.246821403503418,327.3341369628906,0.1178115755319595,1,0.0
4476,242.50393676757812,55.54360580444336,29.80453891511856,0.1858863598082602,-1.8919219413825292,-1.5459010543438378,2.982301712036133,1.1055874824523926,299.7544860839844,0.2088616341352462,1,4476,242.50393676757812,55.54360580444336,29.80453891511856,0.1791440097005243,-1.4652930350032805,-0.939649617051261,2.982301712036133,1.1055874824523926,299.7544860839844,0.2088616341352462,1,0.0
16245,242.0095367431641,55.13957977294922,20.344377840520107,0.185870716046194,-1.2112482002509295,-0.6889437331589381,0.9719643592834472,0.5089137554168701,37.532814025878906,0.5518251061439514,1,16245,242.0095367431641,55.13957977294922,20.344377840520107,0.1544979972630907,-1.0745160349666425,-0.4550828656721184,0.9719643592834472,0.5089137554168701,37.532814025878906,0.5518251061439514,1,0.0
1195,242.4857482910156,54.807167053222656,14.85965884807182,0.1858025596152214,-0.8718545460990483,-0.3968757367552547,3.7325282096862793,3.716257572174072,292.40301513671875,0.0899259820580482,1,1195,242.4857482910156,54.807167053222656,14.85965884807182,0.1512972729476825,-0.8394405881252004,-0.2796510654508061,3.7325282096862793,3.716257572174072,292.40301513671875,0.0899259820580482,1,0.0
12972,242.26321411132812,55.080623626708984,11.065918263976778,0.1857400121171682,-0.7914453768373638,-0.2567415641198404,1.319854497909546,0.9858095049858092,345.3022766113281,0.4465586245059967,1,12972,242.26321411132812,55.080623626708984,11.065918263976778,0.1443639003714449,-0.8078659094606724,-0.1919032138128722,1.319854497909546,0.9858095049858092,345.3022766113281,0.4465586245059967,1,0.0
4496,241.9214630126953,55.44419479370117,32.72411063143653,0.1857395547302241,-2.1990555888956775,-1.9404915915997532,1.6356428861618042,1.303565502166748,199.8168487548828,0.1899431347846985,1,4496,241.9214630126953,55.44419479370117,32.72411063143653,0.188697962916677,-1.6429961916836318,-1.1460830601185703,1.6356428861618042,1.303565502166748,199.8168487548828,0.1899431347846985,1,0.0
16351,243.0804748535156,55.41102600097656,27.66114408943279,0.1855336532511136,-1.742269123489502,-1.301022661548721,1.3148651123046875,1.0063811540603638,347.3246154785156,0.5261295437812805,1,16351,243.0804748535156,55.41102600097656,27.66114408943279,0.1692908912960733,-1.395724606948585,-0.8052048466003097,1.3148651123046875,1.0063811540603638,347.3246154785156,0.5261295437812805,1,0.0
2498,242.3837890625,55.19903564453125,11.26053853915726,0.185170630516905,-0.7529668276752078,-0.2637516886796438,3.781611204147339,1.7354387044906616,314.5645751953125,0.1272008717060089,1,2498,242.3837890625,55.19903564453125,11.26053853915726,0.1467635579885706,-0.7683167642107968,-0.1972792488011573,3.781611204147339,1.7354387044906616,314.5645751953125,0.1272008717060089,1,0.0
11782,241.9773712158203,54.61075973510742,33.54225297732509,0.1850888332710135,-2.324168340537549,-2.0661266818244495,2.238246440887451,0.8289436101913452,154.8154754638672,0.3820898830890655,1,11782,241.9773712158203,54.61075973510742,33.54225297732509,0.1886405995917106,-1.727274060838494,-1.209588523113434,2.238246440887451,0.8289436101913452,154.8154754638672,0.3820898830890655,1,0.0
30487,243.31793212890625,55.67100524902344,45.01540801337606,0.1846330159028083,-4.281917704272753,-5.0066593107543,1.754710078239441,1.3433198928833008,180.8585662841797,1.3900562524795532,2,30487,243.31793212890625,55.67100524902344,45.01540801337606,0.2442740709924772,-2.8041905719381304,-2.4760391398413786,1.754710078239441,1.3433198928833008,180.8585662841797,1.3900562524795532,2,0.0
10031,243.46974182128903,54.66404342651367,38.42135100328267,0.1843737618774769,-2.97017527262181,-2.9954249450609485,2.6292121410369873,2.628159284591675,156.28309631347656,0.3257081806659698,1,10031,243.46974182128903,54.66404342651367,38.42135100328267,0.2102753679974399,-2.081972246913163,-1.6542892764100583,2.6292121410369873,2.628159284591675,156.28309631347656,0.3257081806659698,1,0.0
11286,242.15304565429688,55.006103515625,14.91996889979987,0.1838112225761633,-0.9212897531235108,-0.3987956031909376,1.3346699476242063,1.113136887550354,81.28131866455078,0.4039038121700287,1,11286,242.15304565429688,55.006103515625,14.91996889979987,0.1468254593654827,-0.8871913508904047,-0.28011047178491,1.3346699476242063,1.113136887550354,81.28131866455078,0.4039038121700287,1,0.0
17802,241.7515106201172,54.80743789672851,32.037347119894086,0.1837453086442977,-1.925169112180024,-1.7472142865985067,-100.0,-100.0,-100.0,0.6548930406570435,6,17802,241.7515106201172,54.80743789672851,32.037347119894086,0.2035803937988941,-1.3243935141517031,-1.004835505785848,-100.0,-100.0,-100.0,0.6548930406570435,6,0.0
22125,241.48338317871097,54.741451263427734,42.10524654774237,0.1832225522910909,-3.118944958038639,-3.8830397668860326,-100.0,-100.0,-100.0,0.8614834547042847,6,22125,241.48338317871097,54.741451263427734,42.10524654774237,0.2862420284024145,-1.8605736513381264,-1.987695559104934,-100.0,-100.0,-100.0,0.8614834547042847,6,0.0
7728,242.01210021972656,54.880462646484375,22.027796911027608,0.1832000430747644,-1.2816900916624845,-0.8051860585039226,2.3721272945404053,2.3356680870056152,165.05731201171875,0.287780612707138,1,7728,242.01210021972656,54.880462646484375,22.027796911027608,0.1572907679725854,-1.1056775621167658,-0.5244364939781315,2.3721272945404053,2.3356680870056152,165.05731201171875,0.287780612707138,1,0.0
38899,241.44650268554688,54.88688659667969,40.24466715971229,0.1829822149689667,-3.4127851448273687,-3.3500692463504063,-100.0,-100.0,-100.0,2.7221033573150635,6,38899,241.44650268554688,54.88688659667969,40.24466715971229,0.2086204929380297,-2.3116744527883406,-1.7630238474878823,-100.0,-100.0,-100.0,2.7221033573150635,6,0.0
30048,242.9910430908203,54.64558792114258,28.043022317406876,0.1829615809382299,-1.855624979863665,-1.3379690597314708,0.8143037557601929,0.5643006563186646,214.4090118408203,1.3782320022583008,2,30048,242.9910430908203,54.64558792114258,28.043022317406876,0.162514592488069,-1.4911062636600918,-0.8213735392207885,0.8143037557601929,0.5643006563186646,214.4090118408203,1.3782320022583008,2,0.0
14758,241.93881225585935,55.18812942504883,23.550334098366683,0.1828532542055146,-1.4123261297246643,-0.9211280887724173,2.2228708267211914,1.7930699586868286,62.79802322387695,0.5086902379989624,1,14758,241.93881225585935,55.18812942504883,23.550334098366683,0.1580311920649162,-1.1955413817291611,-0.5912472915751348,2.2228708267211914,1.7930699586868286,62.79802322387695,0.5086902379989624,1,0.0
28151,241.655517578125,54.802642822265625,35.14302636617113,0.1827449627247872,-2.6045986905849565,-2.3313401124740234,2.3143348693847656,2.078981637954712,132.15548706054688,1.212714672088623,1,28151,241.655517578125,54.802642822265625,35.14302636617113,0.185984737018462,-1.918429046941709,-1.3376220961916372,2.3143348693847656,2.078981637954712,132.15548706054688,1.212714672088623,1,0.0
14860,241.70367431640625,55.14781188964844,30.68037947577019,0.1825947605492661,-2.022164321570968,-1.6551659813057382,1.761014699935913,1.6080471277236938,298.71258544921875,0.4786551892757416,1,14860,241.70367431640625,55.14781188964844,30.68037947577019,0.1754826420914214,-1.558094283540124,-0.9967732382130284,1.761014699935913,1.6080471277236938,298.71258544921875,0.4786551892757416,1,0.0
8405,243.07310485839844,55.34996795654297,24.72208813873729,0.1825671778772417,-1.7150176494964169,-0.9269392715087418,-100.0,-100.0,-100.0,0.3664883971214294,5,8405,243.07310485839844,55.34996795654297,24.72208813873729,0.1485122777095731,-1.388443998847673,-0.559434900966516,-100.0,-100.0,-100.0,0.3664883971214294,5,0.0
28096,243.24905395507812,55.33624267578125,28.668149621768283,0.1822159683207774,-1.8972467743446095,-1.4083257328503769,2.406036853790283,2.0782992839813232,64.4619369506836,1.2815643548965454,1,28096,243.24905395507812,55.33624267578125,28.668149621768283,0.1644599885262785,-1.510754031703812,-0.8610483793799631,2.406036853790283,2.0782992839813232,64.4619369506836,1.2815643548965454,1,0.0
4055,242.6298370361328,55.29187774658203,14.683936411024476,0.1821887424502497,-0.8825758996854223,-0.3894961829736031,1.4548966884613037,0.9752635955810548,288.8048095703125,0.2180533111095428,1,4055,242.6298370361328,55.29187774658203,14.683936411024476,0.147046401767757,-0.8529813757338416,-0.2751550990404884,1.4548966884613037,0.9752635955810548,288.8048095703125,0.2180533111095428,1,0.0
32815,241.46669006347656,55.112892150878906,38.44463169052221,0.1820098262819629,-3.0570359335402415,-2.907343837255223,-100.0,-100.0,-100.0,1.7773966789245603,6,32815,241.46669006347656,55.112892150878906,38.44463169052221,0.2038463814160039,-2.0897942834031737,-1.5668491517847662,-100.0,-100.0,-100.0,1.7773966789245603,6,0.0
16512,243.34600830078125,54.480167388916016,43.19951517231281,0.1819359215323502,-3.822433547582256,-4.332457503602116,1.5226340293884275,1.3000867366790771,219.48426818847656,0.5274100303649902,1,16512,243.34600830078125,54.480167388916016,43.19951517231281,0.2346601550741837,-2.53820590221439,-2.2206959046699426,1.5226340293884275,1.3000867366790771,219.48426818847656,0.5274100303649902,1,0.0
8453,243.13961791992188,55.31386947631836,24.89896958251553,0.181930219192622,-1.7213280740333547,-0.9424357748277172,-100.0,-100.0,-100.0,0.3489421308040619,6,8453,243.13961791992188,55.31386947631836,24.89896958251553,0.1487825016688223,-1.3894587548865014,-0.5682365595649608,-100.0,-100.0,-100.0,0.3489421308040619,6,0.0
2478,242.4730682373047,54.8214111328125,14.135122997357684,0.1818655889979163,-0.851897776734897,-0.3665826836945794,1.3899614810943604,1.3075454235076904,332.7774963378906,0.1592894047498703,1,2478,242.4730682373047,54.8214111328125,14.135122997357684,0.1467711263252096,-0.830257131539678,-0.2609937150690133,1.3899614810943604,1.3075454235076904,332.7774963378906,0.1592894047498703,1,0.0
17451,242.96728515625,55.129730224609375,14.143530010882108,0.181750783728306,-0.9151361725781334,-0.3653648123935499,2.4391279220581055,2.2486979961395264,64.89031982421875,0.5866743922233582,1,17451,242.96728515625,55.129730224609375,14.143530010882108,0.1428910059790082,-0.8916734014169548,-0.2587251399061084,2.4391279220581055,2.2486979961395264,64.89031982421875,0.5866743922233582,1,0.0
32496,243.22732543945312,54.590553283691406,35.439107467949924,0.1816791826514137,-2.673065095653713,-2.382979527940697,1.2549854516983032,0.9042369723320008,314.3573913574219,1.521109700202942,2,32496,243.22732543945312,54.590553283691406,35.439107467949924,0.1837871574411519,-1.968329030918787,-1.3609447573647635,1.2549854516983032,0.9042369723320008,314.3573913574219,1.521109700202942,2,0.0
38738,242.33160400390625,54.72409439086914,21.289865780933617,0.1814603932628537,-1.4160626557607947,-0.7415552508006308,1.5928925275802612,1.5080952644348145,297.9942932128906,2.574679374694824,2,38738,242.33160400390625,54.72409439086914,21.289865780933617,0.143480162995565,-1.2459078397830106,-0.4755651480008955,1.5928925275802612,1.5080952644348145,297.9942932128906,2.574679374694824,2,0.0
30197,242.17886352539065,54.52408599853515,34.4108428497813,0.1814335216376399,-2.52854287987361,-2.203855950482743,1.2144136428833008,1.181273341178894,207.06198120117188,1.4871305227279663,2,30197,242.17886352539065,54.52408599853515,34.4108428497813,0.1806264987637999,-1.8817944112076823,-1.2738421708350054,1.2144136428833008,1.181273341178894,207.06198120117188,1.4871305227279663,2,0.0
29958,241.9004669189453,54.953338623046875,24.0908374856135,0.1811355336474123,-1.5359768190343872,-0.9609326709889778,1.628740310668945,1.1757261753082275,318.523681640625,1.3414709568023682,2,29958,241.9004669189453,54.953338623046875,24.0908374856135,0.152205878822095,-1.299166681499588,-0.6095889565970337,1.628740310668945,1.1757261753082275,318.523681640625,1.3414709568023682,2,0.0
18969,242.91213989257812,54.5915641784668,29.732595339645226,0.1808705158697575,-1.7805100674941174,-1.4440343530898616,-100.0,-100.0,-100.0,0.7235190272331238,6,18969,242.91213989257812,54.5915641784668,29.732595339645226,0.1849486516677536,-1.279554000484055,-0.8452920432412871,-100.0,-100.0,-100.0,0.7235190272331238,6,0.0
38707,242.52146911621097,55.37763977050781,19.83477781948098,0.1808067169663017,-1.329259843292376,-0.6458756758682987,0.7079713344573975,0.5871021151542664,321.90765380859375,2.6397767066955566,2,38707,242.52146911621097,55.37763977050781,19.83477781948098,0.1407939218242547,-1.1923895206911546,-0.4188165876712725,0.7079713344573975,0.5871021151542664,321.90765380859375,2.6397767066955566,2,0.0
12028,243.0687561035156,55.44139099121094,28.877009298628696,0.1805837384253693,-2.16931941504146,-1.3429740893316102,-100.0,-100.0,-100.0,0.4670612514019012,6,12028,243.0687561035156,55.44139099121094,28.877009298628696,0.1492964189352513,-1.7020033137286377,-0.7908052704271845,-100.0,-100.0,-100.0,0.4670612514019012,6,0.0
35773,242.7897186279297,54.617549896240234,26.86530373423561,0.1803565933863851,-1.7941877186833657,-1.2129710734496115,1.2947860956192017,1.2697207927703855,222.1784820556641,2.047848701477051,2,35773,242.7897186279297,54.617549896240234,26.86530373423561,0.1547750682933832,-1.4687017766511714,-0.7499926222733153,1.2947860956192017,1.2697207927703855,222.1784820556641,2.047848701477051,2,0.0
7725,242.12429809570312,54.78517150878906,22.30698207963589,0.180137025911091,-1.30013556346026,-0.8256777475728984,1.5288211107254028,1.5227601528167725,70.23001861572266,0.3080784380435943,1,7725,242.12429809570312,54.78517150878906,22.30698207963589,0.1551431243128725,-1.117126904025424,-0.5365361940548383,1.5288211107254028,1.5227601528167725,70.23001861572266,0.3080784380435943,1,0.0
7598,242.86590576171875,54.91221237182617,12.796292468945934,0.1797848248449856,-0.8263912369174844,-0.3149702644830935,0.9496854543685912,0.8474020957946777,111.21786499023438,0.3111381828784942,1,7598,242.86590576171875,54.91221237182617,12.796292468945934,0.1423903290698333,-0.822628591676782,-0.2286276545084196,0.9496854543685912,0.8474020957946777,111.21786499023438,0.3111381828784942,1,0.0
20909,243.01429748535156,54.76624298095703,22.612558671647736,0.1796070332029679,-1.376627191822244,-0.8470172407709118,1.492651343345642,1.3697373867034912,58.07965087890625,0.7638282179832458,1,20909,243.01429748535156,54.76624298095703,22.612558671647736,0.1516544969766541,-1.1839552470334975,-0.5472660526890863,1.492651343345642,1.3697373867034912,58.07965087890625,0.7638282179832458,1,0.0
29963,242.68406677246097,55.46445083618164,25.19087531631227,0.1795573583956508,-1.618563809650817,-1.0562529581292608,1.1028140783309937,0.5867963433265686,309.4781799316406,1.4149651527404783,2,29963,242.68406677246097,55.46445083618164,25.19087531631227,0.1530500479826203,-1.3493188798079865,-0.6641744517678195,1.1028140783309937,0.5867963433265686,309.4781799316406,1.4149651527404783,2,0.0
499,241.8084716796875,55.49597930908203,37.6320971548152,0.1794940389428236,-2.801497731467619,-2.8203734224142334,4.007298469543457,3.0803940296173096,357.2783203125,0.0736603140830993,1,499,241.8084716796875,55.49597930908203,37.6320971548152,0.2052115232916669,-1.9665143448513316,-1.573711785546976,4.007298469543457,3.0803940296173096,357.2783203125,0.0736603140830993,1,0.0
1577,243.66357421875,55.39175796508789,42.39881228280003,0.1794668938610105,-3.600301318872303,-4.068529182615727,1.7281938791275024,1.5325963497161863,271.6494140625,0.0995239913463592,1,1577,243.66357421875,55.39175796508789,42.39881228280003,0.2323998375021836,-2.3926272204721553,-2.1154325436236654,1.7281938791275024,1.5325963497161863,271.6494140625,0.0995239913463592,1,0.0
29952,242.74752807617188,54.67673873901367,23.05589194863544,0.1793552746217772,-1.4615030646534368,-0.8769180255412498,1.101232647895813,0.8016526103019714,164.37254333496094,1.4961453676223757,2,29952,242.74752807617188,54.67673873901367,23.05589194863544,0.1488908458620463,-1.2527474185607732,-0.560564994485376,1.101232647895813,0.8016526103019714,164.37254333496094,1.4961453676223757,2,0.0
14622,243.1673889160156,55.18776321411133,21.798013924393445,0.1793270624400172,-1.294199320249097,-0.7880019174596583,1.3444993495941162,0.970726191997528,146.7908172607422,0.5211276412010193,1,14622,243.1673889160156,55.18776321411133,21.798013924393445,0.1518255182157765,-1.1232101453096506,-0.5136514613135765,1.3444993495941162,0.970726191997528,146.7908172607422,0.5211276412010193,1,0.0
26494,242.5716552734375,55.55039978027344,30.09887433363112,0.1792195059307434,-2.0163663072603244,-1.5789549030725325,1.8446192741394043,1.5101563930511477,156.79945373535156,1.0115360021591189,1,26494,242.5716552734375,55.55039978027344,30.09887433363112,0.1668442597368258,-1.5741508467651983,-0.9536871547982866,1.8446192741394043,1.5101563930511477,156.79945373535156,1.0115360021591189,1,0.0
30690,243.1039276123047,54.41389465332031,42.18955255134452,0.1789192081188336,-3.2867911731715846,-3.909292431911893,-100.0,-100.0,-100.0,1.6601221561431885,6,30690,243.1039276123047,54.41389465332031,42.18955255134452,0.2627891751101997,-2.020783740085918,-1.9985217866478144,-100.0,-100.0,-100.0,1.6601221561431885,6,0.0
14712,242.48275756835935,55.47161483764648,25.589182833912957,0.1787093937928212,-1.5641583775782466,-1.0965740320166,2.0964956283569336,0.420901745557785,327.8357238769531,0.5233945846557617,1,14712,242.48275756835935,55.47161483764648,25.589182833912957,0.1586351505426211,-1.287166732622176,-0.691447415976194,2.0964956283569336,0.420901745557785,327.8357238769531,0.5233945846557617,1,0.0
8267,242.5035095214844,54.36982727050781,40.82416234213363,0.1783143587214126,-3.3505804750794312,-3.60042854911302,2.5339791774749756,2.2484447956085205,329.216064453125,0.2837652266025543,1,8267,242.5035095214844,54.36982727050781,40.82416234213363,0.2174516727726413,-2.280135101502533,-1.9204623150366584,2.5339791774749756,2.2484447956085205,329.216064453125,0.2837652266025543,1,0.0
26615,242.36688232421875,54.31442642211914,44.67935302992791,0.1782195040706925,-4.175178091128237,-4.873852910079958,4.228182792663574,2.090721845626831,140.31549072265625,0.994606077671051,1,26615,242.36688232421875,54.31442642211914,44.67935302992791,0.2363918155441701,-2.7362531081966295,-2.4281291906206564,4.228182792663574,2.090721845626831,140.31549072265625,0.994606077671051,1,0.0
14908,242.2889404296875,55.59941482543945,34.50420018583999,0.1780771976687792,-2.452609410900305,-2.2230235782669774,1.950491428375244,1.9066914319992063,359.4594421386719,0.5084514617919922,1,14908,242.2889404296875,55.59941482543945,34.50420018583999,0.1841799965297158,-1.8044568387458892,-1.2870814294260913,1.950491428375244,1.9066914319992063,359.4594421386719,0.5084514617919922,1,0.0
30387,241.4212646484375,54.958621978759766,40.25360382922866,0.1778357454616819,-3.368677035537699,-3.4417026966064244,2.071742534637451,1.425535798072815,74.57648468017578,1.4163172245025637,2,30387,241.4212646484375,54.958621978759766,40.25360382922866,0.2035412616779287,-2.3399966302086685,-1.8476364898293636,2.071742534637451,1.425535798072815,74.57648468017578,1.4163172245025637,2,0.0
16517,243.6945953369141,55.42517852783203,44.30374878752172,0.1778320816953289,-4.046969781782125,-4.730205937927534,2.083911418914795,1.5880305767059326,272.42041015625,0.5744036436080933,1,16517,243.6945953369141,55.42517852783203,44.30374878752172,0.2376789998002945,-2.650045939218161,-2.3752716388715616,2.083911418914795,1.5880305767059326,272.42041015625,0.5744036436080933,1,0.0
14844,243.1336975097656,55.38742446899414,27.77467142697162,0.1775378012459516,-1.7458637778523078,-1.313134333075784,2.0311758518218994,2.029993057250977,244.70724487304688,0.5092453360557556,1,14844,243.1336975097656,55.38742446899414,27.77467142697162,0.162709820429944,-1.395382857025666,-0.8120176980491631,2.0311758518218994,2.029993057250977,244.70724487304688,0.5092453360557556,1,0.0
35851,241.9590606689453,54.893436431884766,23.341522523430555,0.177239357026577,-1.5217424933605184,-0.8970911231184884,2.3632700443267822,1.3838313817977903,15.93463897705078,2.011326789855957,2,35851,241.9590606689453,54.893436431884766,23.341522523430555,0.145215063171869,-1.302803940247583,-0.5698989487341667,2.3632700443267822,1.3838313817977903,15.93463897705078,2.011326789855957,2,0.0
9887,242.66549682617188,54.5559196472168,29.717358799143454,0.1772220389998962,-1.9063165064417216,-1.5349283440440895,1.8286799192428589,1.594948172569275,98.47655487060548,0.3653752505779266,1,9887,242.66549682617188,54.5559196472168,29.717358799143454,0.1689165732048949,-1.4828240102468322,-0.9333407499077878,1.8286799192428589,1.594948172569275,98.47655487060548,0.3653752505779266,1,0.0
35886,243.04998779296875,55.40817642211914,26.891392859877744,0.1769859494456971,-1.7942564888919952,-1.2147228912499703,1.596198320388794,1.5918093919754028,21.433725357055664,1.9686729907989504,2,35886,243.04998779296875,55.40817642211914,26.891392859877744,0.1521072397471504,-1.4668741742182967,-0.7499784616936994,1.596198320388794,1.5918093919754028,21.433725357055664,1.9686729907989504,2,0.0
19827,242.1582489013672,55.30678939819336,21.18708326479476,0.1769506348042723,-1.27919265772149,-0.7444133486692214,1.2947754859924316,0.6634231805801392,123.9622573852539,0.6992014646530151,1,19827,242.1582489013672,55.30678939819336,21.18708326479476,0.1473625908306457,-1.1221921969834745,-0.4872120976483632,1.2947754859924316,0.6634231805801392,123.9622573852539,0.6992014646530151,1,0.0
30047,242.5451812744141,54.59064102172851,27.515162127912863,0.1769318133985139,-1.809363132284592,-1.2818645010835636,2.038052797317505,1.92715585231781,57.7386474609375,1.4070574045181274,2,30047,242.5451812744141,54.59064102172851,27.515162127912863,0.1558728652330848,-1.4638758245840264,-0.790570383550253,2.038052797317505,1.92715585231781,57.7386474609375,1.4070574045181274,2,0.0
32133,242.49017333984375,55.442569732666016,23.82845002458469,0.1767170568897277,-1.5323419701039491,-0.9386586589898332,0.8485058546066284,0.6626178026199341,12.536172866821287,1.5977075099945068,2,32133,242.49017333984375,55.442569732666016,23.82845002458469,0.1470624606238232,-1.3024882580769983,-0.5963700352554272,0.8485058546066284,0.6626178026199341,12.536172866821287,1.5977075099945068,2,0.0
6165,242.6536407470703,54.54961013793945,30.05680462620144,0.1765658276871414,-1.9244154929865955,-1.576793883421043,2.9405200481414795,0.7901475429534912,265.34368896484375,0.2498520612716674,1,6165,242.6536407470703,54.54961013793945,30.05680462620144,0.170344847623251,-1.4872551571001686,-0.9558469949991172,2.9405200481414795,0.7901475429534912,265.34368896484375,0.2498520612716674,1,0.0
19000,243.2751312255859,54.8418083190918,26.96892574129446,0.1765213553804457,-1.8655896254945992,-1.1376481583150158,-100.0,-100.0,-100.0,0.7073384523391724,6,19000,243.2751312255859,54.8418083190918,26.96892574129446,0.149966099981219,-1.4673141416123114,-0.6780649553438644,-100.0,-100.0,-100.0,0.7073384523391724,6,0.0
34116,242.3782958984375,55.42244720458984,23.462629379732583,0.1762965999457358,-1.5165959326072536,-0.906907477772856,1.3322731256484983,0.996890664100647,134.61221313476562,1.8738977909088137,2,34116,242.3782958984375,55.42244720458984,23.462629379732583,0.1454849060925536,-1.2945919745248475,-0.5758554294371065,1.3322731256484983,0.996890664100647,134.61221313476562,1.8738977909088137,2,0.0
19783,242.31842041015625,55.32027053833008,18.59885316127333,0.1761852034380249,-1.1307629573556526,-0.5818866933840827,0.6845995783805847,0.6595720648765564,252.99761962890625,0.6856375932693481,1,19783,242.31842041015625,55.32027053833008,18.59885316127333,0.1429335571905632,-1.030460189769533,-0.3903462740811975,0.6845995783805847,0.6595720648765564,252.99761962890625,0.6856375932693481,1,0.0
18722,242.01760864257812,54.77078628540039,25.594355037303053,0.1761565197300269,-1.5816345771301608,-1.0961564135028092,1.2081891298294067,0.7768699526786804,33.07460021972656,0.6548616290092468,1,18722,242.01760864257812,54.77078628540039,25.594355037303053,0.1552880787418568,-1.303479334808583,-0.6902497365161937,1.2081891298294067,0.7768699526786804,33.07460021972656,0.6548616290092468,1,0.0
36259,242.9237518310547,54.39441680908203,41.02429539122855,0.1761247635041685,-4.02080422745974,-3.5631158390456963,-100.0,-100.0,-100.0,2.15218186378479,6,36259,242.9237518310547,54.39441680908203,41.02429539122855,0.1679210319902755,-2.8563227845988908,-1.8543260427253068,-100.0,-100.0,-100.0,2.15218186378479,6,0.0
30456,241.32435607910156,55.0074462890625,43.26796934231792,0.1757043659306357,-3.918147062247292,-4.35326035964278,2.495436906814575,2.49437952041626,234.76272583007812,1.3063400983810425,2,30456,241.32435607910156,55.0074462890625,43.26796934231792,0.2194921227101182,-2.624253888199696,-2.2255482983837895,2.495436906814575,2.49437952041626,234.76272583007812,1.3063400983810425,2,0.0
9691,241.97689819335935,55.12917709350586,21.278627415791487,0.1756760542365452,-1.2409913469776257,-0.7518449776112969,1.9870359897613523,0.9034525156021118,202.03900146484375,0.3538338840007782,1,9691,241.97689819335935,55.12917709350586,21.278627415791487,0.1491485987041597,-1.083043549020229,-0.4927795649774635,1.9870359897613523,0.9034525156021118,202.03900146484375,0.3538338840007782,1,0.0
17579,243.01974487304688,55.45863723754883,28.81699845352982,0.1754334840497105,-1.8530376692121715,-1.4280844507032218,3.957757234573364,1.1615939140319824,290.7427062988281,0.6079435348510742,1,17579,243.01974487304688,55.45863723754883,28.81699845352982,0.1625522917339842,-1.4639354876750874,-0.8747674522695635,3.957757234573364,1.1615939140319824,290.7427062988281,0.6079435348510742,1,0.0
27126,243.2028656005859,54.541744232177734,37.269205991566736,0.1754286074235812,-3.0330571620486766,-2.650820116694458,-100.0,-100.0,-100.0,1.2446407079696655,6,27126,243.2028656005859,54.541744232177734,37.269205991566736,0.1792928262880584,-2.144850924636587,-1.4487327826663658,-100.0,-100.0,-100.0,1.2446407079696655,6,0.0
9466,242.1653289794922,55.01249313354492,14.440111287666634,0.1754155384072515,-0.8948686278533906,-0.3785861595116555,1.7493280172348022,1.7479583024978638,190.1656188964844,0.3380478918552398,1,9466,242.1653289794922,55.01249313354492,14.440111287666634,0.1400425400216878,-0.8681631355894218,-0.2677846922281798,1.7493280172348022,1.7479583024978638,190.1656188964844,0.3380478918552398,1,0.0
5893,242.27064514160156,55.34500503540039,20.699208201671738,0.1754059500985054,-1.1908677143142732,-0.7129947878648172,2.6113369464874268,0.559447169303894,312.3701477050781,0.2741484940052032,1,5893,242.27064514160156,55.34500503540039,20.699208201671738,0.1489028350552686,-1.0469219202662972,-0.4702545911875226,2.6113369464874268,0.559447169303894,312.3701477050781,0.2741484940052032,1,0.0
2732,241.8407745361328,55.38071823120117,32.213312358426776,0.1753834613989683,-2.133449263857459,-1.86560895007238,1.8718072175979616,0.8476048707962036,320.0235900878906,0.1488493382930755,1,2732,241.8407745361328,55.38071823120117,32.213312358426776,0.1770870047809714,-1.6017427064608822,-1.1075739928741362,1.8718072175979616,0.8476048707962036,320.0235900878906,0.1488493382930755,1,0.0
2664,241.90621948242188,55.06508255004883,23.19075972131167,0.1753195962252391,-1.3352789762246176,-0.8931315616007331,1.7814751863479614,1.096858263015747,280.8370666503906,0.1655018180608749,1,2664,241.90621948242188,55.06508255004883,23.19075972131167,0.1541725313346092,-1.1290974501052284,-0.5758885256398482,1.7814751863479614,1.096858263015747,280.8370666503906,0.1655018180608749,1,0.0
8168,243.52001953125,54.76634216308594,36.572118332651904,0.1751928123775195,-2.694728376397808,-2.602186029122643,2.970437526702881,2.2714874744415283,307.35882568359375,0.2874810695648193,1,8168,243.52001953125,54.76634216308594,36.572118332651904,0.1918296541931942,-1.9275223321337889,-1.471411062282846,2.970437526702881,2.2714874744415283,307.35882568359375,0.2874810695648193,1,0.0
11481,242.0899658203125,55.266597747802734,21.29518248966757,0.1751603853289789,-1.249140767908617,-0.7528948046699557,3.916948080062866,1.2935054302215576,335.9171142578125,0.399082750082016,1,11481,242.0899658203125,55.266597747802734,21.29518248966757,0.1482944116997603,-1.090694727532875,-0.4932875132367437,3.916948080062866,1.2935054302215576,335.9171142578125,0.399082750082016,1,0.0
16357,243.2437744140625,55.30573272705078,27.462962774355187,0.1751382311244061,-1.7245891731457943,-1.2799687627153018,3.0898544788360596,1.1578694581985474,276.2428894042969,0.5450096130371094,1,16357,243.2437744140625,55.30573272705078,27.462962774355187,0.159359505074472,-1.3848696065856705,-0.7934930949362001,3.0898544788360596,1.1578694581985474,276.2428894042969,0.5450096130371094,1,0.0
8052,243.01873779296875,55.531497955322266,32.605127498236115,0.1750809798681641,-2.2011796497464395,-1.922584342416334,1.5600802898406982,1.31397807598114,94.95346069335938,0.3014413714408874,1,8052,243.01873779296875,55.531497955322266,32.605127498236115,0.1763113385246904,-1.650594441615308,-1.136499652378992,1.5600802898406982,1.31397807598114,94.95346069335938,0.3014413714408874,1,0.0
464,243.071533203125,55.5466423034668,34.25958191702636,0.175080173569993,-2.351626029322759,-2.182282099601254,7.239883899688721,2.11256742477417,224.16461181640625,0.0450865067541599,1,464,243.071533203125,55.5466423034668,34.25958191702636,0.1856154462786638,-1.7170827279288203,-1.2676105574262369,7.239883899688721,2.11256742477417,224.16461181640625,0.0450865067541599,1,0.0
18801,243.5129547119141,54.88214492797851,33.63936889522695,0.1750567313933292,-2.366229685455645,-2.080493331990471,2.4330058097839355,0.7905408143997192,244.271484375,0.641649067401886,1,18801,243.5129547119141,54.88214492797851,33.63936889522695,0.1765126140255568,-1.7631874803567031,-1.2155104577964166,2.4330058097839355,0.7905408143997192,244.271484375,0.641649067401886,1,0.0
29885,241.9552764892578,55.208351135253906,23.485957071083615,0.1750197947540073,-1.4928730776385155,-0.9114310862407414,1.1462732553482056,0.7298043966293335,90.55523681640624,1.4559996128082275,2,29885,241.9552764892578,55.208351135253906,23.485957071083615,0.1459453067035727,-1.2731133154834469,-0.58118960557976,1.1462732553482056,0.7298043966293335,90.55523681640624,1.4559996128082275,2,0.0
21153,243.2904815673828,54.91167068481445,25.794504415742836,0.1747332450088961,-1.5217222084160815,-1.0236655389447664,-100.0,-100.0,-100.0,0.7811633348464966,6,21153,243.2904815673828,54.91167068481445,25.794504415742836,0.1620467481463137,-1.1621472744378023,-0.6142341987872016,-100.0,-100.0,-100.0,0.7811633348464966,6,0.0
14761,243.2091827392578,55.29359436035156,26.07610505342497,0.1745742193700635,-1.6029111604136392,-1.142243406911145,1.6770718097686768,0.771163284778595,29.46619033813477,0.4805366098880768,1,14761,243.2091827392578,55.29359436035156,26.07610505342497,0.1560222593454938,-1.3103971099863965,-0.7170900800461495,1.6770718097686768,0.771163284778595,29.46619033813477,0.4805366098880768,1,0.0
30815,241.9564971923828,55.3636474609375,28.517628530410903,0.174432922823876,-1.5655243078814456,-1.3023698434693447,-100.0,-100.0,-100.0,1.6017677783966064,6,30815,241.9564971923828,55.3636474609375,28.517628530410903,0.1824214009258672,-1.1118270135415111,-0.7686725521444406,-100.0,-100.0,-100.0,1.6017677783966064,6,0.0
37278,242.30674743652344,55.690975189208984,39.6457923573243,0.1743606476995296,-3.3213369900387444,-3.282188176664643,2.544612407684326,1.5881022214889526,0.8777904510498047,2.16847562789917,2,37278,242.30674743652344,55.690975189208984,39.6457923573243,0.1921356514994257,-2.336764503904051,-1.7745941735052548,2.544612407684326,1.5881022214889526,0.8777904510498047,2.16847562789917,2,0.0
19917,242.2011260986328,55.454124450683594,27.564002591580664,0.1742471960178641,-1.7506262264936938,-1.2898898296717585,2.0017576217651367,0.6011301279067993,203.64463806152344,0.7235441207885742,1,19917,242.2011260986328,55.454124450683594,27.564002591580664,0.1576592609971422,-1.4066892658936576,-0.798324729032025,2.0017576217651367,0.6011301279067993,203.64463806152344,0.7235441207885742,1,0.0
18776,241.6285095214844,55.12154769897461,32.98086435437034,0.1741814115435608,-2.289759530997195,-1.9780297364960864,1.784334659576416,1.628199815750122,182.52015686035156,0.6720612049102783,1,18776,241.6285095214844,55.12154769897461,32.98086435437034,0.1733286525632209,-1.7198988708059255,-1.1638924385208855,1.784334659576416,1.628199815750122,182.52015686035156,0.6720612049102783,1,0.0
39257,243.48013305664065,54.709835052490234,37.12123085516561,0.1741472229216313,-2.9688450795174472,-2.704068429291594,1.691446304321289,1.3639456033706665,66.72623443603516,2.8788821697235107,2,39257,243.48013305664065,54.709835052490234,37.12123085516561,0.1780309145187021,-2.157357166736605,-1.5090323365587794,1.691446304321289,1.3639456033706665,66.72623443603516,2.8788821697235107,2,0.0
334,242.60093688964844,55.2626838684082,12.853635769802397,0.1741402757906595,-0.7849025327165474,-0.3167943269419694,2.904606580734253,1.4725333452224731,138.4959716796875,0.0624097548425197,1,334,242.60093688964844,55.2626838684082,12.853635769802397,0.1405303613536971,-0.7802239423626082,-0.2296723188896374,2.904606580734253,1.4725333452224731,138.4959716796875,0.0624097548425197,1,0.0
10095,243.6279296875,55.416072845458984,42.07241793974441,0.1740666908667216,-3.5806733291282273,-3.966178913613012,1.5549355745315552,1.2036926746368408,315.41876220703125,0.3378627896308899,1,10095,243.6279296875,55.416072845458984,42.07241793974441,0.2193680722534873,-2.4026975022270816,-2.0734658724283013,1.5549355745315552,1.2036926746368408,315.41876220703125,0.3378627896308899,1,0.0
28243,242.9597320556641,54.60673141479492,29.58539217152792,0.173416388720107,-2.066711646631356,-1.4262691568365178,-100.0,-100.0,-100.0,1.4612659215927124,4,28243,242.9597320556641,54.60673141479492,29.58539217152792,0.1558241808575348,-1.5716681771279006,-0.8357130294032918,-100.0,-100.0,-100.0,1.4612659215927124,4,0.0
19925,243.4566345214844,55.08811569213867,30.194478829332837,0.1733584358737582,-1.9965121862693715,-1.592423632883835,1.8550171852111816,0.8570276498794556,64.23011016845703,0.6955704689025879,1,19925,243.4566345214844,55.08811569213867,30.194478829332837,0.1636148168579617,-1.551996837337424,-0.962504148859271,1.8550171852111816,0.8570276498794556,64.23011016845703,0.6955704689025879,1,0.0
18891,242.76580810546875,55.19573211669922,10.871607613370564,0.1732362852183788,-0.5007543325177252,-0.1590574436529385,-100.0,-100.0,-100.0,0.6835678815841675,5,18891,242.76580810546875,55.19573211669922,10.871607613370564,0.1541601216868545,-0.4434107274971947,-0.1005490351993686,-100.0,-100.0,-100.0,0.6835678815841675,5,0.0
30470,241.35418701171875,54.898250579833984,43.18335396371248,0.1731660583910631,-3.900401185365233,-4.323754105160363,2.6154630184173584,1.5868184566497805,222.5218963623047,1.436050534248352,2,30470,241.35418701171875,54.898250579833984,43.18335396371248,0.2158649682979124,-2.6143009439666,-2.2133969213467295,2.6154630184173584,1.5868184566497805,222.5218963623047,1.436050534248352,2,0.0
18890,242.92047119140625,55.06618881225586,11.731736023984952,0.1730929490672758,-0.4674813182731497,-0.1860215246855959,-100.0,-100.0,-100.0,0.6811181902885437,5,18890,242.92047119140625,55.06618881225586,11.731736023984952,0.1586979991445865,-0.4004641456992909,-0.117371517482095,-100.0,-100.0,-100.0,0.6811181902885437,5,0.0
5785,242.43544006347656,55.34908676147461,18.690243200214287,0.1729156657674835,-1.077913192236029,-0.5889511499987609,1.3402010202407837,1.1778011322021484,257.6846618652344,0.2545479834079742,1,5785,242.43544006347656,55.34908676147461,18.690243200214287,0.1438063136221015,-0.9777754064375902,-0.3964769442463131,1.3402010202407837,1.1778011322021484,257.6846618652344,0.2545479834079742,1,0.0
1384,241.5954132080078,55.17900848388672,34.69415885474929,0.1729098561121644,-2.4157113671625754,-2.2561987957030913,2.7523105144500732,2.716989755630493,192.8389892578125,0.1182726323604583,1,1384,241.5954132080078,55.17900848388672,34.69415885474929,0.1841639115509027,-1.7581358092332269,-1.3046130249183436,2.7523105144500732,2.716989755630493,192.8389892578125,0.1182726323604583,1,0.0
7614,241.9878387451172,55.02978515625,20.406054082970808,0.1729097109906035,-1.181267603805047,-0.6937266613050576,3.3900747299194336,2.0478341579437256,75.4341049194336,0.2903324067592621,1,7614,241.9878387451172,55.02978515625,20.406054082970808,0.1458474839486659,-1.044004164361804,-0.4587489389220097,3.3900747299194336,2.0478341579437256,75.4341049194336,0.2903324067592621,1,0.0
9714,242.7359161376953,54.656150817871094,24.161885589066618,0.1726685073716027,-1.4350439934182062,-0.9713467308403684,1.2670482397079468,1.1705049276351929,108.4499053955078,0.3308440148830414,1,9714,242.7359161376953,54.656150817871094,24.161885589066618,0.1517292133902011,-1.2010752650147043,-0.6202787924718669,1.2670482397079468,1.1705049276351929,108.4499053955078,0.3308440148830414,1,0.0
4368,242.0262908935547,55.378211975097656,27.3957100617023,0.1726468711282512,-1.67003685902778,-1.2741708243701464,2.400799512863159,0.7168723344802856,102.8844757080078,0.1978397369384765,1,4368,242.0262908935547,55.378211975097656,27.3957100617023,0.1601532632603792,-1.3339987708322407,-0.7915461601931504,2.400799512863159,0.7168723344802856,102.8844757080078,0.1978397369384765,1,0.0
24750,242.4649200439453,54.364845275878906,41.23082275383294,0.1724377985967852,-3.2189022229684072,-3.62194518514511,-100.0,-100.0,-100.0,1.0081087350845337,6,24750,242.4649200439453,54.364845275878906,41.23082275383294,0.2355382646019355,-2.0370420786467744,-1.8791976794497165,-100.0,-100.0,-100.0,1.0081087350845337,6,0.0
11234,243.0543212890625,54.91569900512695,18.164511426950035,0.1723843303202623,-1.071918515640607,-0.5586787595288287,0.8059099912643433,0.6066151857376099,341.4463195800781,0.3980842232704162,1,11234,243.0543212890625,54.91569900512695,18.164511426950035,0.1413930776097803,-0.9816105411516916,-0.3777457441952254,0.8059099912643433,0.6066151857376099,341.4463195800781,0.3980842232704162,1,0.0
11358,242.5301971435547,55.4344482421875,23.204028105355437,0.1722577707735701,-1.374406119858259,-0.8936093115546301,1.6567978858947754,1.61275315284729,246.4811859130859,0.4000856876373291,1,11358,242.5301971435547,55.4344482421875,23.204028105355437,0.1491001858877839,-1.1672019179789217,-0.5755179484737446,1.6567978858947754,1.61275315284729,246.4811859130859,0.4000856876373291,1,0.0
4480,243.13018798828125,54.60985565185547,32.47334749858384,0.1722479597323456,-2.1708230801371884,-1.9033971573348252,3.4005911350250244,1.881198525428772,268.7605285644531,0.2151977121829986,1,4480,243.13018798828125,54.60985565185547,32.47334749858384,0.1741551170912486,-1.6267901921319023,-1.127031063041078,3.4005911350250244,1.881198525428772,268.7605285644531,0.2151977121829986,1,0.0
1244,243.02687072753903,55.34299087524414,23.3528738279858,0.1720629912190135,-1.3373350221867162,-0.9058070956504666,2.841819524765014,2.821291923522949,44.553680419921875,0.0910990983247757,1,1244,243.02687072753903,55.34299087524414,23.3528738279858,0.1522022337404643,-1.126636221803643,-0.5831144042048608,2.841819524765014,2.821291923522949,44.553680419921875,0.0910990983247757,1,0.0
13623,242.91030883789065,55.02500915527344,11.43102705831574,0.1720369405982063,-0.6949124369148465,-0.1763538574024168,-100.0,-100.0,-100.0,0.4931330382823944,6,13623,242.91030883789065,55.02500915527344,11.43102705831574,0.1424857146706509,-0.6313685441692036,-0.1113416818790616,-100.0,-100.0,-100.0,0.4931330382823944,6,0.0
30161,241.9961853027344,55.4312858581543,30.433134271711875,0.1719535752442361,-2.082499878561026,-1.6191709673526171,0.7025400400161743,0.6999657154083252,26.39594078063965,1.3622291088104248,2,30161,241.9961853027344,55.4312858581543,30.433134271711875,0.1588600499918761,-1.624320429923438,-0.9730759017948504,0.7025400400161743,0.6999657154083252,26.39594078063965,1.3622291088104248,2,0.0
2685,242.4582977294922,54.5562858581543,29.84985890183144,0.1719010995066208,-1.8876312111497773,-1.5514406273816577,1.8380292654037476,1.8096730709075928,329.76605224609375,0.153259128332138,1,2685,242.4582977294922,54.5562858581543,29.84985890183144,0.1664063205209564,-1.4591024858385928,-0.9424953178968892,1.8380292654037476,1.8096730709075928,329.76605224609375,0.153259128332138,1,0.0
18652,243.0310211181641,55.25713348388672,19.872099463643643,0.171673853860995,-1.194427136187488,-0.6579429667810017,1.2246363162994385,0.694377064704895,161.21157836914062,0.6267445683479309,1,18652,243.0310211181641,55.25713348388672,19.872099463643643,0.1414008812433571,-1.0672519763524695,-0.4358013221049491,1.2246363162994385,0.694377064704895,161.21157836914062,0.6267445683479309,1,0.0
26224,243.17369079589844,55.17089080810547,21.6385298216222,0.1716141849918757,-1.336926612919088,-0.7742976339753548,0.7453951835632324,0.695488452911377,44.85743713378906,1.0862960815429688,1,26224,243.17369079589844,55.17089080810547,21.6385298216222,0.1419023278984912,-1.167400155611281,-0.5032906232412878,0.7453951835632324,0.695488452911377,44.85743713378906,1.0862960815429688,1,0.0
31005,243.4505157470703,55.4727783203125,39.14223747348844,0.1713914001221352,-3.296764987237385,-3.071328374110021,-100.0,-100.0,-100.0,1.6127256155014038,6,31005,243.4505157470703,55.4727783203125,39.14223747348844,0.1848125386184103,-2.279585637846785,-1.6405299450630753,-100.0,-100.0,-100.0,1.6127256155014038,6,0.0
1298,242.4812469482422,54.573055267333984,28.748620717837056,0.1710823347026742,-1.773368098005556,-1.4211426652837955,1.2124202251434326,1.200586199760437,345.3788146972656,0.0796353444457054,1,1298,242.4812469482422,54.573055267333984,28.748620717837056,0.1632908246411752,-1.3879057514412811,-0.8721991023689062,1.2124202251434326,1.200586199760437,345.3788146972656,0.0796353444457054,1,0.0
2662,242.93142700195312,55.398441314697266,24.174953308347902,0.1708211968764344,-1.4058333300799923,-0.973297485761372,2.0052342414855957,1.6632202863693235,305.7769775390625,0.1541022509336471,1,2662,242.93142700195312,55.398441314697266,24.174953308347902,0.1520257134853802,-1.1724569034369603,-0.6223180355876377,2.0052342414855957,1.6632202863693235,305.7769775390625,0.1541022509336471,1,0.0
26620,243.71861267089844,55.45633316040039,45.96587350898941,0.1706641626091475,-4.462755105455821,-5.412508837072593,3.1954057216644287,1.3262345790863037,59.11322784423828,1.049391508102417,1,26620,243.71861267089844,55.45633316040039,45.96587350898941,0.2367285978763927,-2.8754922356721786,-2.6259979981974024,3.1954057216644287,1.3262345790863037,59.11322784423828,1.049391508102417,1,0.0
11941,243.3719940185547,55.0947265625,27.331398376249854,0.1703801213709451,-1.1081787024961418,-1.1747275416270735,-100.0,-100.0,-100.0,0.4326806962490082,4,11941,243.3719940185547,55.0947265625,27.331398376249854,0.2029702260755139,-0.6973947752698465,-0.6986244626481816,-100.0,-100.0,-100.0,0.4326806962490082,4,0.0
19933,242.61199951171875,54.564334869384766,29.08699234038414,0.1698375601725103,-1.8883047687504464,-1.458237890400771,1.194586992263794,1.0813976526260376,205.48458862304688,0.6854151487350464,1,19933,242.61199951171875,54.564334869384766,29.08699234038414,0.1574224081141116,-1.4877896958078975,-0.8901340070085716,1.194586992263794,1.0813976526260376,205.48458862304688,0.6854151487350464,1,0.0
39255,243.3317108154297,54.63743209838867,35.816207628567106,0.1693163504860008,-2.7881119054547527,-2.4470142132906187,1.578258395195007,1.4248048067092896,74.56592559814453,2.743945598602295,2,39255,243.3317108154297,54.63743209838867,35.816207628567106,0.1681826816011671,-2.055633916042476,-1.3857167938409338,1.578258395195007,1.4248048067092896,74.56592559814453,2.743945598602295,2,0.0
26406,242.8257293701172,55.50017166137695,28.35150241455812,0.1689070657933415,-1.8505729981640788,-1.3736422214793995,1.4692312479019165,0.9626129269599916,122.70175170898438,0.9880947470664978,1,26406,242.8257293701172,55.50017166137695,28.35150241455812,0.152799227912727,-1.4767116391944366,-0.8428935707738276,1.4692312479019165,0.9626129269599916,122.70175170898438,0.9880947470664978,1,0.0
34255,243.34771728515625,55.26997756958008,29.459217617738148,0.1687010904110641,-2.0141920493335363,-1.4973533579325635,2.6127095222473145,2.3404557704925537,273.2605285644531,1.8418511152267456,2,34255,243.34771728515625,55.26997756958008,29.459217617738148,0.1515858344732058,-1.593924216118886,-0.9060990862303498,2.6127095222473145,2.3404557704925537,273.2605285644531,1.8418511152267456,2,0.0
6233,242.6952209472656,55.63037109375,35.11473981328095,0.1685320108013718,-2.4944169374079728,-2.329630585395748,1.7903993129730225,1.0149983167648315,306.52362060546875,0.2406612634658813,1,6233,242.6952209472656,55.63037109375,35.11473981328095,0.179175515987332,-1.813426450002617,-1.3405296176652304,1.7903993129730225,1.0149983167648315,306.52362060546875,0.2406612634658813,1,0.0
8203,243.6949920654297,54.82814025878906,40.63200207413041,0.1684839955019224,-3.3170992007117395,-3.5471450828728743,2.926530599594116,1.0846940279006958,192.45437622070312,0.3249776065349579,1,8203,243.6949920654297,54.82814025878906,40.63200207413041,0.2044228851906229,-2.2621204268783393,-1.8974484083414311,2.926530599594116,1.0846940279006958,192.45437622070312,0.3249776065349579,1,0.0
30356,242.94805908203125,55.685089111328125,40.183818795675585,0.1683395959506119,-3.357440081028014,-3.423547022113941,1.7371950149536133,0.968425750732422,147.9378662109375,1.31415855884552,2,30356,242.94805908203125,55.685089111328125,40.183818795675585,0.1922676615815322,-2.334451596031254,-1.839902624238274,1.7371950149536133,0.968425750732422,147.9378662109375,1.31415855884552,2,0.0
16326,241.863037109375,55.16244125366211,25.551039009344223,0.1682566578783683,-1.5661525992661909,-1.0924550782191924,1.8299193382263184,1.3304539918899536,215.46583557128903,0.5413206815719604,1,16326,241.863037109375,55.16244125366211,25.551039009344223,0.1489855824001101,-1.289620784055904,-0.6884151353439455,1.8299193382263184,1.3304539918899536,215.46583557128903,0.5413206815719604,1,0.0
32432,242.8727264404297,55.58932876586914,33.933389291996896,0.1677227916252846,-2.483559428495337,-2.123422598151002,0.8073796629905701,0.657015860080719,22.606773376464844,1.5451816320419312,2,32432,242.8727264404297,55.58932876586914,33.933389291996896,0.1644757963682411,-1.860600485693292,-1.2322720302166756,0.8073796629905701,0.657015860080719,22.606773376464844,1.5451816320419312,2,0.0
10071,241.52066040039065,54.70907211303711,41.87631669969691,0.1676262711038789,-3.544915551218414,-3.906225500470234,2.239374876022339,1.9651907682418823,135.6402130126953,0.3373196125030517,1,10071,241.52066040039065,54.70907211303711,41.87631669969691,0.2100027061118938,-2.384581822163023,-2.048843335199691,2.239374876022339,1.9651907682418823,135.6402130126953,0.3373196125030517,1,0.0
5843,242.85107421875,54.70283126831055,22.762280864749716,0.1675719608410493,-1.3227425997259792,-0.8599836896456299,2.421711683273315,0.9353601336479188,251.86801147460935,0.2389960289001464,1,5843,242.85107421875,54.70283126831055,22.762280864749716,0.145569643496788,-1.1279771124187,-0.5565555762870324,2.421711683273315,0.9353601336479188,251.86801147460935,0.2389960289001464,1,0.0
6054,242.4001617431641,55.5391845703125,30.06206877820101,0.1670606883480811,-1.9247801080490952,-1.5772803962605009,6.536910533905029,1.368869066238403,16.65329933166504,0.2472494691610336,1,6054,242.4001617431641,55.5391845703125,30.06206877820101,0.1612018983633063,-1.4873338167883032,-0.956073058198236,6.536910533905029,1.368869066238403,16.65329933166504,0.2472494691610336,1,0.0
38233,243.6870574951172,55.470706939697266,45.523944799123825,0.1668250263096098,-4.4582487669489534,-5.214866081081638,3.399491310119629,1.759751558303833,72.85369110107422,2.422083854675293,2,38233,243.6870574951172,55.470706939697266,45.523944799123825,0.2189031268051584,-2.9183448567245778,-2.5483360346272224,3.399491310119629,1.759751558303833,72.85369110107422,2.422083854675293,2,0.0
2780,241.9837188720703,54.61916732788086,33.00966187841178,0.1667642272592461,-2.2230271074879155,-1.983587256230493,2.7149930000305176,2.526026487350464,257.1859130859375,0.1509495824575424,1,2780,241.9837188720703,54.61916732788086,33.00966187841178,0.17097966487914,-1.6530275098691776,-1.1680468765717422,2.7149930000305176,2.526026487350464,257.1859130859375,0.1509495824575424,1,0.0
7799,242.378173828125,55.446964263916016,24.872642306704897,0.1667498453947848,-1.4815117675226437,-1.0328691961925671,1.2112644910812378,0.9844043850898744,9.12388801574707,0.3047904670238495,1,7799,242.378173828125,55.446964263916016,24.872642306704897,0.1482730954195416,-1.227218401955289,-0.655947272414214,1.2112644910812378,0.9844043850898744,9.12388801574707,0.3047904670238495,1,0.0
6412,243.0391387939453,55.70219421386719,42.20845512626634,0.1667038245989859,-3.590374634276844,-4.00850200411237,2.994626760482788,2.2450459003448486,103.51318359375,0.2357423156499862,1,6412,243.0391387939453,55.70219421386719,42.20845512626634,0.2123284597164159,-2.400093659918891,-2.090794521794814,2.994626760482788,2.2450459003448486,103.51318359375,0.2357423156499862,1,0.0
2661,242.7235870361328,54.62943649291992,25.641928115019464,0.1661478259249657,-1.5168580458635132,-1.1023641067519565,2.530364990234375,2.321704149246216,266.5856628417969,0.1666480004787445,1,2661,242.7235870361328,54.62943649291992,25.641928115019464,0.1508034896419755,-1.2391799419210603,-0.6956362452445174,2.530364990234375,2.321704149246216,266.5856628417969,0.1666480004787445,1,0.0
20005,241.54428100585935,54.8571891784668,37.50549682656315,0.1661214154989859,-2.8785852568556303,-2.7926948275444983,4.176945686340332,0.8907590508460999,170.07257080078125,0.6997169852256775,1,20005,241.54428100585935,54.8571891784668,37.50549682656315,0.1818999328798647,-2.05111533479965,-1.559798596393703,4.176945686340332,0.8907590508460999,170.07257080078125,0.6997169852256775,1,0.0
14866,243.51535034179688,55.0470085144043,32.135946689327874,0.165953090316911,-2.1757511388144484,-1.853343677350969,1.355461359024048,0.954677939414978,94.26776123046876,0.4758086204528808,1,14866,243.51535034179688,55.0470085144043,32.135946689327874,0.1638111571971582,-1.6464121453223972,-1.0999636658517216,1.355461359024048,0.954677939414978,94.26776123046876,0.4758086204528808,1,0.0
25004,242.98049926757812,54.59854888916016,30.34716468580711,0.1658124739422392,-1.9528553076555504,-1.5202092707987311,-100.0,-100.0,-100.0,1.0380706787109375,6,25004,242.98049926757812,54.59854888916016,30.34716468580711,0.1634554333313109,-1.4266352050089808,-0.8859257206299872,-100.0,-100.0,-100.0,1.0380706787109375,6,0.0
14699,242.25831604003903,55.42165756225586,24.93990304935793,0.1657740012704434,-1.5135466237554094,-1.037993331656096,1.2045187950134275,1.2014732360839844,65.04447174072266,0.4789135158061981,1,14699,242.25831604003903,55.42165756225586,24.93990304935793,0.1458949642920792,-1.2563460870027143,-0.6580216696790547,1.2045187950134275,1.2014732360839844,65.04447174072266,0.4789135158061981,1,0.0
14802,241.92201232910156,55.344390869140625,28.6882771882642,0.1657410289402971,-1.828614063748896,-1.4136455217657349,2.9387047290802,0.817334771156311,244.77745056152344,0.4770874679088592,1,14802,241.92201232910156,55.344390869140625,28.6882771882642,0.1540582760382558,-1.4446474467347807,-0.867221214501073,2.9387047290802,0.817334771156311,244.77745056152344,0.4770874679088592,1,0.0
30417,243.28756713867188,54.47889709472656,42.05115162499894,0.1653782856626917,-3.6850696830016463,-3.9561972514657713,1.3866808414459229,0.9618738889694214,117.0511703491211,1.4864568710327148,2,30417,243.28756713867188,54.47889709472656,42.05115162499894,0.1991255336456115,-2.5052374577970875,-2.065077307613589,1.3866808414459229,0.9618738889694214,117.0511703491211,1.4864568710327148,2,0.0
6007,243.3043670654297,54.91878128051758,26.115403041687475,0.1653154937335657,-1.5706039256331563,-1.1465450876418883,1.4271519184112549,0.9092147946357728,219.18960571289065,0.2384442836046219,1,6007,243.3043670654297,54.91878128051758,26.115403041687475,0.1500423409883139,-1.2774170010990422,-0.7201409226354554,1.4271519184112549,0.9092147946357728,219.18960571289065,0.2384442836046219,1,0.0
21041,243.74905395507812,54.947113037109375,40.678737460004946,0.1650581029223288,-3.3830859424419804,-3.559211402088281,2.286720514297486,0.9804495573043824,245.30694580078125,0.74088454246521,1,21041,243.74905395507812,54.947113037109375,40.678737460004946,0.1957117389975829,-2.3233841510429625,-1.901518446194575,2.286720514297486,0.9804495573043824,245.30694580078125,0.74088454246521,1,0.0
39306,243.14295959472656,55.06087112426758,19.345856305483228,0.164636712874343,-0.8713982606300197,-0.5348678507782678,-100.0,-100.0,-100.0,3.0137457847595215,4,39306,243.14295959472656,55.06087112426758,19.345856305483228,0.1551249870857251,-0.6807574277951988,-0.3304703425058172,-100.0,-100.0,-100.0,3.0137457847595215,4,0.0
9844,241.92721557617188,54.66669845581055,32.163462950722355,0.1645287670130577,-2.1586709565015263,-1.8577648873896329,2.453195810317993,0.6313685178756714,214.0389862060547,0.3628693222999573,1,9844,241.92721557617188,54.66669845581055,32.163462950722355,0.1638569010382026,-1.6285753195058643,-1.1027982585906164,2.453195810317993,0.6313685178756714,214.0389862060547,0.3628693222999573,1,0.0
39960,242.39227294921875,55.25872039794922,14.152362961630692,0.164327887718929,-0.7547501844209201,-0.2746487933934906,-100.0,-100.0,-100.0,3.831662893295288,4,39960,242.39227294921875,55.25872039794922,14.152362961630692,0.140495653036272,-0.6560782317567396,-0.1723763516022269,-100.0,-100.0,-100.0,3.831662893295288,4,0.0
2622,241.9884033203125,55.28773880004883,24.843878138868185,0.1639088006699801,-1.4550863391546351,-1.0305210949372523,1.1976697444915771,1.140095829963684,164.644287109375,0.1747363954782486,1,2622,241.9884033203125,55.28773880004883,24.843878138868185,0.1471837447817863,-1.201870454694372,-0.6548620032212461,1.1976697444915771,1.140095829963684,164.644287109375,0.1747363954782486,1,0.0
2751,243.54917907714844,54.98832702636719,33.519743216386345,0.1638970594331161,-2.282161647262239,-2.0626585773758417,2.7243690490722656,0.8177893161773682,214.7619476318359,0.1356931775808334,1,2751,243.54917907714844,54.98832702636719,33.519743216386345,0.1697587329599442,-1.6865543365291469,-1.2080964490390145,2.7243690490722656,0.8177893161773682,214.7619476318359,0.1356931775808334,1,0.0
1186,242.98777770996097,55.31581497192383,21.247067131044467,0.1638417743281816,-1.198758115111173,-0.7500469228297746,1.7841964960098269,1.5416393280029297,22.459144592285156,0.1160773932933807,1,1186,242.98777770996097,55.31581497192383,21.247067131044467,0.1414243571956005,-1.042028119036245,-0.4922434731132469,1.7841964960098269,1.5416393280029297,22.459144592285156,0.1160773932933807,1,0.0
2724,243.364990234375,54.85014343261719,29.54412215135638,0.1634669273870204,-1.857851904335452,-1.514322552738922,2.9241538047790527,2.437086820602417,75.5274887084961,0.1577169746160507,1,2724,243.364990234375,54.85014343261719,29.54412215135638,0.1574384494526461,-1.441591253145359,-0.92257804202396,2.9241538047790527,2.437086820602417,75.5274887084961,0.1577169746160507,1,0.0
11571,243.2839202880859,54.82682037353515,27.66366221726957,0.1633116589758158,-1.723092821898003,-1.3016889917005896,1.9851547479629517,1.6309248208999634,335.6664733886719,0.4083430469036102,1,11571,243.2839202880859,54.82682037353515,27.66366221726957,0.1502293290638616,-1.3769914860899433,-0.8061427149766986,1.9851547479629517,1.6309248208999634,335.6664733886719,0.4083430469036102,1,0.0
26457,242.20965576171875,54.6514892578125,27.060264032641367,0.1632344407214039,-1.736586476318574,-1.236359931672126,4.044146537780762,1.0324244499206543,95.12889862060548,1.0644456148147583,1,26457,242.20965576171875,54.6514892578125,27.060264032641367,0.1448310328745125,-1.4085131191170146,-0.7670240092086755,4.044146537780762,1.0324244499206543,95.12889862060548,1.0644456148147583,1,0.0
17497,242.0275726318359,54.754940032958984,25.973235746393573,0.1632310930393619,-1.6062147611015667,-1.131824139512083,2.6239001750946045,0.9965262413024902,173.5402069091797,0.5997630953788757,1,17497,242.0275726318359,54.754940032958984,25.973235746393573,0.1449823066081749,-1.316348329649731,-0.7106738785217774,2.6239001750946045,0.9965262413024902,173.5402069091797,0.5997630953788757,1,0.0
21007,241.73089599609375,54.808990478515625,32.63120357569715,0.1632113695233971,-2.2598865912586374,-1.9246928258445897,2.3327183723449707,2.2189137935638428,73.32292175292969,0.7272642850875854,1,21007,241.73089599609375,54.808990478515625,32.63120357569715,0.1606764486208124,-1.7060965271415318,-1.1357094909482537,2.3327183723449707,2.2189137935638428,73.32292175292969,0.7272642850875854,1,0.0
22905,242.46034240722656,55.473182678222656,25.79330010723493,0.1630306649203126,-1.61894692489035,-1.1139555165687849,1.9640856981277464,0.844492495059967,110.1104736328125,0.8502048850059509,1,22905,242.46034240722656,55.473182678222656,25.79330010723493,0.1428274432348782,-1.3337724004910825,-0.6995842154879918,1.9640856981277464,0.844492495059967,110.1104736328125,0.8502048850059509,1,0.0
14821,241.75975036621097,54.97235870361328,28.606047037452473,0.1630112544825361,-1.8205697253529571,-1.4041263319781203,1.854228973388672,0.9758198261260986,113.8175048828125,0.5017157196998596,1,14821,241.75975036621097,54.97235870361328,28.606047037452473,0.1513583146313374,-1.4395004983308437,-0.8618433228117734,1.854228973388672,0.9758198261260986,113.8175048828125,0.5017157196998596,1,0.0
28409,242.5973968505859,55.48310089111328,26.06588797066665,0.1627214914798827,-1.5580050605698694,-1.04920789824582,-100.0,-100.0,-100.0,1.3257410526275637,6,28409,242.5973968505859,55.48310089111328,26.06588797066665,0.1505543258813532,-1.1897303492339766,-0.6286042253277391,-100.0,-100.0,-100.0,1.3257410526275637,6,0.0
22963,241.6381072998047,55.08525085449219,32.449549322332345,0.1625921385521253,-2.249967063357204,-1.897564633854635,1.8928855657577517,1.6682418584823608,7.353715896606445,0.8573555946350098,1,22963,241.6381072998047,55.08525085449219,32.449549322332345,0.1588215432186833,-1.704494803172078,-1.1213855805597484,1.8928855657577517,1.6682418584823608,7.353715896606445,0.8573555946350098,1,0.0
34623,241.44293212890625,55.09041213989258,39.15837461899118,0.1625041038482215,-3.076588520693655,-3.0752259875572325,-100.0,-100.0,-100.0,1.9869295358657837,4,34623,241.44293212890625,55.09041213989258,39.15837461899118,0.192577464854743,-2.058226895866026,-1.642349502426376,-100.0,-100.0,-100.0,1.9869295358657837,4,0.0
11518,243.22561645507812,54.75315475463867,28.460955307216302,0.1622773059144243,-1.7948685233623,-1.388542276300097,0.7669690251350403,0.6030603647232056,289.1412658691406,0.4208565354347229,1,11518,243.22561645507812,54.75315475463867,28.460955307216302,0.1510995593963274,-1.4199228632499328,-0.8539716857845733,0.7669690251350403,0.6030603647232056,289.1412658691406,0.4208565354347229,1,0.0
13141,243.24197387695312,55.17692947387695,23.96889723567527,0.1621998570637937,-1.435096423980238,-0.9550954998156274,1.4333035945892334,1.2377433776855469,32.996578216552734,0.4693658351898193,1,13141,243.24197387695312,55.17692947387695,23.96889723567527,0.141344403990592,-1.2064676945336004,-0.610831941290781,1.4333035945892334,1.2377433776855469,32.996578216552734,0.4693658351898193,1,0.0
21158,243.4645538330078,54.607887268066406,40.41567107162476,0.1619030962131464,-2.799787788084502,-3.3955608112732127,-100.0,-100.0,-100.0,0.7921386957168579,6,21158,243.4645538330078,54.607887268066406,40.41567107162476,0.2431288439734429,-1.6850709081854116,-1.7828114933778665,-100.0,-100.0,-100.0,0.7921386957168579,6,0.0
4408,242.8024444580078,54.57747268676758,29.301399770488715,0.1618134696564376,-1.8432875767450343,-1.485510846929032,1.859541058540344,1.8594516515731812,273.360107421875,0.1894822716712951,1,4408,242.8024444580078,54.57747268676758,29.301399770488715,0.1546510120467684,-1.4366810380706845,-0.9070622137173732,1.859541058540344,1.8594516515731812,273.360107421875,0.1894822716712951,1,0.0
13334,242.0110321044922,55.49660873413086,33.17786338191721,0.1617887314302215,-2.2876697013832805,-2.0087347039973182,2.2541725635528564,1.0664615631103516,54.61973190307617,0.4747562408447265,1,13334,242.0110321044922,55.49660873413086,33.17786338191721,0.1632998051446508,-1.7086660746368834,-1.1801323588032278,2.2541725635528564,1.0664615631103516,54.61973190307617,0.4747562408447265,1,0.0
26561,242.0233154296875,55.5643196105957,36.31547737400573,0.1613727258036802,-2.7408143611797207,-2.549448772642286,1.6456087827682495,1.6325017213821411,131.95309448242188,0.9933403730392456,1,26561,242.0233154296875,55.5643196105957,36.31547737400573,0.1698389788950505,-1.9865879354345148,-1.4433958201646706,1.6456087827682495,1.6325017213821411,131.95309448242188,0.9933403730392456,1,0.0
23099,241.50360107421875,54.6455192565918,44.37570965700654,0.1613257911972394,-3.8499427164607023,-4.664488040599032,-100.0,-100.0,-100.0,0.8774526715278625,6,23099,241.50360107421875,54.6455192565918,44.37570965700654,0.240281337951027,-2.368216832796566,-2.296289932464487,-100.0,-100.0,-100.0,0.8774526715278625,6,0.0
18820,242.93972778320312,54.461631774902344,37.36046132971117,0.161260537803845,-2.8516463350990846,-2.762010580540154,3.5738792419433594,1.864859700202942,230.64962768554688,0.626049816608429,1,18820,242.93972778320312,54.461631774902344,37.36046132971117,0.176418423068192,-2.033632209654489,-1.5456029093074688,3.5738792419433594,1.864859700202942,230.64962768554688,0.626049816608429,1,0.0
34524,243.80914306640625,54.967254638671875,42.55818963168372,0.1612186120905012,-3.8063265485062416,-4.114026486152869,2.2373578548431396,2.221431016921997,183.74874877929688,1.708189606666565,2,34524,243.80914306640625,54.967254638671875,42.55818963168372,0.1950040461742294,-2.5776855472893048,-2.1268990414634303,2.2373578548431396,2.221431016921997,183.74874877929688,1.708189606666565,2,0.0
20003,243.251708984375,54.58722305297851,36.13044232212971,0.1610911244747505,-2.6861140602462035,-2.5152533787569427,2.694401979446411,2.182577610015869,172.93115234375,0.6813545823097229,1,20003,243.251708984375,54.58722305297851,36.13044232212971,0.1709138580519269,-1.944543551598817,-1.4285746584324364,2.694401979446411,2.182577610015869,172.93115234375,0.6813545823097229,1,0.0
34508,241.5012969970703,55.2744255065918,39.388092035360735,0.1606469664110845,-3.253522647246492,-3.2182669832355515,2.6514546871185303,1.5252307653427124,62.684295654296875,1.7116144895553589,2,34508,241.5012969970703,55.2744255065918,39.388092035360735,0.1777859328419569,-2.2887273962788477,-1.7469035737424774,2.6514546871185303,1.5252307653427124,62.684295654296875,1.7116144895553589,2,0.0
38836,243.4214324951172,55.22999954223633,30.82297030782201,0.1605089511383514,-2.1936466993461186,-1.6644578970560002,1.1867669820785522,1.186213731765747,163.99050903320312,2.6480016708374023,3,38836,243.4214324951172,55.22999954223633,30.82297030782201,0.1450238137423818,-1.7133369845516735,-0.9914845815925308,1.1867669820785522,1.186213731765747,163.99050903320312,2.6480016708374023,3,0.0
17652,243.5779571533203,55.07991790771485,34.324535114899035,0.1603376842646907,-2.4426757807210846,-2.1923702863725696,2.6424689292907715,2.0901498794555664,35.63801574707031,0.5767201781272888,1,17652,243.5779571533203,55.07991790771485,34.324535114899035,0.1643763231244736,-1.8038012835725672,-1.2715825190406431,2.6424689292907715,2.0901498794555664,35.63801574707031,0.5767201781272888,1,0.0
1385,243.5683135986328,54.969669342041016,34.318834060565685,0.1602683713051544,-2.368879845073715,-2.1923928363933736,1.6599383354187012,1.5364131927490234,325.5556335449219,0.1060954108834266,1,1385,243.5683135986328,54.969669342041016,34.318834060565685,0.1693954720359669,-1.7314494788293144,-1.2728125372138663,1.6599383354187012,1.5364131927490234,325.5556335449219,0.1060954108834266,1,0.0
32416,243.54202270507812,54.96205520629883,33.49423069609444,0.160182795428584,-2.430373314826363,-2.0526176970072925,0.8735718727111816,0.8587772846221924,116.79462432861328,1.5148062705993652,2,32416,243.54202270507812,54.96205520629883,33.49423069609444,0.1557719884023156,-1.8295680023570269,-1.1963022397887877,0.8735718727111816,0.8587772846221924,116.79462432861328,1.5148062705993652,2,0.0
4356,242.71331787109375,54.57332992553711,28.894395442144713,0.1600142508863707,-1.8045158386602749,-1.437855018658435,1.504119634628296,1.4622000455856323,27.839183807373047,0.1953678578138351,1,4356,242.71331787109375,54.57332992553711,28.894395442144713,0.151951825755845,-1.4135160765068309,-0.8811374309619204,1.504119634628296,1.4622000455856323,27.839183807373047,0.1953678578138351,1,0.0
11632,241.7087554931641,55.08208084106445,30.016229525805027,0.1596834942742712,-1.9417486911206392,-1.5710724196943482,1.2998570203781128,1.1729530096054075,30.409469604492188,0.3961766064167022,1,11632,241.7087554931641,55.08208084106445,30.016229525805027,0.152590686962134,-1.5055723284298324,-0.9521517205515532,1.2998570203781128,1.1729530096054075,30.409469604492188,0.3961766064167022,1,0.0
37284,241.5985870361328,55.4506950378418,41.34090097413131,0.1594669969144588,-3.607316938643194,-3.740065473136198,1.122307062149048,1.0118030309677124,192.9828338623047,2.2031288146972656,2,37284,241.5985870361328,55.4506950378418,41.34090097413131,0.1842273819658079,-2.4858681518568777,-1.9710392405905368,1.122307062149048,1.0118030309677124,192.9828338623047,2.2031288146972656,2,0.0
19868,241.86041259765625,55.30860900878906,29.182123998516392,0.1594576118901194,-1.8976146068368864,-1.469500740657421,1.5503116846084597,1.4888041019439695,283.5318908691406,0.6856025457382202,1,19868,241.86041259765625,55.30860900878906,29.182123998516392,0.1480063762173462,-1.4935487463568031,-0.8963371893121512,1.5503116846084597,1.4888041019439695,283.5318908691406,0.6856025457382202,1,0.0
509,241.58311462402344,54.67573928833008,41.073799586062336,0.1592900153761594,-3.349793294353577,-3.669889266910672,5.1579694747924805,3.408952474594116,340.0636901855469,0.0423621945083141,1,509,241.58311462402344,54.67573928833008,41.073799586062336,0.199315472441262,-2.258158429894636,-1.9496280142492532,5.1579694747924805,3.408952474594116,340.0636901855469,0.0423621945083141,1,0.0
6210,241.62940979003903,55.313934326171875,36.25772695340782,0.1590298816872645,-2.6448844388065806,-2.541223100849077,3.989136219024658,2.115645170211792,67.01539611816406,0.2646394968032837,1,6210,241.62940979003903,55.313934326171875,36.25772695340782,0.1733790249944291,-1.897321235504017,-1.4427465036612237,3.989136219024658,2.115645170211792,67.01539611816406,0.2646394968032837,1,0.0
9654,242.89695739746097,55.443748474121094,26.053834006739407,0.1590180889463349,-1.5806166631072347,-1.140482649497209,2.093640089035034,0.5123522877693176,294.6048278808594,0.3324761390686035,1,9654,242.89695739746097,55.443748474121094,26.053834006739407,0.1432992570500048,-1.289176573530164,-0.7164627314907244,2.093640089035034,0.5123522877693176,294.6048278808594,0.3324761390686035,1,0.0
29888,241.85516357421875,55.25502395629883,27.774536578024083,0.1587570275846349,-1.830978088328621,-1.3086642948683649,1.0741626024246216,0.5448674559593201,320.9549255371094,1.4813698530197144,2,29888,241.85516357421875,55.25502395629883,27.774536578024083,0.1404926031192034,-1.475768228339264,-0.8049263113970775,1.0741626024246216,0.5448674559593201,320.9549255371094,1.4813698530197144,2,0.0
11599,242.86431884765625,55.54913711547851,31.548621887096377,0.1587273186748187,-2.1000194524778295,-1.771643202038755,3.870933771133423,3.835802555084229,234.2727203369141,0.3861062526702881,1,11599,242.86431884765625,55.54913711547851,31.548621887096377,0.1557559692412159,-1.5984069737433275,-1.0583716962445693,3.870933771133423,3.835802555084229,234.2727203369141,0.3861062526702881,1,0.0
2663,242.18093872070312,55.41633224487305,25.94581112702894,0.1586653177390284,-1.540688025689918,-1.130666659331443,1.8741378784179688,1.7957584857940674,193.8216552734375,0.1503923535346985,1,2663,242.18093872070312,55.41633224487305,25.94581112702894,0.144645994863237,-1.253213288625027,-0.7114582861293658,1.8741378784179688,1.7957584857940674,193.8216552734375,0.1503923535346985,1,0.0
7817,242.62208557128903,54.59039306640625,27.540671296348073,0.1586465204907493,-1.6983522474634387,-1.289220875082095,4.005843162536621,0.805735170841217,213.40625,0.2918476164340973,1,7817,242.62208557128903,54.59039306640625,27.540671296348073,0.1465166229665622,-1.3570382315639844,-0.7996074526203655,4.005843162536621,0.805735170841217,213.40625,0.2918476164340973,1,0.0
7932,242.9583282470703,55.44968795776367,27.30654122918031,0.1584661516821073,-1.677326301455191,-1.264446837782118,1.7075071334838867,0.9045525193214417,247.53167724609375,0.3084809184074402,1,7932,242.9583282470703,55.44968795776367,27.30654122918031,0.1458920664581838,-1.3438816094428183,-0.7857103524238178,1.7075071334838867,0.9045525193214417,247.53167724609375,0.3084809184074402,1,0.0
79,241.69622802734375,55.12224960327149,30.683133178375098,0.158308827021537,-1.9422671581061903,-1.65440024675221,1.888549208641052,1.1082342863082886,4.857416152954102,0.0212099887430667,1,79,241.69622802734375,55.12224960327149,30.683133178375098,0.1574182740617615,-1.4770807713784695,-0.9956228773798086,1.888549208641052,1.1082342863082886,4.857416152954102,0.0212099887430667,1,0.0
32563,243.2587890625,54.49455642700195,40.70556475818703,0.1580242666152466,-3.4597774829521795,-3.5629160019138806,1.157071232795715,0.8759611248970032,215.69732666015625,1.5256423950195312,2,32563,243.2587890625,54.49455642700195,40.70556475818703,0.1820285727974662,-2.3940235699427057,-1.8989288705542735,1.157071232795715,0.8759611248970032,215.69732666015625,1.5256423950195312,2,0.0
4678,241.84283447265625,54.49423599243164,41.937311506189566,0.1577893347741948,-3.5321619679754126,-3.9246777054384303,1.675879955291748,1.4754880666732788,345.8267822265625,0.2047975063323974,1,4678,241.84283447265625,54.49423599243164,41.937311506189566,0.2000465898872044,-2.3663269303590324,-2.0564286477693265,1.675879955291748,1.4754880666732788,345.8267822265625,0.2047975063323974,1,0.0
34555,241.5474548339844,55.524452209472656,45.39004770479609,0.1577012824093895,-4.391158189671363,-5.159247796625321,5.112794399261475,3.8853137493133545,328.59368896484375,1.8391491174697876,2,34555,241.5474548339844,55.524452209472656,45.39004770479609,0.2091451157709778,-2.868169738190672,-2.529513408685057,5.112794399261475,3.8853137493133545,328.59368896484375,1.8391491174697876,2,0.0
385,243.11007690429688,55.374874114990234,26.67467248072898,0.1574554194345885,-1.580777908463112,-1.200540184151082,2.5528030395507812,0.9299508929252625,316.9165954589844,0.0515680611133575,1,385,243.11007690429688,55.374874114990234,26.67467248072898,0.1462525954490708,-1.268921561856526,-0.7502820947148328,2.5528030395507812,0.9299508929252625,316.9165954589844,0.0515680611133575,1,0.0
30351,242.87400817871097,54.39029312133789,40.79770858982682,0.1573285712943356,-3.4608199953709025,-3.588993255265499,1.7317638397216797,1.3818997144699097,336.9377136230469,1.3917040824890137,2,30351,242.87400817871097,54.39029312133789,40.79770858982682,0.1828043243524868,-2.3882439001175553,-1.910866378805882,1.7317638397216797,1.3818997144699097,336.9377136230469,1.3917040824890137,2,0.0
32484,243.1190185546875,54.49925994873047,37.87457102039239,0.1570229589234067,-3.0093545496235294,-2.8681729975628887,2.0123043060302734,1.3818329572677612,247.71139526367188,1.6454989910125732,2,32484,243.1190185546875,54.49925994873047,37.87457102039239,0.1680775666169068,-2.153025462097467,-1.590194270193844,2.0123043060302734,1.3818329572677612,247.71139526367188,1.6454989910125732,2,0.0
3004,241.81661987304688,54.477020263671875,43.312600568568534,0.1568633889639317,-3.785680963006389,-4.371720472476079,3.395134210586548,1.4319430589675903,117.97694396972656,0.1711350530385971,1,3004,241.81661987304688,54.477020263671875,43.312600568568534,0.2081497152871445,-2.490843998256599,-2.2369028173825134,3.395134210586548,1.4319430589675903,117.97694396972656,0.1711350530385971,1,0.0
32713,241.9196014404297,54.58039093017578,36.218442540771406,0.1567370086170793,-2.6697557525358397,-2.4404174335519886,-100.0,-100.0,-100.0,1.762110948562622,4,32713,241.9196014404297,54.58039093017578,36.218442540771406,0.1713575999483264,-1.8472103060027916,-1.3493436871045117,-100.0,-100.0,-100.0,1.762110948562622,4,0.0
1515,243.3430938720703,55.579345703125,41.12754019984022,0.1566943869019913,-3.369640776894564,-3.685719294811224,4.094255447387695,1.3253189325332642,43.52216720581055,0.0891509056091308,1,1515,243.3430938720703,55.579345703125,41.12754019984022,0.1954846758977687,-2.2739663674561754,-1.956748564844992,4.094255447387695,1.3253189325332642,43.52216720581055,0.0891509056091308,1,0.0
2623,241.919189453125,55.29417419433594,27.022790837717224,0.1565546274236504,-1.6295534466854105,-1.2359711915731326,1.9773902893066408,1.212088704109192,217.5669708251953,0.1695932000875473,1,2623,241.919189453125,55.29417419433594,27.022790837717224,0.1449438180056014,-1.3064327492155068,-0.7704116565653711,1.9773902893066408,1.212088704109192,217.5669708251953,0.1695932000875473,1,0.0
2841,241.5683135986328,55.111602783203125,34.96584587044387,0.1565099621647216,-2.459021186657609,-2.3034609371987487,3.5717177391052246,3.5580270290374756,47.91069030761719,0.1347207874059677,1,2841,241.5683135986328,55.111602783203125,34.96584587044387,0.167014846513994,-1.7865160071476955,-1.3278506512347337,3.5717177391052246,3.5580270290374756,47.91069030761719,0.1347207874059677,1,0.0
32481,242.9791717529297,54.46492767333984,37.65283942058171,0.1565028275034374,-2.9772247350309873,-2.820277775680457,3.0768139362335205,2.6361615657806396,172.73133850097656,1.6726468801498413,2,32481,242.9791717529297,54.46492767333984,37.65283942058171,0.166593943725748,-2.1358485196906773,-1.5681737890665024,3.0768139362335205,2.6361615657806396,172.73133850097656,1.6726468801498413,2,0.0
4559,241.5308837890625,54.88570022583008,37.450034053970086,0.156491344901064,-2.8025432181098537,-2.7818118262737763,1.088491439819336,0.8064348697662354,125.0377197265625,0.1956397742033004,1,4559,241.5308837890625,54.88570022583008,37.450034053970086,0.176077888176707,-1.9797414759673997,-1.556021291627092,1.088491439819336,0.8064348697662354,125.0377197265625,0.1956397742033004,1,0.0
11501,242.06118774414065,54.69335174560547,27.859622994962777,0.1564599571663008,-1.7403572740409,-1.322684371986265,1.419734001159668,1.1916395425796509,96.14256286621094,0.4125791192054748,1,11501,242.06118774414065,54.69335174560547,27.859622994962777,0.1443579387332969,-1.3872458018835758,-0.817654604422497,1.419734001159668,1.1916395425796509,96.14256286621094,0.4125791192054748,1,0.0
37366,243.5415802001953,54.79269790649414,36.53034576184311,0.1562851008842463,-2.546574488297917,-2.501183891072832,-100.0,-100.0,-100.0,2.463401556015014,4,37366,243.5415802001953,54.79269790649414,36.53034576184311,0.184542781526603,-1.7050060345506943,-1.378316272683188,-100.0,-100.0,-100.0,2.463401556015014,4,0.0
15131,242.69302368164065,54.510643005371094,32.522178258898926,0.1562113831996623,-1.8131877653623611,-1.817404260608532,-100.0,-100.0,-100.0,0.5438236594200134,6,15131,242.69302368164065,54.510643005371094,32.522178258898926,0.187313356113566,-1.1895614967747348,-1.0410409548032875,-100.0,-100.0,-100.0,0.5438236594200134,6,0.0
14861,243.57785034179688,54.988399505615234,34.49985873158266,0.1561296268356617,-2.4520752055484545,-2.222316681541671,1.491160273551941,0.7810229063034058,262.71124267578125,0.5032508373260498,1,14861,243.57785034179688,54.988399505615234,34.49985873158266,0.161465409740235,-1.8041564932525096,-1.286817387071253,1.491160273551941,0.7810229063034058,262.71124267578125,0.5032508373260498,1,0.0
34722,241.75799560546875,55.39545440673828,34.99872094670715,0.1557050557328405,-2.0885551339023367,-2.216090691606611,-100.0,-100.0,-100.0,1.9479774236679075,6,34722,241.75799560546875,55.39545440673828,34.99872094670715,0.1979764021154229,-1.3368484815379895,-1.240788971260652,-100.0,-100.0,-100.0,1.9479774236679075,6,0.0
36035,241.5599670410156,55.36763381958008,39.83146688865665,0.1551777091320006,-3.338436508712768,-3.3293333481962435,2.834151268005371,1.8126848936080933,357.9649658203125,2.0315122604370117,2,36035,241.5599670410156,55.36763381958008,39.83146688865665,0.1727920803062255,-2.3397655596241806,-1.7954984287932023,2.834151268005371,1.8126848936080933,357.9649658203125,2.0315122604370117,2,0.0
10070,242.49533081054688,54.35546875,41.70300395735553,0.1551059320238526,-3.5124686888786183,-3.853412675738225,2.984133005142212,2.1528866291046143,346.0210266113281,0.3366925120353699,1,10070,242.49533081054688,54.35546875,41.70300395735553,0.1934261664929139,-2.366992524619864,-2.0265626070563534,2.984133005142212,2.1528866291046143,346.0210266113281,0.3366925120353699,1,0.0
16374,243.13894653320312,54.618865966796875,32.21563040994693,0.1550407143796945,-2.190745104396899,-1.864571582135685,3.89115047454834,1.3844456672668457,145.1809844970703,0.5286672115325928,1,16374,243.13894653320312,54.618865966796875,32.21563040994693,0.1528727687807584,-1.6574914378331584,-1.1056378033043273,3.89115047454834,1.3844456672668457,145.1809844970703,0.5286672115325928,1,0.0
2712,243.21902465820312,54.70227813720703,30.30137014593977,0.1549323585668711,-1.932244396361056,-1.6074598252698242,1.3468730449676514,0.6424250602722168,325.8032531738281,0.1555987000465393,1,2712,243.21902465820312,54.70227813720703,30.30137014593977,0.1511481512130708,-1.4850832719588989,-0.9723487337915816,1.3468730449676514,0.6424250602722168,325.8032531738281,0.1555987000465393,1,0.0
32280,243.1973419189453,55.494293212890625,34.04646044389709,0.1544685063384339,-2.497962259971124,-2.1422001255386274,1.179748773574829,1.172706961631775,310.9342956542969,1.6754721403121948,2,32280,243.1973419189453,55.494293212890625,34.04646044389709,0.1517687654071666,-1.8694449682412952,-1.2420401664684797,1.179748773574829,1.172706961631775,310.9342956542969,1.6754721403121948,2,0.0
11547,242.6931304931641,54.54986953735352,30.187082676086163,0.1544345442864166,-1.95955705483086,-1.5927225410713974,2.318316698074341,0.7295385003089905,174.14669799804688,0.4119292497634887,1,11547,242.6931304931641,54.54986953735352,30.187082676086163,0.1479410561541885,-1.516723260254103,-0.964120572556837,2.318316698074341,0.7295385003089905,174.14669799804688,0.4119292497634887,1,0.0
2941,241.52359008789065,55.32975769042969,39.93210107200464,0.1543088103364609,-3.1760910972342384,-3.3617426665721464,2.836740493774414,2.34844708442688,31.182031631469727,0.1634303778409958,1,2941,241.52359008789065,55.32975769042969,39.93210107200464,0.1855316199127272,-2.176924494027154,-1.8175952308690717,2.836740493774414,2.34844708442688,31.182031631469727,0.1634303778409958,1,0.0
9760,241.84378051757812,55.29759216308594,29.326408185471028,0.154001350823327,-1.868059915408464,-1.4879015499740564,1.9599812030792236,0.8477703332901001,150.44094848632812,0.3401277661323547,1,9760,241.84378051757812,55.29759216308594,29.326408185471028,0.145878098510181,-1.4598550813601865,-0.9077184874627034,1.9599812030792236,0.8477703332901001,150.44094848632812,0.3401277661323547,1,0.0
1479,243.6417999267578,54.73066711425781,41.30068188839857,0.1539748268326987,-3.3998588572265565,-3.7352488683661775,2.8905134201049805,1.1434757709503174,226.54795837402344,0.1219288259744644,1,1479,243.6417999267578,54.73066711425781,41.30068188839857,0.1930685333447427,-2.2894191190598487,-1.9775322689521693,2.8905134201049805,1.1434757709503174,226.54795837402344,0.1219288259744644,1,0.0
1363,242.10757446289065,55.538917541503906,33.55296842290395,0.1539722837568813,-2.27665682626564,-2.067694234281274,3.044485330581665,2.486788511276245,0.3141403198242187,0.0824518203735351,1,1363,242.10757446289065,55.538917541503906,33.55296842290395,0.1602274871586125,-1.6791534908072656,-1.2103393605546424,3.044485330581665,2.486788511276245,0.3141403198242187,0.0824518203735351,1,0.0
11805,243.601806640625,55.32819747924805,38.793636322742685,0.153390201503207,-3.0333780203750336,-3.0811202029444797,1.3523834943771362,1.2638531923294067,345.5098876953125,0.3889914453029632,1,11805,243.601806640625,55.32819747924805,38.793636322742685,0.1761422958093514,-2.1183953809358913,-1.692541491072526,1.3523834943771362,1.2638531923294067,345.5098876953125,0.3889914453029632,1,0.0
8253,241.29464721679688,55.09629440307617,44.261394981291346,0.1531421117818361,-4.003359717222333,-4.714484947448532,2.8814938068389893,2.5478615760803223,117.78742980957033,0.3086383640766144,1,8253,241.29464721679688,55.09629440307617,44.261394981291346,0.2073971778839864,-2.6112810826604194,-2.369718292323066,2.8814938068389893,2.5478615760803223,117.78742980957033,0.3086383640766144,1,0.0
13426,241.4886474609375,55.121978759765625,37.74968575304941,0.1524421279373274,-2.883367506562853,-2.845572332125061,1.4809576272964478,0.8123520612716675,267.72222900390625,0.425948828458786,1,13426,241.4886474609375,55.121978759765625,37.74968575304941,0.1700756587608054,-2.0404019560346427,-1.585045440359144,1.4809576272964478,0.8123520612716675,267.72222900390625,0.425948828458786,1,0.0
36018,241.77427673339844,54.66151428222656,36.265108318214146,0.1522852240796588,-2.806735789781627,-2.5353986665838484,3.086763620376587,2.7133917808532715,7.714977264404297,2.071829319000244,2,36018,241.77427673339844,54.66151428222656,36.265108318214146,0.1553918544805795,-2.050899709804705,-1.4318638530637802,3.086763620376587,2.7133917808532715,7.714977264404297,2.071829319000244,2,0.0
13327,241.6638031005859,55.02700424194336,31.542836574040624,0.1522785568857149,-2.1054401546180492,-1.770305453314099,2.1410818099975586,1.9941327571868896,57.71590423583984,0.4728792905807495,1,13327,241.6638031005859,55.02700424194336,31.542836574040624,0.1490456439790976,-1.6036169432517136,-1.0572692360478777,2.1410818099975586,1.9941327571868896,57.71590423583984,0.4728792905807495,1,0.0
4353,241.69029235839844,54.97932052612305,30.90549481816212,0.1521118305712915,-2.0019277895682257,-1.6852663800238616,1.4163763523101809,1.3103026151657104,94.78196716308594,0.223752960562706,1,4353,241.69029235839844,54.97932052612305,30.90549481816212,0.1494568757479539,-1.5289371991686225,-1.013357284643985,1.4163763523101809,1.3103026151657104,94.78196716308594,0.223752960562706,1,0.0
34527,241.77589416503903,55.63391876220703,44.56650118826563,0.1519521092306147,-4.211360907979045,-4.826230280621164,1.2876070737838743,1.2426040172576904,178.66250610351562,1.7694244384765625,2,34527,241.77589416503903,55.63391876220703,44.56650118826563,0.1958832995893426,-2.7809441221867064,-2.4057540844582905,1.2876070737838743,1.2426040172576904,178.66250610351562,1.7694244384765625,2,0.0
14891,241.77346801757812,54.73945999145508,33.46277974869663,0.1519073577159851,-2.3265621127648246,-2.052635325553424,3.2802796363830566,0.7230338454246521,135.7935028076172,0.4835650324821472,1,14891,241.77346801757812,54.73945999145508,33.46277974869663,0.1538420618970226,-1.7327180824750643,-1.2017902584606135,3.2802796363830566,0.7230338454246521,135.7935028076172,0.4835650324821472,1,0.0
27167,243.078125,54.52811813354492,35.66989390584591,0.1515728091957313,-2.706013242273582,-2.3370288686336527,-100.0,-100.0,-100.0,1.15801203250885,6,27167,243.078125,54.52811813354492,35.66989390584591,0.1563115235458873,-1.9160123744332933,-1.2996985354628543,-100.0,-100.0,-100.0,1.15801203250885,6,0.0
39766,242.74842834472656,55.396610260009766,21.647340424209514,0.1515293699108992,-0.777957548676436,-0.6853726007861841,-100.0,-100.0,-100.0,3.4590871334075928,4,39766,242.74842834472656,55.396610260009766,21.647340424209514,0.1611847528052696,-0.534752710011005,-0.4196785608136528,-100.0,-100.0,-100.0,3.4590871334075928,4,0.0
16418,242.7981719970703,55.63368225097656,35.87200506075528,0.1513264145014269,-2.6344425328645253,-2.4669127927236976,1.4733017683029177,1.4715068340301514,210.3426055908203,0.5359503030776978,1,16418,242.7981719970703,55.63368225097656,35.87200506075528,0.1607641986058051,-1.9089483656850192,-1.4060987284537798,1.4733017683029177,1.4715068340301514,210.3426055908203,0.5359503030776978,1,0.0
36269,242.8763732910156,55.68056106567383,39.22723468910743,0.1511883105723119,-3.3947264031662305,-3.091981359239016,-100.0,-100.0,-100.0,2.1664507389068604,6,36269,242.8763732910156,55.68056106567383,39.22723468910743,0.1576600203292404,-2.3712998379350108,-1.649764134584264,-100.0,-100.0,-100.0,2.1664507389068604,6,0.0
14927,243.3760986328125,55.46335983276367,36.86406516113785,0.1510897691763603,-2.762008196919079,-2.6597354613537494,1.6922450065612793,1.69158935546875,191.90728759765625,0.4912925958633423,1,14927,243.3760986328125,55.46335983276367,36.86406516113785,0.1647153389897793,-1.975673413724364,-1.497536351851789,1.6922450065612793,1.69158935546875,191.90728759765625,0.4912925958633423,1,0.0
15149,242.73049926757812,55.59283828735352,33.04317313685072,0.1510805534969669,-1.9100690034204997,-1.895550581994404,-100.0,-100.0,-100.0,0.5290142297744751,6,15149,242.73049926757812,55.59283828735352,33.04317313685072,0.1801039994010446,-1.2611141450731982,-1.0808733859041142,-100.0,-100.0,-100.0,0.5290142297744751,6,0.0
4576,243.56089782714844,55.346553802490234,38.03277869952174,0.1507681658655832,-2.8877774315673186,-2.90788441521081,2.37622332572937,2.376046895980835,59.85162734985352,0.1959515064954757,1,4576,243.56089782714844,55.346553802490234,38.03277869952174,0.1720489813101095,-2.026153761793127,-1.6142257057871237,2.37622332572937,2.376046895980835,59.85162734985352,0.1959515064954757,1,0.0
26411,242.51759338378903,54.52506256103515,31.497996656547578,0.1506373801913527,-2.160441230298364,-1.7618916210557154,1.5917733907699585,1.510310173034668,281.000244140625,1.054111361503601,1,26411,242.51759338378903,54.52506256103515,31.497996656547578,0.1437171887473564,-1.658188315355002,-1.0504256830500749,1.5917733907699585,1.510310173034668,281.000244140625,1.054111361503601,1,0.0
24962,241.90538024902344,54.46278381347656,42.21926806484971,0.1503289745486077,-3.6016795691256203,-3.9185708769952687,-100.0,-100.0,-100.0,1.0456660985946655,6,24962,241.90538024902344,54.46278381347656,42.21926806484971,0.1939467852301595,-2.332971567548584,-2.0022739166996644,-100.0,-100.0,-100.0,1.0456660985946655,6,0.0
30438,243.77545166015625,54.72539138793945,45.576962851767554,0.1502797303937139,-4.4071621426571985,-5.241026652892035,1.814237594604492,1.0103659629821775,56.96977615356445,1.4208205938339231,2,30438,243.77545166015625,54.72539138793945,45.576962851767554,0.202743001035597,-2.8648364808696707,-2.5622105803722417,1.814237594604492,1.0103659629821775,56.96977615356445,1.4208205938339231,2,0.0
391,242.10247802734375,55.41269302368164,27.28039463694692,0.150191299880885,-1.6314413896278683,-1.261451647684922,3.869077682495117,3.3625340461730957,288.98504638671875,0.0361126326024532,1,391,242.10247802734375,55.41269302368164,27.28039463694692,0.1407958715841747,-1.2986667002391166,-0.7839548935235091,3.869077682495117,3.3625340461730957,288.98504638671875,0.0361126326024532,1,0.0
4577,243.4244842529297,55.45814895629883,37.899532680162416,0.1500933280912028,-2.8683376110732532,-2.878709924028249,2.3854100704193115,1.8974125385284424,87.1408920288086,0.1898843199014663,1,4577,243.4244842529297,55.45814895629883,37.899532680162416,0.1706972961897289,-2.0158448825673094,-1.6009440307870952,2.3854100704193115,1.8974125385284424,87.1408920288086,0.1898843199014663,1,0.0
37291,242.45249938964844,54.33454895019531,43.08273108761925,0.1500188523319656,-3.932151629548537,-4.286451361556532,2.5595529079437256,1.4754269123077393,359.3287048339844,2.2543389797210693,2,37291,242.45249938964844,54.33454895019531,43.08273108761925,0.1825377194791216,-2.6524063301229983,-2.1946065049184607,2.5595529079437256,1.4754269123077393,359.3287048339844,2.2543389797210693,2,0.0
35974,241.8023376464844,55.359596252441406,32.52004695727698,0.1497803254228306,-2.34209441446781,-1.901690996075629,0.8983190655708313,0.8808444738388062,202.43348693847656,1.9092806577682495,2,35974,241.8023376464844,55.359596252441406,32.52004695727698,0.1415712429253567,-1.786560348826082,-1.1167722635273805,0.8983190655708313,0.8808444738388062,202.43348693847656,1.9092806577682495,2,0.0
23893,242.63673400878903,55.496551513671875,26.93528476396077,0.1496844150899869,-1.62302544620131,-1.1342740487436285,-100.0,-100.0,-100.0,0.9603255987167358,5,23893,242.63673400878903,55.496551513671875,26.93528476396077,0.1406342981033129,-1.2258981211286415,-0.676124807438744,-100.0,-100.0,-100.0,0.9603255987167358,5,0.0
34492,243.43756103515625,55.51894760131836,40.66417735558854,0.1496719250118847,-3.4645917800275257,-3.550169903752897,1.4865537881851196,0.9862043857574464,101.94197082519533,1.7518012523651123,2,34492,243.43756103515625,55.51894760131836,40.66417735558854,0.1713985118536714,-2.400673857482842,-1.8917666604313064,1.4865537881851196,0.9862043857574464,101.94197082519533,1.7518012523651123,2,0.0
32788,243.2362365722656,55.16064453125,23.489203342634163,0.149285093962705,-0.8811804287987822,-0.8240700042378156,-100.0,-100.0,-100.0,1.8384381532669067,5,32788,243.2362365722656,55.16064453125,23.489203342634163,0.1636478869994341,-0.589960287603775,-0.5003768500520681,-100.0,-100.0,-100.0,1.8384381532669067,5,0.0
8288,243.4024200439453,55.632328033447266,44.86101858243421,0.1489109033381853,-4.131038532291401,-4.947407987460135,7.1992316246032715,1.4450411796569824,88.12863159179688,0.3110859394073486,1,8288,243.4024200439453,55.632328033447266,44.86101858243421,0.2057861839250688,-2.673749963074383,-2.4577029481826584,7.1992316246032715,1.4450411796569824,88.12863159179688,0.3110859394073486,1,0.0
13627,243.27017211914065,54.5318603515625,39.13089811961671,0.1488830906328875,-2.9745368988001366,-3.0686017910692507,-100.0,-100.0,-100.0,0.4887250661849975,6,13627,243.27017211914065,54.5318603515625,39.13089811961671,0.1837333002045363,-1.9581889183880363,-1.6393414284692456,-100.0,-100.0,-100.0,0.4887250661849975,6,0.0
475,241.67034912109375,54.72076416015625,37.066342214933584,0.1484857695393787,-2.7202228596179374,-2.701568756530234,5.367054462432861,5.301473617553711,110.3381805419922,0.0504924021661281,1,475,241.67034912109375,54.72076416015625,37.066342214933584,0.1675086981549449,-1.9218774362637692,-1.5182248465617734,5.367054462432861,5.301473617553711,110.3381805419922,0.0504924021661281,1,0.0
38869,241.8072509765625,54.78388595581055,31.041661633662095,0.1484773581258418,-1.9606385659335404,-1.6103686350606583,-100.0,-100.0,-100.0,2.79988431930542,4,38869,241.8072509765625,54.78388595581055,31.041661633662095,0.1521673081923953,-1.4047106745314906,-0.93351186968322,-100.0,-100.0,-100.0,2.79988431930542,4,0.0
23805,242.0747833251953,55.51308822631836,32.782498771632866,0.1482417531183933,-2.292515860758205,-1.9467179302953617,1.1972123384475708,0.8505103588104248,64.24650573730469,0.8816719055175781,1,23805,242.0747833251953,55.51308822631836,32.782498771632866,0.1454245972716774,-1.73088309587189,-1.146430993902124,1.1972123384475708,0.8505103588104248,64.24650573730469,0.8816719055175781,1,0.0
7901,242.90980529785156,55.53122329711914,31.056975659506595,0.1479315330429226,-2.0332449955856444,-1.7050896911378437,2.9172403812408447,1.308220148086548,265.16583251953125,0.2853226363658905,1,7901,242.90980529785156,55.53122329711914,31.056975659506595,0.1447912362716198,-1.5534325471246258,-1.0236039218656356,2.9172403812408447,1.308220148086548,265.16583251953125,0.2853226363658905,1,0.0
30724,241.50875854492188,54.69599914550781,42.62490865073712,0.1475792065903574,-3.8026062585769584,-4.047898328254922,-100.0,-100.0,-100.0,1.5936579704284668,6,30724,241.50875854492188,54.69599914550781,42.62490865073712,0.1828805250639723,-2.496407871795274,-2.0548272700441688,-100.0,-100.0,-100.0,1.5936579704284668,6,0.0
9736,243.1280059814453,55.47820663452149,31.848187550509557,0.1474003386240992,-2.124661015077291,-1.813145856150248,2.514136791229248,1.701668620109558,352.301513671875,0.3564119637012481,1,9736,243.1280059814453,55.47820663452149,31.848187550509557,0.1459075995482976,-1.6093407785658929,-1.07993662836279,2.514136791229248,1.701668620109558,352.301513671875,0.3564119637012481,1,0.0
7924,242.95376586914065,54.5838508605957,30.736506622558277,0.1472805181013794,-1.9998389886829944,-1.6628212420335506,2.5105984210968018,1.3543860912322998,310.13348388671875,0.3216396272182464,1,7924,242.95376586914065,54.5838508605957,30.736506622558277,0.1433612428627949,-1.5337447833081768,-1.0011117484106271,2.5105984210968018,1.3543860912322998,310.13348388671875,0.3216396272182464,1,0.0
1850,242.29229736328125,55.69693756103515,40.111207383024855,0.1472611690806513,-3.1873230966547124,-3.3149495279742713,-100.0,-100.0,-100.0,0.1731239408254623,6,1850,242.29229736328125,55.69693756103515,40.111207383024855,0.1822692230673491,-2.0967158755193225,-1.7478513265292872,-100.0,-100.0,-100.0,0.1731239408254623,6,0.0
14915,243.5402374267578,55.35588455200195,37.67690665582636,0.1468879001871074,-2.8788114454156006,-2.829582512536352,1.165533423423767,0.9112306833267212,27.542123794555664,0.4861592948436737,1,14915,243.5402374267578,55.35588455200195,37.67690665582636,0.1631832337161595,-2.0403369603349844,-1.5773620854146964,1.165533423423767,0.9112306833267212,27.542123794555664,0.4861592948436737,1,0.0
38789,241.8977508544922,55.499237060546875,35.70624538626861,0.1467605951753615,-2.761935914831605,-2.426289622626509,1.353729248046875,0.9179456233978271,130.37278747558594,2.623805522918701,2,38789,241.8977508544922,55.499237060546875,35.70624538626861,0.1461485292872853,-2.035644715702374,-1.375573532043115,1.353729248046875,0.9179456233978271,130.37278747558594,2.623805522918701,2,0.0
4244,241.72073364257812,55.15113067626953,30.144776509576904,0.1467383218179416,-1.9252588491459504,-1.5878676862296204,2.6596667766571045,2.6531448364257812,82.31326293945312,0.2249143272638321,1,4244,241.72073364257812,55.15113067626953,30.144776509576904,0.1422492622118706,-1.484626918388091,-0.9619152530662984,2.6596667766571045,2.6531448364257812,82.31326293945312,0.2249143272638321,1,0.0
29022,242.9671173095703,54.47746658325195,36.79930490409798,0.1465382597953557,-2.8400976517894247,-2.6431658054090112,1.6570703983306885,0.7905784249305725,350.70281982421875,1.314592957496643,1,29022,242.9671173095703,54.47746658325195,36.79930490409798,0.1538685210532538,-2.054023359772034,-1.4857634750346511,1.6570703983306885,0.7905784249305725,350.70281982421875,1.314592957496643,1,0.0
6189,242.24012756347656,55.6185417175293,36.104810357047675,0.1462416407731077,-2.6234193173441556,-2.5115164725626227,2.097843885421753,1.0684531927108765,139.75184631347656,0.2509195208549499,1,6189,242.24012756347656,55.6185417175293,36.104810357047675,0.1589558116949283,-1.8846824387677692,-1.4282289323222492,2.097843885421753,1.0684531927108765,139.75184631347656,0.2509195208549499,1,0.0
1426,242.67141723632812,55.70117950439453,39.2668286712562,0.146039441629259,-3.0594866793469504,-3.194704898511647,4.114527225494385,2.9946765899658203,177.74351501464844,0.0917102470993995,1,1426,242.67141723632812,55.70117950439453,39.2668286712562,0.1732136895694904,-2.1104323210397187,-1.743769740420379,4.114527225494385,2.9946765899658203,177.74351501464844,0.0917102470993995,1,0.0
39265,242.04522705078125,54.398536682128906,43.19777131927839,0.1457212945263518,-3.98381805103355,-4.322801192114143,2.099415063858032,1.2906756401062012,57.655303955078125,2.7094571590423584,2,39265,242.04522705078125,54.398536682128906,43.19777131927839,0.1758786267805301,-2.6898696470623737,-2.2056355614372207,2.099415063858032,1.2906756401062012,57.655303955078125,2.7094571590423584,2,0.0
10045,243.70497131347656,55.30015182495117,41.37781138682011,0.145522684367369,-3.4542905255129703,-3.757472344369836,2.393566846847534,1.0331140756607056,178.3984832763672,0.3547700941562652,1,10045,243.70497131347656,55.30015182495117,41.37781138682011,0.1797637191078465,-2.3370309877578137,-1.986592507040891,2.393566846847534,1.0331140756607056,178.3984832763672,0.3547700941562652,1,0.0
24897,243.60467529296875,55.354026794433594,39.56507565121243,0.1453814061491825,-2.9374741981477226,-3.175223057063833,-100.0,-100.0,-100.0,1.0147908926010132,6,24897,243.60467529296875,55.354026794433594,39.56507565121243,0.189772111175066,-1.8888547624453824,-1.6866308446126883,-100.0,-100.0,-100.0,1.0147908926010132,6,0.0
10082,241.46481323242188,54.68172073364258,44.37305519001656,0.1451024740988652,-4.034325274177554,-4.756842111795441,1.9935835599899292,1.952752947807312,62.101165771484375,0.3702432811260223,1,10082,241.46481323242188,54.68172073364258,44.37305519001656,0.1966167316820194,-2.6302978768178957,-2.385801986956939,1.9935835599899292,1.952752947807312,62.101165771484375,0.3702432811260223,1,0.0
7895,242.5017852783203,54.53707504272461,30.822435960332125,0.1450628088666174,-2.0089626554643876,-1.6740715130019357,1.2320507764816284,1.227977991104126,60.157012939453125,0.290114164352417,1,7895,242.5017852783203,54.53707504272461,30.822435960332125,0.1413945462115884,-1.539314396182783,-1.007317714843006,1.2320507764816284,1.227977991104126,60.157012939453125,0.290114164352417,1,0.0
6064,242.05633544921875,54.5938606262207,32.76026605561989,0.144895026051469,-2.210879261718161,-1.945729939475763,0.8899139165878296,0.8443382978439331,25.060243606567383,0.2744523882865906,1,6064,242.05633544921875,54.5938606262207,32.76026605561989,0.1468322145671931,-1.6528481393159695,-1.1485441690393043,0.8899139165878296,0.8443382978439331,25.060243606567383,0.2744523882865906,1,0.0
36300,241.9378204345703,55.13640975952149,22.68228359800912,0.1446320683950447,-0.9292312434264184,-0.7612252664018638,-100.0,-100.0,-100.0,2.161980152130127,6,36300,241.9378204345703,55.13640975952149,22.68228359800912,0.1502934930122273,-0.6597316885335771,-0.463994054267145,-100.0,-100.0,-100.0,2.161980152130127,6,0.0
34517,242.8286895751953,54.34781265258789,42.9295213936721,0.1444658767869815,-3.87875392935112,-4.2364668285491645,3.1944000720977783,1.855285406112671,328.5045166015625,1.795552134513855,2,34517,242.8286895751953,54.34781265258789,42.9295213936721,0.1766333409369793,-2.615572279412963,-2.1767087177517825,3.1944000720977783,1.855285406112671,328.5045166015625,1.795552134513855,2,0.0
8093,243.59719848632812,54.964149475097656,35.35178877115155,0.1443404804884588,-2.531986797178575,-2.371733932800881,1.596192479133606,1.5896666049957275,57.76988983154297,0.2808578908443451,1,8093,243.59719848632812,54.964149475097656,35.35178877115155,0.1537930288957179,-1.837218515106905,-1.360649823339256,1.596192479133606,1.5896666049957275,57.76988983154297,0.2808578908443451,1,0.0
14759,243.43405151367188,54.86591720581055,31.38753973232502,0.1442788641724115,-2.095432226581234,-1.748927668214663,1.431326389312744,1.0019649267196655,287.2474060058594,0.4956077039241791,1,14759,243.43405151367188,54.86591720581055,31.38753973232502,0.1404366843141626,-1.6004013380833575,-1.0459215263152215,1.431326389312744,1.0019649267196655,287.2474060058594,0.4956077039241791,1,0.0
8169,241.88084411621097,54.493690490722656,41.176359214505496,0.1438438076591067,-3.4111472087512973,-3.6992978915047416,1.3892945051193235,0.9354459047317504,140.09344482421875,0.324007123708725,1,8169,241.88084411621097,54.493690490722656,41.176359214505496,0.1772322231493392,-2.311036933871352,-1.9621110864057567,1.3892945051193235,0.9354459047317504,140.09344482421875,0.324007123708725,1,0.0
6057,242.3745574951172,55.58133316040039,32.717473049220594,0.1437801039228803,-2.205666633688914,-1.939230215583169,2.583054304122925,1.056630253791809,134.98617553710938,0.2667343616485595,1,6057,242.3745574951172,55.58133316040039,32.717473049220594,0.1456093625523794,-1.6495445335572547,-1.145013272458148,2.583054304122925,1.056630253791809,134.98617553710938,0.2667343616485595,1,0.0
32508,243.27706909179688,55.57480239868164,39.52135751140046,0.1436766143301036,-3.262597639546991,-3.252520663307051,1.2404797077178955,1.2112479209899902,122.8843994140625,1.5949242115020752,2,32508,243.27706909179688,55.57480239868164,39.52135751140046,0.1603466463278821,-2.2891985188683956,-1.763558427163754,1.2404797077178955,1.2112479209899902,122.8843994140625,1.5949242115020752,2,0.0
11850,243.7085418701172,54.75712966918945,42.669400758728095,0.1434622726518143,-3.699579308501711,-4.155499635517452,3.2435829639434814,2.957848310470581,284.0868835449219,0.3759979903697967,1,11850,243.7085418701172,54.75712966918945,42.669400758728095,0.1835630609621719,-2.4664295625479147,-2.150263234358664,3.2435829639434814,2.957848310470581,284.0868835449219,0.3759979903697967,1,0.0
1254,241.73583984375,55.19565963745117,30.288339672797903,0.1434451040266527,-1.9214203344149052,-1.6056329207878277,3.370957851409912,3.1934807300567627,8.866052627563477,0.116144448518753,1,1254,241.73583984375,55.19565963745117,30.288339672797903,0.1404800883277635,-1.474557938260251,-0.9711333872903684,3.370957851409912,3.1934807300567627,8.866052627563477,0.116144448518753,1,0.0
4367,241.72702026367188,54.87257385253906,31.241895513285908,0.1433791482689761,-2.036632355160533,-1.7299375207620575,1.619080662727356,1.589704990386963,89.7115249633789,0.1934161633253097,1,4367,241.72702026367188,54.87257385253906,31.241895513285908,0.14175008601535,-1.5487837792689003,-1.0367450050757898,1.619080662727356,1.589704990386963,89.7115249633789,0.1934161633253097,1,0.0
8064,243.5984649658203,54.92815399169922,35.78402905612689,0.1431674593908847,-2.5885676601375387,-2.450951261192483,1.1456695795059204,1.0981887578964231,292.14483642578125,0.2887434065341949,1,8064,243.5984649658203,54.92815399169922,35.78402905612689,0.1539904038957274,-1.868832305311951,-1.3991052536460338,1.1456695795059204,1.0981887578964231,292.14483642578125,0.2887434065341949,1,0.0
30086,243.42674255371097,55.358604431152344,34.42695624848933,0.1429798673482922,-2.528321290419313,-2.205631190307601,1.2790656089782717,1.180006980895996,145.3231964111328,1.3572185039520264,2,30086,243.42674255371097,55.358604431152344,34.42695624848933,0.1425534150641376,-1.879669995785128,-1.2737663574144291,1.2790656089782717,1.180006980895996,145.3231964111328,1.3572185039520264,2,0.0
2838,243.59591674804688,54.827842712402344,37.42655576511763,0.1427324124735009,-2.790926518033742,-2.7770667107935987,2.1090617179870605,1.7233197689056396,86.43313598632812,0.1541744023561477,1,2838,243.59591674804688,54.827842712402344,37.42655576511763,0.1610610960335969,-1.9698081857685972,-1.5538763737124268,2.1090617179870605,1.7233197689056396,86.43313598632812,0.1541744023561477,1,0.0
6036,241.7185821533203,54.8439826965332,32.14144133248564,0.1425214166392522,-2.141559747591662,-1.8549537056663157,3.9660778045654297,1.354241132736206,77.5661392211914,0.2285805344581604,1,6036,241.7185821533203,54.8439826965332,32.14144133248564,0.1427526946638506,-1.612865651453645,-1.101772121228274,3.9660778045654297,1.354241132736206,77.5661392211914,0.2285805344581604,1,0.0
17592,243.4488525390625,55.314510345458984,33.753212861281405,0.1424701592925053,-2.3736795333360066,-2.0987214147096,2.0766594409942627,0.7061070799827576,297.5102844238281,0.6029424071311951,1,17592,243.4488525390625,55.314510345458984,33.753212861281405,0.1443531254107466,-1.7648530622161376,-1.2248178269039909,2.0766594409942627,0.7061070799827576,297.5102844238281,0.6029424071311951,1,0.0
11687,242.16372680664065,55.58970260620117,35.436600925099086,0.1424637115117361,-2.5569038825847756,-2.3866129729389933,2.6608681678771973,2.2321197986602783,354.89178466796875,0.3760979175567627,1,11687,242.16372680664065,55.58970260620117,35.436600925099086,0.1511961472749907,-1.856821595109788,-1.367387884830151,2.6608681678771973,2.2321197986602783,354.89178466796875,0.3760979175567627,1,0.0
169,242.49249267578125,55.72968292236328,40.96416236000724,0.1423702603289906,-2.9783532857011745,-3.5462255772296705,-100.0,-100.0,-100.0,0.0438642427325248,6,169,242.49249267578125,55.72968292236328,40.96416236000724,0.2094593119193189,-1.81888388176303,-1.847139673945664,-100.0,-100.0,-100.0,0.0438642427325248,6,0.0
11645,241.5894317626953,55.06672668457031,34.072886574048766,0.1420001161661487,-2.3868062242264094,-2.1513186180230774,2.731614112854004,2.4271533489227295,324.4921875,0.4099300801753998,1,11645,241.5894317626953,55.06672668457031,34.072886574048766,0.1463479765380937,-1.762091531890857,-1.2519665746208914,2.731614112854004,2.4271533489227295,324.4921875,0.4099300801753998,1,0.0
36301,242.83558654785156,55.65677261352539,37.50351374094472,0.1419389818506579,-2.806629126748404,-2.700182658220986,-100.0,-100.0,-100.0,2.11995005607605,6,36301,242.83558654785156,55.65677261352539,37.50351374094472,0.1627994384878063,-1.9031565713482057,-1.4717024983003653,-100.0,-100.0,-100.0,2.11995005607605,6,0.0
22117,241.6024169921875,54.63685607910156,41.86361844000733,0.1418025525102732,-3.819950492128187,-3.808853407434189,-100.0,-100.0,-100.0,0.8476130962371826,6,22117,241.6024169921875,54.63685607910156,41.86361844000733,0.1605915728585499,-2.5832057163241227,-1.9572188812971392,-100.0,-100.0,-100.0,0.8476130962371826,6,0.0
3001,243.8611297607422,54.99345016479492,44.175364538053934,0.1417700538838095,-3.960806905709715,-4.682057612936215,4.182336807250977,4.166857719421387,36.69304656982422,0.165920153260231,1,3001,243.8611297607422,54.99345016479492,44.175364538053934,0.1934461959233044,-2.5778862474648556,-2.3574335311443564,4.182336807250977,4.166857719421387,36.69304656982422,0.165920153260231,1,0.0
14873,243.47073364257812,54.72507858276367,36.34860538792086,0.1417255952908743,-2.691484354225986,-2.557740380591456,4.453701972961426,0.933587908744812,321.2481384277344,0.4801275432109833,1,14873,243.47073364257812,54.72507858276367,36.34860538792086,0.1526432757649425,-1.937272641112996,-1.4494933332108555,4.453701972961426,0.933587908744812,321.2481384277344,0.4801275432109833,1,0.0
26762,243.54588317871097,55.52640914916992,43.69589303444299,0.1412749531392199,-3.8699522030646207,-4.413193919648771,-100.0,-100.0,-100.0,1.1177345514297483,6,26762,243.54588317871097,55.52640914916992,43.69589303444299,0.1923106004522375,-2.4591601847071067,-2.1996373400678477,-100.0,-100.0,-100.0,1.1177345514297483,6,0.0
16378,241.6011505126953,54.85440826416016,35.70073867513236,0.1411765319108615,-2.6107286040623494,-2.4344667050662965,1.952955722808838,1.9235759973526,15.104913711547852,0.5322149395942688,1,16378,241.6011505126953,54.85440826416016,35.70073867513236,0.1494953255943473,-1.89479377764558,-1.390029482955949,1.952955722808838,1.9235759973526,15.104913711547852,0.5322149395942688,1,0.0
1348,243.602294921875,55.14912414550781,35.59240086501011,0.1407934868243896,-2.5299168357931157,-2.415574546794228,1.6741235256195068,1.4003450870513916,94.73072814941406,0.0934822559356689,1,1348,243.602294921875,55.14912414550781,35.59240086501011,0.1529390355815732,-1.8214554377874097,-1.3822710873411046,1.6741235256195068,1.4003450870513916,94.73072814941406,0.0934822559356689,1,0.0
38809,241.4697723388672,55.17232894897461,38.83160160317744,0.1407813026212492,-3.2121181859325594,-3.0816908036967043,2.2301995754241943,1.6570677757263184,310.85394287109375,2.659703254699707,2,38809,241.4697723388672,55.17232894897461,38.83160160317744,0.1506997501702022,-2.285348388471953,-1.6830683262904784,2.2301995754241943,1.6570677757263184,310.85394287109375,2.659703254699707,2,0.0
11815,241.3867645263672,54.984500885009766,41.243120943179726,0.1402147422058738,-3.437540828359887,-3.718422475532146,1.6375153064727783,1.515604853630066,140.3243408203125,0.4172190427780151,1,11815,241.3867645263672,54.984500885009766,41.243120943179726,0.1720280624123698,-2.331644626851598,-1.9699952638855007,1.6375153064727783,1.515604853630066,140.3243408203125,0.4172190427780151,1,0.0
4524,242.77305603027344,54.44657516479492,36.74260046181665,0.1398436087387197,-2.7027853410541764,-2.6363639004506703,2.371152639389038,2.075882911682129,42.6683235168457,0.2118105739355087,1,4524,242.77305603027344,54.44657516479492,36.74260046181665,0.154727541833382,-1.925285466427948,-1.4878320449786746,2.371152639389038,2.075882911682129,42.6683235168457,0.2118105739355087,1,0.0
4724,241.6385498046875,55.56142807006836,44.50650858635209,0.1395996380367549,-4.039196712938114,-4.808194885990052,2.226328134536743,2.207671880722046,209.7762908935547,0.1873725652694702,1,4724,241.6385498046875,55.56142807006836,44.50650858635209,0.1918823043787969,-2.62097691818565,-2.4055470594019144,2.226328134536743,2.207671880722046,209.7762908935547,0.1873725652694702,1,0.0
6220,243.42254638671875,55.47096633911133,38.34912002905212,0.1395226499572547,-2.9433404290032925,-2.978717451907477,1.8776026964187624,1.3625589609146118,263.5096435546875,0.2679503560066223,1,6220,243.42254638671875,55.47096633911133,38.34912002905212,0.1599125056717479,-2.0599876315040766,-1.6465609558926075,1.8776026964187624,1.3625589609146118,263.5096435546875,0.2679503560066223,1,0.0
37242,242.4825134277344,55.73200225830078,41.12913971358656,0.1394570564331485,-3.5704605563051093,-3.679296571673198,1.814984440803528,1.656556248664856,119.1898193359375,2.168781995773315,2,37242,242.4825134277344,55.73200225830078,41.12913971358656,0.1601009245755146,-2.467180837753123,-1.9457155612570896,1.814984440803528,1.656556248664856,119.1898193359375,2.168781995773315,2,0.0
4556,241.4431915283203,55.10702896118164,39.21763524978209,0.1394486832653572,-3.069166037046823,-3.182693820634214,1.987487316131592,1.0441800355911257,178.1489715576172,0.186684712767601,1,4556,241.4431915283203,55.10702896118164,39.21763524978209,0.163973188670107,-2.1237082192162724,-1.738402365075496,1.987487316131592,1.0441800355911257,178.1489715576172,0.186684712767601,1,0.0
30189,242.67025756835935,55.67670440673828,37.79994289039123,0.1393629824634492,-2.9835103924207114,-2.852491701480025,2.304124593734741,1.271398901939392,165.112060546875,1.461201786994934,2,30189,242.67025756835935,55.67670440673828,37.79994289039123,0.1498218032262979,-2.132863431328425,-1.583790609668838,2.304124593734741,1.271398901939392,165.112060546875,1.461201786994934,2,0.0
445,242.290771484375,54.480438232421875,35.543963578431075,0.1391517639153182,-2.51330642981219,-2.4063049463018436,3.514282703399658,2.692263126373291,217.51589965820312,0.0483237840235233,1,445,242.290771484375,54.480438232421875,35.543963578431075,0.151663517022184,-1.807252020872072,-1.3774110509526476,3.514282703399658,2.692263126373291,217.51589965820312,0.0483237840235233,1,0.0
36062,241.93951416015625,55.62220001220703,40.76891463764459,0.1390306204872116,-3.49286867359263,-3.577318808307696,3.2529075145721436,1.7116320133209229,6.419620513916016,1.916327953338623,2,36062,241.93951416015625,55.62220001220703,40.76891463764459,0.1590385717793061,-2.418594810616105,-1.9014720226913584,3.2529075145721436,1.7116320133209229,6.419620513916016,1.916327953338623,2,0.0
7923,242.6626892089844,55.596866607666016,33.00501535626468,0.1387411048520723,-2.24597663589621,-1.982397644183998,3.65419602394104,1.0420094728469849,188.23287963867188,0.296132743358612,1,7923,242.6626892089844,55.596866607666016,33.00501535626468,0.140847653216235,-1.6756578964765438,-1.1668603686555508,3.65419602394104,1.0420094728469849,188.23287963867188,0.296132743358612,1,0.0
2821,242.47476196289065,54.43284225463867,37.1369004615137,0.1386864199588882,-2.74941752518276,-2.716506001803129,3.1008427143096924,0.6548169851303101,222.20440673828125,0.1638936251401901,1,2821,242.47476196289065,54.43284225463867,37.1369004615137,0.1554361463067757,-1.946952324014544,-1.5255238832306988,3.1008427143096924,0.6548169851303101,222.20440673828125,0.1638936251401901,1,0.0
13504,242.49790954589844,55.800559997558594,45.19443717659233,0.1386229462372021,-4.225523394876095,-5.082595809633033,3.6037967205047607,1.6777702569961548,65.20317077636719,0.4535771608352661,1,13504,242.49790954589844,55.800559997558594,45.19443717659233,0.1920472639003907,-2.730374980987461,-2.507552243713241,3.6037967205047607,1.6777702569961548,65.20317077636719,0.4535771608352661,1,0.0
7996,242.52520751953125,54.468238830566406,34.884732446621506,0.1381281890913376,-2.4722265854640506,-2.2887825389670837,2.0082337856292725,1.892674207687378,74.6497802734375,0.3126012086868286,1,7996,242.52520751953125,54.468238830566406,34.884732446621506,0.1457104428159923,-1.8036701161782112,-1.3200559360651312,2.0082337856292725,1.892674207687378,74.6497802734375,0.3126012086868286,1,0.0
21055,243.33233642578125,54.43859100341797,44.92734138626722,0.1379541546004769,-4.203049345946331,-4.9729710899004065,4.783199787139893,1.1156253814697266,24.115076065063477,0.7441826462745667,1,21055,243.33233642578125,54.43859100341797,44.92734138626722,0.1865291923830739,-2.7372568497370517,-2.4658842510067944,4.783199787139893,1.1156253814697266,24.115076065063477,0.7441826462745667,1,0.0
94,243.87081909179688,55.023773193359375,44.39230379646739,0.1379143945651247,-3.9788502589229138,-4.762808793535894,9.072676658630373,1.8699641227722168,224.2092437744141,0.0234838332980871,1,94,243.87081909179688,55.023773193359375,44.39230379646739,0.1918050326376507,-2.571439378225993,-2.386880174745822,9.072676658630373,1.8699641227722168,224.2092437744141,0.0234838332980871,1,0.0
401,243.54095458984375,55.0837287902832,33.06728320648826,0.1377892116964815,-2.2098110867913574,-1.9916670089967052,2.169792890548706,2.124774217605591,150.35768127441406,0.0488384999334812,1,401,243.54095458984375,55.0837287902832,33.06728320648826,0.142639632361901,-1.6363068287658509,-1.1716392047852646,2.169792890548706,2.124774217605591,150.35768127441406,0.0488384999334812,1,0.0
36217,241.9389190673828,55.09041213989258,22.180529682596585,0.1375390730150076,-0.8749062719895666,-0.7237871594464448,-100.0,-100.0,-100.0,2.1871519088745117,5,36217,241.9389190673828,55.09041213989258,22.180529682596585,0.1433548331616015,-0.618368407463562,-0.4421618399961535,-100.0,-100.0,-100.0,2.1871519088745117,5,0.0
16544,243.07061767578125,54.352027893066406,45.127072645188186,0.1374975038381224,-4.294406926385091,-4.961849187023416,-100.0,-100.0,-100.0,0.6101739406585693,4,16544,243.07061767578125,54.352027893066406,45.127072645188186,0.1864731761567636,-2.7297994486342594,-2.4077951712353354,-100.0,-100.0,-100.0,0.6101739406585693,4,0.0
21993,241.4718475341797,55.229286193847656,39.53160726770717,0.1371454639211951,-3.198033732914039,-3.258848443445405,2.7026658058166504,0.99171245098114,311.452880859375,0.790334939956665,1,21993,241.4718475341797,55.229286193847656,39.53160726770717,0.157315733159661,-2.2278326978956087,-1.770656031438675,2.7026658058166504,0.99171245098114,311.452880859375,0.790334939956665,1,0.0
6381,241.90638732910156,54.422950744628906,44.216998536817805,0.1366785609340817,-3.985984252599023,-4.6975563258148325,5.272145748138428,5.144482135772705,158.1802978515625,0.2393594831228256,1,6381,241.90638732910156,54.422950744628906,44.216998536817805,0.1854646840486179,-2.598529798453009,-2.3632899564527663,5.272145748138428,5.144482135772705,158.1802978515625,0.2393594831228256,1,0.0
37475,242.013671875,54.481353759765625,39.29350742075369,0.1366412138023186,-3.061893150344769,-3.108116788276623,-100.0,-100.0,-100.0,2.446223020553589,6,37475,242.013671875,54.481353759765625,39.29350742075369,0.1649893306040079,-2.033569922753773,-1.65698288752497,-100.0,-100.0,-100.0,2.446223020553589,6,0.0
7948,241.63284301757812,54.79863357543945,35.95513933216961,0.1359064123272928,-2.6112419384224226,-2.48306503602961,2.4586966037750244,0.5356717109680176,237.9127197265625,0.2905231118202209,1,7948,241.63284301757812,54.79863357543945,35.95513933216961,0.1467408749026672,-1.8813964976241373,-1.4144744551453037,2.4586966037750244,0.5356717109680176,237.9127197265625,0.2905231118202209,1,0.0
450,242.9333343505859,55.648948669433594,37.9692546784554,0.1354495909103961,-2.8503742330096413,-2.8934000461484404,2.368152379989624,1.952815055847168,17.7249813079834,0.0556925311684608,1,450,242.9333343505859,55.648948669433594,37.9692546784554,0.1561760351778557,-1.992584684081086,-1.6071383645581276,2.368152379989624,1.952815055847168,17.7249813079834,0.0556925311684608,1,0.0
13640,243.4739227294922,55.5164909362793,41.46877306183035,0.1348179917994075,-3.5296821307536166,-3.691028435455444,-100.0,-100.0,-100.0,0.49796923995018,6,13640,243.4739227294922,55.5164909362793,41.46877306183035,0.1655475373169312,-2.3274749523214617,-1.908205691194384,-100.0,-100.0,-100.0,0.49796923995018,6,0.0
8228,243.5804443359375,55.4963264465332,43.466319134594436,0.1334973011423206,-3.839634200385405,-4.4247664142585945,3.0317254066467285,1.9623892307281496,54.401123046875,0.3067004978656769,1,8228,243.5804443359375,55.4963264465332,43.466319134594436,0.176283309392779,-2.528936016145197,-2.2570532707052298,3.0317254066467285,1.9623892307281496,54.401123046875,0.3067004978656769,1,0.0
36036,243.44561767578125,55.55060195922851,42.18813655451155,0.1333885808263298,-3.750059182796487,-3.996086769511125,1.2232956886291504,1.1882498264312744,358.2334289550781,1.953478217124939,2,36036,243.44561767578125,55.55060195922851,42.18813655451155,0.1586762077709013,-2.5550574727951108,-2.078379173268182,1.2232956886291504,1.1882498264312744,358.2334289550781,1.953478217124939,2,0.0
23838,241.47894287109375,54.971771240234375,38.17817734839103,0.1332681622001167,-2.99644166883818,-2.937820055407172,3.9963138103485103,0.8973358869552612,106.90057373046876,0.9109975695610046,1,23838,241.47894287109375,54.971771240234375,38.17817734839103,0.1471993739319513,-2.1222188120870356,-1.6250247010949868,3.9963138103485103,0.8973358869552612,106.90057373046876,0.9109975695610046,1,0.0
34424,242.34779357910156,54.41054153442383,39.133169282618326,0.1330435486550761,-3.2140510011906263,-3.156499119782692,2.3193254470825195,1.163804292678833,239.60923767089844,1.8386554718017576,2,34424,242.34779357910156,54.41054153442383,39.133169282618326,0.1461966301127623,-2.2685010257949045,-1.7198395142314984,2.3193254470825195,1.163804292678833,239.60923767089844,1.8386554718017576,2,0.0
39250,241.6980743408203,54.623085021972656,39.7742707613071,0.132793566827703,-3.370715336170056,-3.3116060586091147,1.800714373588562,1.628037691116333,281.0022888183594,2.7652249336242676,2,39250,241.6980743408203,54.623085021972656,39.7742707613071,0.1451659450581613,-2.373091219570151,-1.7840420788238065,1.800714373588562,1.628037691116333,281.0022888183594,2.7652249336242676,2,0.0
6253,243.6437835693359,55.37813949584961,41.41732784884013,0.1325831917081441,-3.4462830301326353,-3.769209073371024,2.386960029602051,2.013557195663452,37.950897216796875,0.2304362505674362,1,6253,243.6437835693359,55.37813949584961,41.41732784884013,0.1650025438699142,-2.325854112110966,-1.991708286754155,2.386960029602051,2.013557195663452,37.950897216796875,0.2304362505674362,1,0.0
39880,242.397216796875,55.53883743286133,30.062473484650543,0.1317958689184368,-1.4221916882312802,-1.484589010473988,-100.0,-100.0,-100.0,3.65620493888855,4,39880,242.397216796875,55.53883743286133,30.062473484650543,0.1598135840067846,-0.9077918590311864,-0.8668927512925905,-100.0,-100.0,-100.0,3.65620493888855,4,0.0
2806,243.50506591796875,54.71299362182617,37.74158218634368,0.1316917750543883,-2.836297499414578,-2.8441647190448736,1.6192398071289062,1.3909108638763428,316.30987548828125,0.1284107565879821,1,2806,243.50506591796875,54.71299362182617,37.74158218634368,0.1497573050392822,-1.994265157090667,-1.5848810554105763,1.6192398071289062,1.3909108638763428,316.30987548828125,0.1284107565879821,1,0.0
21120,241.8138427734375,54.931766510009766,27.306427241823823,0.1315084534498696,-1.332590431129962,-1.1720934474795497,-100.0,-100.0,-100.0,0.8060503005981445,6,21120,241.8138427734375,54.931766510009766,27.306427241823823,0.1423255777639245,-0.9226776938875256,-0.6971144397353912,-100.0,-100.0,-100.0,0.8060503005981445,6,0.0
24815,241.43228149414065,55.27176284790039,41.56692915571807,0.1314548161435466,-3.163264504278814,-3.7199959276995087,-100.0,-100.0,-100.0,1.0105829238891602,6,24815,241.43228149414065,55.27176284790039,41.56692915571807,0.1903526210180589,-1.952564431758368,-1.9203017782407936,-100.0,-100.0,-100.0,1.0105829238891602,6,0.0
37250,242.8834686279297,55.69068908691406,39.876435118687446,0.1314117465560162,-3.357142172398345,-3.339966803460974,1.379197120666504,1.2659581899642944,101.12339782714844,2.2948265075683594,2,37250,242.8834686279297,55.69068908691406,39.876435118687446,0.1458294986436179,-2.354119500401589,-1.799210767751174,1.379197120666504,1.2659581899642944,101.12339782714844,2.2948265075683594,2,0.0
4436,241.8966827392578,54.57611083984375,36.921107524243695,0.1313179679044225,-2.727152776878883,-2.672200365642821,1.7358286380767822,1.6931889057159424,285.5011901855469,0.2132130712270736,1,4436,241.8966827392578,54.57611083984375,36.921107524243695,0.1459379967579209,-1.9382135516614687,-1.504619878743005,1.7358286380767822,1.6931889057159424,285.5011901855469,0.2132130712270736,1,0.0
1309,243.30368041992188,54.63976287841797,35.02213158429079,0.1312976817303498,-2.455991248036038,-2.312906224550969,3.7450220584869385,1.713703751564026,291.0274963378906,0.0960852056741714,1,1309,243.30368041992188,54.63976287841797,35.02213158429079,0.1408975403463773,-1.7798152024224954,-1.3319756428309617,3.7450220584869385,1.713703751564026,291.0274963378906,0.0960852056741714,1,0.0
8464,243.21910095214844,54.91099166870117,23.49269621422442,0.1312932135807925,-0.9137213569470334,-0.8244114784271527,-100.0,-100.0,-100.0,0.3683302104473114,6,8464,243.21910095214844,54.91099166870117,23.49269621422442,0.1419829669458693,-0.622405638325106,-0.5006007112151596,-100.0,-100.0,-100.0,0.3683302104473114,6,0.0
15013,241.7417449951172,54.49269104003906,44.22455886505885,0.1312090933844383,-4.022572340555844,-4.699815851645898,1.639557123184204,1.5853416919708252,69.1672592163086,0.4837587177753448,1,15013,241.7417449951172,54.49269104003906,44.22455886505885,0.1755030464090631,-2.633512787896392,-2.363095376684399,1.639557123184204,1.5853416919708252,69.1672592163086,0.4837587177753448,1,0.0
9934,243.29832458496097,55.5484504699707,38.73098814489666,0.1310204649467603,-3.0165813212428807,-3.0665462879692895,1.8708115816116333,1.7934056520462036,297.8415832519531,0.3720553517341614,1,9934,243.29832458496097,55.5484504699707,38.73098814489666,0.150665269150899,-2.106163478351021,-1.6861233876557031,1.8708115816116333,1.7934056520462036,297.8415832519531,0.3720553517341614,1,0.0
14899,241.58558654785156,55.383522033691406,39.53417823802027,0.1307564758228244,-3.1626524213799585,-3.259940591580118,3.4130873680114746,2.4878320693969727,65.9847412109375,0.5226022601127625,1,14899,241.58558654785156,55.383522033691406,39.53417823802027,0.1522658933098747,-2.192750590304819,-1.771662403123914,3.4130873680114746,2.4878320693969727,65.9847412109375,0.5226022601127625,1,0.0
28528,242.9352874755859,54.40327835083008,40.63450308357642,0.1301540579739412,-3.18704374835242,-3.454810809624045,-100.0,-100.0,-100.0,1.465316653251648,6,28528,242.9352874755859,54.40327835083008,40.63450308357642,0.1696249912878338,-2.0546792923103987,-1.808218530646776,-100.0,-100.0,-100.0,1.465316653251648,6,0.0
32866,241.81118774414065,55.583770751953125,41.47490745979178,0.130028331680715,-3.398196283852931,-3.692869267602893,-100.0,-100.0,-100.0,1.808369517326355,6,32866,241.81118774414065,55.583770751953125,41.47490745979178,0.1688837079905936,-2.1954609202963544,-1.908907984949882,-100.0,-100.0,-100.0,1.808369517326355,6,0.0
26569,242.8807678222656,55.723106384277344,41.734367683396485,0.1299312133568,-3.592144708607969,-3.8605908810500673,3.784793138504028,0.9381834268569946,47.57088470458984,1.0536704063415527,1,26569,242.8807678222656,55.723106384277344,41.734367683396485,0.1572708806232862,-2.441400341576351,-2.026767279174222,3.784793138504028,0.9381834268569946,47.57088470458984,1.0536704063415527,1,0.0
32553,241.42486572265625,54.883907318115234,41.01240755476126,0.1296833458647207,-3.5102388029369016,-3.647315777704516,1.7610702514648438,1.7537376880645752,170.29220581054688,1.657851219177246,2,32553,241.42486572265625,54.883907318115234,41.01240755476126,0.1508686298802928,-2.4179782635838527,-1.9336009897827249,1.7610702514648438,1.7537376880645752,170.29220581054688,1.657851219177246,2,0.0
17709,243.5328369140625,55.54948043823242,44.28048427195563,0.1296491925921321,-4.0472816690739135,-4.720904247641009,0.9869564771652222,0.9864162802696228,148.5876007080078,0.6187750101089478,1,17709,243.5328369140625,55.54948043823242,44.28048427195563,0.1727871876005223,-2.6522749375031074,-2.3711404579731483,0.9869564771652222,0.9864162802696228,148.5876007080078,0.6187750101089478,1,0.0
26593,242.1224670410156,55.71521759033203,42.92536988371429,0.1294358864122071,-3.8148388607901142,-4.237483464250762,1.37552809715271,0.5075693726539612,337.62969970703125,1.0696933269500732,1,26593,242.1224670410156,55.71521759033203,42.92536988371429,0.1624283076644524,-2.5545706772871535,-2.179992694072596,1.37552809715271,0.5075693726539612,337.62969970703125,1.0696933269500732,1,0.0
11692,243.3229827880859,55.50945663452149,37.522367185448594,0.1292915056500451,-2.842623302664336,-2.7966470076014107,3.6505937576293945,1.45815110206604,183.56771850585935,0.4089127779006958,1,11692,243.3229827880859,55.50945663452149,37.522367185448594,0.1439325245669603,-2.014429197420185,-1.5621329898545917,3.6505937576293945,1.45815110206604,183.56771850585935,0.4089127779006958,1,0.0
11803,241.87840270996097,54.48997116088867,41.40724338212057,0.1292378540759692,-3.4663703109424926,-3.76589845566919,2.2887935638427734,2.1307497024536133,245.6457977294922,0.3807417452335357,1,11803,241.87840270996097,54.48997116088867,41.40724338212057,0.1593280416869208,-2.3463692560438494,-1.9899049270600415,2.2887935638427734,2.1307497024536133,245.6457977294922,0.3807417452335357,1,0.0
39287,243.5072784423828,54.63624572753906,40.47221206936055,0.1291009747645692,-2.7994289314396408,-3.4107447666041777,-100.0,-100.0,-100.0,3.0036513805389404,4,39287,243.5072784423828,54.63624572753906,40.47221206936055,0.1949849020270674,-1.6801793680116426,-1.7893116186377858,-100.0,-100.0,-100.0,3.0036513805389404,4,0.0
1352,241.4886779785156,55.05406951904297,37.52544728660787,0.1265733503823186,-2.7955862017406807,-2.7976822032034563,4.77510404586792,1.1478365659713743,181.227294921875,0.1208119913935661,1,1352,241.4886779785156,55.05406951904297,37.52544728660787,0.1437548348390446,-1.9677113430433244,-1.563265037639375,4.77510404586792,1.1478365659713743,181.227294921875,0.1208119913935661,1,0.0
8442,242.1285400390625,55.702518463134766,42.14131189117103,0.1257799378303288,-3.537129661188593,-3.8942356754351537,-100.0,-100.0,-100.0,0.3631748259067535,6,8442,242.1285400390625,55.702518463134766,42.14131189117103,0.1653544186800679,-2.275498077384872,-1.992254345262378,-100.0,-100.0,-100.0,0.3631748259067535,6,0.0
18937,243.36553955078125,54.74897766113281,32.51526372341435,0.1255210980597034,-1.9409604373528948,-1.8164313982748157,-100.0,-100.0,-100.0,0.7180728316307068,6,18937,243.36553955078125,54.74897766113281,32.51526372341435,0.1425464875640669,-1.3176651398871146,-1.0404662969466365,-100.0,-100.0,-100.0,0.7180728316307068,6,0.0
8137,242.11083984375,54.416969299316406,41.25166460492528,0.1250622681411085,-3.4241558409060855,-3.720839241138103,1.624308466911316,1.2619291543960571,357.70556640625,0.3032950758934021,1,8137,242.11083984375,54.416969299316406,41.25166460492528,0.1544420479984333,-2.317562697351615,-1.9711142071045225,1.624308466911316,1.2619291543960571,357.70556640625,0.3032950758934021,1,0.0
11759,241.39707946777344,55.14011764526367,40.99650574956301,0.1247652245758701,-3.3942455441904493,-3.648146470655293,1.7158071994781494,1.695705771446228,327.02239990234375,0.3810650408267975,1,11759,241.39707946777344,55.14011764526367,40.99650574956301,0.1520133823570752,-2.309029822885575,-1.940247010738369,1.7158071994781494,1.695705771446228,327.02239990234375,0.3810650408267975,1,0.0
19973,242.87757873535156,55.694053649902344,40.020032199709306,0.1243579990769017,-3.2656276139842513,-3.38289646976593,1.3463927507400513,1.115938663482666,125.5148468017578,0.680689811706543,1,19973,242.87757873535156,55.694053649902344,40.020032199709306,0.1452498859034802,-2.257909380918904,-1.825018285663536,1.3463927507400513,1.115938663482666,125.5148468017578,0.680689811706543,1,0.0
8027,241.6952209472656,54.67134475708008,38.04434037602512,0.1234915075801413,-2.904754634167815,-2.910109452177701,2.9353599548339844,1.3706228733062744,337.12982177734375,0.2787573635578155,1,8027,241.6952209472656,54.67134475708008,38.04434037602512,0.1400680631078652,-2.0419550116986236,-1.61488907746048,2.9353599548339844,1.3706228733062744,337.12982177734375,0.2787573635578155,1,0.0
37260,242.526123046875,54.30181884765625,44.85707781250335,0.1234879739895375,-4.298271782670669,-4.939415236626816,2.7347724437713623,2.40305757522583,115.79795837402344,2.223114013671875,2,37260,242.526123046875,54.30181884765625,44.85707781250335,0.1591582235104253,-2.8345353302367338,-2.446719474962131,2.7347724437713623,2.40305757522583,115.79795837402344,2.223114013671875,2,0.0
30931,243.48011779785156,55.16075897216797,31.603251234180803,0.121046187040505,-1.6529769471271856,-1.6864229523453922,-100.0,-100.0,-100.0,1.546653389930725,6,30931,243.48011779785156,55.16075897216797,31.603251234180803,0.1463064349909874,-1.0720904352405658,-0.9732595184096344,-100.0,-100.0,-100.0,1.546653389930725,6,0.0
14943,241.4620056152344,54.7841682434082,41.70983429646401,0.1205482656521013,-3.5335695157759774,-3.8549466726535297,1.7199549674987793,1.714565396308899,182.61114501953125,0.5178096890449524,1,14943,241.4620056152344,54.7841682434082,41.70983429646401,0.1491238747467035,-2.386860246664585,-2.026523669160725,1.7199549674987793,1.714565396308899,182.61114501953125,0.5178096890449524,1,0.0
29025,242.47711181640625,54.35165023803711,41.980732781210314,0.1203600817789512,-3.668804613102316,-3.932976149545258,3.704387664794922,1.04375159740448,258.0087585449219,1.4796464443206787,1,29025,242.47711181640625,54.35165023803711,41.980732781210314,0.1448648196794063,-2.4937277327999468,-2.053897082120167,3.704387664794922,1.04375159740448,258.0087585449219,1.4796464443206787,1,0.0
1401,241.69053649902344,55.476951599121094,39.819914626274745,0.1194971960463112,-3.148205492816137,-3.3327317672237533,3.2601518630981445,3.2566871643066406,90.27449035644533,0.104584127664566,1,1401,241.69053649902344,55.476951599121094,39.819914626274745,0.1438294082699563,-2.1574288014779293,-1.80465272411459,3.2601518630981445,3.2566871643066406,90.27449035644533,0.104584127664566,1,0.0
8054,242.6265106201172,54.38754653930664,39.7059235061441,0.1190268991370733,-3.162601406920853,-3.30351945171541,2.921854019165039,2.1724720001220703,129.3687286376953,0.2887082099914551,1,8054,242.6265106201172,54.38754653930664,39.7059235061441,0.1408660755917606,-2.180209055134658,-1.7914325187680256,2.921854019165039,2.1724720001220703,129.3687286376953,0.2887082099914551,1,0.0
20016,243.77615356445312,55.343997955322266,44.61441942110669,0.1171940006036142,-4.129039382573778,-4.8486952054083305,2.0268311500549316,1.989409565925598,12.206926345825195,0.6828626990318298,1,20016,243.77615356445312,55.343997955322266,44.61441942110669,0.1572216544292769,-2.697524868539044,-2.4190386988640773,2.0268311500549316,1.989409565925598,12.206926345825195,0.6828626990318298,1,0.0
1435,243.331298828125,55.6358528137207,43.55544421236081,0.1161275444847868,-3.824747987908367,-4.4564598026086255,3.0819363594055176,2.9502112865448,72.29888153076172,0.1066546961665153,1,1435,243.331298828125,55.6358528137207,43.55544421236081,0.1559106117457339,-2.505531911152082,-2.2700011081076337,3.0819363594055176,2.9502112865448,72.29888153076172,0.1066546961665153,1,0.0
1856,243.127685546875,55.718238830566406,44.28698096930492,0.1157286576702287,-4.017545910050553,-4.630838910687262,-100.0,-100.0,-100.0,0.1376378536224365,6,1856,243.127685546875,55.718238830566406,44.28698096930492,0.1588697479675182,-2.545290655358714,-2.283458067237756,-100.0,-100.0,-100.0,0.1376378536224365,6,0.0
23864,241.24932861328125,55.101905822753906,45.83398556991617,0.1156802455273808,-4.421845579992248,-5.354047989769389,1.9369806051254272,1.6333959102630615,196.88186645507812,0.906398594379425,1,23864,241.24932861328125,55.101905822753906,45.83398556991617,0.160404988225509,-2.850510204474527,-2.604988371825166,1.9369806051254272,1.6333959102630615,196.88186645507812,0.906398594379425,1,0.0
23943,241.3605499267578,55.19068908691406,42.713430514041434,0.1146072008859736,-3.392946899627245,-4.076838147313218,-100.0,-100.0,-100.0,0.9733114242553712,6,23943,241.3605499267578,55.19068908691406,42.713430514041434,0.1704931697315172,-2.078415821358082,-2.066462382214224,-100.0,-100.0,-100.0,0.9733114242553712,6,0.0
23132,242.2064971923828,54.40464401245117,40.761862958374046,0.1140545539193493,-3.3022345449212884,-3.489846260524045,-100.0,-100.0,-100.0,0.8933438062667847,6,23132,242.2064971923828,54.40464401245117,40.761862958374046,0.1434062080826567,-2.159475297432645,-1.8231257000940415,-100.0,-100.0,-100.0,0.8933438062667847,6,0.0
14980,241.2704162597656,54.90178680419922,45.96510311181376,0.1128846216997543,-4.407149738731154,-5.413309554949252,2.6223037242889404,2.3737878799438477,81.87338256835938,0.5072916746139526,1,14980,241.2704162597656,54.90178680419922,45.96510311181376,0.1602446745374245,-2.8212420772334976,-2.627762681275133,2.6223037242889404,2.3737878799438477,81.87338256835938,0.5072916746139526,1,0.0
8186,243.8550720214844,55.156219482421875,44.22538561319059,0.1128818576700631,-3.99569796253944,-4.700802347557661,4.759483814239502,1.336916208267212,277.14129638671875,0.2973157167434692,1,8186,243.8550720214844,55.156219482421875,44.22538561319059,0.1527016814785953,-2.6073797126254186,-2.3644765261296725,4.759483814239502,1.336916208267212,277.14129638671875,0.2973157167434692,1,0.0
6292,243.4312438964844,55.58399200439453,43.30132361058382,0.1128064487943152,-3.799906586621891,-4.367748207144333,3.741004467010498,0.851632833480835,158.826171875,0.255060464143753,1,6292,243.4312438964844,55.58399200439453,43.30132361058382,0.1486037334039902,-2.50602908132878,-2.2351895951731056,3.741004467010498,0.851632833480835,158.826171875,0.255060464143753,1,0.0
28155,241.6107177734375,54.52967834472656,45.776101391108305,0.111981691869276,-4.433613028716074,-5.326595602727304,5.034133434295654,1.0975524187088013,147.1995391845703,1.2568761110305786,1,28155,241.6107177734375,54.52967834472656,45.776101391108305,0.1533892434867288,-2.867047591553656,-2.5926356553893353,5.034133434295654,1.0975524187088013,147.1995391845703,1.2568761110305786,1,0.0
36159,242.0909118652344,54.34648513793945,45.42743024230171,0.1116097479599963,-4.290188658680816,-5.086979919210291,-100.0,-100.0,-100.0,2.11822772026062,4,36159,242.0909118652344,54.34648513793945,45.42743024230171,0.1576129474041692,-2.691049673911578,-2.4538512701702193,-100.0,-100.0,-100.0,2.11822772026062,4,0.0
30298,242.46609497070312,54.326454162597656,43.520415088731525,0.1115087056301039,-3.965035025717893,-4.439594038280094,1.378325343132019,1.2850595712661743,137.3078155517578,1.4827682971954346,2,30298,242.46609497070312,54.326454162597656,43.520415088731525,0.1406605030383351,-2.6444836756770496,-2.25783732846602,1.378325343132019,1.2850595712661743,137.3078155517578,1.4827682971954346,2,0.0
8124,242.4939422607422,55.748924255371094,42.1120952030974,0.1108015699980628,-3.5796096286831744,-3.978100660432586,6.032912731170654,1.23435378074646,303.3570556640625,0.3051944375038147,1,8124,242.4939422607422,55.748924255371094,42.1120952030974,0.1403090074830202,-2.39770667089823,-2.0779281125495217,6.032912731170654,1.23435378074646,303.3570556640625,0.3051944375038147,1,0.0
26844,242.8541259765625,55.6701545715332,38.43326747055808,0.1106702392110144,-2.7497494834054343,-2.9048314494196825,-100.0,-100.0,-100.0,1.172850251197815,6,26844,242.8541259765625,55.6701545715332,38.43326747055808,0.1409664742888025,-1.7833007328690778,-1.565705153607189,-100.0,-100.0,-100.0,1.172850251197815,6,0.0
11843,243.0830841064453,55.75635528564453,45.77784179089363,0.1104359030594012,-4.349617672652261,-5.330429519879829,2.444518804550171,0.543908953666687,320.41375732421875,0.3899462819099426,1,11843,243.0830841064453,55.75635528564453,45.77784179089363,0.1566667410740405,-2.7861160786120336,-2.597789934822065,2.444518804550171,0.543908953666687,320.41375732421875,0.3899462819099426,1,0.0
18938,242.11534118652344,54.39787673950195,42.24850837498163,0.1100583243494293,-3.5654745616400265,-3.9277371699078096,-100.0,-100.0,-100.0,0.7190395593643188,6,18938,242.11534118652344,54.39787673950195,42.24850837498163,0.1446362759194746,-2.2940999561821087,-2.005987004889899,-100.0,-100.0,-100.0,0.7190395593643188,6,0.0
