2026-09-16 17:37:27,500 [INFO] Starting T-RECS simulation pipeline...
2026-09-16 17:37:27,500 [INFO] Execution run directory: /Users/sgayen/Documents/Work/PSModel/workdir/trecs_tmp_1789560447
2026-09-16 17:37:27,501 [INFO] Execution log written to: /Users/sgayen/Documents/Work/PSModel/workdir/logs/trecs_cat_400MHz_grid1024x1024_max1024_1789560447.log
2026-09-16 17:37:27,501 [INFO] Using T-RECS executable: /opt/homebrew/bin/trecs
2026-09-16 17:37:27,501 [INFO] Running sampler: /opt/homebrew/bin/trecs -c -p /Users/sgayen/Documents/Work/PSModel/workdir/trecs_tmp_1789560447/parameter_file.ini
=== SAMPLER OUTPUT ===
  
                T-RECS
  
 simulation area [square degrees]=  0.42800642528399996     
 /Users/sgayen/DATA/TRECS_Inputs/alphaeff/alphascaling_1.4_4.8.txt                                                                                                                                       
 /Users/sgayen/DATA/TRECS_Inputs/alphaeff/alphascaling_4.8_20.txt                                                                                                                                        
 /Users/sgayen/DATA/TRECS_Inputs/alphaeff/alphascaling_1.4_0.150.txt                                                                                                                                     
 /Users/sgayen/DATA/TRECS_Inputs/AGN_polafraction/Polfrac_AGNs_1e4_hales.dat                                                                                                                             
 /Users/sgayen/Documents/Work/PSModel/workdir/trecs_tmp_1789560447/frequency_list.dat                                                                                                                    
 coordinates  0.327111006     -0.327111006    
 /Users/sgayen/DATA/TRECS_Inputs/LF/CharLum/Characteristic_Luminosity/z_bins.dat                                                                                                                         
 /Users/sgayen/DATA/TRECS_Inputs/LF/CharLum/Characteristic_Luminosity/luminosity_0.01000.dat                                                                                                             
 /Users/sgayen/DATA/TRECS_Inputs/LF/SEDdust.dat                                                                                                                                                          
 ************************
 AGNs: Processing redshift   9.9999997764825821E-003  Range   0.0000000000000000        1.4999999664723873E-002
 ************************
 /Users/sgayen/DATA/TRECS_Inputs/AbundanceMatch/results_AGNs/AGNprob_LERG_z0.01.txt                                                                                                                      
 /Users/sgayen/DATA/TRECS_Inputs/AbundanceMatch/results_AGNs/AGNprob_HERG_z0.01.txt                                                                                                                      
 ************************
 SFGs: Processing redshift   9.9999997764825821E-003  Range   0.0000000000000000        1.4999999664723873E-002
 ************************
 volume=   12.998135990306986     
 /Users/sgayen/DATA/TRECS_Inputs/AbundanceMatch/results_LSFR/L2mh_z0.01.txt                                                                                                                              
 /Users/sgayen/DATA/TRECS_Inputs/results_SFR_Mstar/SFR2mstar_z0.01.txt                                                                                                                                   
 /Users/sgayen/DATA/TRECS_Inputs/SFRF/SFRF_z0.01.dat                                                                                                                                                     
 number of UVgal     galaxies for Mpc**3   4.7904986086702281E-002
 number of spheroids galaxies for Mpc**3   8.7749999999999929E-128
 number of lens_sphergalaxies for Mpc**3   8.7749999999999929E-128
 ************************
 AGNs: Processing redshift   1.9999999552965164E-002  Range   1.4999999664723873E-002   3.5000000149011612E-002
 ************************
 /Users/sgayen/DATA/TRECS_Inputs/AbundanceMatch/results_AGNs/AGNprob_LERG_z0.02.txt                                                                                                                      
 /Users/sgayen/DATA/TRECS_Inputs/AbundanceMatch/results_AGNs/AGNprob_HERG_z0.02.txt                                                                                                                      
 ************************
 SFGs: Processing redshift   1.9999999552965164E-002  Range   1.4999999664723873E-002   3.5000000149011612E-002
 ************************
 volume=   149.73059282760778     
 /Users/sgayen/DATA/TRECS_Inputs/AbundanceMatch/results_LSFR/L2mh_z0.02.txt                                                                                                                              
 /Users/sgayen/DATA/TRECS_Inputs/results_SFR_Mstar/SFR2mstar_z0.02.txt                                                                                                                                   
 /Users/sgayen/DATA/TRECS_Inputs/SFRF/SFRF_z0.02.dat                                                                                                                                                     
 number of UVgal     galaxies for Mpc**3   2.7829414354335693E-002
 resize buffer
 Number of galaxies above flux limit                    3
 resize final flux 
 SFRs and flux generated
 number of spheroids galaxies for Mpc**3   8.2249999999999889E-128
 number of lens_sphergalaxies for Mpc**3   8.1749999999999883E-128
 done
 ************************
 AGNs: Processing redshift   5.0000000745058060E-002  Range   3.5000000149011612E-002   7.5000001117587090E-002
 ************************
 /Users/sgayen/DATA/TRECS_Inputs/AbundanceMatch/results_AGNs/AGNprob_LERG_z0.05.txt                                                                                                                      
 /Users/sgayen/DATA/TRECS_Inputs/AbundanceMatch/results_AGNs/AGNprob_HERG_z0.05.txt                                                                                                                      
 resize final flux 
 /Users/sgayen/DATA/TRECS_Inputs/LF/AGN_sizes_new.dat                                                                                                                                                    
 sizes minmax   319.449585       319.449585    
 sizes ends
 dark mass starts
 herg/lerg samples:                    1                    0                    1
 dark mass ends
 coordinates
 -0.160428122     -0.160428122    
 -0.266071081     -0.266071081    
 ************************
 SFGs: Processing redshift   5.0000000745058060E-002  Range   3.5000000149011612E-002   7.5000001117587090E-002
 ************************
 volume=   1391.5838300219450     
 /Users/sgayen/DATA/TRECS_Inputs/AbundanceMatch/results_LSFR/L2mh_z0.05.txt                                                                                                                              
 /Users/sgayen/DATA/TRECS_Inputs/results_SFR_Mstar/SFR2mstar_z0.05.txt                                                                                                                                   
 /Users/sgayen/DATA/TRECS_Inputs/SFRF/SFRF_z0.05.dat                                                                                                                                                     
 number of UVgal     galaxies for Mpc**3   1.3603478752635614E-002
 resize buffer
 Number of galaxies above flux limit                   19
 resize final flux 
 SFRs and flux generated
 number of spheroids galaxies for Mpc**3   7.4749999999999855E-128
 number of lens_sphergalaxies for Mpc**3   7.4749999999999855E-128
 done
 ************************
 AGNs: Processing redshift  0.10000000149011612       Range   7.5000001117587090E-002  0.12500000372529030     
 ************************
 /Users/sgayen/DATA/TRECS_Inputs/AbundanceMatch/results_AGNs/AGNprob_LERG_z0.10.txt                                                                                                                      
 /Users/sgayen/DATA/TRECS_Inputs/AbundanceMatch/results_AGNs/AGNprob_HERG_z0.10.txt                                                                                                                      
 resize final flux 
 /Users/sgayen/DATA/TRECS_Inputs/LF/AGN_sizes_new.dat                                                                                                                                                    
 sizes minmax   10.4967861       10.4967861    
 sizes ends
 dark mass starts
 herg/lerg samples:                    1                    0                    1
 dark mass ends
 coordinates
 -0.107210539     -0.107210539    
 -0.159282774     -0.159282774    
 ************************
 SFGs: Processing redshift  0.10000000149011612       Range   7.5000001117587090E-002  0.12500000372529030     
 ************************
 volume=   5373.3802600474901     
 /Users/sgayen/DATA/TRECS_Inputs/AbundanceMatch/results_LSFR/L2mh_z0.10.txt                                                                                                                              
 /Users/sgayen/DATA/TRECS_Inputs/results_SFR_Mstar/SFR2mstar_z0.10.txt                                                                                                                                   
 /Users/sgayen/DATA/TRECS_Inputs/SFRF/SFRF_z0.10.dat                                                                                                                                                     
 number of UVgal     galaxies for Mpc**3   6.6301035803341844E-003
 resize buffer
 Number of galaxies above flux limit                   28
 resize final flux 
 SFRs and flux generated
 number of spheroids galaxies for Mpc**3   6.8749999999999851E-128
 number of lens_sphergalaxies for Mpc**3   6.8749999999999851E-128
 done
 ************************
 AGNs: Processing redshift  0.15000000596046448       Range  0.12500000372529030       0.17500000447034836     
 ************************
 /Users/sgayen/DATA/TRECS_Inputs/AbundanceMatch/results_AGNs/AGNprob_LERG_z0.15.txt                                                                                                                      
 /Users/sgayen/DATA/TRECS_Inputs/AbundanceMatch/results_AGNs/AGNprob_HERG_z0.15.txt                                                                                                                      
 resize final flux 
 /Users/sgayen/DATA/TRECS_Inputs/LF/AGN_sizes_new.dat                                                                                                                                                    
 sizes minmax   127.447197       127.447197    
 sizes ends
 dark mass starts
 herg/lerg samples:                    1                    0                    1
 dark mass ends
 coordinates
  0.284481704      0.284481704    
  0.229903057      0.229903057    
 ************************
 SFGs: Processing redshift  0.15000000596046448       Range  0.12500000372529030       0.17500000447034836     
 ************************
 volume=   11358.229031516375     
 /Users/sgayen/DATA/TRECS_Inputs/AbundanceMatch/results_LSFR/L2mh_z0.15.txt                                                                                                                              
 /Users/sgayen/DATA/TRECS_Inputs/results_SFR_Mstar/SFR2mstar_z0.15.txt                                                                                                                                   
 /Users/sgayen/DATA/TRECS_Inputs/SFRF/SFRF_z0.15.dat                                                                                                                                                     
 number of UVgal     galaxies for Mpc**3   4.0519127881650666E-003
 resize buffer
 Number of galaxies above flux limit                   42
 resize final flux 
 SFRs and flux generated
 number of spheroids galaxies for Mpc**3   6.5249999999999857E-128
 number of lens_sphergalaxies for Mpc**3   6.5249999999999857E-128
 done
 ************************
 AGNs: Processing redshift  0.20000000298023224       Range  0.17500000447034836       0.22500000149011612     
 ************************
 /Users/sgayen/DATA/TRECS_Inputs/AbundanceMatch/results_AGNs/AGNprob_LERG_z0.20.txt                                                                                                                      
 /Users/sgayen/DATA/TRECS_Inputs/AbundanceMatch/results_AGNs/AGNprob_HERG_z0.20.txt                                                                                                                      
 resize final flux 
 /Users/sgayen/DATA/TRECS_Inputs/LF/AGN_sizes_new.dat                                                                                                                                                    
 sizes minmax   175.469772       175.469772    
 sizes ends
 dark mass starts
 herg/lerg samples:                    1                    0                    1
 dark mass ends
 coordinates
  0.190172330      0.190172330    
 -0.299858242     -0.299858242    
 ************************
 SFGs: Processing redshift  0.20000000298023224       Range  0.17500000447034836       0.22500000149011612     
 ************************
 volume=   19071.900006761920     
 /Users/sgayen/DATA/TRECS_Inputs/AbundanceMatch/results_LSFR/L2mh_z0.20.txt                                                                                                                              
 /Users/sgayen/DATA/TRECS_Inputs/results_SFR_Mstar/SFR2mstar_z0.20.txt                                                                                                                                   
 /Users/sgayen/DATA/TRECS_Inputs/SFRF/SFRF_z0.20.dat                                                                                                                                                     
 number of UVgal     galaxies for Mpc**3   2.7290858421588275E-003
 resize buffer
 Number of galaxies above flux limit                   56
 resize final flux 
 SFRs and flux generated
 number of spheroids galaxies for Mpc**3   6.2749999999999867E-128
 number of lens_sphergalaxies for Mpc**3   6.2749999999999867E-128
 done
 ************************
 AGNs: Processing redshift  0.25000000000000000       Range  0.22500000149011612       0.27500000596046448     
 ************************
 /Users/sgayen/DATA/TRECS_Inputs/AbundanceMatch/results_AGNs/AGNprob_LERG_z0.25.txt                                                                                                                      
 /Users/sgayen/DATA/TRECS_Inputs/AbundanceMatch/results_AGNs/AGNprob_HERG_z0.25.txt                                                                                                                      
 resize final flux 
 /Users/sgayen/DATA/TRECS_Inputs/LF/AGN_sizes_new.dat                                                                                                                                                    
 sizes minmax   11.5765839       237.313263    
 sizes ends
 dark mass starts
 herg/lerg samples:                    3                    0                    3
 dark mass ends
 coordinates
 -0.126410887      0.187648907    
 -0.187577933      0.326414555    
 ************************
 SFGs: Processing redshift  0.25000000000000000       Range  0.22500000149011612       0.27500000596046448     
 ************************
 volume=   28165.532599207661     
 /Users/sgayen/DATA/TRECS_Inputs/AbundanceMatch/results_LSFR/L2mh_z0.25.txt                                                                                                                              
 /Users/sgayen/DATA/TRECS_Inputs/results_SFR_Mstar/SFR2mstar_z0.25.txt                                                                                                                                   
 /Users/sgayen/DATA/TRECS_Inputs/SFRF/SFRF_z0.25.dat                                                                                                                                                     
 number of UVgal     galaxies for Mpc**3   1.9276428492713675E-003
 resize buffer
 Number of galaxies above flux limit                   38
 resize final flux 
 SFRs and flux generated
 number of spheroids galaxies for Mpc**3   6.0749999999999882E-128
 number of lens_sphergalaxies for Mpc**3   6.0749999999999882E-128
 done
 ************************
 AGNs: Processing redshift  0.30000001192092896       Range  0.27500000596046448       0.32500000298023224     
 ************************
 /Users/sgayen/DATA/TRECS_Inputs/AbundanceMatch/results_AGNs/AGNprob_LERG_z0.30.txt                                                                                                                      
 /Users/sgayen/DATA/TRECS_Inputs/AbundanceMatch/results_AGNs/AGNprob_HERG_z0.30.txt                                                                                                                      
 resize final flux 
 /Users/sgayen/DATA/TRECS_Inputs/LF/AGN_sizes_new.dat                                                                                                                                                    
 sizes minmax  0.327419043       856.218567    
 sizes ends
 dark mass starts
 herg/lerg samples:                    8                    0                    8
 dark mass ends
 coordinates
 -0.317787856      0.324357659    
 -0.320501238      0.264158785    
 ************************
 SFGs: Processing redshift  0.30000001192092896       Range  0.27500000596046448       0.32500000298023224     
 ************************
 volume=   38322.330160664475     
 /Users/sgayen/DATA/TRECS_Inputs/AbundanceMatch/results_LSFR/L2mh_z0.30.txt                                                                                                                              
 /Users/sgayen/DATA/TRECS_Inputs/results_SFR_Mstar/SFR2mstar_z0.30.txt                                                                                                                                   
 /Users/sgayen/DATA/TRECS_Inputs/SFRF/SFRF_z0.30.dat                                                                                                                                                     
 number of UVgal     galaxies for Mpc**3   1.4758249333999480E-003
 resize buffer
 Number of galaxies above flux limit                   36
 resize final flux 
 SFRs and flux generated
 number of spheroids galaxies for Mpc**3   5.9249999999999883E-128
 number of lens_sphergalaxies for Mpc**3   5.9249999999999883E-128
 done
 ************************
 AGNs: Processing redshift  0.34999999403953552       Range  0.32500000298023224       0.37500000000000000     
 ************************
 /Users/sgayen/DATA/TRECS_Inputs/AbundanceMatch/results_AGNs/AGNprob_LERG_z0.35.txt                                                                                                                      
 /Users/sgayen/DATA/TRECS_Inputs/AbundanceMatch/results_AGNs/AGNprob_HERG_z0.35.txt                                                                                                                      
 resize final flux 
 /Users/sgayen/DATA/TRECS_Inputs/LF/AGN_sizes_new.dat                                                                                                                                                    
 sizes minmax  0.716876388       23.5983124    
 sizes ends
 dark mass starts
 herg/lerg samples:                    3                    0                    3
 dark mass ends
 coordinates
  -6.41496629E-02  0.264072984    
  -4.52852901E-03  0.274694532    
 ************************
 SFGs: Processing redshift  0.34999999403953552       Range  0.32500000298023224       0.37500000000000000     
 ************************
 volume=   49259.554721217828     
 /Users/sgayen/DATA/TRECS_Inputs/AbundanceMatch/results_LSFR/L2mh_z0.35.txt                                                                                                                              
 /Users/sgayen/DATA/TRECS_Inputs/results_SFR_Mstar/SFR2mstar_z0.35.txt                                                                                                                                   
 /Users/sgayen/DATA/TRECS_Inputs/SFRF/SFRF_z0.35.dat                                                                                                                                                     
 number of UVgal     galaxies for Mpc**3   9.4014603500363269E-004
 resize buffer
 Number of galaxies above flux limit                   47
 resize final flux 
 SFRs and flux generated
 number of spheroids galaxies for Mpc**3   5.7249999999999889E-128
 number of lens_sphergalaxies for Mpc**3   5.7249999999999889E-128
 done
 ************************
 AGNs: Processing redshift  0.40000000596046448       Range  0.37500000000000000       0.42499999701976776     
 ************************
 /Users/sgayen/DATA/TRECS_Inputs/AbundanceMatch/results_AGNs/AGNprob_LERG_z0.40.txt                                                                                                                      
 /Users/sgayen/DATA/TRECS_Inputs/AbundanceMatch/results_AGNs/AGNprob_HERG_z0.40.txt                                                                                                                      
 resize final flux 
 /Users/sgayen/DATA/TRECS_Inputs/LF/AGN_sizes_new.dat                                                                                                                                                    
 sizes minmax   16.9174423       66.6862564    
 sizes ends
 dark mass starts
 herg/lerg samples:                    2                    0                    2
 dark mass ends
 coordinates
 -0.288371652     -0.262391090    
 -0.184247166      0.105388552    
 ************************
 SFGs: Processing redshift  0.40000000596046448       Range  0.37500000000000000       0.42499999701976776     
 ************************
 volume=   60728.918513355427     
 /Users/sgayen/DATA/TRECS_Inputs/AbundanceMatch/results_LSFR/L2mh_z0.40.txt                                                                                                                              
 /Users/sgayen/DATA/TRECS_Inputs/results_SFR_Mstar/SFR2mstar_z0.40.txt                                                                                                                                   
 /Users/sgayen/DATA/TRECS_Inputs/SFRF/SFRF_z0.40.dat                                                                                                                                                     
 number of UVgal     galaxies for Mpc**3   7.8045556676997426E-004
 resize buffer
 Number of galaxies above flux limit                   41
 resize final flux 
 SFRs and flux generated
 number of spheroids galaxies for Mpc**3   5.6249999999999897E-128
 number of lens_sphergalaxies for Mpc**3   5.6249999999999897E-128
 done
 ************************
 AGNs: Processing redshift  0.44999998807907104       Range  0.42499999701976776       0.47499999403953552     
 ************************
 /Users/sgayen/DATA/TRECS_Inputs/AbundanceMatch/results_AGNs/AGNprob_LERG_z0.45.txt                                                                                                                      
 /Users/sgayen/DATA/TRECS_Inputs/AbundanceMatch/results_AGNs/AGNprob_HERG_z0.45.txt                                                                                                                      
 resize final flux 
 /Users/sgayen/DATA/TRECS_Inputs/LF/AGN_sizes_new.dat                                                                                                                                                    
 sizes minmax   18.3370609       18.3370609    
 sizes ends
 dark mass starts
 dark mass ends
 coordinates
  0.139581427      0.139581427    
  -9.40762013E-02  -9.40762013E-02
 resize final flux 
 /Users/sgayen/DATA/TRECS_Inputs/LF/AGN_sizes_new.dat                                                                                                                                                    
 sizes minmax   4.38160896       13.6029568    
 sizes ends
 dark mass starts
 dark mass ends
 coordinates
 -0.307558775      0.267977625    
 -0.129542172      0.236736178    
 resize final flux 
 /Users/sgayen/DATA/TRECS_Inputs/LF/AGN_sizes_new.dat                                                                                                                                                    
 sizes minmax   6.36464024       598.802429    
 sizes ends
 dark mass starts
 herg/lerg samples:                    6                    0                    6
 dark mass ends
 coordinates
 -0.303973436      -2.11028233E-02
  -8.56251195E-02  0.315504462    
 ************************
 SFGs: Processing redshift  0.44999998807907104       Range  0.42499999701976776       0.47499999403953552     
 ************************
 volume=   72515.824302731955     
 /Users/sgayen/DATA/TRECS_Inputs/AbundanceMatch/results_LSFR/L2mh_z0.45.txt                                                                                                                              
 /Users/sgayen/DATA/TRECS_Inputs/results_SFR_Mstar/SFR2mstar_z0.45.txt                                                                                                                                   
 /Users/sgayen/DATA/TRECS_Inputs/SFRF/SFRF_z0.45.dat                                                                                                                                                     
 number of UVgal     galaxies for Mpc**3   6.3738774852387689E-004
 resize buffer
 Number of galaxies above flux limit                   44
 resize final flux 
 SFRs and flux generated
 number of spheroids galaxies for Mpc**3   5.5249999999999904E-128
 number of lens_sphergalaxies for Mpc**3   5.5249999999999904E-128
 done
 ************************
 AGNs: Processing redshift  0.50000000000000000       Range  0.47499999403953552       0.52500000596046448     
 ************************
 /Users/sgayen/DATA/TRECS_Inputs/AbundanceMatch/results_AGNs/AGNprob_LERG_z0.50.txt                                                                                                                      
 /Users/sgayen/DATA/TRECS_Inputs/AbundanceMatch/results_AGNs/AGNprob_HERG_z0.50.txt                                                                                                                      
 resize final flux 
 /Users/sgayen/DATA/TRECS_Inputs/LF/AGN_sizes_new.dat                                                                                                                                                    
 sizes minmax   1.53673410       719.781006    
 sizes ends
 dark mass starts
 herg/lerg samples:                    4                    0                    4
 dark mass ends
 coordinates
 -0.174848825      0.109716654    
 -0.244003221       8.17972496E-02
 ************************
 SFGs: Processing redshift  0.50000000000000000       Range  0.47499999403953552       0.52500000596046448     
 ************************
 volume=   84437.706343777158     
 /Users/sgayen/DATA/TRECS_Inputs/AbundanceMatch/results_LSFR/L2mh_z0.50.txt                                                                                                                              
 /Users/sgayen/DATA/TRECS_Inputs/results_SFR_Mstar/SFR2mstar_z0.50.txt                                                                                                                                   
 /Users/sgayen/DATA/TRECS_Inputs/SFRF/SFRF_z0.50.dat                                                                                                                                                     
 number of UVgal     galaxies for Mpc**3   5.1145420225694237E-004
 resize buffer
 Number of galaxies above flux limit                   31
 resize final flux 
 SFRs and flux generated
 number of spheroids galaxies for Mpc**3   5.4249999999999902E-128
 number of lens_sphergalaxies for Mpc**3   5.4249999999999902E-128
 done
 ************************
 AGNs: Processing redshift  0.55000001192092896       Range  0.52500000596046448       0.57500001788139343     
 ************************
 /Users/sgayen/DATA/TRECS_Inputs/AbundanceMatch/results_AGNs/AGNprob_LERG_z0.55.txt                                                                                                                      
 /Users/sgayen/DATA/TRECS_Inputs/AbundanceMatch/results_AGNs/AGNprob_HERG_z0.55.txt                                                                                                                      
 resize final flux 
 /Users/sgayen/DATA/TRECS_Inputs/LF/AGN_sizes_new.dat                                                                                                                                                    
 sizes minmax   13.5263023       230.150925    
 sizes ends
 dark mass starts
 herg/lerg samples:                    5                    0                    5
 dark mass ends
 coordinates
 -0.153489724      0.311858475    
 -0.220088258      0.243390843    
 ************************
 SFGs: Processing redshift  0.55000001192092896       Range  0.52500000596046448       0.57500001788139343     
 ************************
 volume=   96341.625709877262     
 /Users/sgayen/DATA/TRECS_Inputs/AbundanceMatch/results_LSFR/L2mh_z0.55.txt                                                                                                                              
 /Users/sgayen/DATA/TRECS_Inputs/results_SFR_Mstar/SFR2mstar_z0.55.txt                                                                                                                                   
 /Users/sgayen/DATA/TRECS_Inputs/SFRF/SFRF_z0.55.dat                                                                                                                                                     
 number of UVgal     galaxies for Mpc**3   4.0267343294784423E-004
 resize buffer
 Number of galaxies above flux limit                   48
 resize final flux 
 SFRs and flux generated
 number of spheroids galaxies for Mpc**3   5.3249999999999910E-128
 number of lens_sphergalaxies for Mpc**3   5.3249999999999910E-128
 done
 ************************
 AGNs: Processing redshift  0.60000002384185791       Range  0.57500001788139343       0.62500000000000000     
 ************************
 /Users/sgayen/DATA/TRECS_Inputs/AbundanceMatch/results_AGNs/AGNprob_LERG_z0.60.txt                                                                                                                      
 /Users/sgayen/DATA/TRECS_Inputs/AbundanceMatch/results_AGNs/AGNprob_HERG_z0.60.txt                                                                                                                      
 resize final flux 
 /Users/sgayen/DATA/TRECS_Inputs/LF/AGN_sizes_new.dat                                                                                                                                                    
 sizes minmax   32.1205788       32.1205788    
 sizes ends
 dark mass starts
 dark mass ends
 coordinates
 -0.177332163     -0.177332163    
  0.214977309      0.214977309    
 resize final flux 
 /Users/sgayen/DATA/TRECS_Inputs/LF/AGN_sizes_new.dat                                                                                                                                                    
 sizes minmax   25.5284462       25.5284462    
 sizes ends
 dark mass starts
 dark mass ends
 coordinates
  0.111287668      0.111287668    
  -7.63390865E-03  -7.63390865E-03
 resize final flux 
 /Users/sgayen/DATA/TRECS_Inputs/LF/AGN_sizes_new.dat                                                                                                                                                    
 sizes minmax   24.0612564       153.941116    
 sizes ends
 dark mass starts
 herg/lerg samples:                    2                    0                    2
 dark mass ends
 coordinates
  0.291941077      0.293922156    
  -7.84087628E-02  -9.06813238E-03
 ************************
 SFGs: Processing redshift  0.60000002384185791       Range  0.57500001788139343       0.62500000000000000     
 ************************
 volume=   108101.66138282210     
 /Users/sgayen/DATA/TRECS_Inputs/AbundanceMatch/results_LSFR/L2mh_z0.60.txt                                                                                                                              
 /Users/sgayen/DATA/TRECS_Inputs/results_SFR_Mstar/SFR2mstar_z0.60.txt                                                                                                                                   
 /Users/sgayen/DATA/TRECS_Inputs/SFRF/SFRF_z0.60.dat                                                                                                                                                     
 number of UVgal     galaxies for Mpc**3   3.1060663528743588E-004
 resize buffer
 Number of galaxies above flux limit                   40
 resize final flux 
 SFRs and flux generated
 number of spheroids galaxies for Mpc**3   5.2249999999999917E-128
 number of lens_sphergalaxies for Mpc**3   5.2249999999999917E-128
 done
 ************************
 AGNs: Processing redshift  0.64999997615814209       Range  0.62500000000000000       0.67499998211860657     
 ************************
 /Users/sgayen/DATA/TRECS_Inputs/AbundanceMatch/results_AGNs/AGNprob_LERG_z0.65.txt                                                                                                                      
 /Users/sgayen/DATA/TRECS_Inputs/AbundanceMatch/results_AGNs/AGNprob_HERG_z0.65.txt                                                                                                                      
 resize final flux 
 /Users/sgayen/DATA/TRECS_Inputs/LF/AGN_sizes_new.dat                                                                                                                                                    
 sizes minmax   23.7841969       192.783890    
 sizes ends
 dark mass starts
 herg/lerg samples:                    2                    0                    2
 dark mass ends
 coordinates
 -0.148892105      0.211729676    
  -2.91343220E-02  0.228880927    
 ************************
 SFGs: Processing redshift  0.64999997615814209       Range  0.62500000000000000       0.67499998211860657     
 ************************
 volume=   119616.22255434979     
 /Users/sgayen/DATA/TRECS_Inputs/AbundanceMatch/results_LSFR/L2mh_z0.65.txt                                                                                                                              
 /Users/sgayen/DATA/TRECS_Inputs/results_SFR_Mstar/SFR2mstar_z0.65.txt                                                                                                                                   
 /Users/sgayen/DATA/TRECS_Inputs/SFRF/SFRF_z0.65.dat                                                                                                                                                     
 number of UVgal     galaxies for Mpc**3   2.9119574232723755E-004
 resize buffer
 Number of galaxies above flux limit                   26
 resize final flux 
 SFRs and flux generated
 number of spheroids galaxies for Mpc**3   5.1749999999999911E-128
 number of lens_sphergalaxies for Mpc**3   5.1249999999999915E-128
 done
 ************************
 AGNs: Processing redshift  0.69999998807907104       Range  0.67499998211860657       0.72499999403953552     
 ************************
 /Users/sgayen/DATA/TRECS_Inputs/AbundanceMatch/results_AGNs/AGNprob_LERG_z0.70.txt                                                                                                                      
 /Users/sgayen/DATA/TRECS_Inputs/AbundanceMatch/results_AGNs/AGNprob_HERG_z0.70.txt                                                                                                                      
 resize final flux 
 /Users/sgayen/DATA/TRECS_Inputs/LF/AGN_sizes_new.dat                                                                                                                                                    
 sizes minmax   46.6840935       46.6840935    
 sizes ends
 dark mass starts
 herg/lerg samples:                    1                    0                    1
 dark mass ends
 coordinates
  0.186302811      0.186302811    
   8.58905986E-02   8.58905986E-02
 ************************
 SFGs: Processing redshift  0.69999998807907104       Range  0.67499998211860657       0.72499999403953552     
 ************************
 volume=   130804.90018367322     
 /Users/sgayen/DATA/TRECS_Inputs/AbundanceMatch/results_LSFR/L2mh_z0.70.txt                                                                                                                              
 /Users/sgayen/DATA/TRECS_Inputs/results_SFR_Mstar/SFR2mstar_z0.70.txt                                                                                                                                   
 /Users/sgayen/DATA/TRECS_Inputs/SFRF/SFRF_z0.70.dat                                                                                                                                                     
 number of UVgal     galaxies for Mpc**3   2.1768120585763948E-004
 resize buffer
 Number of galaxies above flux limit                   25
 resize final flux 
 SFRs and flux generated
 number of spheroids galaxies for Mpc**3   5.0749999999999919E-128
 number of lens_sphergalaxies for Mpc**3   5.0749999999999919E-128
 done
 ************************
 AGNs: Processing redshift  0.75000000000000000       Range  0.72499999403953552       0.77500000596046448     
 ************************
 /Users/sgayen/DATA/TRECS_Inputs/AbundanceMatch/results_AGNs/AGNprob_LERG_z0.75.txt                                                                                                                      
 /Users/sgayen/DATA/TRECS_Inputs/AbundanceMatch/results_AGNs/AGNprob_HERG_z0.75.txt                                                                                                                      
 resize final flux 
 /Users/sgayen/DATA/TRECS_Inputs/LF/AGN_sizes_new.dat                                                                                                                                                    
 sizes minmax   31.9202480       31.9202480    
 sizes ends
 dark mass starts
 dark mass ends
 coordinates
  0.310793459      0.310793459    
  0.198372588      0.198372588    
 ************************
 SFGs: Processing redshift  0.75000000000000000       Range  0.72499999403953552       0.77500000596046448     
 ************************
 volume=   141605.58953097751     
 /Users/sgayen/DATA/TRECS_Inputs/AbundanceMatch/results_LSFR/L2mh_z0.75.txt                                                                                                                              
 /Users/sgayen/DATA/TRECS_Inputs/results_SFR_Mstar/SFR2mstar_z0.75.txt                                                                                                                                   
 /Users/sgayen/DATA/TRECS_Inputs/SFRF/SFRF_z0.75.dat                                                                                                                                                     
 number of UVgal     galaxies for Mpc**3   2.0096013723983798E-004
 resize buffer
 Number of galaxies above flux limit                   27
 resize final flux 
 SFRs and flux generated
 number of spheroids galaxies for Mpc**3   5.0249999999999923E-128
 number of lens_sphergalaxies for Mpc**3   5.0249999999999923E-128
 done
 ************************
 AGNs: Processing redshift  0.80000001192092896       Range  0.77500000596046448       0.82500001788139343     
 ************************
 /Users/sgayen/DATA/TRECS_Inputs/AbundanceMatch/results_AGNs/AGNprob_LERG_z0.80.txt                                                                                                                      
 /Users/sgayen/DATA/TRECS_Inputs/AbundanceMatch/results_AGNs/AGNprob_HERG_z0.80.txt                                                                                                                      
 resize final flux 
 /Users/sgayen/DATA/TRECS_Inputs/LF/AGN_sizes_new.dat                                                                                                                                                    
 sizes minmax   11.3507690       11.3507690    
 sizes ends
 dark mass starts
 dark mass ends
 coordinates
 -0.107729480     -0.107729480    
  0.278207928      0.278207928    
 resize final flux 
 /Users/sgayen/DATA/TRECS_Inputs/LF/AGN_sizes_new.dat                                                                                                                                                    
 sizes minmax   6.07286072       830.401611    
 sizes ends
 dark mass starts
 herg/lerg samples:                    5                    0                    5
 dark mass ends
 coordinates
  -9.04838592E-02  0.324445337    
  -2.15656124E-02  0.305151701    
 ************************
 SFGs: Processing redshift  0.80000001192092896       Range  0.77500000596046448       0.82500001788139343     
 ************************
 volume=   151972.25510711435     
 /Users/sgayen/DATA/TRECS_Inputs/AbundanceMatch/results_LSFR/L2mh_z0.80.txt                                                                                                                              
 /Users/sgayen/DATA/TRECS_Inputs/results_SFR_Mstar/SFR2mstar_z0.80.txt                                                                                                                                   
 /Users/sgayen/DATA/TRECS_Inputs/SFRF/SFRF_z0.80.dat                                                                                                                                                     
 number of UVgal     galaxies for Mpc**3   1.8439639592327301E-004
 resize buffer
 Number of galaxies above flux limit                   24
 resize final flux 
 SFRs and flux generated
 number of spheroids galaxies for Mpc**3   4.9749999999999926E-128
 number of lens_sphergalaxies for Mpc**3   4.9749999999999926E-128
 done
 ************************
 AGNs: Processing redshift  0.85000002384185791       Range  0.82500001788139343       0.87500000000000000     
 ************************
 /Users/sgayen/DATA/TRECS_Inputs/AbundanceMatch/results_AGNs/AGNprob_LERG_z0.85.txt                                                                                                                      
 /Users/sgayen/DATA/TRECS_Inputs/AbundanceMatch/results_AGNs/AGNprob_HERG_z0.85.txt                                                                                                                      
 resize final flux 
 /Users/sgayen/DATA/TRECS_Inputs/LF/AGN_sizes_new.dat                                                                                                                                                    
 sizes minmax   28.1347561       28.1347561    
 sizes ends
 dark mass starts
 dark mass ends
 coordinates
 -0.134313554     -0.134313554    
  0.314752042      0.314752042    
 resize final flux 
 /Users/sgayen/DATA/TRECS_Inputs/LF/AGN_sizes_new.dat                                                                                                                                                    
 sizes minmax   5.55085278       1292.67285    
 sizes ends
 dark mass starts
 herg/lerg samples:                    6                    2                    4
 dark mass ends
 coordinates
 -0.246847332      0.249409288    
 -0.274821967      0.313025653    
 ************************
 SFGs: Processing redshift  0.85000002384185791       Range  0.82500001788139343       0.87500000000000000     
 ************************
 volume=   161872.12850336285     
 /Users/sgayen/DATA/TRECS_Inputs/AbundanceMatch/results_LSFR/L2mh_z0.85.txt                                                                                                                              
 /Users/sgayen/DATA/TRECS_Inputs/results_SFR_Mstar/SFR2mstar_z0.85.txt                                                                                                                                   
 /Users/sgayen/DATA/TRECS_Inputs/SFRF/SFRF_z0.85.dat                                                                                                                                                     
 number of UVgal     galaxies for Mpc**3   1.6814740089007407E-004
 resize buffer
 Number of galaxies above flux limit                   20
 resize final flux 
 SFRs and flux generated
 number of spheroids galaxies for Mpc**3   4.8749999999999924E-128
 number of lens_sphergalaxies for Mpc**3   4.8749999999999924E-128
 done
 ************************
 AGNs: Processing redshift  0.89999997615814209       Range  0.87500000000000000       0.92499998211860657     
 ************************
 /Users/sgayen/DATA/TRECS_Inputs/AbundanceMatch/results_AGNs/AGNprob_LERG_z0.90.txt                                                                                                                      
 /Users/sgayen/DATA/TRECS_Inputs/AbundanceMatch/results_AGNs/AGNprob_HERG_z0.90.txt                                                                                                                      
 resize final flux 
 /Users/sgayen/DATA/TRECS_Inputs/LF/AGN_sizes_new.dat                                                                                                                                                    
 sizes minmax   25.7274990       248.716095    
 sizes ends
 dark mass starts
 herg/lerg samples:                    5                    1                    4
 dark mass ends
 coordinates
 -0.238374099      0.255524576    
 -0.288895756      0.289417654    
 ************************
 SFGs: Processing redshift  0.89999997615814209       Range  0.87500000000000000       0.92499998211860657     
 ************************
 volume=   171283.98234429915     
 /Users/sgayen/DATA/TRECS_Inputs/AbundanceMatch/results_LSFR/L2mh_z0.90.txt                                                                                                                              
 /Users/sgayen/DATA/TRECS_Inputs/results_SFR_Mstar/SFR2mstar_z0.90.txt                                                                                                                                   
 /Users/sgayen/DATA/TRECS_Inputs/SFRF/SFRF_z0.90.dat                                                                                                                                                     
 number of UVgal     galaxies for Mpc**3   1.1874700469810732E-004
 resize buffer
 Number of galaxies above flux limit                   24
 resize final flux 
 SFRs and flux generated
 number of spheroids galaxies for Mpc**3   4.8249999999999928E-128
 number of lens_sphergalaxies for Mpc**3   4.8249999999999928E-128
 done
 ************************
 AGNs: Processing redshift  0.94999998807907104       Range  0.92499998211860657       0.97499999403953552     
 ************************
 /Users/sgayen/DATA/TRECS_Inputs/AbundanceMatch/results_AGNs/AGNprob_LERG_z0.95.txt                                                                                                                      
 /Users/sgayen/DATA/TRECS_Inputs/AbundanceMatch/results_AGNs/AGNprob_HERG_z0.95.txt                                                                                                                      
 resize final flux 
 /Users/sgayen/DATA/TRECS_Inputs/LF/AGN_sizes_new.dat                                                                                                                                                    
 sizes minmax   11.8894329       11.8894329    
 sizes ends
 dark mass starts
 dark mass ends
 coordinates
   9.54796970E-02   9.54796970E-02
  -7.79364631E-02  -7.79364631E-02
 resize final flux 
 /Users/sgayen/DATA/TRECS_Inputs/LF/AGN_sizes_new.dat                                                                                                                                                    
 sizes minmax   14.4961758       14.4961758    
 sizes ends
 dark mass starts
 herg/lerg samples:                    1                    0                    1
 dark mass ends
 coordinates
  -1.17484704E-02  -1.17484704E-02
  0.118867293      0.118867293    
 ************************
 SFGs: Processing redshift  0.94999998807907104       Range  0.92499998211860657       0.97499999403953552     
 ************************
 volume=   180195.74203274553     
 /Users/sgayen/DATA/TRECS_Inputs/AbundanceMatch/results_LSFR/L2mh_z0.95.txt                                                                                                                              
 /Users/sgayen/DATA/TRECS_Inputs/results_SFR_Mstar/SFR2mstar_z0.95.txt                                                                                                                                   
 /Users/sgayen/DATA/TRECS_Inputs/SFRF/SFRF_z0.95.dat                                                                                                                                                     
 number of UVgal     galaxies for Mpc**3   1.0631561866293452E-004
 resize buffer
 Number of galaxies above flux limit                   13
 resize final flux 
 SFRs and flux generated
 number of spheroids galaxies for Mpc**3   4.7749999999999932E-128
 number of lens_sphergalaxies for Mpc**3   4.7749999999999932E-128
 done
 ************************
 AGNs: Processing redshift   1.0000000000000000       Range  0.97499999403953552        1.1000000238418579     
 ************************
 /Users/sgayen/DATA/TRECS_Inputs/AbundanceMatch/results_AGNs/AGNprob_LERG_z1.00.txt                                                                                                                      
 /Users/sgayen/DATA/TRECS_Inputs/AbundanceMatch/results_AGNs/AGNprob_HERG_z1.00.txt                                                                                                                      
 resize final flux 
 /Users/sgayen/DATA/TRECS_Inputs/LF/AGN_sizes_new.dat                                                                                                                                                    
 sizes minmax   10.1209011       10.1209011    
 sizes ends
 dark mass starts
 dark mass ends
 coordinates
 -0.148767784     -0.148767784    
   9.87652317E-02   9.87652317E-02
 resize final flux 
 /Users/sgayen/DATA/TRECS_Inputs/LF/AGN_sizes_new.dat                                                                                                                                                    
 sizes minmax   8.76457024       239.216904    
 sizes ends
 dark mass starts
 herg/lerg samples:                   11                    3                    8
 dark mass ends
 coordinates
  -9.70990658E-02  0.322194397    
 -0.312590629      0.233732492    
 ************************
 SFGs: Processing redshift   1.0000000000000000       Range  0.97499999403953552        1.1000000238418579     
 ************************
 volume=   486171.26657613268     
 /Users/sgayen/DATA/TRECS_Inputs/AbundanceMatch/results_LSFR/L2mh_z1.00.txt                                                                                                                              
 /Users/sgayen/DATA/TRECS_Inputs/results_SFR_Mstar/SFR2mstar_z1.00.txt                                                                                                                                   
 /Users/sgayen/DATA/TRECS_Inputs/SFRF/SFRF_z1.00.dat                                                                                                                                                     
 number of UVgal     galaxies for Mpc**3   9.4475286983681142E-005
 resize buffer
 Number of galaxies above flux limit                   50
 resize final flux 
 SFRs and flux generated
 number of spheroids galaxies for Mpc**3   2.7541497353580381E-007
 resize buffer
 Number of galaxies above flux limit                    1
 resize final flux 
 SFRs and flux generated
 number of lens_sphergalaxies for Mpc**3   1.5965798688066264E-008
 done
 ************************
 AGNs: Processing redshift   1.2000000476837158       Range   1.1000000238418579        1.3000000119209290     
 ************************
 /Users/sgayen/DATA/TRECS_Inputs/AbundanceMatch/results_AGNs/AGNprob_LERG_z1.20.txt                                                                                                                      
 /Users/sgayen/DATA/TRECS_Inputs/AbundanceMatch/results_AGNs/AGNprob_HERG_z1.20.txt                                                                                                                      
 resize final flux 
 /Users/sgayen/DATA/TRECS_Inputs/LF/AGN_sizes_new.dat                                                                                                                                                    
 sizes minmax   1.85693502       557.984863    
 sizes ends
 dark mass starts
 herg/lerg samples:                   16                    5                   11
 dark mass ends
 coordinates
 -0.220992625      0.319521844    
 -0.302068770      0.262969434    
 ************************
 SFGs: Processing redshift   1.2000000476837158       Range   1.1000000238418579        1.3000000119209290     
 ************************
 volume=   867995.53533352108     
 /Users/sgayen/DATA/TRECS_Inputs/AbundanceMatch/results_LSFR/L2mh_z1.20.txt                                                                                                                              
 /Users/sgayen/DATA/TRECS_Inputs/results_SFR_Mstar/SFR2mstar_z1.20.txt                                                                                                                                   
 /Users/sgayen/DATA/TRECS_Inputs/SFRF/SFRF_z1.20.dat                                                                                                                                                     
 number of UVgal     galaxies for Mpc**3   2.8294144649729122E-005
 resize buffer
 Number of galaxies above flux limit                   22
 resize final flux 
 SFRs and flux generated
 number of spheroids galaxies for Mpc**3   7.0242646635914302E-008
 number of lens_sphergalaxies for Mpc**3   2.9737661055974831E-008
 done
 ************************
 AGNs: Processing redshift   1.3999999761581421       Range   1.3000000119209290        1.5000000000000000     
 ************************
 /Users/sgayen/DATA/TRECS_Inputs/AbundanceMatch/results_AGNs/AGNprob_LERG_z1.40.txt                                                                                                                      
 /Users/sgayen/DATA/TRECS_Inputs/AbundanceMatch/results_AGNs/AGNprob_HERG_z1.40.txt                                                                                                                      
 resize final flux 
 /Users/sgayen/DATA/TRECS_Inputs/LF/AGN_sizes_new.dat                                                                                                                                                    
 sizes minmax   7.46422291       9.71629333    
 sizes ends
 dark mass starts
 dark mass ends
 coordinates
 -0.247827187      -7.34275877E-02
 -0.232636899      0.202026233    
 resize final flux 
 /Users/sgayen/DATA/TRECS_Inputs/LF/AGN_sizes_new.dat                                                                                                                                                    
 sizes minmax   3.52147579       679.655762    
 sizes ends
 dark mass starts
 herg/lerg samples:                   13                    4                    9
 dark mass ends
 coordinates
 -0.315108895      0.290250897    
 -0.284860432      0.301474184    
 ************************
 SFGs: Processing redshift   1.3999999761581421       Range   1.3000000119209290        1.5000000000000000     
 ************************
 volume=   953772.86441746971     
 /Users/sgayen/DATA/TRECS_Inputs/AbundanceMatch/results_LSFR/L2mh_z1.40.txt                                                                                                                              
 /Users/sgayen/DATA/TRECS_Inputs/results_SFR_Mstar/SFR2mstar_z1.40.txt                                                                                                                                   
 /Users/sgayen/DATA/TRECS_Inputs/SFRF/SFRF_z1.40.dat                                                                                                                                                     
 number of UVgal     galaxies for Mpc**3   8.6633277035057514E-006
 resize buffer
 Number of galaxies above flux limit                    4
 resize final flux 
 SFRs and flux generated
 number of spheroids galaxies for Mpc**3   5.0471791843647332E-005
 resize buffer
 Number of galaxies above flux limit                   60
 resize final flux 
 SFRs and flux generated
 number of lens_sphergalaxies for Mpc**3   1.9192906347852381E-007
 done
 ************************
 AGNs: Processing redshift   1.6000000238418579       Range   1.5000000000000000        1.6999999880790710     
 ************************
 /Users/sgayen/DATA/TRECS_Inputs/AbundanceMatch/results_AGNs/AGNprob_LERG_z1.60.txt                                                                                                                      
 /Users/sgayen/DATA/TRECS_Inputs/AbundanceMatch/results_AGNs/AGNprob_HERG_z1.60.txt                                                                                                                      
 resize final flux 
 /Users/sgayen/DATA/TRECS_Inputs/LF/AGN_sizes_new.dat                                                                                                                                                    
 sizes minmax   12.4341383       21.3779678    
 sizes ends
 dark mass starts
 dark mass ends
 coordinates
   7.21014589E-02  0.289956242    
  -4.48108017E-02  0.191960618    
 resize final flux 
 /Users/sgayen/DATA/TRECS_Inputs/LF/AGN_sizes_new.dat                                                                                                                                                    
 sizes minmax  0.359584540       809.396729    
 sizes ends
 dark mass starts
 herg/lerg samples:                   10                    5                    5
 dark mass ends
 coordinates
 -0.278386533      0.308638901    
 -0.297729611      0.263728589    
 ************************
 SFGs: Processing redshift   1.6000000238418579       Range   1.5000000000000000        1.6999999880790710     
 ************************
 volume=   1014966.5789225238     
 /Users/sgayen/DATA/TRECS_Inputs/AbundanceMatch/results_LSFR/L2mh_z1.60.txt                                                                                                                              
 /Users/sgayen/DATA/TRECS_Inputs/results_SFR_Mstar/SFR2mstar_z1.60.txt                                                                                                                                   
 /Users/sgayen/DATA/TRECS_Inputs/SFRF/SFRF_z1.60.dat                                                                                                                                                     
 number of UVgal     galaxies for Mpc**3   1.6364279390480328E-006
 resize buffer
 Number of galaxies above flux limit                    2
 resize final flux 
 SFRs and flux generated
 number of spheroids galaxies for Mpc**3   5.7883987644191760E-005
 resize buffer
 Number of galaxies above flux limit                   57
 resize final flux 
 SFRs and flux generated
 number of lens_sphergalaxies for Mpc**3   2.5116577386857073E-007
 resize buffer
 Number of galaxies above flux limit                    1
 resize final flux 
 SFRs and flux generated
 done
 ************************
 AGNs: Processing redshift   1.7999999523162842       Range   1.6999999880790710        1.8999999761581421     
 ************************
 /Users/sgayen/DATA/TRECS_Inputs/AbundanceMatch/results_AGNs/AGNprob_LERG_z1.80.txt                                                                                                                      
 /Users/sgayen/DATA/TRECS_Inputs/AbundanceMatch/results_AGNs/AGNprob_HERG_z1.80.txt                                                                                                                      
 resize final flux 
 /Users/sgayen/DATA/TRECS_Inputs/LF/AGN_sizes_new.dat                                                                                                                                                    
 sizes minmax   10.3310862       27.1595592    
 sizes ends
 dark mass starts
 dark mass ends
 coordinates
   4.29365635E-02  0.238976344    
   2.87362635E-02  0.208404675    
 resize final flux 
 /Users/sgayen/DATA/TRECS_Inputs/LF/AGN_sizes_new.dat                                                                                                                                                    
 sizes minmax   16.6845436       750.299866    
 sizes ends
 dark mass starts
 herg/lerg samples:                   14                    7                    7
 dark mass ends
 coordinates
 -0.309327722      0.237005711    
 -0.248285919      0.309770375    
 ************************
 SFGs: Processing redshift   1.7999999523162842       Range   1.6999999880790710        1.8999999761581421     
 ************************
 volume=   1056274.6337149318     
 /Users/sgayen/DATA/TRECS_Inputs/AbundanceMatch/results_LSFR/L2mh_z1.80.txt                                                                                                                              
 /Users/sgayen/DATA/TRECS_Inputs/results_SFR_Mstar/SFR2mstar_z1.80.txt                                                                                                                                   
 /Users/sgayen/DATA/TRECS_Inputs/SFRF/SFRF_z1.80.dat                                                                                                                                                     
 number of UVgal     galaxies for Mpc**3   2.0400102797105818E-007
 number of spheroids galaxies for Mpc**3   4.3973280931075129E-005
 resize buffer
 Number of galaxies above flux limit                   45
 resize final flux 
 SFRs and flux generated
 number of lens_sphergalaxies for Mpc**3   3.2484369644488834E-007
 resize buffer
 Number of galaxies above flux limit                    1
 resize final flux 
 SFRs and flux generated
 done
 ************************
 AGNs: Processing redshift   2.0000000000000000       Range   1.8999999761581421        2.1000000238418579     
 ************************
 /Users/sgayen/DATA/TRECS_Inputs/AbundanceMatch/results_AGNs/AGNprob_LERG_z2.00.txt                                                                                                                      
 /Users/sgayen/DATA/TRECS_Inputs/AbundanceMatch/results_AGNs/AGNprob_HERG_z2.00.txt                                                                                                                      
 resize final flux 
 /Users/sgayen/DATA/TRECS_Inputs/LF/AGN_sizes_new.dat                                                                                                                                                    
 sizes minmax   42.9054489       42.9054489    
 sizes ends
 dark mass starts
 dark mass ends
 coordinates
  -2.10345052E-02  -2.10345052E-02
 -0.245842516     -0.245842516    
 resize final flux 
 /Users/sgayen/DATA/TRECS_Inputs/LF/AGN_sizes_new.dat                                                                                                                                                    
 sizes minmax   27.3015003       354.730499    
 sizes ends
 dark mass starts
 herg/lerg samples:                    5                    2                    3
 dark mass ends
 coordinates
 -0.230636939      0.326477736    
  -9.07911360E-02  0.152086228    
 ************************
 SFGs: Processing redshift   2.0000000000000000       Range   1.8999999761581421        2.1000000238418579     
 ************************
 volume=   1081909.3819702235     
 /Users/sgayen/DATA/TRECS_Inputs/AbundanceMatch/results_LSFR/L2mh_z2.00.txt                                                                                                                              
 /Users/sgayen/DATA/TRECS_Inputs/results_SFR_Mstar/SFR2mstar_z2.00.txt                                                                                                                                   
 /Users/sgayen/DATA/TRECS_Inputs/SFRF/SFRF_z2.00.dat                                                                                                                                                     
 number of UVgal     galaxies for Mpc**3   6.4233052325678332E-009
 number of spheroids galaxies for Mpc**3   3.5204958837597926E-005
 resize buffer
 Number of galaxies above flux limit                   35
 resize final flux 
 SFRs and flux generated
 number of lens_sphergalaxies for Mpc**3   3.4242281618784376E-007
 done
 ************************
 AGNs: Processing redshift   2.2000000476837158       Range   2.1000000238418579        2.3000000715255737     
 ************************
 /Users/sgayen/DATA/TRECS_Inputs/AbundanceMatch/results_AGNs/AGNprob_LERG_z2.20.txt                                                                                                                      
 /Users/sgayen/DATA/TRECS_Inputs/AbundanceMatch/results_AGNs/AGNprob_HERG_z2.20.txt                                                                                                                      
 resize final flux 
 /Users/sgayen/DATA/TRECS_Inputs/LF/AGN_sizes_new.dat                                                                                                                                                    
 sizes minmax   2.74992943       92.6383133    
 sizes ends
 dark mass starts
 dark mass ends
 coordinates
 -0.326650083      0.271924973    
 -0.150299489      0.224133715    
 resize final flux 
 /Users/sgayen/DATA/TRECS_Inputs/LF/AGN_sizes_new.dat                                                                                                                                                    
 sizes minmax   21.5451851       21.5451851    
 sizes ends
 dark mass starts
 dark mass ends
 coordinates
  0.301382303      0.301382303    
 -0.306115657     -0.306115657    
 resize final flux 
 /Users/sgayen/DATA/TRECS_Inputs/LF/AGN_sizes_new.dat                                                                                                                                                    
 sizes minmax   16.5774498       417.894318    
 sizes ends
 dark mass starts
 herg/lerg samples:                    4                    2                    2
 dark mass ends
 coordinates
 -0.292509317      0.235057369    
 -0.236217231      0.274685323    
 ************************
 SFGs: Processing redshift   2.2000000476837158       Range   2.1000000238418579        2.3000000715255737     
 ************************
 volume=   1095390.1977006975     
 /Users/sgayen/DATA/TRECS_Inputs/AbundanceMatch/results_LSFR/L2mh_z2.20.txt                                                                                                                              
 /Users/sgayen/DATA/TRECS_Inputs/results_SFR_Mstar/SFR2mstar_z2.20.txt                                                                                                                                   
 /Users/sgayen/DATA/TRECS_Inputs/SFRF/SFRF_z2.20.dat                                                                                                                                                     
 number of UVgal     galaxies for Mpc**3   2.1989636061479278E-011
 number of spheroids galaxies for Mpc**3   2.5490470294901267E-005
 resize buffer
 Number of galaxies above flux limit                   21
 resize final flux 
 SFRs and flux generated
 number of lens_sphergalaxies for Mpc**3   3.2972055117014097E-007
 resize buffer
 Number of galaxies above flux limit                    1
 resize final flux 
 SFRs and flux generated
 done
 ************************
 AGNs: Processing redshift   2.4000000953674316       Range   2.3000000715255737        2.5000000000000000     
 ************************
 /Users/sgayen/DATA/TRECS_Inputs/AbundanceMatch/results_AGNs/AGNprob_LERG_z2.40.txt                                                                                                                      
 /Users/sgayen/DATA/TRECS_Inputs/AbundanceMatch/results_AGNs/AGNprob_HERG_z2.40.txt                                                                                                                      
 resize final flux 
 /Users/sgayen/DATA/TRECS_Inputs/LF/AGN_sizes_new.dat                                                                                                                                                    
 sizes minmax   2.43741393       18.8617134    
 sizes ends
 dark mass starts
 dark mass ends
 coordinates
 -0.232517257       7.89968073E-02
 -0.279259861      0.283960760    
 resize final flux 
 /Users/sgayen/DATA/TRECS_Inputs/LF/AGN_sizes_new.dat                                                                                                                                                    
 sizes minmax   4.20544529       320.653290    
 sizes ends
 dark mass starts
 herg/lerg samples:                    6                    2                    4
 dark mass ends
 coordinates
  -1.71272382E-02  0.258912295    
 -0.323929489      0.308517724    
 ************************
 SFGs: Processing redshift   2.4000000953674316       Range   2.3000000715255737        2.5000000000000000     
 ************************
 volume=   1099553.6862856499     
 /Users/sgayen/DATA/TRECS_Inputs/AbundanceMatch/results_LSFR/L2mh_z2.40.txt                                                                                                                              
 /Users/sgayen/DATA/TRECS_Inputs/results_SFR_Mstar/SFR2mstar_z2.40.txt                                                                                                                                   
 /Users/sgayen/DATA/TRECS_Inputs/SFRF/SFRF_z2.40.dat                                                                                                                                                     
 number of UVgal     galaxies for Mpc**3   2.5676035265746665E-015
 number of spheroids galaxies for Mpc**3   1.6702086828901362E-005
 resize buffer
 Number of galaxies above flux limit                   17
 resize final flux 
 SFRs and flux generated
 number of lens_sphergalaxies for Mpc**3   3.3529474757172119E-007
 done
 ************************
 AGNs: Processing redshift   2.5999999046325684       Range   2.5000000000000000        2.6999999284744263     
 ************************
 /Users/sgayen/DATA/TRECS_Inputs/AbundanceMatch/results_AGNs/AGNprob_LERG_z2.60.txt                                                                                                                      
 /Users/sgayen/DATA/TRECS_Inputs/AbundanceMatch/results_AGNs/AGNprob_HERG_z2.60.txt                                                                                                                      
 resize final flux 
 /Users/sgayen/DATA/TRECS_Inputs/LF/AGN_sizes_new.dat                                                                                                                                                    
 sizes minmax   16.3048286       29.2932854    
 sizes ends
 dark mass starts
 dark mass ends
 coordinates
 -0.273162663     -0.272693932    
  0.287261248      0.313005388    
 resize final flux 
 /Users/sgayen/DATA/TRECS_Inputs/LF/AGN_sizes_new.dat                                                                                                                                                    
 sizes minmax   46.6156082       339.848358    
 sizes ends
 dark mass starts
 herg/lerg samples:                    3                    3                    0
 dark mass ends
 coordinates
 -0.319551975      0.126267239    
 -0.205131769     -0.120211206    
 ************************
 SFGs: Processing redshift   2.5999999046325684       Range   2.5000000000000000        2.6999999284744263     
 ************************
 volume=   1096642.7953094724     
 /Users/sgayen/DATA/TRECS_Inputs/AbundanceMatch/results_LSFR/L2mh_z2.60.txt                                                                                                                              
 /Users/sgayen/DATA/TRECS_Inputs/results_SFR_Mstar/SFR2mstar_z2.60.txt                                                                                                                                   
 /Users/sgayen/DATA/TRECS_Inputs/SFRF/SFRF_z2.60.dat                                                                                                                                                     
 number of UVgal     galaxies for Mpc**3   6.4047011539550500E-021
 number of spheroids galaxies for Mpc**3   1.2612095539486208E-005
 resize buffer
 Number of galaxies above flux limit                   13
 resize final flux 
 SFRs and flux generated
 number of lens_sphergalaxies for Mpc**3   2.7743113263696041E-007
 done
 ************************
 AGNs: Processing redshift   2.7999999523162842       Range   2.6999999284744263        2.8999999761581421     
 ************************
 /Users/sgayen/DATA/TRECS_Inputs/AbundanceMatch/results_AGNs/AGNprob_LERG_z2.80.txt                                                                                                                      
 /Users/sgayen/DATA/TRECS_Inputs/AbundanceMatch/results_AGNs/AGNprob_HERG_z2.80.txt                                                                                                                      
 resize final flux 
 /Users/sgayen/DATA/TRECS_Inputs/LF/AGN_sizes_new.dat                                                                                                                                                    
 sizes minmax   32.8147469       32.8147469    
 sizes ends
 dark mass starts
 herg/lerg samples:                    1                    0                    1
 dark mass ends
 coordinates
 -0.260042518     -0.260042518    
  0.324454844      0.324454844    
 ************************
 SFGs: Processing redshift   2.7999999523162842       Range   2.6999999284744263        2.8999999761581421     
 ************************
 volume=   1088409.4296278292     
 /Users/sgayen/DATA/TRECS_Inputs/AbundanceMatch/results_LSFR/L2mh_z2.80.txt                                                                                                                              
 /Users/sgayen/DATA/TRECS_Inputs/results_SFR_Mstar/SFR2mstar_z2.80.txt                                                                                                                                   
 /Users/sgayen/DATA/TRECS_Inputs/SFRF/SFRF_z2.80.dat                                                                                                                                                     
 number of UVgal     galaxies for Mpc**3   7.3803672594803095E-030
 number of spheroids galaxies for Mpc**3   8.9606228666589586E-006
 resize buffer
 Number of galaxies above flux limit                    7
 resize final flux 
 SFRs and flux generated
 number of lens_sphergalaxies for Mpc**3   2.5016195145436324E-007
 done
 ************************
 AGNs: Processing redshift   3.0000000000000000       Range   2.8999999761581421        3.1000000238418579     
 ************************
 /Users/sgayen/DATA/TRECS_Inputs/AbundanceMatch/results_AGNs/AGNprob_LERG_z3.00.txt                                                                                                                      
 /Users/sgayen/DATA/TRECS_Inputs/AbundanceMatch/results_AGNs/AGNprob_HERG_z3.00.txt                                                                                                                      
 resize final flux 
 /Users/sgayen/DATA/TRECS_Inputs/LF/AGN_sizes_new.dat                                                                                                                                                    
 sizes minmax   20.4121990       20.4121990    
 sizes ends
 dark mass starts
 dark mass ends
 coordinates
   1.87595561E-03   1.87595561E-03
  0.128503188      0.128503188    
 resize final flux 
 /Users/sgayen/DATA/TRECS_Inputs/LF/AGN_sizes_new.dat                                                                                                                                                    
 sizes minmax   5.52968216       326.471863    
 sizes ends
 dark mass starts
 herg/lerg samples:                    4                    4                    0
 dark mass ends
 coordinates
  -5.90338744E-02  0.154912248    
 -0.192498907      0.273517340    
 ************************
 SFGs: Processing redshift   3.0000000000000000       Range   2.8999999761581421        3.1000000238418579     
 ************************
 volume=   1076213.2497212982     
 /Users/sgayen/DATA/TRECS_Inputs/AbundanceMatch/results_LSFR/L2mh_z3.00.txt                                                                                                                              
 /Users/sgayen/DATA/TRECS_Inputs/results_SFR_Mstar/SFR2mstar_z3.00.txt                                                                                                                                   
 /Users/sgayen/DATA/TRECS_Inputs/SFRF/SFRF_z3.00.dat                                                                                                                                                     
 number of UVgal     galaxies for Mpc**3   4.0592076549126962E-042
 number of spheroids galaxies for Mpc**3   4.5216524943520490E-006
 resize buffer
 Number of galaxies above flux limit                    9
 resize final flux 
 SFRs and flux generated
 number of lens_sphergalaxies for Mpc**3   1.8174991569462367E-007
 done
 ************************
 AGNs: Processing redshift   3.2000000476837158       Range   3.1000000238418579        3.3000000715255737     
 ************************
 /Users/sgayen/DATA/TRECS_Inputs/AbundanceMatch/results_AGNs/AGNprob_LERG_z3.20.txt                                                                                                                      
 /Users/sgayen/DATA/TRECS_Inputs/AbundanceMatch/results_AGNs/AGNprob_HERG_z3.20.txt                                                                                                                      
 ************************
 SFGs: Processing redshift   3.2000000476837158       Range   3.1000000238418579        3.3000000715255737     
 ************************
 volume=   1061108.7811511997     
 /Users/sgayen/DATA/TRECS_Inputs/AbundanceMatch/results_LSFR/L2mh_z3.20.txt                                                                                                                              
 /Users/sgayen/DATA/TRECS_Inputs/results_SFR_Mstar/SFR2mstar_z3.20.txt                                                                                                                                   
 /Users/sgayen/DATA/TRECS_Inputs/SFRF/SFRF_z3.20.dat                                                                                                                                                     
 number of UVgal     galaxies for Mpc**3   6.0270918505601990E-128
 number of spheroids galaxies for Mpc**3   2.8068883565451617E-006
 resize buffer
 Number of galaxies above flux limit                    3
 resize final flux 
 SFRs and flux generated
 number of lens_sphergalaxies for Mpc**3   1.4834028037906728E-007
 done
 ************************
 AGNs: Processing redshift   3.4000000953674316       Range   3.3000000715255737        3.5000000000000000     
 ************************
 /Users/sgayen/DATA/TRECS_Inputs/AbundanceMatch/results_AGNs/AGNprob_LERG_z3.40.txt                                                                                                                      
 /Users/sgayen/DATA/TRECS_Inputs/AbundanceMatch/results_AGNs/AGNprob_HERG_z3.40.txt                                                                                                                      
 resize final flux 
 /Users/sgayen/DATA/TRECS_Inputs/LF/AGN_sizes_new.dat                                                                                                                                                    
 sizes minmax   104.344795       104.344795    
 sizes ends
 dark mass starts
 herg/lerg samples:                    1                    1                    0
 dark mass ends
 coordinates
  -5.26069291E-02  -5.26069291E-02
 -0.308724225     -0.308724225    
 ************************
 SFGs: Processing redshift   3.4000000953674316       Range   3.3000000715255737        3.5000000000000000     
 ************************
 volume=   1043910.0728689178     
 /Users/sgayen/DATA/TRECS_Inputs/AbundanceMatch/results_LSFR/L2mh_z3.40.txt                                                                                                                              
 /Users/sgayen/DATA/TRECS_Inputs/results_SFR_Mstar/SFR2mstar_z3.40.txt                                                                                                                                   
 /Users/sgayen/DATA/TRECS_Inputs/SFRF/SFRF_z3.40.dat                                                                                                                                                     
 number of UVgal     galaxies for Mpc**3   5.9456298625741905E-128
 number of spheroids galaxies for Mpc**3   2.2893280759518454E-006
 resize buffer
 Number of galaxies above flux limit                    6
 resize final flux 
 SFRs and flux generated
 number of lens_sphergalaxies for Mpc**3   1.1643979120712778E-007
 done
 ************************
 AGNs: Processing redshift   3.5999999046325684       Range   3.5000000000000000        3.6999999284744263     
 ************************
 /Users/sgayen/DATA/TRECS_Inputs/AbundanceMatch/results_AGNs/AGNprob_LERG_z3.60.txt                                                                                                                      
 /Users/sgayen/DATA/TRECS_Inputs/AbundanceMatch/results_AGNs/AGNprob_HERG_z3.60.txt                                                                                                                      
 resize final flux 
 /Users/sgayen/DATA/TRECS_Inputs/LF/AGN_sizes_new.dat                                                                                                                                                    
 sizes minmax   4.66976643       4.66976643    
 sizes ends
 dark mass starts
 dark mass ends
 coordinates
 -0.108007438     -0.108007438    
  0.186352879      0.186352879    
 ************************
 SFGs: Processing redshift   3.5999999046325684       Range   3.5000000000000000        3.6999999284744263     
 ************************
 volume=   1025247.4745467919     
 /Users/sgayen/DATA/TRECS_Inputs/AbundanceMatch/results_LSFR/L2mh_z3.60.txt                                                                                                                              
 /Users/sgayen/DATA/TRECS_Inputs/results_SFR_Mstar/SFR2mstar_z3.60.txt                                                                                                                                   
 /Users/sgayen/DATA/TRECS_Inputs/SFRF/SFRF_z3.60.dat                                                                                                                                                     
 number of UVgal     galaxies for Mpc**3   5.8640743231948814E-128
 number of spheroids galaxies for Mpc**3   9.0469720507525805E-007
 resize buffer
 Number of galaxies above flux limit                    2
 resize final flux 
 SFRs and flux generated
 number of lens_sphergalaxies for Mpc**3   8.8236047238213850E-008
 done
 ************************
 AGNs: Processing redshift   3.7999999523162842       Range   3.6999999284744263        3.8999999761581421     
 ************************
 /Users/sgayen/DATA/TRECS_Inputs/AbundanceMatch/results_AGNs/AGNprob_LERG_z3.80.txt                                                                                                                      
 /Users/sgayen/DATA/TRECS_Inputs/AbundanceMatch/results_AGNs/AGNprob_HERG_z3.80.txt                                                                                                                      
 ************************
 SFGs: Processing redshift   3.7999999523162842       Range   3.6999999284744263        3.8999999761581421     
 ************************
 volume=   1005606.2648785796     
 /Users/sgayen/DATA/TRECS_Inputs/AbundanceMatch/results_LSFR/L2mh_z3.80.txt                                                                                                                              
 /Users/sgayen/DATA/TRECS_Inputs/results_SFR_Mstar/SFR2mstar_z3.80.txt                                                                                                                                   
 /Users/sgayen/DATA/TRECS_Inputs/SFRF/SFRF_z3.80.dat                                                                                                                                                     
 number of UVgal     galaxies for Mpc**3   5.7824256833579824E-128
 number of spheroids galaxies for Mpc**3   4.7169411257085060E-007
 number of lens_sphergalaxies for Mpc**3   6.4766370765694098E-008
 ************************
 AGNs: Processing redshift   4.0000000000000000       Range   3.8999999761581421        4.0999999046325684     
 ************************
 /Users/sgayen/DATA/TRECS_Inputs/AbundanceMatch/results_AGNs/AGNprob_LERG_z4.00.txt                                                                                                                      
 /Users/sgayen/DATA/TRECS_Inputs/AbundanceMatch/results_AGNs/AGNprob_HERG_z4.00.txt                                                                                                                      
 ************************
 SFGs: Processing redshift   4.0000000000000000       Range   3.8999999761581421        4.0999999046325684     
 ************************
 volume=   985358.56583947467     
 /Users/sgayen/DATA/TRECS_Inputs/AbundanceMatch/results_LSFR/L2mh_z4.00.txt                                                                                                                              
 /Users/sgayen/DATA/TRECS_Inputs/results_SFR_Mstar/SFR2mstar_z4.00.txt                                                                                                                                   
 /Users/sgayen/DATA/TRECS_Inputs/SFRF/SFRF_z4.00.dat                                                                                                                                                     
 number of UVgal     galaxies for Mpc**3   5.7006841736925614E-128
 number of spheroids galaxies for Mpc**3   2.3131825277306272E-007
 number of lens_sphergalaxies for Mpc**3   5.7468483363997004E-008
 ************************
 AGNs: Processing redshift   4.1999998092651367       Range   4.0999999046325684        4.2999999523162842     
 ************************
 /Users/sgayen/DATA/TRECS_Inputs/AbundanceMatch/results_AGNs/AGNprob_LERG_z4.20.txt                                                                                                                      
 /Users/sgayen/DATA/TRECS_Inputs/AbundanceMatch/results_AGNs/AGNprob_HERG_z4.20.txt                                                                                                                      
 ************************
 SFGs: Processing redshift   4.1999998092651367       Range   4.0999999046325684        4.2999999523162842     
 ************************
 volume=   964794.23587424634     
 /Users/sgayen/DATA/TRECS_Inputs/AbundanceMatch/results_LSFR/L2mh_z4.20.txt                                                                                                                              
 /Users/sgayen/DATA/TRECS_Inputs/results_SFR_Mstar/SFR2mstar_z4.20.txt                                                                                                                                   
 /Users/sgayen/DATA/TRECS_Inputs/SFRF/SFRF_z4.20.dat                                                                                                                                                     
 number of UVgal     galaxies for Mpc**3   5.6188510546778229E-128
 number of spheroids galaxies for Mpc**3   1.0600232725690077E-007
 number of lens_sphergalaxies for Mpc**3   3.1832512645037680E-008
 ************************
 AGNs: Processing redshift   4.4000000953674316       Range   4.2999999523162842        4.5000000000000000     
 ************************
 /Users/sgayen/DATA/TRECS_Inputs/AbundanceMatch/results_AGNs/AGNprob_LERG_z4.40.txt                                                                                                                      
 /Users/sgayen/DATA/TRECS_Inputs/AbundanceMatch/results_AGNs/AGNprob_HERG_z4.40.txt                                                                                                                      
 ************************
 SFGs: Processing redshift   4.4000000953674316       Range   4.2999999523162842        4.5000000000000000     
 ************************
 volume=   944131.83395827236     
 /Users/sgayen/DATA/TRECS_Inputs/AbundanceMatch/results_LSFR/L2mh_z4.40.txt                                                                                                                              
 /Users/sgayen/DATA/TRECS_Inputs/results_SFR_Mstar/SFR2mstar_z4.40.txt                                                                                                                                   
 /Users/sgayen/DATA/TRECS_Inputs/SFRF/SFRF_z4.40.dat                                                                                                                                                     
 number of UVgal     galaxies for Mpc**3   5.6188510546778229E-128
 number of spheroids galaxies for Mpc**3   7.4862548418462296E-008
 number of lens_sphergalaxies for Mpc**3   2.7286029586249535E-008
 Number of galaxies above flux limit                    0
 ************************
 AGNs: Processing redshift   4.5999999046325684       Range   4.5000000000000000        4.7000000476837158     
 ************************
 /Users/sgayen/DATA/TRECS_Inputs/AbundanceMatch/results_AGNs/AGNprob_LERG_z4.60.txt                                                                                                                      
 /Users/sgayen/DATA/TRECS_Inputs/AbundanceMatch/results_AGNs/AGNprob_HERG_z4.60.txt                                                                                                                      
 ************************
 SFGs: Processing redshift   4.5999999046325684       Range   4.5000000000000000        4.7000000476837158     
 ************************
 volume=   923540.00428771740     
 /Users/sgayen/DATA/TRECS_Inputs/AbundanceMatch/results_LSFR/L2mh_z4.60.txt                                                                                                                              
 /Users/sgayen/DATA/TRECS_Inputs/results_SFR_Mstar/SFR2mstar_z4.60.txt                                                                                                                                   
 /Users/sgayen/DATA/TRECS_Inputs/SFRF/SFRF_z4.60.dat                                                                                                                                                     
 number of UVgal     galaxies for Mpc**3   5.5369270932660115E-128
 number of spheroids galaxies for Mpc**3   3.1213905161270888E-008
 number of lens_sphergalaxies for Mpc**3   1.8067174143245009E-008
 ************************
 AGNs: Processing redshift   4.8000001907348633       Range   4.7000000476837158        4.9000000953674316     
 ************************
 /Users/sgayen/DATA/TRECS_Inputs/AbundanceMatch/results_AGNs/AGNprob_LERG_z4.80.txt                                                                                                                      
 /Users/sgayen/DATA/TRECS_Inputs/AbundanceMatch/results_AGNs/AGNprob_HERG_z4.80.txt                                                                                                                      
 ************************
 SFGs: Processing redshift   4.8000001907348633       Range   4.7000000476837158        4.9000000953674316     
 ************************
 volume=   903146.03588825208     
 /Users/sgayen/DATA/TRECS_Inputs/AbundanceMatch/results_LSFR/L2mh_z4.80.txt                                                                                                                              
 /Users/sgayen/DATA/TRECS_Inputs/results_SFR_Mstar/SFR2mstar_z4.80.txt                                                                                                                                   
 /Users/sgayen/DATA/TRECS_Inputs/SFRF/SFRF_z4.80.dat                                                                                                                                                     
 number of UVgal     galaxies for Mpc**3   5.4549122528213175E-128
 number of spheroids galaxies for Mpc**3   2.1089365365767761E-008
 number of lens_sphergalaxies for Mpc**3   1.1664479965918296E-008
 ************************
 AGNs: Processing redshift   5.0000000000000000       Range   4.9000000953674316        5.0999999046325684     
 ************************
 /Users/sgayen/DATA/TRECS_Inputs/AbundanceMatch/results_AGNs/AGNprob_LERG_z5.00.txt                                                                                                                      
 /Users/sgayen/DATA/TRECS_Inputs/AbundanceMatch/results_AGNs/AGNprob_HERG_z5.00.txt                                                                                                                      
 ************************
 SFGs: Processing redshift   5.0000000000000000       Range   4.9000000953674316        5.0999999046325684     
 ************************
 volume=   883044.34626959160     
 /Users/sgayen/DATA/TRECS_Inputs/AbundanceMatch/results_LSFR/L2mh_z5.00.txt                                                                                                                              
 /Users/sgayen/DATA/TRECS_Inputs/results_SFR_Mstar/SFR2mstar_z5.00.txt                                                                                                                                   
 /Users/sgayen/DATA/TRECS_Inputs/SFRF/SFRF_z5.00.dat                                                                                                                                                     
 number of UVgal     galaxies for Mpc**3   5.3728071471579537E-128
 number of spheroids galaxies for Mpc**3   7.9965942030339232E-009
 number of lens_sphergalaxies for Mpc**3   9.6034932870591350E-009
 ************************
 AGNs: Processing redshift   5.1999998092651367       Range   5.0999999046325684        5.2999999523162842     
 ************************
 /Users/sgayen/DATA/TRECS_Inputs/AbundanceMatch/results_AGNs/AGNprob_LERG_z5.20.txt                                                                                                                      
 /Users/sgayen/DATA/TRECS_Inputs/AbundanceMatch/results_AGNs/AGNprob_HERG_z5.20.txt                                                                                                                      
 ************************
 SFGs: Processing redshift   5.1999998092651367       Range   5.0999999046325684        5.2999999523162842     
 ************************
 volume=   863308.65502858022     
 /Users/sgayen/DATA/TRECS_Inputs/AbundanceMatch/results_LSFR/L2mh_z5.20.txt                                                                                                                              
 /Users/sgayen/DATA/TRECS_Inputs/results_SFR_Mstar/SFR2mstar_z5.20.txt                                                                                                                                   
 /Users/sgayen/DATA/TRECS_Inputs/SFRF/SFRF_z5.20.dat                                                                                                                                                     
 number of UVgal     galaxies for Mpc**3   5.3728071471579537E-128
 number of spheroids galaxies for Mpc**3   1.4995849752502702E-009
 number of lens_sphergalaxies for Mpc**3   5.9696387577711200E-009
 ************************
 AGNs: Processing redshift   5.4000000953674316       Range   5.2999999523162842        5.5000000000000000     
 ************************
 /Users/sgayen/DATA/TRECS_Inputs/AbundanceMatch/results_AGNs/AGNprob_LERG_z5.40.txt                                                                                                                      
 /Users/sgayen/DATA/TRECS_Inputs/AbundanceMatch/results_AGNs/AGNprob_HERG_z5.40.txt                                                                                                                      
 ************************
 SFGs: Processing redshift   5.4000000953674316       Range   5.2999999523162842        5.5000000000000000     
 ************************
 volume=   843986.89964475273     
 /Users/sgayen/DATA/TRECS_Inputs/AbundanceMatch/results_LSFR/L2mh_z5.40.txt                                                                                                                              
 /Users/sgayen/DATA/TRECS_Inputs/results_SFR_Mstar/SFR2mstar_z5.40.txt                                                                                                                                   
 /Users/sgayen/DATA/TRECS_Inputs/SFRF/SFRF_z5.40.dat                                                                                                                                                     
 number of UVgal     galaxies for Mpc**3   5.2906132969976763E-128
 number of spheroids galaxies for Mpc**3   9.3850380087504024E-010
 number of lens_sphergalaxies for Mpc**3   3.6222541200038424E-009
 ************************
 AGNs: Processing redshift   5.5999999046325684       Range   5.5000000000000000        5.7000000476837158     
 ************************
 /Users/sgayen/DATA/TRECS_Inputs/AbundanceMatch/results_AGNs/AGNprob_LERG_z5.60.txt                                                                                                                      
 /Users/sgayen/DATA/TRECS_Inputs/AbundanceMatch/results_AGNs/AGNprob_HERG_z5.60.txt                                                                                                                      
 ************************
 SFGs: Processing redshift   5.5999999046325684       Range   5.5000000000000000        5.7000000476837158     
 ************************
 volume=   825116.02266404580     
 /Users/sgayen/DATA/TRECS_Inputs/AbundanceMatch/results_LSFR/L2mh_z5.60.txt                                                                                                                              
 /Users/sgayen/DATA/TRECS_Inputs/results_SFR_Mstar/SFR2mstar_z5.60.txt                                                                                                                                   
 /Users/sgayen/DATA/TRECS_Inputs/SFRF/SFRF_z5.60.dat                                                                                                                                                     
 number of UVgal     galaxies for Mpc**3   5.2906132969976763E-128
 number of spheroids galaxies for Mpc**3   5.7554036105761288E-010
 number of lens_sphergalaxies for Mpc**3   2.8886021489234372E-009
 ************************
 AGNs: Processing redshift   5.8000001907348633       Range   5.7000000476837158        5.9000000953674316     
 ************************
 /Users/sgayen/DATA/TRECS_Inputs/AbundanceMatch/results_AGNs/AGNprob_LERG_z5.80.txt                                                                                                                      
 /Users/sgayen/DATA/TRECS_Inputs/AbundanceMatch/results_AGNs/AGNprob_HERG_z5.80.txt                                                                                                                      
 ************************
 SFGs: Processing redshift   5.8000001907348633       Range   5.7000000476837158        5.9000000953674316     
 ************************
 volume=   806719.99646582140     
 /Users/sgayen/DATA/TRECS_Inputs/AbundanceMatch/results_LSFR/L2mh_z5.80.txt                                                                                                                              
 /Users/sgayen/DATA/TRECS_Inputs/results_SFR_Mstar/SFR2mstar_z5.80.txt                                                                                                                                   
 /Users/sgayen/DATA/TRECS_Inputs/SFRF/SFRF_z5.80.dat                                                                                                                                                     
 number of UVgal     galaxies for Mpc**3   5.2083313926869698E-128
 number of spheroids galaxies for Mpc**3   1.6790770084798726E-010
 number of lens_sphergalaxies for Mpc**3   2.2881751112616070E-009
 ************************
 AGNs: Processing redshift   6.0000000000000000       Range   5.9000000953674316        6.0999999046325684     
 ************************
 /Users/sgayen/DATA/TRECS_Inputs/AbundanceMatch/results_AGNs/AGNprob_LERG_z6.00.txt                                                                                                                      
 /Users/sgayen/DATA/TRECS_Inputs/AbundanceMatch/results_AGNs/AGNprob_HERG_z6.00.txt                                                                                                                      
 ************************
 SFGs: Processing redshift   6.0000000000000000       Range   5.9000000953674316        6.0999999046325684     
 ************************
 volume=   788812.57122425491     
 /Users/sgayen/DATA/TRECS_Inputs/AbundanceMatch/results_LSFR/L2mh_z6.00.txt                                                                                                                              
 /Users/sgayen/DATA/TRECS_Inputs/results_SFR_Mstar/SFR2mstar_z6.00.txt                                                                                                                                   
 /Users/sgayen/DATA/TRECS_Inputs/SFRF/SFRF_z6.00.dat                                                                                                                                                     
 number of UVgal     galaxies for Mpc**3   5.2083313926869698E-128
 number of spheroids galaxies for Mpc**3   1.0018656684760958E-010
 number of lens_sphergalaxies for Mpc**3   1.3223771851703135E-009
 ************************
 AGNs: Processing redshift   6.1999998092651367       Range   6.0999999046325684        6.2999999523162842     
 ************************
 /Users/sgayen/DATA/TRECS_Inputs/AbundanceMatch/results_AGNs/AGNprob_LERG_z6.20.txt                                                                                                                      
 /Users/sgayen/DATA/TRECS_Inputs/AbundanceMatch/results_AGNs/AGNprob_HERG_z6.20.txt                                                                                                                      
 ************************
 SFGs: Processing redshift   6.1999998092651367       Range   6.0999999046325684        6.2999999523162842     
 ************************
 volume=   771404.00411086611     
 /Users/sgayen/DATA/TRECS_Inputs/AbundanceMatch/results_LSFR/L2mh_z6.20.txt                                                                                                                              
 /Users/sgayen/DATA/TRECS_Inputs/results_SFR_Mstar/SFR2mstar_z6.20.txt                                                                                                                                   
 /Users/sgayen/DATA/TRECS_Inputs/SFRF/SFRF_z6.20.dat                                                                                                                                                     
 number of UVgal     galaxies for Mpc**3   5.2083313926869698E-128
 number of spheroids galaxies for Mpc**3   2.9172862016647836E-011
 number of lens_sphergalaxies for Mpc**3   1.0490893561931215E-009
 ************************
 AGNs: Processing redshift   6.4000000953674316       Range   6.2999999523162842        6.5000000000000000     
 ************************
 /Users/sgayen/DATA/TRECS_Inputs/AbundanceMatch/results_AGNs/AGNprob_LERG_z6.40.txt                                                                                                                      
 /Users/sgayen/DATA/TRECS_Inputs/AbundanceMatch/results_AGNs/AGNprob_HERG_z6.40.txt                                                                                                                      
 ************************
 SFGs: Processing redshift   6.4000000953674316       Range   6.2999999523162842        6.5000000000000000     
 ************************
 volume=   754493.30446468666     
 /Users/sgayen/DATA/TRECS_Inputs/AbundanceMatch/results_LSFR/L2mh_z6.40.txt                                                                                                                              
 /Users/sgayen/DATA/TRECS_Inputs/results_SFR_Mstar/SFR2mstar_z6.40.txt                                                                                                                                   
 /Users/sgayen/DATA/TRECS_Inputs/SFRF/SFRF_z6.40.dat                                                                                                                                                     
 number of UVgal     galaxies for Mpc**3   5.1259611919554577E-128
 number of spheroids galaxies for Mpc**3   8.0953531996452276E-012
 number of lens_sphergalaxies for Mpc**3   6.1262373072453005E-010
 ************************
 AGNs: Processing redshift   6.5999999046325684       Range   6.5000000000000000        6.7000000476837158     
 ************************
 /Users/sgayen/DATA/TRECS_Inputs/AbundanceMatch/results_AGNs/AGNprob_LERG_z6.60.txt                                                                                                                      
 /Users/sgayen/DATA/TRECS_Inputs/AbundanceMatch/results_AGNs/AGNprob_HERG_z6.60.txt                                                                                                                      
 ************************
 SFGs: Processing redshift   6.5999999046325684       Range   6.5000000000000000        6.7000000476837158     
 ************************
 volume=   738078.94320307893     
 /Users/sgayen/DATA/TRECS_Inputs/AbundanceMatch/results_LSFR/L2mh_z6.60.txt                                                                                                                              
 /Users/sgayen/DATA/TRECS_Inputs/results_SFR_Mstar/SFR2mstar_z6.60.txt                                                                                                                                   
 /Users/sgayen/DATA/TRECS_Inputs/SFRF/SFRF_z6.60.dat                                                                                                                                                     
 number of UVgal     galaxies for Mpc**3   5.1259611919554577E-128
 number of spheroids galaxies for Mpc**3   1.2128260592150980E-011
 number of lens_sphergalaxies for Mpc**3   3.4775930591521616E-010
 ************************
 AGNs: Processing redshift   6.8000001907348633       Range   6.7000000476837158        6.9000000953674316     
 ************************
 /Users/sgayen/DATA/TRECS_Inputs/AbundanceMatch/results_AGNs/AGNprob_LERG_z6.80.txt                                                                                                                      
 /Users/sgayen/DATA/TRECS_Inputs/AbundanceMatch/results_AGNs/AGNprob_HERG_z6.80.txt                                                                                                                      
 ************************
 SFGs: Processing redshift   6.8000001907348633       Range   6.7000000476837158        6.9000000953674316     
 ************************
 volume=   722155.13854157610     
 /Users/sgayen/DATA/TRECS_Inputs/AbundanceMatch/results_LSFR/L2mh_z6.80.txt                                                                                                                              
 /Users/sgayen/DATA/TRECS_Inputs/results_SFR_Mstar/SFR2mstar_z6.80.txt                                                                                                                                   
 /Users/sgayen/DATA/TRECS_Inputs/SFRF/SFRF_z6.80.dat                                                                                                                                                     
 number of UVgal     galaxies for Mpc**3   5.0435035835625444E-128
 number of spheroids galaxies for Mpc**3   3.0935649147129372E-012
 number of lens_sphergalaxies for Mpc**3   2.7351721327928064E-010
 ************************
 AGNs: Processing redshift   7.0000000000000000       Range   6.9000000953674316        7.0999999046325684     
 ************************
 /Users/sgayen/DATA/TRECS_Inputs/AbundanceMatch/results_AGNs/AGNprob_LERG_z7.00.txt                                                                                                                      
 /Users/sgayen/DATA/TRECS_Inputs/AbundanceMatch/results_AGNs/AGNprob_HERG_z7.00.txt                                                                                                                      
 ************************
 SFGs: Processing redshift   7.0000000000000000       Range   6.9000000953674316        7.0999999046325684     
 ************************
 volume=   706712.78083139984     
 /Users/sgayen/DATA/TRECS_Inputs/AbundanceMatch/results_LSFR/L2mh_z7.00.txt                                                                                                                              
 /Users/sgayen/DATA/TRECS_Inputs/results_SFR_Mstar/SFR2mstar_z7.00.txt                                                                                                                                   
 /Users/sgayen/DATA/TRECS_Inputs/SFRF/SFRF_z7.00.dat                                                                                                                                                     
 number of UVgal     galaxies for Mpc**3   5.0435035835625444E-128
 number of spheroids galaxies for Mpc**3   1.8640095694809746E-012
 number of lens_sphergalaxies for Mpc**3   2.1262070463072152E-010
 ************************
 AGNs: Processing redshift   7.1999998092651367       Range   7.0999999046325684        7.2999999523162842     
 ************************
 /Users/sgayen/DATA/TRECS_Inputs/AbundanceMatch/results_AGNs/AGNprob_LERG_z7.20.txt                                                                                                                      
 /Users/sgayen/DATA/TRECS_Inputs/AbundanceMatch/results_AGNs/AGNprob_HERG_z7.20.txt                                                                                                                      
 ************************
 SFGs: Processing redshift   7.1999998092651367       Range   7.0999999046325684        7.2999999523162842     
 ************************
 volume=   691744.25751862687     
 /Users/sgayen/DATA/TRECS_Inputs/AbundanceMatch/results_LSFR/L2mh_z7.20.txt                                                                                                                              
 /Users/sgayen/DATA/TRECS_Inputs/results_SFR_Mstar/SFR2mstar_z7.20.txt                                                                                                                                   
 /Users/sgayen/DATA/TRECS_Inputs/SFRF/SFRF_z7.20.dat                                                                                                                                                     
 number of UVgal     galaxies for Mpc**3   5.0435035835625444E-128
 number of spheroids galaxies for Mpc**3   1.1099527822170136E-012
 number of lens_sphergalaxies for Mpc**3   1.6385959803761315E-010
 ************************
 AGNs: Processing redshift   7.4000000953674316       Range   7.2999999523162842        7.5000000000000000     
 ************************
 /Users/sgayen/DATA/TRECS_Inputs/AbundanceMatch/results_AGNs/AGNprob_LERG_z7.40.txt                                                                                                                      
 /Users/sgayen/DATA/TRECS_Inputs/AbundanceMatch/results_AGNs/AGNprob_HERG_z7.40.txt                                                                                                                      
 ************************
 SFGs: Processing redshift   7.4000000953674316       Range   7.2999999523162842        7.5000000000000000     
 ************************
 volume=   677235.55519511434     
 /Users/sgayen/DATA/TRECS_Inputs/AbundanceMatch/results_LSFR/L2mh_z7.40.txt                                                                                                                              
 /Users/sgayen/DATA/TRECS_Inputs/results_SFR_Mstar/SFR2mstar_z7.40.txt                                                                                                                                   
 /Users/sgayen/DATA/TRECS_Inputs/SFRF/SFRF_z7.40.dat                                                                                                                                                     
 number of UVgal     galaxies for Mpc**3   5.0435035835625444E-128
 number of spheroids galaxies for Mpc**3   6.3441445355889659E-013
 number of lens_sphergalaxies for Mpc**3   1.2463725797109082E-010
 ************************
 AGNs: Processing redshift   7.5999999046325684       Range   7.5000000000000000        7.7000000476837158     
 ************************
 /Users/sgayen/DATA/TRECS_Inputs/AbundanceMatch/results_AGNs/AGNprob_LERG_z7.60.txt                                                                                                                      
 /Users/sgayen/DATA/TRECS_Inputs/AbundanceMatch/results_AGNs/AGNprob_HERG_z7.60.txt                                                                                                                      
 ************************
 SFGs: Processing redshift   7.5999999046325684       Range   7.5000000000000000        7.7000000476837158     
 ************************
 volume=   663175.10299214930     
 /Users/sgayen/DATA/TRECS_Inputs/AbundanceMatch/results_LSFR/L2mh_z7.60.txt                                                                                                                              
 /Users/sgayen/DATA/TRECS_Inputs/results_SFR_Mstar/SFR2mstar_z7.60.txt                                                                                                                                   
 /Users/sgayen/DATA/TRECS_Inputs/SFRF/SFRF_z7.60.dat                                                                                                                                                     
 number of UVgal     galaxies for Mpc**3   5.0435035835625444E-128
 number of spheroids galaxies for Mpc**3   3.5795423030629595E-013
 number of lens_sphergalaxies for Mpc**3   9.3974378343614090E-011
 ************************
 AGNs: Processing redshift   7.8000001907348633       Range   7.7000000476837158        7.9000000953674316     
 ************************
 /Users/sgayen/DATA/TRECS_Inputs/AbundanceMatch/results_AGNs/AGNprob_LERG_z7.80.txt                                                                                                                      
 /Users/sgayen/DATA/TRECS_Inputs/AbundanceMatch/results_AGNs/AGNprob_HERG_z7.80.txt                                                                                                                      
 ************************
 SFGs: Processing redshift   7.8000001907348633       Range   7.7000000476837158        7.9000000953674316     
 ************************
 volume=   649549.85104725475     
 /Users/sgayen/DATA/TRECS_Inputs/AbundanceMatch/results_LSFR/L2mh_z7.80.txt                                                                                                                              
 /Users/sgayen/DATA/TRECS_Inputs/results_SFR_Mstar/SFR2mstar_z7.80.txt                                                                                                                                   
 /Users/sgayen/DATA/TRECS_Inputs/SFRF/SFRF_z7.80.dat                                                                                                                                                     
 number of UVgal     galaxies for Mpc**3   5.0435035835625444E-128
 number of spheroids galaxies for Mpc**3   7.4404267784340252E-014
 number of lens_sphergalaxies for Mpc**3   4.7876903541409256E-011
 ************************
 AGNs: Processing redshift   8.0000000000000000       Range   7.9000000953674316        8.0999999046325684     
 ************************
 /Users/sgayen/DATA/TRECS_Inputs/AbundanceMatch/results_AGNs/AGNprob_LERG_z8.00.txt                                                                                                                      
 /Users/sgayen/DATA/TRECS_Inputs/AbundanceMatch/results_AGNs/AGNprob_HERG_z8.00.txt                                                                                                                      
 ************************
 SFGs: Processing redshift   8.0000000000000000       Range   7.9000000953674316        8.0999999046325684     
 ************************
 volume=   636345.62167054566     
 /Users/sgayen/DATA/TRECS_Inputs/AbundanceMatch/results_LSFR/L2mh_z8.00.txt                                                                                                                              
 /Users/sgayen/DATA/TRECS_Inputs/results_SFR_Mstar/SFR2mstar_z8.00.txt                                                                                                                                   
 /Users/sgayen/DATA/TRECS_Inputs/SFRF/SFRF_z8.00.dat                                                                                                                                                     
 number of UVgal     galaxies for Mpc**3   4.9609598356245206E-128
 number of spheroids galaxies for Mpc**3   1.0958860015096698E-013
 number of lens_sphergalaxies for Mpc**3   5.2127005710166624E-011
 Total clock time [m]:   5.75000001E-03
                T-RECS > Normal completion


2026-09-16 17:37:27,859 [INFO] Running wrapper: /opt/homebrew/bin/trecs -w continuum -p /Users/sgayen/Documents/Work/PSModel/workdir/trecs_tmp_1789560447/parameter_file.ini
=== WRAPPER OUTPUT ===
 Number of files =           34
 number of columns in file          22
 total number of rows                 1164
 copying catalogue/Users/sgayen/Documents/Work/PSModel/workdir/trecs_tmp_1789560447/output/raw_continuum/catalogue_continuum_z0.02.fits
 copying catalogue/Users/sgayen/Documents/Work/PSModel/workdir/trecs_tmp_1789560447/output/raw_continuum/catalogue_continuum_z0.05.fits
 copying catalogue/Users/sgayen/Documents/Work/PSModel/workdir/trecs_tmp_1789560447/output/raw_continuum/catalogue_continuum_z0.10.fits
 copying catalogue/Users/sgayen/Documents/Work/PSModel/workdir/trecs_tmp_1789560447/output/raw_continuum/catalogue_continuum_z0.15.fits
 copying catalogue/Users/sgayen/Documents/Work/PSModel/workdir/trecs_tmp_1789560447/output/raw_continuum/catalogue_continuum_z0.20.fits
 copying catalogue/Users/sgayen/Documents/Work/PSModel/workdir/trecs_tmp_1789560447/output/raw_continuum/catalogue_continuum_z0.25.fits
 copying catalogue/Users/sgayen/Documents/Work/PSModel/workdir/trecs_tmp_1789560447/output/raw_continuum/catalogue_continuum_z0.30.fits
 copying catalogue/Users/sgayen/Documents/Work/PSModel/workdir/trecs_tmp_1789560447/output/raw_continuum/catalogue_continuum_z0.35.fits
 copying catalogue/Users/sgayen/Documents/Work/PSModel/workdir/trecs_tmp_1789560447/output/raw_continuum/catalogue_continuum_z0.40.fits
 copying catalogue/Users/sgayen/Documents/Work/PSModel/workdir/trecs_tmp_1789560447/output/raw_continuum/catalogue_continuum_z0.45.fits
 copying catalogue/Users/sgayen/Documents/Work/PSModel/workdir/trecs_tmp_1789560447/output/raw_continuum/catalogue_continuum_z0.50.fits
 copying catalogue/Users/sgayen/Documents/Work/PSModel/workdir/trecs_tmp_1789560447/output/raw_continuum/catalogue_continuum_z0.55.fits
 copying catalogue/Users/sgayen/Documents/Work/PSModel/workdir/trecs_tmp_1789560447/output/raw_continuum/catalogue_continuum_z0.60.fits
 copying catalogue/Users/sgayen/Documents/Work/PSModel/workdir/trecs_tmp_1789560447/output/raw_continuum/catalogue_continuum_z0.65.fits
 copying catalogue/Users/sgayen/Documents/Work/PSModel/workdir/trecs_tmp_1789560447/output/raw_continuum/catalogue_continuum_z0.70.fits
 copying catalogue/Users/sgayen/Documents/Work/PSModel/workdir/trecs_tmp_1789560447/output/raw_continuum/catalogue_continuum_z0.75.fits
 copying catalogue/Users/sgayen/Documents/Work/PSModel/workdir/trecs_tmp_1789560447/output/raw_continuum/catalogue_continuum_z0.80.fits
 copying catalogue/Users/sgayen/Documents/Work/PSModel/workdir/trecs_tmp_1789560447/output/raw_continuum/catalogue_continuum_z0.85.fits
 copying catalogue/Users/sgayen/Documents/Work/PSModel/workdir/trecs_tmp_1789560447/output/raw_continuum/catalogue_continuum_z0.90.fits
 copying catalogue/Users/sgayen/Documents/Work/PSModel/workdir/trecs_tmp_1789560447/output/raw_continuum/catalogue_continuum_z0.95.fits
 copying catalogue/Users/sgayen/Documents/Work/PSModel/workdir/trecs_tmp_1789560447/output/raw_continuum/catalogue_continuum_z1.00.fits
 copying catalogue/Users/sgayen/Documents/Work/PSModel/workdir/trecs_tmp_1789560447/output/raw_continuum/catalogue_continuum_z1.20.fits
 copying catalogue/Users/sgayen/Documents/Work/PSModel/workdir/trecs_tmp_1789560447/output/raw_continuum/catalogue_continuum_z1.40.fits
 copying catalogue/Users/sgayen/Documents/Work/PSModel/workdir/trecs_tmp_1789560447/output/raw_continuum/catalogue_continuum_z1.60.fits
 copying catalogue/Users/sgayen/Documents/Work/PSModel/workdir/trecs_tmp_1789560447/output/raw_continuum/catalogue_continuum_z1.80.fits
 copying catalogue/Users/sgayen/Documents/Work/PSModel/workdir/trecs_tmp_1789560447/output/raw_continuum/catalogue_continuum_z2.00.fits
 copying catalogue/Users/sgayen/Documents/Work/PSModel/workdir/trecs_tmp_1789560447/output/raw_continuum/catalogue_continuum_z2.20.fits
 copying catalogue/Users/sgayen/Documents/Work/PSModel/workdir/trecs_tmp_1789560447/output/raw_continuum/catalogue_continuum_z2.40.fits
 copying catalogue/Users/sgayen/Documents/Work/PSModel/workdir/trecs_tmp_1789560447/output/raw_continuum/catalogue_continuum_z2.60.fits
 copying catalogue/Users/sgayen/Documents/Work/PSModel/workdir/trecs_tmp_1789560447/output/raw_continuum/catalogue_continuum_z2.80.fits
 copying catalogue/Users/sgayen/Documents/Work/PSModel/workdir/trecs_tmp_1789560447/output/raw_continuum/catalogue_continuum_z3.00.fits
 copying catalogue/Users/sgayen/Documents/Work/PSModel/workdir/trecs_tmp_1789560447/output/raw_continuum/catalogue_continuum_z3.20.fits
 copying catalogue/Users/sgayen/Documents/Work/PSModel/workdir/trecs_tmp_1789560447/output/raw_continuum/catalogue_continuum_z3.40.fits
 copying catalogue/Users/sgayen/Documents/Work/PSModel/workdir/trecs_tmp_1789560447/output/raw_continuum/catalogue_continuum_z3.60.fits
 Total clock time [m]:   9.99999975E-05
                Wrapper > Normal completion


2026-09-16 17:37:27,875 [INFO] T-RECS simulation finished in 0.37 seconds.
2026-09-16 17:37:27,875 [INFO] Loading and post-processing generated catalogue...
2026-09-16 17:37:27,888 [INFO] Raw catalogue contains 1,164 sources.
2026-09-16 17:37:27,888 [INFO] Trimmed catalogue to top 1024 brightest sources.
2026-09-16 17:37:27,898 [INFO] Saved catalogue CSV: /Users/sgayen/Documents/Work/PSModel/catalogue/trecs_cat_400MHz_grid1024x1024_max1024.csv (1,024 rows)
2026-09-16 17:37:27,909 [INFO] Saved catalogue FITS: /Users/sgayen/Documents/Work/PSModel/data/trecs_cat_400MHz_grid1024x1024_max1024.fits
2026-09-16 17:37:27,910 [INFO] Cleaned up temporary simulation directory.
