2026-09-16 19:19:50,790 [INFO] Starting T-RECS simulation pipeline...
2026-09-16 19:19:50,790 [INFO] Execution run directory: /Users/sgayen/Documents/Work/PSModel/workdir/trecs_tmp_1789566590
2026-09-16 19:19:50,790 [INFO] Execution log written to: /Users/sgayen/Documents/Work/PSModel/workdir/logs/trecs-400-fov-46-mf-0.11-pbeffect_1789566590.log
2026-09-16 19:19:50,791 [INFO] Using T-RECS executable: /opt/homebrew/bin/trecs
2026-09-16 19:19:50,791 [INFO] Running sampler: /opt/homebrew/bin/trecs -c -p /Users/sgayen/Documents/Work/PSModel/workdir/trecs_tmp_1789566590/parameter_file.ini
=== SAMPLER OUTPUT ===
  
                T-RECS
  
 simulation area [square degrees]=   12.250000000000000     
 /Users/sgayen/DATA/TRECS_Inputs/alphaeff/alphascaling_1.4_4.8.txt                                                                                                                                       
 /Users/sgayen/DATA/TRECS_Inputs/alphaeff/alphascaling_4.8_20.txt                                                                                                                                        
 /Users/sgayen/DATA/TRECS_Inputs/alphaeff/alphascaling_1.4_0.150.txt                                                                                                                                     
 /Users/sgayen/DATA/TRECS_Inputs/AGN_polafraction/Polfrac_AGNs_1e4_hales.dat                                                                                                                             
 /Users/sgayen/Documents/Work/PSModel/workdir/trecs_tmp_1789566590/frequency_list.dat                                                                                                                    
 coordinates   1.75000000      -1.75000000    
 /Users/sgayen/DATA/TRECS_Inputs/LF/CharLum/Characteristic_Luminosity/z_bins.dat                                                                                                                         
 /Users/sgayen/DATA/TRECS_Inputs/LF/CharLum/Characteristic_Luminosity/luminosity_0.01000.dat                                                                                                             
 /Users/sgayen/DATA/TRECS_Inputs/LF/SEDdust.dat                                                                                                                                                          
 ************************
 AGNs: Processing redshift   9.9999997764825821E-003  Range   0.0000000000000000        1.4999999664723873E-002
 ************************
 /Users/sgayen/DATA/TRECS_Inputs/AbundanceMatch/results_AGNs/AGNprob_LERG_z0.01.txt                                                                                                                      
 /Users/sgayen/DATA/TRECS_Inputs/AbundanceMatch/results_AGNs/AGNprob_HERG_z0.01.txt                                                                                                                      
 ************************
 SFGs: Processing redshift   9.9999997764825821E-003  Range   0.0000000000000000        1.4999999664723873E-002
 ************************
 volume=   372.02050360717544     
 /Users/sgayen/DATA/TRECS_Inputs/AbundanceMatch/results_LSFR/L2mh_z0.01.txt                                                                                                                              
 /Users/sgayen/DATA/TRECS_Inputs/results_SFR_Mstar/SFR2mstar_z0.01.txt                                                                                                                                   
 /Users/sgayen/DATA/TRECS_Inputs/SFRF/SFRF_z0.01.dat                                                                                                                                                     
 number of UVgal     galaxies for Mpc**3   5.0502632074831737E-002
 resize buffer
 Number of galaxies above flux limit                   13
 resize final flux 
 SFRs and flux generated
 number of spheroids galaxies for Mpc**3   8.7749999999999929E-128
 number of lens_sphergalaxies for Mpc**3   8.8249999999999935E-128
 done
 ************************
 AGNs: Processing redshift   1.9999999552965164E-002  Range   1.4999999664723873E-002   3.5000000149011612E-002
 ************************
 /Users/sgayen/DATA/TRECS_Inputs/AbundanceMatch/results_AGNs/AGNprob_LERG_z0.02.txt                                                                                                                      
 /Users/sgayen/DATA/TRECS_Inputs/AbundanceMatch/results_AGNs/AGNprob_HERG_z0.02.txt                                                                                                                      
 resize final flux 
 /Users/sgayen/DATA/TRECS_Inputs/LF/AGN_sizes_new.dat                                                                                                                                                    
 sizes minmax   33.0689049       33.0689049    
 sizes ends
 dark mass starts
 dark mass ends
 coordinates
  0.821653485      0.821653485    
  -1.46092296      -1.46092296    
 resize final flux 
 /Users/sgayen/DATA/TRECS_Inputs/LF/AGN_sizes_new.dat                                                                                                                                                    
 sizes minmax   20.5366592       20.5366592    
 sizes ends
 dark mass starts
 dark mass ends
 coordinates
  0.740993261      0.740993261    
  0.880062699      0.880062699    
 resize final flux 
 /Users/sgayen/DATA/TRECS_Inputs/LF/AGN_sizes_new.dat                                                                                                                                                    
 sizes minmax  0.900137424       411.111420    
 sizes ends
 dark mass starts
 herg/lerg samples:                    4                    0                    4
 dark mass ends
 coordinates
 -0.877759576       1.59797299    
 -0.381977201       1.64495504    
 ************************
 SFGs: Processing redshift   1.9999999552965164E-002  Range   1.4999999664723873E-002   3.5000000149011612E-002
 ************************
 volume=   4285.4491282955105     
 /Users/sgayen/DATA/TRECS_Inputs/AbundanceMatch/results_LSFR/L2mh_z0.02.txt                                                                                                                              
 /Users/sgayen/DATA/TRECS_Inputs/results_SFR_Mstar/SFR2mstar_z0.02.txt                                                                                                                                   
 /Users/sgayen/DATA/TRECS_Inputs/SFRF/SFRF_z0.02.dat                                                                                                                                                     
 number of UVgal     galaxies for Mpc**3   3.0739181116889499E-002
 resize buffer
 Number of galaxies above flux limit                  133
 resize final flux 
 SFRs and flux generated
 number of spheroids galaxies for Mpc**3   8.2749999999999896E-128
 number of lens_sphergalaxies for Mpc**3   8.2749999999999896E-128
 done
 ************************
 AGNs: Processing redshift   5.0000000745058060E-002  Range   3.5000000149011612E-002   7.5000001117587090E-002
 ************************
 /Users/sgayen/DATA/TRECS_Inputs/AbundanceMatch/results_AGNs/AGNprob_LERG_z0.05.txt                                                                                                                      
 /Users/sgayen/DATA/TRECS_Inputs/AbundanceMatch/results_AGNs/AGNprob_HERG_z0.05.txt                                                                                                                      
 resize final flux 
 /Users/sgayen/DATA/TRECS_Inputs/LF/AGN_sizes_new.dat                                                                                                                                                    
 sizes minmax   17.6140709       17.6140709    
 sizes ends
 dark mass starts
 dark mass ends
 coordinates
   1.32233083       1.32233083    
 -0.578388572     -0.578388572    
 resize final flux 
 /Users/sgayen/DATA/TRECS_Inputs/LF/AGN_sizes_new.dat                                                                                                                                                    
 sizes minmax   23.0793495       23.0793495    
 sizes ends
 dark mass starts
 dark mass ends
 coordinates
 -0.110186100     -0.110186100    
 -0.387991190     -0.387991190    
 resize final flux 
 /Users/sgayen/DATA/TRECS_Inputs/LF/AGN_sizes_new.dat                                                                                                                                                    
 sizes minmax   1.20646119       1615.20508    
 sizes ends
 dark mass starts
 herg/lerg samples:                   17                    0                   17
 dark mass ends
 coordinates
  -1.50005186       1.60072339    
  -1.65555024       1.54888976    
 ************************
 SFGs: Processing redshift   5.0000000745058060E-002  Range   3.5000000149011612E-002   7.5000001117587090E-002
 ************************
 volume=   39828.612167346553     
 /Users/sgayen/DATA/TRECS_Inputs/AbundanceMatch/results_LSFR/L2mh_z0.05.txt                                                                                                                              
 /Users/sgayen/DATA/TRECS_Inputs/results_SFR_Mstar/SFR2mstar_z0.05.txt                                                                                                                                   
 /Users/sgayen/DATA/TRECS_Inputs/SFRF/SFRF_z0.05.dat                                                                                                                                                     
 number of UVgal     galaxies for Mpc**3   1.4419892115128832E-002
 resize buffer
 Number of galaxies above flux limit                  538
 resize final flux 
 SFRs and flux generated
 number of spheroids galaxies for Mpc**3   7.5249999999999852E-128
 number of lens_sphergalaxies for Mpc**3   7.4749999999999855E-128
 done
 ************************
 AGNs: Processing redshift  0.10000000149011612       Range   7.5000001117587090E-002  0.12500000372529030     
 ************************
 /Users/sgayen/DATA/TRECS_Inputs/AbundanceMatch/results_AGNs/AGNprob_LERG_z0.10.txt                                                                                                                      
 /Users/sgayen/DATA/TRECS_Inputs/AbundanceMatch/results_AGNs/AGNprob_HERG_z0.10.txt                                                                                                                      
 resize final flux 
 /Users/sgayen/DATA/TRECS_Inputs/LF/AGN_sizes_new.dat                                                                                                                                                    
 sizes minmax   5.15688515       30.2300224    
 sizes ends
 dark mass starts
 dark mass ends
 coordinates
  -1.62902260       1.06635284    
  -1.30024755       1.52686071    
 resize final flux 
 /Users/sgayen/DATA/TRECS_Inputs/LF/AGN_sizes_new.dat                                                                                                                                                    
 sizes minmax   28.1623020       154.933456    
 sizes ends
 dark mass starts
 dark mass ends
 coordinates
  -1.35958552       1.57135022    
  -1.30430639      0.953146815    
 resize final flux 
 /Users/sgayen/DATA/TRECS_Inputs/LF/AGN_sizes_new.dat                                                                                                                                                    
 sizes minmax   1.81580424       1001.50916    
 sizes ends
 dark mass starts
 herg/lerg samples:                   43                    0                   43
 dark mass ends
 coordinates
  -1.73310542       1.70008814    
  -1.72921348       1.73821735    
 ************************
 SFGs: Processing redshift  0.10000000149011612       Range   7.5000001117587090E-002  0.12500000372529030     
 ************************
 volume=   153791.86922697446     
 /Users/sgayen/DATA/TRECS_Inputs/AbundanceMatch/results_LSFR/L2mh_z0.10.txt                                                                                                                              
 /Users/sgayen/DATA/TRECS_Inputs/results_SFR_Mstar/SFR2mstar_z0.10.txt                                                                                                                                   
 /Users/sgayen/DATA/TRECS_Inputs/SFRF/SFRF_z0.10.dat                                                                                                                                                     
 number of UVgal     galaxies for Mpc**3   7.1403248091039357E-003
 resize buffer
 Number of galaxies above flux limit                 1114
 resize final flux 
 SFRs and flux generated
 number of spheroids galaxies for Mpc**3   6.9249999999999857E-128
 number of lens_sphergalaxies for Mpc**3   6.9249999999999857E-128
 done
 ************************
 AGNs: Processing redshift  0.15000000596046448       Range  0.12500000372529030       0.17500000447034836     
 ************************
 /Users/sgayen/DATA/TRECS_Inputs/AbundanceMatch/results_AGNs/AGNprob_LERG_z0.15.txt                                                                                                                      
 /Users/sgayen/DATA/TRECS_Inputs/AbundanceMatch/results_AGNs/AGNprob_HERG_z0.15.txt                                                                                                                      
 resize final flux 
 /Users/sgayen/DATA/TRECS_Inputs/LF/AGN_sizes_new.dat                                                                                                                                                    
 sizes minmax  0.673129559       31.1149635    
 sizes ends
 dark mass starts
 dark mass ends
 coordinates
  -1.66118455       1.60464120    
  -1.47060025       1.70906949    
 resize final flux 
 /Users/sgayen/DATA/TRECS_Inputs/LF/AGN_sizes_new.dat                                                                                                                                                    
 sizes minmax  0.324548483       38.5448074    
 sizes ends
 dark mass starts
 dark mass ends
 coordinates
 -0.327900529      0.370371461    
  -1.66536105       1.48086166    
 resize final flux 
 /Users/sgayen/DATA/TRECS_Inputs/LF/AGN_sizes_new.dat                                                                                                                                                    
 sizes minmax   1.41386747       999.391174    
 sizes ends
 dark mass starts
 herg/lerg samples:                   40                    0                   40
 dark mass ends
 coordinates
  -1.69561458       1.71217120    
  -1.74361050       1.73953414    
 ************************
 SFGs: Processing redshift  0.15000000596046448       Range  0.12500000372529030       0.17500000447034836     
 ************************
 volume=   325084.61886699841     
 /Users/sgayen/DATA/TRECS_Inputs/AbundanceMatch/results_LSFR/L2mh_z0.15.txt                                                                                                                              
 /Users/sgayen/DATA/TRECS_Inputs/results_SFR_Mstar/SFR2mstar_z0.15.txt                                                                                                                                   
 /Users/sgayen/DATA/TRECS_Inputs/SFRF/SFRF_z0.15.dat                                                                                                                                                     
 number of UVgal     galaxies for Mpc**3   4.4320472159777554E-003
 resize buffer
 Number of galaxies above flux limit                 1487
 resize final flux 
 SFRs and flux generated
 number of spheroids galaxies for Mpc**3   6.5749999999999864E-128
 number of lens_sphergalaxies for Mpc**3   6.5749999999999864E-128
 done
 ************************
 AGNs: Processing redshift  0.20000000298023224       Range  0.17500000447034836       0.22500000149011612     
 ************************
 /Users/sgayen/DATA/TRECS_Inputs/AbundanceMatch/results_AGNs/AGNprob_LERG_z0.20.txt                                                                                                                      
 /Users/sgayen/DATA/TRECS_Inputs/AbundanceMatch/results_AGNs/AGNprob_HERG_z0.20.txt                                                                                                                      
 resize final flux 
 /Users/sgayen/DATA/TRECS_Inputs/LF/AGN_sizes_new.dat                                                                                                                                                    
 sizes minmax   19.6356049       19.6356049    
 sizes ends
 dark mass starts
 dark mass ends
 coordinates
  -1.86920166E-04  -1.86920166E-04
  0.368992090      0.368992090    
 resize final flux 
 /Users/sgayen/DATA/TRECS_Inputs/LF/AGN_sizes_new.dat                                                                                                                                                    
 sizes minmax   2.97536016       33.9066010    
 sizes ends
 dark mass starts
 dark mass ends
 coordinates
  -1.57417655       1.29363275    
 -0.684396505      0.863266587    
 resize final flux 
 /Users/sgayen/DATA/TRECS_Inputs/LF/AGN_sizes_new.dat                                                                                                                                                    
 sizes minmax   0.00000000       681.679199    
 sizes ends
 dark mass starts
 herg/lerg samples:                   55                    1                   54
 dark mass ends
 coordinates
  -1.69451559       1.66861963    
  -1.67880094       1.65488851    
 ************************
 SFGs: Processing redshift  0.20000000298023224       Range  0.17500000447034836       0.22500000149011612     
 ************************
 volume=   545858.10231192154     
 /Users/sgayen/DATA/TRECS_Inputs/AbundanceMatch/results_LSFR/L2mh_z0.20.txt                                                                                                                              
 /Users/sgayen/DATA/TRECS_Inputs/results_SFR_Mstar/SFR2mstar_z0.20.txt                                                                                                                                   
 /Users/sgayen/DATA/TRECS_Inputs/SFRF/SFRF_z0.20.dat                                                                                                                                                     
 number of UVgal     galaxies for Mpc**3   3.0297589138146004E-003
 resize buffer
 Number of galaxies above flux limit                 1574
 resize final flux 
 SFRs and flux generated
 number of spheroids galaxies for Mpc**3   6.3249999999999873E-128
 number of lens_sphergalaxies for Mpc**3   6.3249999999999873E-128
 done
 ************************
 AGNs: Processing redshift  0.25000000000000000       Range  0.22500000149011612       0.27500000596046448     
 ************************
 /Users/sgayen/DATA/TRECS_Inputs/AbundanceMatch/results_AGNs/AGNprob_LERG_z0.25.txt                                                                                                                      
 /Users/sgayen/DATA/TRECS_Inputs/AbundanceMatch/results_AGNs/AGNprob_HERG_z0.25.txt                                                                                                                      
 resize final flux 
 /Users/sgayen/DATA/TRECS_Inputs/LF/AGN_sizes_new.dat                                                                                                                                                    
 sizes minmax   22.3855762       71.0237503    
 sizes ends
 dark mass starts
 dark mass ends
 coordinates
  0.847181439       1.72581720    
 -0.311498284       1.31543648    
 resize final flux 
 /Users/sgayen/DATA/TRECS_Inputs/LF/AGN_sizes_new.dat                                                                                                                                                    
 sizes minmax   9.79156303       31.4507866    
 sizes ends
 dark mass starts
 dark mass ends
 coordinates
  -1.37261486      0.904047728    
  -1.02839887       1.20157957    
 resize final flux 
 /Users/sgayen/DATA/TRECS_Inputs/LF/AGN_sizes_new.dat                                                                                                                                                    
 sizes minmax   1.46198273E-02   713.775452    
 sizes ends
 dark mass starts
 herg/lerg samples:                   79                    2                   77
 dark mass ends
 coordinates
  -1.71110559       1.64384770    
  -1.74183476       1.71339118    
 ************************
 SFGs: Processing redshift  0.25000000000000000       Range  0.22500000149011612       0.27500000596046448     
 ************************
 volume=   806127.55780793156     
 /Users/sgayen/DATA/TRECS_Inputs/AbundanceMatch/results_LSFR/L2mh_z0.25.txt                                                                                                                              
 /Users/sgayen/DATA/TRECS_Inputs/results_SFR_Mstar/SFR2mstar_z0.25.txt                                                                                                                                   
 /Users/sgayen/DATA/TRECS_Inputs/SFRF/SFRF_z0.25.dat                                                                                                                                                     
 number of UVgal     galaxies for Mpc**3   2.1710781771964410E-003
 resize buffer
 Number of galaxies above flux limit                 1637
 resize final flux 
 SFRs and flux generated
 number of spheroids galaxies for Mpc**3   6.1249999999999878E-128
 number of lens_sphergalaxies for Mpc**3   6.1249999999999878E-128
 done
 ************************
 AGNs: Processing redshift  0.30000001192092896       Range  0.27500000596046448       0.32500000298023224     
 ************************
 /Users/sgayen/DATA/TRECS_Inputs/AbundanceMatch/results_AGNs/AGNprob_LERG_z0.30.txt                                                                                                                      
 /Users/sgayen/DATA/TRECS_Inputs/AbundanceMatch/results_AGNs/AGNprob_HERG_z0.30.txt                                                                                                                      
 resize final flux 
 /Users/sgayen/DATA/TRECS_Inputs/LF/AGN_sizes_new.dat                                                                                                                                                    
 sizes minmax   7.19227076       25.8325424    
 sizes ends
 dark mass starts
 dark mass ends
 coordinates
  -1.43606758       1.22779346    
 -0.758396864       2.29302645E-02
 resize final flux 
 /Users/sgayen/DATA/TRECS_Inputs/LF/AGN_sizes_new.dat                                                                                                                                                    
 sizes minmax   4.96703625       92.6126785    
 sizes ends
 dark mass starts
 dark mass ends
 coordinates
  -1.46031713       1.28429508    
  -1.59846783       1.54263628    
 resize final flux 
 /Users/sgayen/DATA/TRECS_Inputs/LF/AGN_sizes_new.dat                                                                                                                                                    
 sizes minmax  0.256030560       1256.35938    
 sizes ends
 dark mass starts
 herg/lerg samples:                   96                    3                   93
 dark mass ends
 coordinates
  -1.74607217       1.68752861    
  -1.69500291       1.70738387    
 ************************
 SFGs: Processing redshift  0.30000001192092896       Range  0.27500000596046448       0.32500000298023224     
 ************************
 volume=   1096825.9276870464     
 /Users/sgayen/DATA/TRECS_Inputs/AbundanceMatch/results_LSFR/L2mh_z0.30.txt                                                                                                                              
 /Users/sgayen/DATA/TRECS_Inputs/results_SFR_Mstar/SFR2mstar_z0.30.txt                                                                                                                                   
 /Users/sgayen/DATA/TRECS_Inputs/SFRF/SFRF_z0.30.dat                                                                                                                                                     
 number of UVgal     galaxies for Mpc**3   1.6818198789588096E-003
 resize buffer
 Number of galaxies above flux limit                 1748
 resize final flux 
 SFRs and flux generated
 number of spheroids galaxies for Mpc**3   5.9249999999999883E-128
 number of lens_sphergalaxies for Mpc**3   5.9249999999999883E-128
 done
 ************************
 AGNs: Processing redshift  0.34999999403953552       Range  0.32500000298023224       0.37500000000000000     
 ************************
 /Users/sgayen/DATA/TRECS_Inputs/AbundanceMatch/results_AGNs/AGNprob_LERG_z0.35.txt                                                                                                                      
 /Users/sgayen/DATA/TRECS_Inputs/AbundanceMatch/results_AGNs/AGNprob_HERG_z0.35.txt                                                                                                                      
 resize final flux 
 /Users/sgayen/DATA/TRECS_Inputs/LF/AGN_sizes_new.dat                                                                                                                                                    
 sizes minmax   2.24986792       32.1582222    
 sizes ends
 dark mass starts
 dark mass ends
 coordinates
  -1.47754467       1.19406605    
  -1.31280291       1.17498684    
 resize final flux 
 /Users/sgayen/DATA/TRECS_Inputs/LF/AGN_sizes_new.dat                                                                                                                                                    
 sizes minmax   3.67917299       27.9842186    
 sizes ends
 dark mass starts
 dark mass ends
 coordinates
  -1.64215040       1.41301799    
  -1.43998456       1.39142370    
 resize final flux 
 /Users/sgayen/DATA/TRECS_Inputs/LF/AGN_sizes_new.dat                                                                                                                                                    
 sizes minmax  0.124968484       815.075562    
 sizes ends
 dark mass starts
 herg/lerg samples:                   97                    4                   93
 dark mass ends
 coordinates
  -1.70900857       1.74684489    
  -1.70306134       1.73989880    
 ************************
 SFGs: Processing redshift  0.34999999403953552       Range  0.32500000298023224       0.37500000000000000     
 ************************
 volume=   1409860.9499483982     
 /Users/sgayen/DATA/TRECS_Inputs/AbundanceMatch/results_LSFR/L2mh_z0.35.txt                                                                                                                              
 /Users/sgayen/DATA/TRECS_Inputs/results_SFR_Mstar/SFR2mstar_z0.35.txt                                                                                                                                   
 /Users/sgayen/DATA/TRECS_Inputs/SFRF/SFRF_z0.35.dat                                                                                                                                                     
 number of UVgal     galaxies for Mpc**3   1.2633235009877322E-003
 resize buffer
 Number of galaxies above flux limit                 1774
 resize final flux 
 SFRs and flux generated
 number of spheroids galaxies for Mpc**3   5.8249999999999891E-128
 number of lens_sphergalaxies for Mpc**3   5.8249999999999891E-128
 done
 ************************
 AGNs: Processing redshift  0.40000000596046448       Range  0.37500000000000000       0.42499999701976776     
 ************************
 /Users/sgayen/DATA/TRECS_Inputs/AbundanceMatch/results_AGNs/AGNprob_LERG_z0.40.txt                                                                                                                      
 /Users/sgayen/DATA/TRECS_Inputs/AbundanceMatch/results_AGNs/AGNprob_HERG_z0.40.txt                                                                                                                      
 resize final flux 
 /Users/sgayen/DATA/TRECS_Inputs/LF/AGN_sizes_new.dat                                                                                                                                                    
 sizes minmax   0.00000000       395.492584    
 sizes ends
 dark mass starts
 dark mass ends
 coordinates
 -0.746873736       1.63476121    
  -1.74075663       1.46753776    
 resize final flux 
 /Users/sgayen/DATA/TRECS_Inputs/LF/AGN_sizes_new.dat                                                                                                                                                    
 sizes minmax  0.413293839       34.5389748    
 sizes ends
 dark mass starts
 dark mass ends
 coordinates
  -1.29614532       1.74955106    
  -1.65161991       1.37368798    
 resize final flux 
 /Users/sgayen/DATA/TRECS_Inputs/LF/AGN_sizes_new.dat                                                                                                                                                    
 sizes minmax   1.68608665       722.723938    
 sizes ends
 dark mass starts
 herg/lerg samples:                  105                    5                  100
 dark mass ends
 coordinates
  -1.74018919       1.73615372    
  -1.66543198       1.73270404    
 ************************
 SFGs: Processing redshift  0.40000000596046448       Range  0.37500000000000000       0.42499999701976776     
 ************************
 volume=   1738126.3640959971     
 /Users/sgayen/DATA/TRECS_Inputs/AbundanceMatch/results_LSFR/L2mh_z0.40.txt                                                                                                                              
 /Users/sgayen/DATA/TRECS_Inputs/results_SFR_Mstar/SFR2mstar_z0.40.txt                                                                                                                                   
 /Users/sgayen/DATA/TRECS_Inputs/SFRF/SFRF_z0.40.dat                                                                                                                                                     
 number of UVgal     galaxies for Mpc**3   9.1584607058405000E-004
 resize buffer
 Number of galaxies above flux limit                 1584
 resize final flux 
 SFRs and flux generated
 number of spheroids galaxies for Mpc**3   5.6749999999999893E-128
 number of lens_sphergalaxies for Mpc**3   5.6749999999999893E-128
 done
 ************************
 AGNs: Processing redshift  0.44999998807907104       Range  0.42499999701976776       0.47499999403953552     
 ************************
 /Users/sgayen/DATA/TRECS_Inputs/AbundanceMatch/results_AGNs/AGNprob_LERG_z0.45.txt                                                                                                                      
 /Users/sgayen/DATA/TRECS_Inputs/AbundanceMatch/results_AGNs/AGNprob_HERG_z0.45.txt                                                                                                                      
 resize final flux 
 /Users/sgayen/DATA/TRECS_Inputs/LF/AGN_sizes_new.dat                                                                                                                                                    
 sizes minmax   0.00000000       1146.07507    
 sizes ends
 dark mass starts
 dark mass ends
 coordinates
  -1.67334437       1.45728135    
  -1.57033050       1.68657649    
 resize final flux 
 /Users/sgayen/DATA/TRECS_Inputs/LF/AGN_sizes_new.dat                                                                                                                                                    
 sizes minmax   11.0033054       27.6400681    
 sizes ends
 dark mass starts
 dark mass ends
 coordinates
  -1.10294664       1.42720389    
  -1.32258117       1.51802957    
 resize final flux 
 /Users/sgayen/DATA/TRECS_Inputs/LF/AGN_sizes_new.dat                                                                                                                                                    
 sizes minmax  0.199019909       1079.94751    
 sizes ends
 dark mass starts
 herg/lerg samples:                   95                    2                   93
 dark mass ends
 coordinates
  -1.71787477       1.74376488    
  -1.73025906       1.72820044    
 ************************
 SFGs: Processing redshift  0.44999998807907104       Range  0.42499999701976776       0.47499999403953552     
 ************************
 volume=   2075480.1685956703     
 /Users/sgayen/DATA/TRECS_Inputs/AbundanceMatch/results_LSFR/L2mh_z0.45.txt                                                                                                                              
 /Users/sgayen/DATA/TRECS_Inputs/results_SFR_Mstar/SFR2mstar_z0.45.txt                                                                                                                                   
 /Users/sgayen/DATA/TRECS_Inputs/SFRF/SFRF_z0.45.dat                                                                                                                                                     
 number of UVgal     galaxies for Mpc**3   7.5517842727216048E-004
 resize buffer
 Number of galaxies above flux limit                 1478
 resize final flux 
 SFRs and flux generated
 number of spheroids galaxies for Mpc**3   5.5749999999999900E-128
 number of lens_sphergalaxies for Mpc**3   5.5749999999999900E-128
 done
 ************************
 AGNs: Processing redshift  0.50000000000000000       Range  0.47499999403953552       0.52500000596046448     
 ************************
 /Users/sgayen/DATA/TRECS_Inputs/AbundanceMatch/results_AGNs/AGNprob_LERG_z0.50.txt                                                                                                                      
 /Users/sgayen/DATA/TRECS_Inputs/AbundanceMatch/results_AGNs/AGNprob_HERG_z0.50.txt                                                                                                                      
 resize final flux 
 /Users/sgayen/DATA/TRECS_Inputs/LF/AGN_sizes_new.dat                                                                                                                                                    
 sizes minmax   2.00670481       207.859467    
 sizes ends
 dark mass starts
 dark mass ends
 coordinates
  -1.39617598       1.55481362    
  -1.51630807       1.23518348    
 resize final flux 
 /Users/sgayen/DATA/TRECS_Inputs/LF/AGN_sizes_new.dat                                                                                                                                                    
 sizes minmax   0.00000000       134.092163    
 sizes ends
 dark mass starts
 dark mass ends
 coordinates
  -1.20493078       1.38267350    
  -1.69047761       1.36368108    
 resize final flux 
 /Users/sgayen/DATA/TRECS_Inputs/LF/AGN_sizes_new.dat                                                                                                                                                    
 sizes minmax   2.72202492       740.983948    
 sizes ends
 dark mass starts
 herg/lerg samples:                  102                    7                   95
 dark mass ends
 coordinates
  -1.70773935       1.62603605    
  -1.73551369       1.71203101    
 ************************
 SFGs: Processing redshift  0.50000000000000000       Range  0.47499999403953552       0.52500000596046448     
 ************************
 volume=   2416697.1372565916     
 /Users/sgayen/DATA/TRECS_Inputs/AbundanceMatch/results_LSFR/L2mh_z0.50.txt                                                                                                                              
 /Users/sgayen/DATA/TRECS_Inputs/results_SFR_Mstar/SFR2mstar_z0.50.txt                                                                                                                                   
 /Users/sgayen/DATA/TRECS_Inputs/SFRF/SFRF_z0.50.dat                                                                                                                                                     
 number of UVgal     galaxies for Mpc**3   6.1235774724613509E-004
 resize buffer
 Number of galaxies above flux limit                 1390
 resize final flux 
 SFRs and flux generated
 number of spheroids galaxies for Mpc**3   5.4749999999999898E-128
 number of lens_sphergalaxies for Mpc**3   5.4749999999999898E-128
 done
 ************************
 AGNs: Processing redshift  0.55000001192092896       Range  0.52500000596046448       0.57500001788139343     
 ************************
 /Users/sgayen/DATA/TRECS_Inputs/AbundanceMatch/results_AGNs/AGNprob_LERG_z0.55.txt                                                                                                                      
 /Users/sgayen/DATA/TRECS_Inputs/AbundanceMatch/results_AGNs/AGNprob_HERG_z0.55.txt                                                                                                                      
 resize final flux 
 /Users/sgayen/DATA/TRECS_Inputs/LF/AGN_sizes_new.dat                                                                                                                                                    
 sizes minmax   1.27164125       120.182549    
 sizes ends
 dark mass starts
 dark mass ends
 coordinates
  -1.45725632       1.72900987    
  -1.46564937       1.47646821    
 resize final flux 
 /Users/sgayen/DATA/TRECS_Inputs/LF/AGN_sizes_new.dat                                                                                                                                                    
 sizes minmax   2.03847289       25.4870243    
 sizes ends
 dark mass starts
 dark mass ends
 coordinates
  -1.56071246       1.73120868    
 -0.996397138       1.61102819    
 resize final flux 
 /Users/sgayen/DATA/TRECS_Inputs/LF/AGN_sizes_new.dat                                                                                                                                                    
 sizes minmax   1.11068964       698.738342    
 sizes ends
 dark mass starts
 herg/lerg samples:                  143                    7                  136
 dark mass ends
 coordinates
  -1.74546385       1.72011614    
  -1.68517959       1.74382579    
 ************************
 SFGs: Processing redshift  0.55000001192092896       Range  0.52500000596046448       0.57500001788139343     
 ************************
 volume=   2757399.9950185209     
 /Users/sgayen/DATA/TRECS_Inputs/AbundanceMatch/results_LSFR/L2mh_z0.55.txt                                                                                                                              
 /Users/sgayen/DATA/TRECS_Inputs/results_SFR_Mstar/SFR2mstar_z0.55.txt                                                                                                                                   
 /Users/sgayen/DATA/TRECS_Inputs/SFRF/SFRF_z0.55.dat                                                                                                                                                     
 number of UVgal     galaxies for Mpc**3   4.8764328348710484E-004
 resize buffer
 Number of galaxies above flux limit                 1270
 resize final flux 
 SFRs and flux generated
 number of spheroids galaxies for Mpc**3   5.3749999999999906E-128
 number of lens_sphergalaxies for Mpc**3   5.3749999999999906E-128
 done
 ************************
 AGNs: Processing redshift  0.60000002384185791       Range  0.57500001788139343       0.62500000000000000     
 ************************
 /Users/sgayen/DATA/TRECS_Inputs/AbundanceMatch/results_AGNs/AGNprob_LERG_z0.60.txt                                                                                                                      
 /Users/sgayen/DATA/TRECS_Inputs/AbundanceMatch/results_AGNs/AGNprob_HERG_z0.60.txt                                                                                                                      
 resize final flux 
 /Users/sgayen/DATA/TRECS_Inputs/LF/AGN_sizes_new.dat                                                                                                                                                    
 sizes minmax  0.246058702       33.3312454    
 sizes ends
 dark mass starts
 dark mass ends
 coordinates
 -0.346432328       1.68203950    
   7.23556280E-02   1.69747710    
 resize final flux 
 /Users/sgayen/DATA/TRECS_Inputs/LF/AGN_sizes_new.dat                                                                                                                                                    
 sizes minmax   2.00119734       20.6143742    
 sizes ends
 dark mass starts
 dark mass ends
 coordinates
  0.335474133       1.23321998    
 -0.265727043     -0.174169540    
 resize final flux 
 /Users/sgayen/DATA/TRECS_Inputs/LF/AGN_sizes_new.dat                                                                                                                                                    
 sizes minmax   0.00000000       1396.49329    
 sizes ends
 dark mass starts
 herg/lerg samples:                  142                    9                  133
 dark mass ends
 coordinates
  -1.71172309       1.73978865    
  -1.72335887       1.74112880    
 ************************
 SFGs: Processing redshift  0.60000002384185791       Range  0.57500001788139343       0.62500000000000000     
 ************************
 volume=   3093984.7481515701     
 /Users/sgayen/DATA/TRECS_Inputs/AbundanceMatch/results_LSFR/L2mh_z0.60.txt                                                                                                                              
 /Users/sgayen/DATA/TRECS_Inputs/results_SFR_Mstar/SFR2mstar_z0.60.txt                                                                                                                                   
 /Users/sgayen/DATA/TRECS_Inputs/SFRF/SFRF_z0.60.dat                                                                                                                                                     
 number of UVgal     galaxies for Mpc**3   3.8081405214663710E-004
 resize buffer
 Number of galaxies above flux limit                 1168
 resize final flux 
 SFRs and flux generated
 number of spheroids galaxies for Mpc**3   5.2749999999999913E-128
 number of lens_sphergalaxies for Mpc**3   5.2749999999999913E-128
 done
 ************************
 AGNs: Processing redshift  0.64999997615814209       Range  0.62500000000000000       0.67499998211860657     
 ************************
 /Users/sgayen/DATA/TRECS_Inputs/AbundanceMatch/results_AGNs/AGNprob_LERG_z0.65.txt                                                                                                                      
 /Users/sgayen/DATA/TRECS_Inputs/AbundanceMatch/results_AGNs/AGNprob_HERG_z0.65.txt                                                                                                                      
 resize final flux 
 /Users/sgayen/DATA/TRECS_Inputs/LF/AGN_sizes_new.dat                                                                                                                                                    
 sizes minmax  0.684511662       379.606384    
 sizes ends
 dark mass starts
 dark mass ends
 coordinates
 -0.854354501       1.69511640    
  -1.51984954       1.63167703    
 resize final flux 
 /Users/sgayen/DATA/TRECS_Inputs/LF/AGN_sizes_new.dat                                                                                                                                                    
 sizes minmax   3.03570867       23.9930134    
 sizes ends
 dark mass starts
 dark mass ends
 coordinates
 -0.806613922       1.51204813    
  -1.24832129      0.802520037    
 resize final flux 
 /Users/sgayen/DATA/TRECS_Inputs/LF/AGN_sizes_new.dat                                                                                                                                                    
 sizes minmax  0.984067917       1273.35437    
 sizes ends
 dark mass starts
 herg/lerg samples:                  157                   15                  142
 dark mass ends
 coordinates
  -1.71729815       1.72321618    
  -1.73517156       1.71640110    
 ************************
 SFGs: Processing redshift  0.64999997615814209       Range  0.62500000000000000       0.67499998211860657     
 ************************
 volume=   3423543.7594622523     
 /Users/sgayen/DATA/TRECS_Inputs/AbundanceMatch/results_LSFR/L2mh_z0.65.txt                                                                                                                              
 /Users/sgayen/DATA/TRECS_Inputs/results_SFR_Mstar/SFR2mstar_z0.65.txt                                                                                                                                   
 /Users/sgayen/DATA/TRECS_Inputs/SFRF/SFRF_z0.65.dat                                                                                                                                                     
 number of UVgal     galaxies for Mpc**3   2.9119574232723755E-004
 resize buffer
 Number of galaxies above flux limit                 1029
 resize final flux 
 SFRs and flux generated
 number of spheroids galaxies for Mpc**3   5.1749999999999911E-128
 number of lens_sphergalaxies for Mpc**3   5.2249999999999917E-128
 done
 ************************
 AGNs: Processing redshift  0.69999998807907104       Range  0.67499998211860657       0.72499999403953552     
 ************************
 /Users/sgayen/DATA/TRECS_Inputs/AbundanceMatch/results_AGNs/AGNprob_LERG_z0.70.txt                                                                                                                      
 /Users/sgayen/DATA/TRECS_Inputs/AbundanceMatch/results_AGNs/AGNprob_HERG_z0.70.txt                                                                                                                      
 resize final flux 
 /Users/sgayen/DATA/TRECS_Inputs/LF/AGN_sizes_new.dat                                                                                                                                                    
 sizes minmax   3.49418044       34.6608047    
 sizes ends
 dark mass starts
 dark mass ends
 coordinates
  -1.18904674       1.74304390    
  -1.42512023       1.56590199    
 resize final flux 
 /Users/sgayen/DATA/TRECS_Inputs/LF/AGN_sizes_new.dat                                                                                                                                                    
 sizes minmax   1.65882468       327.178955    
 sizes ends
 dark mass starts
 dark mass ends
 coordinates
  -1.59075153      0.805055141    
  -1.05577683       1.70563400    
 resize final flux 
 /Users/sgayen/DATA/TRECS_Inputs/LF/AGN_sizes_new.dat                                                                                                                                                    
 sizes minmax   4.57203388E-02   1464.22778    
 sizes ends
 dark mass starts
 herg/lerg samples:                  121                   10                  111
 dark mass ends
 coordinates
  -1.70514250       1.73522913    
  -1.74779701       1.71697438    
 ************************
 SFGs: Processing redshift  0.69999998807907104       Range  0.67499998211860657       0.72499999403953552     
 ************************
 volume=   3743775.6365147196     
 /Users/sgayen/DATA/TRECS_Inputs/AbundanceMatch/results_LSFR/L2mh_z0.70.txt                                                                                                                              
 /Users/sgayen/DATA/TRECS_Inputs/results_SFR_Mstar/SFR2mstar_z0.70.txt                                                                                                                                   
 /Users/sgayen/DATA/TRECS_Inputs/SFRF/SFRF_z0.70.dat                                                                                                                                                     
 number of UVgal     galaxies for Mpc**3   3.3501304793809896E-004
 resize buffer
 Number of galaxies above flux limit                  998
 resize final flux 
 SFRs and flux generated
 number of spheroids galaxies for Mpc**3   5.1249999999999915E-128
 number of lens_sphergalaxies for Mpc**3   5.1749999999999911E-128
 done
 ************************
 AGNs: Processing redshift  0.75000000000000000       Range  0.72499999403953552       0.77500000596046448     
 ************************
 /Users/sgayen/DATA/TRECS_Inputs/AbundanceMatch/results_AGNs/AGNprob_LERG_z0.75.txt                                                                                                                      
 /Users/sgayen/DATA/TRECS_Inputs/AbundanceMatch/results_AGNs/AGNprob_HERG_z0.75.txt                                                                                                                      
 resize final flux 
 /Users/sgayen/DATA/TRECS_Inputs/LF/AGN_sizes_new.dat                                                                                                                                                    
 sizes minmax   0.00000000       121.470665    
 sizes ends
 dark mass starts
 dark mass ends
 coordinates
  -1.29778421       1.71388268    
  -1.24422824       1.59855294    
 resize final flux 
 /Users/sgayen/DATA/TRECS_Inputs/LF/AGN_sizes_new.dat                                                                                                                                                    
 sizes minmax   0.00000000       242.933548    
 sizes ends
 dark mass starts
 dark mass ends
 coordinates
  -1.49251246       1.68843985    
  -1.16055810       1.74583018    
 resize final flux 
 /Users/sgayen/DATA/TRECS_Inputs/LF/AGN_sizes_new.dat                                                                                                                                                    
 sizes minmax   2.99572945E-03   1227.09583    
 sizes ends
 dark mass starts
 herg/lerg samples:                  148                   26                  122
 dark mass ends
 coordinates
  -1.74001896       1.68676090    
  -1.72384787       1.74106872    
 ************************
 SFGs: Processing redshift  0.75000000000000000       Range  0.72499999403953552       0.77500000596046448     
 ************************
 volume=   4052902.8754730723     
 /Users/sgayen/DATA/TRECS_Inputs/AbundanceMatch/results_LSFR/L2mh_z0.75.txt                                                                                                                              
 /Users/sgayen/DATA/TRECS_Inputs/results_SFR_Mstar/SFR2mstar_z0.75.txt                                                                                                                                   
 /Users/sgayen/DATA/TRECS_Inputs/SFRF/SFRF_z0.75.dat                                                                                                                                                     
 number of UVgal     galaxies for Mpc**3   2.5155964877020227E-004
 resize buffer
 Number of galaxies above flux limit                  918
 resize final flux 
 SFRs and flux generated
 number of spheroids galaxies for Mpc**3   5.0749999999999919E-128
 number of lens_sphergalaxies for Mpc**3   5.0749999999999919E-128
 done
 ************************
 AGNs: Processing redshift  0.80000001192092896       Range  0.77500000596046448       0.82500001788139343     
 ************************
 /Users/sgayen/DATA/TRECS_Inputs/AbundanceMatch/results_AGNs/AGNprob_LERG_z0.80.txt                                                                                                                      
 /Users/sgayen/DATA/TRECS_Inputs/AbundanceMatch/results_AGNs/AGNprob_HERG_z0.80.txt                                                                                                                      
 resize final flux 
 /Users/sgayen/DATA/TRECS_Inputs/LF/AGN_sizes_new.dat                                                                                                                                                    
 sizes minmax  0.420353413       63.3337822    
 sizes ends
 dark mass starts
 dark mass ends
 coordinates
  -1.53508103       1.39698207    
  -1.60424984       1.36696720    
 resize final flux 
 /Users/sgayen/DATA/TRECS_Inputs/LF/AGN_sizes_new.dat                                                                                                                                                    
 sizes minmax   4.71537018       31.8713150    
 sizes ends
 dark mass starts
 dark mass ends
 coordinates
  -1.46570528       1.35162139    
  -1.10437274       1.70994651    
 resize final flux 
 /Users/sgayen/DATA/TRECS_Inputs/LF/AGN_sizes_new.dat                                                                                                                                                    
 sizes minmax  0.290068388       1074.17859    
 sizes ends
 dark mass starts
 herg/lerg samples:                  153                   27                  126
 dark mass ends
 coordinates
  -1.72864604       1.67867160    
  -1.71488988       1.73750973    
 ************************
 SFGs: Processing redshift  0.80000001192092896       Range  0.77500000596046448       0.82500001788139343     
 ************************
 volume=   4349607.8915798105     
 /Users/sgayen/DATA/TRECS_Inputs/AbundanceMatch/results_LSFR/L2mh_z0.80.txt                                                                                                                              
 /Users/sgayen/DATA/TRECS_Inputs/results_SFR_Mstar/SFR2mstar_z0.80.txt                                                                                                                                   
 /Users/sgayen/DATA/TRECS_Inputs/SFRF/SFRF_z0.80.dat                                                                                                                                                     
 number of UVgal     galaxies for Mpc**3   2.3178570145216339E-004
 resize buffer
 Number of galaxies above flux limit                  841
 resize final flux 
 SFRs and flux generated
 number of spheroids galaxies for Mpc**3   5.0249999999999923E-128
 number of lens_sphergalaxies for Mpc**3   5.0249999999999923E-128
 done
 ************************
 AGNs: Processing redshift  0.85000002384185791       Range  0.82500001788139343       0.87500000000000000     
 ************************
 /Users/sgayen/DATA/TRECS_Inputs/AbundanceMatch/results_AGNs/AGNprob_LERG_z0.85.txt                                                                                                                      
 /Users/sgayen/DATA/TRECS_Inputs/AbundanceMatch/results_AGNs/AGNprob_HERG_z0.85.txt                                                                                                                      
 resize final flux 
 /Users/sgayen/DATA/TRECS_Inputs/LF/AGN_sizes_new.dat                                                                                                                                                    
 sizes minmax  0.264834166       82.8048325    
 sizes ends
 dark mass starts
 dark mass ends
 coordinates
  -1.72536576       1.73684967    
  -1.25034320       1.71537054    
 resize final flux 
 /Users/sgayen/DATA/TRECS_Inputs/LF/AGN_sizes_new.dat                                                                                                                                                    
 sizes minmax   1.14822388       31.8384953    
 sizes ends
 dark mass starts
 dark mass ends
 coordinates
  -1.24819946      0.731005549    
 -0.838252664       1.61242175    
 resize final flux 
 /Users/sgayen/DATA/TRECS_Inputs/LF/AGN_sizes_new.dat                                                                                                                                                    
 sizes minmax   3.55815887E-02   1384.20630    
 sizes ends
 dark mass starts
 herg/lerg samples:                  126                   17                  109
 dark mass ends
 coordinates
  -1.74931574       1.64515615    
  -1.74616480       1.74544382    
 ************************
 SFGs: Processing redshift  0.85000002384185791       Range  0.82500001788139343       0.87500000000000000     
 ************************
 volume=   4632952.8180574309     
 /Users/sgayen/DATA/TRECS_Inputs/AbundanceMatch/results_LSFR/L2mh_z0.85.txt                                                                                                                              
 /Users/sgayen/DATA/TRECS_Inputs/results_SFR_Mstar/SFR2mstar_z0.85.txt                                                                                                                                   
 /Users/sgayen/DATA/TRECS_Inputs/SFRF/SFRF_z0.85.dat                                                                                                                                                     
 number of UVgal     galaxies for Mpc**3   2.1229779496557190E-004
 resize buffer
 Number of galaxies above flux limit                  785
 resize final flux 
 SFRs and flux generated
 number of spheroids galaxies for Mpc**3   4.9749999999999926E-128
 number of lens_sphergalaxies for Mpc**3   4.9249999999999920E-128
 done
 ************************
 AGNs: Processing redshift  0.89999997615814209       Range  0.87500000000000000       0.92499998211860657     
 ************************
 /Users/sgayen/DATA/TRECS_Inputs/AbundanceMatch/results_AGNs/AGNprob_LERG_z0.90.txt                                                                                                                      
 /Users/sgayen/DATA/TRECS_Inputs/AbundanceMatch/results_AGNs/AGNprob_HERG_z0.90.txt                                                                                                                      
 resize final flux 
 /Users/sgayen/DATA/TRECS_Inputs/LF/AGN_sizes_new.dat                                                                                                                                                    
 sizes minmax  0.151029825       163.640823    
 sizes ends
 dark mass starts
 dark mass ends
 coordinates
  -1.73526835       1.37844026    
 -0.507645965       1.60313749    
 resize final flux 
 /Users/sgayen/DATA/TRECS_Inputs/LF/AGN_sizes_new.dat                                                                                                                                                    
 sizes minmax   5.84703827       72.4206772    
 sizes ends
 dark mass starts
 dark mass ends
 coordinates
  -1.67708695       1.69293427    
  -1.29320800       1.65322876    
 resize final flux 
 /Users/sgayen/DATA/TRECS_Inputs/LF/AGN_sizes_new.dat                                                                                                                                                    
 sizes minmax   0.00000000       992.312683    
 sizes ends
 dark mass starts
 herg/lerg samples:                  136                   22                  114
 dark mass ends
 coordinates
  -1.73829412       1.73975194    
  -1.69180775       1.73919034    
 ************************
 SFGs: Processing redshift  0.89999997615814209       Range  0.87500000000000000       0.92499998211860657     
 ************************
 volume=   4902330.1048001852     
 /Users/sgayen/DATA/TRECS_Inputs/AbundanceMatch/results_LSFR/L2mh_z0.90.txt                                                                                                                              
 /Users/sgayen/DATA/TRECS_Inputs/results_SFR_Mstar/SFR2mstar_z0.90.txt                                                                                                                                   
 /Users/sgayen/DATA/TRECS_Inputs/SFRF/SFRF_z0.90.dat                                                                                                                                                     
 number of UVgal     galaxies for Mpc**3   1.5234607529871847E-004
 resize buffer
 Number of galaxies above flux limit                  705
 resize final flux 
 SFRs and flux generated
 number of spheroids galaxies for Mpc**3   4.8749999999999924E-128
 number of lens_sphergalaxies for Mpc**3   4.8749999999999924E-128
 done
 ************************
 AGNs: Processing redshift  0.94999998807907104       Range  0.92499998211860657       0.97499999403953552     
 ************************
 /Users/sgayen/DATA/TRECS_Inputs/AbundanceMatch/results_AGNs/AGNprob_LERG_z0.95.txt                                                                                                                      
 /Users/sgayen/DATA/TRECS_Inputs/AbundanceMatch/results_AGNs/AGNprob_HERG_z0.95.txt                                                                                                                      
 resize final flux 
 /Users/sgayen/DATA/TRECS_Inputs/LF/AGN_sizes_new.dat                                                                                                                                                    
 sizes minmax   4.70613241       159.109360    
 sizes ends
 dark mass starts
 dark mass ends
 coordinates
  -1.49960375       1.46001589    
  -1.34880674       1.42231727    
 resize final flux 
 /Users/sgayen/DATA/TRECS_Inputs/LF/AGN_sizes_new.dat                                                                                                                                                    
 sizes minmax   10.3528986       602.477783    
 sizes ends
 dark mass starts
 dark mass ends
 coordinates
  -1.63147175      0.693187594    
  -1.13512611       1.02322519    
 resize final flux 
 /Users/sgayen/DATA/TRECS_Inputs/LF/AGN_sizes_new.dat                                                                                                                                                    
 sizes minmax  0.547567606       477.743622    
 sizes ends
 dark mass starts
 herg/lerg samples:                  102                   10                   92
 dark mass ends
 coordinates
  -1.71812594       1.68337882    
  -1.74635923       1.74493480    
 ************************
 SFGs: Processing redshift  0.94999998807907104       Range  0.92499998211860657       0.97499999403953552     
 ************************
 volume=   5157394.1639694609     
 /Users/sgayen/DATA/TRECS_Inputs/AbundanceMatch/results_LSFR/L2mh_z0.95.txt                                                                                                                              
 /Users/sgayen/DATA/TRECS_Inputs/results_SFR_Mstar/SFR2mstar_z0.95.txt                                                                                                                                   
 /Users/sgayen/DATA/TRECS_Inputs/SFRF/SFRF_z0.95.dat                                                                                                                                                     
 number of UVgal     galaxies for Mpc**3   1.3710098559526398E-004
 resize buffer
 Number of galaxies above flux limit                  645
 resize final flux 
 SFRs and flux generated
 number of spheroids galaxies for Mpc**3   4.8249999999999928E-128
 number of lens_sphergalaxies for Mpc**3   4.8249999999999928E-128
 done
 ************************
 AGNs: Processing redshift   1.0000000000000000       Range  0.97499999403953552        1.1000000238418579     
 ************************
 /Users/sgayen/DATA/TRECS_Inputs/AbundanceMatch/results_AGNs/AGNprob_LERG_z1.00.txt                                                                                                                      
 /Users/sgayen/DATA/TRECS_Inputs/AbundanceMatch/results_AGNs/AGNprob_HERG_z1.00.txt                                                                                                                      
 resize final flux 
 /Users/sgayen/DATA/TRECS_Inputs/LF/AGN_sizes_new.dat                                                                                                                                                    
 sizes minmax   0.00000000       40.8031311    
 sizes ends
 dark mass starts
 dark mass ends
 coordinates
  -1.61438274       1.67800319    
  -1.61376607       1.64574277    
 resize final flux 
 /Users/sgayen/DATA/TRECS_Inputs/LF/AGN_sizes_new.dat                                                                                                                                                    
 sizes minmax   11.2257748       34.5994148    
 sizes ends
 dark mass starts
 dark mass ends
 coordinates
  -1.73879063       1.64153373    
  -1.23730135       1.70985138    
 resize final flux 
 /Users/sgayen/DATA/TRECS_Inputs/LF/AGN_sizes_new.dat                                                                                                                                                    
 sizes minmax   0.00000000       1578.55347    
 sizes ends
 dark mass starts
 herg/lerg samples:                  355                   60                  295
 dark mass ends
 coordinates
  -1.74983895       1.74886096    
  -1.73815811       1.74496317    
 ************************
 SFGs: Processing redshift   1.0000000000000000       Range  0.97499999403953552        1.1000000238418579     
 ************************
 volume=   13914739.741595792     
 /Users/sgayen/DATA/TRECS_Inputs/AbundanceMatch/results_LSFR/L2mh_z1.00.txt                                                                                                                              
 /Users/sgayen/DATA/TRECS_Inputs/results_SFR_Mstar/SFR2mstar_z1.00.txt                                                                                                                                   
 /Users/sgayen/DATA/TRECS_Inputs/SFRF/SFRF_z1.00.dat                                                                                                                                                     
 number of UVgal     galaxies for Mpc**3   1.5698523429488932E-004
 resize buffer
 Number of galaxies above flux limit                 1607
 resize final flux 
 SFRs and flux generated
 number of spheroids galaxies for Mpc**3   3.8024266263573554E-007
 resize buffer
 Number of galaxies above flux limit                    2
 resize final flux 
 SFRs and flux generated
 number of lens_sphergalaxies for Mpc**3   2.0615292074930146E-008
 resize buffer
 Number of galaxies above flux limit                    1
 resize final flux 
 SFRs and flux generated
 done
 ************************
 AGNs: Processing redshift   1.2000000476837158       Range   1.1000000238418579        1.3000000119209290     
 ************************
 /Users/sgayen/DATA/TRECS_Inputs/AbundanceMatch/results_AGNs/AGNprob_LERG_z1.20.txt                                                                                                                      
 /Users/sgayen/DATA/TRECS_Inputs/AbundanceMatch/results_AGNs/AGNprob_HERG_z1.20.txt                                                                                                                      
 resize final flux 
 /Users/sgayen/DATA/TRECS_Inputs/LF/AGN_sizes_new.dat                                                                                                                                                    
 sizes minmax  0.742248297       34.1005135    
 sizes ends
 dark mass starts
 dark mass ends
 coordinates
  -1.55457747       1.67017758    
  -1.70316899       1.73170435    
 resize final flux 
 /Users/sgayen/DATA/TRECS_Inputs/LF/AGN_sizes_new.dat                                                                                                                                                    
 sizes minmax   1.30068898       47.4829521    
 sizes ends
 dark mass starts
 dark mass ends
 coordinates
  -1.68243670       1.70368135    
  -1.42310834       1.74979722    
 resize final flux 
 /Users/sgayen/DATA/TRECS_Inputs/LF/AGN_sizes_new.dat                                                                                                                                                    
 sizes minmax   0.00000000       1564.77722    
 sizes ends
 dark mass starts
 herg/lerg samples:                  478                  116                  362
 dark mass ends
 coordinates
  -1.74337018       1.73774672    
  -1.73953414       1.74333179    
 ************************
 SFGs: Processing redshift   1.2000000476837158       Range   1.1000000238418579        1.3000000119209290     
 ************************
 volume=   24842957.207430314     
 /Users/sgayen/DATA/TRECS_Inputs/AbundanceMatch/results_LSFR/L2mh_z1.20.txt                                                                                                                              
 /Users/sgayen/DATA/TRECS_Inputs/results_SFR_Mstar/SFR2mstar_z1.20.txt                                                                                                                                   
 /Users/sgayen/DATA/TRECS_Inputs/SFRF/SFRF_z1.20.dat                                                                                                                                                     
 number of UVgal     galaxies for Mpc**3   3.8629908172911764E-005
 resize buffer
 Number of galaxies above flux limit                  984
 resize final flux 
 SFRs and flux generated
 number of spheroids galaxies for Mpc**3   1.1469452162646062E-007
 resize buffer
 Number of galaxies above flux limit                    3
 resize final flux 
 SFRs and flux generated
 number of lens_sphergalaxies for Mpc**3   3.8554862931044678E-008
 resize buffer
 Number of galaxies above flux limit                    2
 resize final flux 
 SFRs and flux generated
 done
 ************************
 AGNs: Processing redshift   1.3999999761581421       Range   1.3000000119209290        1.5000000000000000     
 ************************
 /Users/sgayen/DATA/TRECS_Inputs/AbundanceMatch/results_AGNs/AGNprob_LERG_z1.40.txt                                                                                                                      
 /Users/sgayen/DATA/TRECS_Inputs/AbundanceMatch/results_AGNs/AGNprob_HERG_z1.40.txt                                                                                                                      
 resize final flux 
 /Users/sgayen/DATA/TRECS_Inputs/LF/AGN_sizes_new.dat                                                                                                                                                    
 sizes minmax  0.856302977       42.8835144    
 sizes ends
 dark mass starts
 dark mass ends
 coordinates
  -1.70415533       1.72894979    
  -1.74424303       1.68530309    
 resize final flux 
 /Users/sgayen/DATA/TRECS_Inputs/LF/AGN_sizes_new.dat                                                                                                                                                    
 sizes minmax   0.00000000       221.638550    
 sizes ends
 dark mass starts
 dark mass ends
 coordinates
  -1.57373095       1.73388147    
  -1.69906592       1.45873082    
 resize final flux 
 /Users/sgayen/DATA/TRECS_Inputs/LF/AGN_sizes_new.dat                                                                                                                                                    
 sizes minmax   9.80579853E-02   1865.40186    
 sizes ends
 dark mass starts
 herg/lerg samples:                  411                  109                  302
 dark mass ends
 coordinates
  -1.74147677       1.72673595    
  -1.74736643       1.74985981    
 ************************
 SFGs: Processing redshift   1.3999999761581421       Range   1.3000000119209290        1.5000000000000000     
 ************************
 volume=   27297995.775089994     
 /Users/sgayen/DATA/TRECS_Inputs/AbundanceMatch/results_LSFR/L2mh_z1.40.txt                                                                                                                              
 /Users/sgayen/DATA/TRECS_Inputs/results_SFR_Mstar/SFR2mstar_z1.40.txt                                                                                                                                   
 /Users/sgayen/DATA/TRECS_Inputs/SFRF/SFRF_z1.40.dat                                                                                                                                                     
 number of UVgal     galaxies for Mpc**3   1.2386300169667866E-005
 resize buffer
 Number of galaxies above flux limit                  302
 resize final flux 
 SFRs and flux generated
 number of spheroids galaxies for Mpc**3   6.4013027122810872E-005
 resize buffer
 Number of galaxies above flux limit                 1463
 resize final flux 
 SFRs and flux generated
 number of lens_sphergalaxies for Mpc**3   2.3829065879651773E-007
 resize buffer
 Number of galaxies above flux limit                    4
 resize final flux 
 SFRs and flux generated
 done
 ************************
 AGNs: Processing redshift   1.6000000238418579       Range   1.5000000000000000        1.6999999880790710     
 ************************
 /Users/sgayen/DATA/TRECS_Inputs/AbundanceMatch/results_AGNs/AGNprob_LERG_z1.60.txt                                                                                                                      
 /Users/sgayen/DATA/TRECS_Inputs/AbundanceMatch/results_AGNs/AGNprob_HERG_z1.60.txt                                                                                                                      
 resize final flux 
 /Users/sgayen/DATA/TRECS_Inputs/LF/AGN_sizes_new.dat                                                                                                                                                    
 sizes minmax  0.594255924       33.8860474    
 sizes ends
 dark mass starts
 dark mass ends
 coordinates
  -1.67195916       1.63767350    
  -1.74712777       1.69311702    
 resize final flux 
 /Users/sgayen/DATA/TRECS_Inputs/LF/AGN_sizes_new.dat                                                                                                                                                    
 sizes minmax   2.59592891       31.3743248    
 sizes ends
 dark mass starts
 dark mass ends
 coordinates
  -1.40037251       1.71694183    
  -1.67276609       1.63214684    
 resize final flux 
 /Users/sgayen/DATA/TRECS_Inputs/LF/AGN_sizes_new.dat                                                                                                                                                    
 sizes minmax  0.658626556       889.262390    
 sizes ends
 dark mass starts
 herg/lerg samples:                  384                  116                  268
 dark mass ends
 coordinates
  -1.72205544       1.74296379    
  -1.74587858       1.74889350    
 ************************
 SFGs: Processing redshift   1.6000000238418579       Range   1.5000000000000000        1.6999999880790710     
 ************************
 volume=   29049425.095781866     
 /Users/sgayen/DATA/TRECS_Inputs/AbundanceMatch/results_LSFR/L2mh_z1.60.txt                                                                                                                              
 /Users/sgayen/DATA/TRECS_Inputs/results_SFR_Mstar/SFR2mstar_z1.60.txt                                                                                                                                   
 /Users/sgayen/DATA/TRECS_Inputs/SFRF/SFRF_z1.60.dat                                                                                                                                                     
 number of UVgal     galaxies for Mpc**3   3.7003468507300029E-006
 resize buffer
 Number of galaxies above flux limit                   66
 resize final flux 
 SFRs and flux generated
 number of spheroids galaxies for Mpc**3   6.6922653974079555E-005
 resize buffer
 Number of galaxies above flux limit                 1741
 resize final flux 
 SFRs and flux generated
 number of lens_sphergalaxies for Mpc**3   3.1503292549001529E-007
 resize buffer
 Number of galaxies above flux limit                   11
 resize final flux 
 SFRs and flux generated
 done
 ************************
 AGNs: Processing redshift   1.7999999523162842       Range   1.6999999880790710        1.8999999761581421     
 ************************
 /Users/sgayen/DATA/TRECS_Inputs/AbundanceMatch/results_AGNs/AGNprob_LERG_z1.80.txt                                                                                                                      
 /Users/sgayen/DATA/TRECS_Inputs/AbundanceMatch/results_AGNs/AGNprob_HERG_z1.80.txt                                                                                                                      
 resize final flux 
 /Users/sgayen/DATA/TRECS_Inputs/LF/AGN_sizes_new.dat                                                                                                                                                    
 sizes minmax   1.11371040       1025.13086    
 sizes ends
 dark mass starts
 dark mass ends
 coordinates
  -1.73444808       1.69456899    
  -1.68689191       1.72506618    
 resize final flux 
 /Users/sgayen/DATA/TRECS_Inputs/LF/AGN_sizes_new.dat                                                                                                                                                    
 sizes minmax  0.274038315       312.522827    
 sizes ends
 dark mass starts
 dark mass ends
 coordinates
  -1.13426411       1.71469462    
  -1.21646476       1.67527950    
 resize final flux 
 /Users/sgayen/DATA/TRECS_Inputs/LF/AGN_sizes_new.dat                                                                                                                                                    
 sizes minmax   0.00000000       1924.84155    
 sizes ends
 dark mass starts
 herg/lerg samples:                  304                  121                  183
 dark mass ends
 coordinates
  -1.74733138       1.74753249    
  -1.73247290       1.74745071    
 ************************
 SFGs: Processing redshift   1.7999999523162842       Range   1.6999999880790710        1.8999999761581421     
 ************************
 volume=   30231705.644190058     
 /Users/sgayen/DATA/TRECS_Inputs/AbundanceMatch/results_LSFR/L2mh_z1.80.txt                                                                                                                              
 /Users/sgayen/DATA/TRECS_Inputs/results_SFR_Mstar/SFR2mstar_z1.80.txt                                                                                                                                   
 /Users/sgayen/DATA/TRECS_Inputs/SFRF/SFRF_z1.80.dat                                                                                                                                                     
 number of UVgal     galaxies for Mpc**3   3.2888071002566277E-007
 resize buffer
 Number of galaxies above flux limit                    7
 resize final flux 
 SFRs and flux generated
 number of spheroids galaxies for Mpc**3   5.1806267003454413E-005
 resize buffer
 Number of galaxies above flux limit                 1522
 resize final flux 
 SFRs and flux generated
 number of lens_sphergalaxies for Mpc**3   3.6412555742600521E-007
 resize buffer
 Number of galaxies above flux limit                   17
 resize final flux 
 SFRs and flux generated
 done
 ************************
 AGNs: Processing redshift   2.0000000000000000       Range   1.8999999761581421        2.1000000238418579     
 ************************
 /Users/sgayen/DATA/TRECS_Inputs/AbundanceMatch/results_AGNs/AGNprob_LERG_z2.00.txt                                                                                                                      
 /Users/sgayen/DATA/TRECS_Inputs/AbundanceMatch/results_AGNs/AGNprob_HERG_z2.00.txt                                                                                                                      
 resize final flux 
 /Users/sgayen/DATA/TRECS_Inputs/LF/AGN_sizes_new.dat                                                                                                                                                    
 sizes minmax   0.00000000       268.662018    
 sizes ends
 dark mass starts
 dark mass ends
 coordinates
  -1.74843037       1.58107173    
  -1.63423383       1.40827823    
 resize final flux 
 /Users/sgayen/DATA/TRECS_Inputs/LF/AGN_sizes_new.dat                                                                                                                                                    
 sizes minmax  0.702277422       366.345093    
 sizes ends
 dark mass starts
 dark mass ends
 coordinates
  -1.60205102       1.58172262    
  -1.64416981       1.64206278    
 resize final flux 
 /Users/sgayen/DATA/TRECS_Inputs/LF/AGN_sizes_new.dat                                                                                                                                                    
 sizes minmax  0.338617563       1486.30322    
 sizes ends
 dark mass starts
 herg/lerg samples:                  231                  122                  109
 dark mass ends
 coordinates
  -1.73446727       1.72854424    
  -1.74294209       1.74442327    
 ************************
 SFGs: Processing redshift   2.0000000000000000       Range   1.8999999761581421        2.1000000238418579     
 ************************
 volume=   30965399.457125120     
 /Users/sgayen/DATA/TRECS_Inputs/AbundanceMatch/results_LSFR/L2mh_z2.00.txt                                                                                                                              
 /Users/sgayen/DATA/TRECS_Inputs/results_SFR_Mstar/SFR2mstar_z2.00.txt                                                                                                                                   
 /Users/sgayen/DATA/TRECS_Inputs/SFRF/SFRF_z2.00.dat                                                                                                                                                     
 number of UVgal     galaxies for Mpc**3   1.1328496250460320E-008
 resize buffer
 Number of galaxies above flux limit                    1
 resize final flux 
 SFRs and flux generated
 number of spheroids galaxies for Mpc**3   4.2102732732452117E-005
 resize buffer
 Number of galaxies above flux limit                 1164
 resize final flux 
 SFRs and flux generated
 number of lens_sphergalaxies for Mpc**3   3.8596901232318121E-007
 resize buffer
 Number of galaxies above flux limit                   11
 resize final flux 
 SFRs and flux generated
 done
 ************************
 AGNs: Processing redshift   2.2000000476837158       Range   2.1000000238418579        2.3000000715255737     
 ************************
 /Users/sgayen/DATA/TRECS_Inputs/AbundanceMatch/results_AGNs/AGNprob_LERG_z2.20.txt                                                                                                                      
 /Users/sgayen/DATA/TRECS_Inputs/AbundanceMatch/results_AGNs/AGNprob_HERG_z2.20.txt                                                                                                                      
 resize final flux 
 /Users/sgayen/DATA/TRECS_Inputs/LF/AGN_sizes_new.dat                                                                                                                                                    
 sizes minmax   2.97319889E-02   34.7696877    
 sizes ends
 dark mass starts
 dark mass ends
 coordinates
  -1.64786732       1.62272322    
  -1.71770287       1.62485862    
 resize final flux 
 /Users/sgayen/DATA/TRECS_Inputs/LF/AGN_sizes_new.dat                                                                                                                                                    
 sizes minmax   9.08808327       33.1569824    
 sizes ends
 dark mass starts
 dark mass ends
 coordinates
  -1.49690843       1.68721569    
  -1.74171209       1.71404290    
 resize final flux 
 /Users/sgayen/DATA/TRECS_Inputs/LF/AGN_sizes_new.dat                                                                                                                                                    
 sizes minmax   2.00605392E-02   825.651611    
 sizes ends
 dark mass starts
 herg/lerg samples:                  181                  106                   75
 dark mass ends
 coordinates
  -1.72246099       1.74704432    
  -1.74602127       1.74275434    
 ************************
 SFGs: Processing redshift   2.2000000476837158       Range   2.1000000238418579        2.3000000715255737     
 ************************
 volume=   31351234.769267291     
 /Users/sgayen/DATA/TRECS_Inputs/AbundanceMatch/results_LSFR/L2mh_z2.20.txt                                                                                                                              
 /Users/sgayen/DATA/TRECS_Inputs/results_SFR_Mstar/SFR2mstar_z2.20.txt                                                                                                                                   
 /Users/sgayen/DATA/TRECS_Inputs/SFRF/SFRF_z2.20.dat                                                                                                                                                     
 number of UVgal     galaxies for Mpc**3   4.3940846557358817E-011
 number of spheroids galaxies for Mpc**3   3.1077224497176228E-005
 resize buffer
 Number of galaxies above flux limit                  990
 resize final flux 
 SFRs and flux generated
 number of lens_sphergalaxies for Mpc**3   3.7482799576317458E-007
 resize buffer
 Number of galaxies above flux limit                    8
 resize final flux 
 SFRs and flux generated
 done
 ************************
 AGNs: Processing redshift   2.4000000953674316       Range   2.3000000715255737        2.5000000000000000     
 ************************
 /Users/sgayen/DATA/TRECS_Inputs/AbundanceMatch/results_AGNs/AGNprob_LERG_z2.40.txt                                                                                                                      
 /Users/sgayen/DATA/TRECS_Inputs/AbundanceMatch/results_AGNs/AGNprob_HERG_z2.40.txt                                                                                                                      
 resize final flux 
 /Users/sgayen/DATA/TRECS_Inputs/LF/AGN_sizes_new.dat                                                                                                                                                    
 sizes minmax   1.18916273       555.386658    
 sizes ends
 dark mass starts
 dark mass ends
 coordinates
  -1.74578011       1.73360026    
  -1.74075162       1.44352019    
 resize final flux 
 /Users/sgayen/DATA/TRECS_Inputs/LF/AGN_sizes_new.dat                                                                                                                                                    
 sizes minmax   4.33858395       112.846619    
 sizes ends
 dark mass starts
 dark mass ends
 coordinates
  -1.57437348       1.47278571    
  -1.56742489       1.10999453    
 resize final flux 
 /Users/sgayen/DATA/TRECS_Inputs/LF/AGN_sizes_new.dat                                                                                                                                                    
 sizes minmax   6.12914562E-02   822.422607    
 sizes ends
 dark mass starts
 herg/lerg samples:                  110                   63                   47
 dark mass ends
 coordinates
  -1.70302212       1.71679246    
  -1.73068047       1.73706162    
 ************************
 SFGs: Processing redshift   2.4000000953674316       Range   2.3000000715255737        2.5000000000000000     
 ************************
 volume=   31470398.249422580     
 /Users/sgayen/DATA/TRECS_Inputs/AbundanceMatch/results_LSFR/L2mh_z2.40.txt                                                                                                                              
 /Users/sgayen/DATA/TRECS_Inputs/results_SFR_Mstar/SFR2mstar_z2.40.txt                                                                                                                                   
 /Users/sgayen/DATA/TRECS_Inputs/SFRF/SFRF_z2.40.dat                                                                                                                                                     
 number of UVgal     galaxies for Mpc**3   1.4020241400789324E-014
 number of spheroids galaxies for Mpc**3   2.5665029701784834E-005
 resize buffer
 Number of galaxies above flux limit                  667
 resize final flux 
 SFRs and flux generated
 number of lens_sphergalaxies for Mpc**3   3.8358484419036906E-007
 resize buffer
 Number of galaxies above flux limit                   11
 resize final flux 
 SFRs and flux generated
 done
 ************************
 AGNs: Processing redshift   2.5999999046325684       Range   2.5000000000000000        2.6999999284744263     
 ************************
 /Users/sgayen/DATA/TRECS_Inputs/AbundanceMatch/results_AGNs/AGNprob_LERG_z2.60.txt                                                                                                                      
 /Users/sgayen/DATA/TRECS_Inputs/AbundanceMatch/results_AGNs/AGNprob_HERG_z2.60.txt                                                                                                                      
 resize final flux 
 /Users/sgayen/DATA/TRECS_Inputs/LF/AGN_sizes_new.dat                                                                                                                                                    
 sizes minmax   2.33434081       120.556320    
 sizes ends
 dark mass starts
 dark mass ends
 coordinates
  -1.74208510       1.70905447    
  -1.71305990       1.70627236    
 resize final flux 
 /Users/sgayen/DATA/TRECS_Inputs/LF/AGN_sizes_new.dat                                                                                                                                                    
 sizes minmax   2.67879963       34.4385796    
 sizes ends
 dark mass starts
 dark mass ends
 coordinates
 -0.632614613       1.29790521    
  -1.59826505      0.652980566    
 resize final flux 
 /Users/sgayen/DATA/TRECS_Inputs/LF/AGN_sizes_new.dat                                                                                                                                                    
 sizes minmax  0.903867483       1431.98181    
 sizes ends
 dark mass starts
 herg/lerg samples:                   95                   62                   33
 dark mass ends
 coordinates
  -1.70895851       1.73824072    
  -1.73432040       1.70439148    
 ************************
 SFGs: Processing redshift   2.5999999046325684       Range   2.5000000000000000        2.6999999284744263     
 ************************
 volume=   31387085.447670799     
 /Users/sgayen/DATA/TRECS_Inputs/AbundanceMatch/results_LSFR/L2mh_z2.60.txt                                                                                                                              
 /Users/sgayen/DATA/TRECS_Inputs/results_SFR_Mstar/SFR2mstar_z2.60.txt                                                                                                                                   
 /Users/sgayen/DATA/TRECS_Inputs/SFRF/SFRF_z2.60.dat                                                                                                                                                     
 number of UVgal     galaxies for Mpc**3   1.8267162883807314E-020
 number of spheroids galaxies for Mpc**3   1.5955171805627151E-005
 resize buffer
 Number of galaxies above flux limit                  454
 resize final flux 
 SFRs and flux generated
 number of lens_sphergalaxies for Mpc**3   3.2122616325831623E-007
 resize buffer
 Number of galaxies above flux limit                    8
 resize final flux 
 SFRs and flux generated
 done
 ************************
 AGNs: Processing redshift   2.7999999523162842       Range   2.6999999284744263        2.8999999761581421     
 ************************
 /Users/sgayen/DATA/TRECS_Inputs/AbundanceMatch/results_AGNs/AGNprob_LERG_z2.80.txt                                                                                                                      
 /Users/sgayen/DATA/TRECS_Inputs/AbundanceMatch/results_AGNs/AGNprob_HERG_z2.80.txt                                                                                                                      
 resize final flux 
 /Users/sgayen/DATA/TRECS_Inputs/LF/AGN_sizes_new.dat                                                                                                                                                    
 sizes minmax  0.982691050       140.528290    
 sizes ends
 dark mass starts
 dark mass ends
 coordinates
  -1.72078788       1.69078720    
  -1.72000933       1.51575065    
 resize final flux 
 /Users/sgayen/DATA/TRECS_Inputs/LF/AGN_sizes_new.dat                                                                                                                                                    
 sizes minmax   1.65698051       16.0777206    
 sizes ends
 dark mass starts
 dark mass ends
 coordinates
  -1.00965762      0.206140399    
  -1.31456864     -0.397203684    
 resize final flux 
 /Users/sgayen/DATA/TRECS_Inputs/LF/AGN_sizes_new.dat                                                                                                                                                    
 sizes minmax  0.161644220       1124.52344    
 sizes ends
 dark mass starts
 herg/lerg samples:                   67                   46                   21
 dark mass ends
 coordinates
  -1.74429142       1.73711669    
  -1.64655972       1.70909286    
 ************************
 SFGs: Processing redshift   2.7999999523162842       Range   2.6999999284744263        2.8999999761581421     
 ************************
 volume=   31151437.747912075     
 /Users/sgayen/DATA/TRECS_Inputs/AbundanceMatch/results_LSFR/L2mh_z2.80.txt                                                                                                                              
 /Users/sgayen/DATA/TRECS_Inputs/results_SFR_Mstar/SFR2mstar_z2.80.txt                                                                                                                                   
 /Users/sgayen/DATA/TRECS_Inputs/SFRF/SFRF_z2.80.dat                                                                                                                                                     
 number of UVgal     galaxies for Mpc**3   9.8016496717427852E-029
 number of spheroids galaxies for Mpc**3   8.9606228666589586E-006
 resize buffer
 Number of galaxies above flux limit                  270
 resize final flux 
 SFRs and flux generated
 number of lens_sphergalaxies for Mpc**3   2.5016195145436324E-007
 resize buffer
 Number of galaxies above flux limit                    5
 resize final flux 
 SFRs and flux generated
 done
 ************************
 AGNs: Processing redshift   3.0000000000000000       Range   2.8999999761581421        3.1000000238418579     
 ************************
 /Users/sgayen/DATA/TRECS_Inputs/AbundanceMatch/results_AGNs/AGNprob_LERG_z3.00.txt                                                                                                                      
 /Users/sgayen/DATA/TRECS_Inputs/AbundanceMatch/results_AGNs/AGNprob_HERG_z3.00.txt                                                                                                                      
 resize final flux 
 /Users/sgayen/DATA/TRECS_Inputs/LF/AGN_sizes_new.dat                                                                                                                                                    
 sizes minmax  0.434689522       352.281555    
 sizes ends
 dark mass starts
 dark mass ends
 coordinates
  -1.58639479       1.68142450    
  -1.74117553       1.62195718    
 resize final flux 
 /Users/sgayen/DATA/TRECS_Inputs/LF/AGN_sizes_new.dat                                                                                                                                                    
 sizes minmax  0.508489609       241.429260    
 sizes ends
 dark mass starts
 dark mass ends
 coordinates
  -1.54808033       1.30994904    
  -1.73351681       1.31831205    
 resize final flux 
 /Users/sgayen/DATA/TRECS_Inputs/LF/AGN_sizes_new.dat                                                                                                                                                    
 sizes minmax  0.499727726       1123.62561    
 sizes ends
 dark mass starts
 herg/lerg samples:                   75                   61                   14
 dark mass ends
 coordinates
  -1.74360132       1.73962510    
  -1.73051023       1.64316261    
 ************************
 SFGs: Processing redshift   3.0000000000000000       Range   2.8999999761581421        3.1000000238418579     
 ************************
 volume=   30802370.082033303     
 /Users/sgayen/DATA/TRECS_Inputs/AbundanceMatch/results_LSFR/L2mh_z3.00.txt                                                                                                                              
 /Users/sgayen/DATA/TRECS_Inputs/results_SFR_Mstar/SFR2mstar_z3.00.txt                                                                                                                                   
 /Users/sgayen/DATA/TRECS_Inputs/SFRF/SFRF_z3.00.dat                                                                                                                                                     
 number of UVgal     galaxies for Mpc**3   9.5279869417221704E-041
 number of spheroids galaxies for Mpc**3   7.8832576307273855E-006
 resize buffer
 Number of galaxies above flux limit                  168
 resize final flux 
 SFRs and flux generated
 number of lens_sphergalaxies for Mpc**3   2.5362341741926445E-007
 resize buffer
 Number of galaxies above flux limit                    7
 resize final flux 
 SFRs and flux generated
 done
 ************************
 AGNs: Processing redshift   3.2000000476837158       Range   3.1000000238418579        3.3000000715255737     
 ************************
 /Users/sgayen/DATA/TRECS_Inputs/AbundanceMatch/results_AGNs/AGNprob_LERG_z3.20.txt                                                                                                                      
 /Users/sgayen/DATA/TRECS_Inputs/AbundanceMatch/results_AGNs/AGNprob_HERG_z3.20.txt                                                                                                                      
 resize final flux 
 /Users/sgayen/DATA/TRECS_Inputs/LF/AGN_sizes_new.dat                                                                                                                                                    
 sizes minmax  0.671126842       47.3846512    
 sizes ends
 dark mass starts
 dark mass ends
 coordinates
  -1.42682004       1.63519347    
  -1.74622989       1.70396757    
 resize final flux 
 /Users/sgayen/DATA/TRECS_Inputs/LF/AGN_sizes_new.dat                                                                                                                                                    
 sizes minmax   14.6883783       34.4584579    
 sizes ends
 dark mass starts
 dark mass ends
 coordinates
   1.20325851       1.49284959    
  -1.17056084      0.177954674    
 resize final flux 
 /Users/sgayen/DATA/TRECS_Inputs/LF/AGN_sizes_new.dat                                                                                                                                                    
 sizes minmax   2.28270411       361.948029    
 sizes ends
 dark mass starts
 herg/lerg samples:                   34                   26                    8
 dark mass ends
 coordinates
  -1.59644008       1.72724414    
  -1.73165178       1.71192753    
 ************************
 SFGs: Processing redshift   3.2000000476837158       Range   3.1000000238418579        3.3000000715255737     
 ************************
 volume=   30370064.095362812     
 /Users/sgayen/DATA/TRECS_Inputs/AbundanceMatch/results_LSFR/L2mh_z3.20.txt                                                                                                                              
 /Users/sgayen/DATA/TRECS_Inputs/results_SFR_Mstar/SFR2mstar_z3.20.txt                                                                                                                                   
 /Users/sgayen/DATA/TRECS_Inputs/SFRF/SFRF_z3.20.dat                                                                                                                                                     
 number of UVgal     galaxies for Mpc**3   6.1084590192685304E-128
 number of spheroids galaxies for Mpc**3   3.8137826379997744E-006
 resize buffer
 Number of galaxies above flux limit                   95
 resize final flux 
 SFRs and flux generated
 number of lens_sphergalaxies for Mpc**3   1.7737733050805051E-007
 resize buffer
 Number of galaxies above flux limit                    3
 resize final flux 
 SFRs and flux generated
 done
 ************************
 AGNs: Processing redshift   3.4000000953674316       Range   3.3000000715255737        3.5000000000000000     
 ************************
 /Users/sgayen/DATA/TRECS_Inputs/AbundanceMatch/results_AGNs/AGNprob_LERG_z3.40.txt                                                                                                                      
 /Users/sgayen/DATA/TRECS_Inputs/AbundanceMatch/results_AGNs/AGNprob_HERG_z3.40.txt                                                                                                                      
 resize final flux 
 /Users/sgayen/DATA/TRECS_Inputs/LF/AGN_sizes_new.dat                                                                                                                                                    
 sizes minmax  0.978635550       355.359558    
 sizes ends
 dark mass starts
 dark mass ends
 coordinates
  -1.68979502       1.61521888    
  -1.38301980       1.61032307    
 resize final flux 
 /Users/sgayen/DATA/TRECS_Inputs/LF/AGN_sizes_new.dat                                                                                                                                                    
 sizes minmax  0.662056208       28.9572601    
 sizes ends
 dark mass starts
 dark mass ends
 coordinates
 -0.465697408       1.08470356    
 -0.970460296     -0.876237512    
 resize final flux 
 /Users/sgayen/DATA/TRECS_Inputs/LF/AGN_sizes_new.dat                                                                                                                                                    
 sizes minmax   0.00000000       676.304626    
 sizes ends
 dark mass starts
 herg/lerg samples:                   43                   37                    6
 dark mass ends
 coordinates
  -1.72467566       1.74392343    
  -1.73623967       1.68074024    
 ************************
 SFGs: Processing redshift   3.4000000953674316       Range   3.3000000715255737        3.5000000000000000     
 ************************
 volume=   29877818.736386824     
 /Users/sgayen/DATA/TRECS_Inputs/AbundanceMatch/results_LSFR/L2mh_z3.40.txt                                                                                                                              
 /Users/sgayen/DATA/TRECS_Inputs/results_SFR_Mstar/SFR2mstar_z3.40.txt                                                                                                                                   
 /Users/sgayen/DATA/TRECS_Inputs/SFRF/SFRF_z3.40.dat                                                                                                                                                     
 number of UVgal     galaxies for Mpc**3   6.0270918505601990E-128
 number of spheroids galaxies for Mpc**3   2.2893280759518454E-006
 resize buffer
 Number of galaxies above flux limit                   75
 resize final flux 
 SFRs and flux generated
 number of lens_sphergalaxies for Mpc**3   1.6898623404187146E-007
 Number of galaxies above flux limit                    2
 resize final flux 
 SFRs and flux generated
 done
 ************************
 AGNs: Processing redshift   3.5999999046325684       Range   3.5000000000000000        3.6999999284744263     
 ************************
 /Users/sgayen/DATA/TRECS_Inputs/AbundanceMatch/results_AGNs/AGNprob_LERG_z3.60.txt                                                                                                                      
 /Users/sgayen/DATA/TRECS_Inputs/AbundanceMatch/results_AGNs/AGNprob_HERG_z3.60.txt                                                                                                                      
 resize final flux 
 /Users/sgayen/DATA/TRECS_Inputs/LF/AGN_sizes_new.dat                                                                                                                                                    
 sizes minmax   0.00000000       55.8527908    
 sizes ends
 dark mass starts
 dark mass ends
 coordinates
  -1.73363948       1.70835602    
  -1.74775028       1.68464220    
 resize final flux 
 /Users/sgayen/DATA/TRECS_Inputs/LF/AGN_sizes_new.dat                                                                                                                                                    
 sizes minmax   4.29686928       971.657959    
 sizes ends
 dark mass starts
 herg/lerg samples:                   26                   24                    2
 dark mass ends
 coordinates
  -1.22808635       1.68491173    
  -1.74118304       1.54381621    
 ************************
 SFGs: Processing redshift   3.5999999046325684       Range   3.5000000000000000        3.6999999284744263     
 ************************
 volume=   29343675.284464706     
 /Users/sgayen/DATA/TRECS_Inputs/AbundanceMatch/results_LSFR/L2mh_z3.60.txt                                                                                                                              
 /Users/sgayen/DATA/TRECS_Inputs/results_SFR_Mstar/SFR2mstar_z3.60.txt                                                                                                                                   
 /Users/sgayen/DATA/TRECS_Inputs/SFRF/SFRF_z3.60.dat                                                                                                                                                     
 number of UVgal     galaxies for Mpc**3   5.9456298625741905E-128
 number of spheroids galaxies for Mpc**3   1.2977698982298760E-006
 resize buffer
 Number of galaxies above flux limit                   41
 resize final flux 
 SFRs and flux generated
 number of lens_sphergalaxies for Mpc**3   1.0775875684411573E-007
 resize buffer
 Number of galaxies above flux limit                    2
 resize final flux 
 SFRs and flux generated
 done
 ************************
 AGNs: Processing redshift   3.7999999523162842       Range   3.6999999284744263        3.8999999761581421     
 ************************
 /Users/sgayen/DATA/TRECS_Inputs/AbundanceMatch/results_AGNs/AGNprob_LERG_z3.80.txt                                                                                                                      
 /Users/sgayen/DATA/TRECS_Inputs/AbundanceMatch/results_AGNs/AGNprob_HERG_z3.80.txt                                                                                                                      
 resize final flux 
 /Users/sgayen/DATA/TRECS_Inputs/LF/AGN_sizes_new.dat                                                                                                                                                    
 sizes minmax   3.99698734       29.3907185    
 sizes ends
 dark mass starts
 dark mass ends
 coordinates
  -1.70958352       1.66250384    
  -1.74739563       1.26839268    
 resize final flux 
 /Users/sgayen/DATA/TRECS_Inputs/LF/AGN_sizes_new.dat                                                                                                                                                    
 sizes minmax   2.52637100       617.894897    
 sizes ends
 dark mass starts
 herg/lerg samples:                   15                   15                    0
 dark mass ends
 coordinates
  -1.70550048       1.04390657    
  -1.50472152       1.55324566    
 ************************
 SFGs: Processing redshift   3.7999999523162842       Range   3.6999999284744263        3.8999999761581421     
 ************************
 volume=   28781522.932952810     
 /Users/sgayen/DATA/TRECS_Inputs/AbundanceMatch/results_LSFR/L2mh_z3.80.txt                                                                                                                              
 /Users/sgayen/DATA/TRECS_Inputs/results_SFR_Mstar/SFR2mstar_z3.80.txt                                                                                                                                   
 /Users/sgayen/DATA/TRECS_Inputs/SFRF/SFRF_z3.80.dat                                                                                                                                                     
 number of UVgal     galaxies for Mpc**3   5.8640743231948814E-128
 number of spheroids galaxies for Mpc**3   6.9455808860317787E-007
 resize buffer
 Number of galaxies above flux limit                   27
 resize final flux 
 SFRs and flux generated
 number of lens_sphergalaxies for Mpc**3   7.9883954902099520E-008
 resize buffer
 Number of galaxies above flux limit                    3
 resize final flux 
 SFRs and flux generated
 done
 ************************
 AGNs: Processing redshift   4.0000000000000000       Range   3.8999999761581421        4.0999999046325684     
 ************************
 /Users/sgayen/DATA/TRECS_Inputs/AbundanceMatch/results_AGNs/AGNprob_LERG_z4.00.txt                                                                                                                      
 /Users/sgayen/DATA/TRECS_Inputs/AbundanceMatch/results_AGNs/AGNprob_HERG_z4.00.txt                                                                                                                      
 resize final flux 
 /Users/sgayen/DATA/TRECS_Inputs/LF/AGN_sizes_new.dat                                                                                                                                                    
 sizes minmax   1.03212476       30.2817268    
 sizes ends
 dark mass starts
 dark mass ends
 coordinates
  -1.44948745       1.27175224    
  -1.54524732       1.54127359    
 resize final flux 
 /Users/sgayen/DATA/TRECS_Inputs/LF/AGN_sizes_new.dat                                                                                                                                                    
 sizes minmax   1.74954772       381.269775    
 sizes ends
 dark mass starts
 herg/lerg samples:                   11                   10                    1
 dark mass ends
 coordinates
  -1.30410111       1.26241958    
  -1.65856600       1.44305289    
 ************************
 SFGs: Processing redshift   4.0000000000000000       Range   3.8999999761581421        4.0999999046325684     
 ************************
 volume=   28202012.209335856     
 /Users/sgayen/DATA/TRECS_Inputs/AbundanceMatch/results_LSFR/L2mh_z4.00.txt                                                                                                                              
 /Users/sgayen/DATA/TRECS_Inputs/results_SFR_Mstar/SFR2mstar_z4.00.txt                                                                                                                                   
 /Users/sgayen/DATA/TRECS_Inputs/SFRF/SFRF_z4.00.dat                                                                                                                                                     
 number of UVgal     galaxies for Mpc**3   5.7824256833579824E-128
 number of spheroids galaxies for Mpc**3   5.2339178172460300E-007
 resize buffer
 Number of galaxies above flux limit                   11
 resize final flux 
 SFRs and flux generated
 number of lens_sphergalaxies for Mpc**3   5.7468483363997004E-008
 resize buffer
 Number of galaxies above flux limit                    1
 resize final flux 
 SFRs and flux generated
 done
 ************************
 AGNs: Processing redshift   4.1999998092651367       Range   4.0999999046325684        4.2999999523162842     
 ************************
 /Users/sgayen/DATA/TRECS_Inputs/AbundanceMatch/results_AGNs/AGNprob_LERG_z4.20.txt                                                                                                                      
 /Users/sgayen/DATA/TRECS_Inputs/AbundanceMatch/results_AGNs/AGNprob_HERG_z4.20.txt                                                                                                                      
 resize final flux 
 /Users/sgayen/DATA/TRECS_Inputs/LF/AGN_sizes_new.dat                                                                                                                                                    
 sizes minmax   1.44815564       33.8811989    
 sizes ends
 dark mass starts
 dark mass ends
 coordinates
  -1.64055657       1.33191717    
  -1.72991359       1.45416880    
 resize final flux 
 /Users/sgayen/DATA/TRECS_Inputs/LF/AGN_sizes_new.dat                                                                                                                                                    
 sizes minmax   13.1181488       536.735962    
 sizes ends
 dark mass starts
 herg/lerg samples:                    7                    7                    0
 dark mass ends
 coordinates
  -1.52135324       1.57168567    
  -1.46293652       1.62765825    
 ************************
 SFGs: Processing redshift   4.1999998092651367       Range   4.0999999046325684        4.2999999523162842     
 ************************
 volume=   27613439.171193052     
 /Users/sgayen/DATA/TRECS_Inputs/AbundanceMatch/results_LSFR/L2mh_z4.20.txt                                                                                                                              
 /Users/sgayen/DATA/TRECS_Inputs/results_SFR_Mstar/SFR2mstar_z4.20.txt                                                                                                                                   
 /Users/sgayen/DATA/TRECS_Inputs/SFRF/SFRF_z4.20.dat                                                                                                                                                     
 number of UVgal     galaxies for Mpc**3   5.7006841736925614E-128
 number of spheroids galaxies for Mpc**3   1.6724836171110891E-007
 resize buffer
 Number of galaxies above flux limit                    4
 resize final flux 
 SFRs and flux generated
 number of lens_sphergalaxies for Mpc**3   4.0128366723405423E-008
 resize buffer
 Number of galaxies above flux limit                    1
 resize final flux 
 SFRs and flux generated
 done
 ************************
 AGNs: Processing redshift   4.4000000953674316       Range   4.2999999523162842        4.5000000000000000     
 ************************
 /Users/sgayen/DATA/TRECS_Inputs/AbundanceMatch/results_AGNs/AGNprob_LERG_z4.40.txt                                                                                                                      
 /Users/sgayen/DATA/TRECS_Inputs/AbundanceMatch/results_AGNs/AGNprob_HERG_z4.40.txt                                                                                                                      
 resize final flux 
 /Users/sgayen/DATA/TRECS_Inputs/LF/AGN_sizes_new.dat                                                                                                                                                    
 sizes minmax   7.41583252       32.7056961    
 sizes ends
 dark mass starts
 dark mass ends
 coordinates
  -1.15369129       1.59449160    
 -0.870158434       1.71595383    
 resize final flux 
 /Users/sgayen/DATA/TRECS_Inputs/LF/AGN_sizes_new.dat                                                                                                                                                    
 sizes minmax   1.44757152       65.5818787    
 sizes ends
 dark mass starts
 herg/lerg samples:                    3                    3                    0
 dark mass ends
 coordinates
 -0.418777943       1.52464771    
  0.102743506       1.71507263    
 ************************
 SFGs: Processing redshift   4.4000000953674316       Range   4.2999999523162842        4.5000000000000000     
 ************************
 volume=   27022059.209308762     
 /Users/sgayen/DATA/TRECS_Inputs/AbundanceMatch/results_LSFR/L2mh_z4.40.txt                                                                                                                              
 /Users/sgayen/DATA/TRECS_Inputs/results_SFR_Mstar/SFR2mstar_z4.40.txt                                                                                                                                   
 /Users/sgayen/DATA/TRECS_Inputs/SFRF/SFRF_z4.40.dat                                                                                                                                                     
 number of UVgal     galaxies for Mpc**3   5.7006841736925614E-128
 number of spheroids galaxies for Mpc**3   7.4862548418462296E-008
 resize buffer
 Number of galaxies above flux limit                    1
 resize final flux 
 SFRs and flux generated
 number of lens_sphergalaxies for Mpc**3   2.7286029586249535E-008
 resize buffer
 Number of galaxies above flux limit                    1
 resize final flux 
 SFRs and flux generated
 done
 ************************
 AGNs: Processing redshift   4.5999999046325684       Range   4.5000000000000000        4.7000000476837158     
 ************************
 /Users/sgayen/DATA/TRECS_Inputs/AbundanceMatch/results_AGNs/AGNprob_LERG_z4.60.txt                                                                                                                      
 /Users/sgayen/DATA/TRECS_Inputs/AbundanceMatch/results_AGNs/AGNprob_HERG_z4.60.txt                                                                                                                      
 resize final flux 
 /Users/sgayen/DATA/TRECS_Inputs/LF/AGN_sizes_new.dat                                                                                                                                                    
 sizes minmax  0.386173725       26.8611698    
 sizes ends
 dark mass starts
 dark mass ends
 coordinates
  -1.68223476      0.541237354    
 -0.457664847      0.222357392    
 ************************
 SFGs: Processing redshift   4.5999999046325684       Range   4.5000000000000000        4.7000000476837158     
 ************************
 volume=   26432699.100294232     
 /Users/sgayen/DATA/TRECS_Inputs/AbundanceMatch/results_LSFR/L2mh_z4.60.txt                                                                                                                              
 /Users/sgayen/DATA/TRECS_Inputs/results_SFR_Mstar/SFR2mstar_z4.60.txt                                                                                                                                   
 /Users/sgayen/DATA/TRECS_Inputs/SFRF/SFRF_z4.60.dat                                                                                                                                                     
 number of UVgal     galaxies for Mpc**3   5.6188510546778229E-128
 number of spheroids galaxies for Mpc**3   3.1213905161270888E-008
 resize buffer
 Number of galaxies above flux limit                    1
 resize final flux 
 SFRs and flux generated
 number of lens_sphergalaxies for Mpc**3   1.8067174143245009E-008
 done
 ************************
 AGNs: Processing redshift   4.8000001907348633       Range   4.7000000476837158        4.9000000953674316     
 ************************
 /Users/sgayen/DATA/TRECS_Inputs/AbundanceMatch/results_AGNs/AGNprob_LERG_z4.80.txt                                                                                                                      
 /Users/sgayen/DATA/TRECS_Inputs/AbundanceMatch/results_AGNs/AGNprob_HERG_z4.80.txt                                                                                                                      
 resize final flux 
 /Users/sgayen/DATA/TRECS_Inputs/LF/AGN_sizes_new.dat                                                                                                                                                    
 sizes minmax   3.45056295       32.9869194    
 sizes ends
 dark mass starts
 dark mass ends
 coordinates
  -1.59838355       1.69393396    
  -1.52354372      0.950182796    
 resize final flux 
 /Users/sgayen/DATA/TRECS_Inputs/LF/AGN_sizes_new.dat                                                                                                                                                    
 sizes minmax   16.5927029       16.5927029    
 sizes ends
 dark mass starts
 herg/lerg samples:                    1                    1                    0
 dark mass ends
 coordinates
   1.37159848       1.37159848    
   1.45924652       1.45924652    
 ************************
 SFGs: Processing redshift   4.8000001907348633       Range   4.7000000476837158        4.9000000953674316     
 ************************
 volume=   25849001.991710685     
 /Users/sgayen/DATA/TRECS_Inputs/AbundanceMatch/results_LSFR/L2mh_z4.80.txt                                                                                                                              
 /Users/sgayen/DATA/TRECS_Inputs/results_SFR_Mstar/SFR2mstar_z4.80.txt                                                                                                                                   
 /Users/sgayen/DATA/TRECS_Inputs/SFRF/SFRF_z4.80.dat                                                                                                                                                     
 number of UVgal     galaxies for Mpc**3   5.5369270932660115E-128
 number of spheroids galaxies for Mpc**3   2.1089365365767761E-008
 number of lens_sphergalaxies for Mpc**3   1.5097845351240076E-008
 resize buffer
 Number of galaxies above flux limit                    1
 resize final flux 
 SFRs and flux generated
 done
 ************************
 AGNs: Processing redshift   5.0000000000000000       Range   4.9000000953674316        5.0999999046325684     
 ************************
 /Users/sgayen/DATA/TRECS_Inputs/AbundanceMatch/results_AGNs/AGNprob_LERG_z5.00.txt                                                                                                                      
 /Users/sgayen/DATA/TRECS_Inputs/AbundanceMatch/results_AGNs/AGNprob_HERG_z5.00.txt                                                                                                                      
 resize final flux 
 /Users/sgayen/DATA/TRECS_Inputs/LF/AGN_sizes_new.dat                                                                                                                                                    
 sizes minmax  0.168099612       34.9118462    
 sizes ends
 dark mass starts
 dark mass ends
 coordinates
  0.306344628       1.61036897    
  -1.63469112       1.50768888    
 ************************
 SFGs: Processing redshift   5.0000000000000000       Range   4.9000000953674316        5.0999999046325684     
 ************************
 volume=   25273670.213302929     
 /Users/sgayen/DATA/TRECS_Inputs/AbundanceMatch/results_LSFR/L2mh_z5.00.txt                                                                                                                              
 /Users/sgayen/DATA/TRECS_Inputs/results_SFR_Mstar/SFR2mstar_z5.00.txt                                                                                                                                   
 /Users/sgayen/DATA/TRECS_Inputs/SFRF/SFRF_z5.00.dat                                                                                                                                                     
 number of UVgal     galaxies for Mpc**3   5.4549122528213175E-128
 number of spheroids galaxies for Mpc**3   1.4090035398379074E-008
 resize buffer
 Number of galaxies above flux limit                    1
 resize final flux 
 SFRs and flux generated
 number of lens_sphergalaxies for Mpc**3   1.2492454721316222E-008
 done
 ************************
 AGNs: Processing redshift   5.1999998092651367       Range   5.0999999046325684        5.2999999523162842     
 ************************
 /Users/sgayen/DATA/TRECS_Inputs/AbundanceMatch/results_AGNs/AGNprob_LERG_z5.20.txt                                                                                                                      
 /Users/sgayen/DATA/TRECS_Inputs/AbundanceMatch/results_AGNs/AGNprob_HERG_z5.20.txt                                                                                                                      
 resize final flux 
 /Users/sgayen/DATA/TRECS_Inputs/LF/AGN_sizes_new.dat                                                                                                                                                    
 sizes minmax   31.7831535       31.7831535    
 sizes ends
 dark mass starts
 dark mass ends
 coordinates
   9.74863768E-02   9.74863768E-02
  0.464094400      0.464094400    
 ************************
 SFGs: Processing redshift   5.1999998092651367       Range   5.0999999046325684        5.2999999523162842     
 ************************
 volume=   24708813.698492505     
 /Users/sgayen/DATA/TRECS_Inputs/AbundanceMatch/results_LSFR/L2mh_z5.20.txt                                                                                                                              
 /Users/sgayen/DATA/TRECS_Inputs/results_SFR_Mstar/SFR2mstar_z5.20.txt                                                                                                                                   
 /Users/sgayen/DATA/TRECS_Inputs/SFRF/SFRF_z5.20.dat                                                                                                                                                     
 number of UVgal     galaxies for Mpc**3   5.4549122528213175E-128
 number of spheroids galaxies for Mpc**3   2.8381317265025117E-009
 number of lens_sphergalaxies for Mpc**3   7.8477864645819046E-009
 done
 ************************
 AGNs: Processing redshift   5.4000000953674316       Range   5.2999999523162842        5.5000000000000000     
 ************************
 /Users/sgayen/DATA/TRECS_Inputs/AbundanceMatch/results_AGNs/AGNprob_LERG_z5.40.txt                                                                                                                      
 /Users/sgayen/DATA/TRECS_Inputs/AbundanceMatch/results_AGNs/AGNprob_HERG_z5.40.txt                                                                                                                      
 resize final flux 
 /Users/sgayen/DATA/TRECS_Inputs/LF/AGN_sizes_new.dat                                                                                                                                                    
 sizes minmax   1.42578363       33.3150406    
 sizes ends
 dark mass starts
 dark mass ends
 coordinates
  -1.09501088      0.936367393    
 -0.847388387       1.53500509    
 ************************
 SFGs: Processing redshift   5.4000000953674316       Range   5.2999999523162842        5.5000000000000000     
 ************************
 volume=   24155804.469028641     
 /Users/sgayen/DATA/TRECS_Inputs/AbundanceMatch/results_LSFR/L2mh_z5.40.txt                                                                                                                              
 /Users/sgayen/DATA/TRECS_Inputs/results_SFR_Mstar/SFR2mstar_z5.40.txt                                                                                                                                   
 /Users/sgayen/DATA/TRECS_Inputs/SFRF/SFRF_z5.40.dat                                                                                                                                                     
 number of UVgal     galaxies for Mpc**3   5.3728071471579537E-128
 number of spheroids galaxies for Mpc**3   1.7961383824406582E-009
 number of lens_sphergalaxies for Mpc**3   4.8184022188312494E-009
 done
 ************************
 AGNs: Processing redshift   5.5999999046325684       Range   5.5000000000000000        5.7000000476837158     
 ************************
 /Users/sgayen/DATA/TRECS_Inputs/AbundanceMatch/results_AGNs/AGNprob_LERG_z5.60.txt                                                                                                                      
 /Users/sgayen/DATA/TRECS_Inputs/AbundanceMatch/results_AGNs/AGNprob_HERG_z5.60.txt                                                                                                                      
 ************************
 SFGs: Processing redshift   5.5999999046325684       Range   5.5000000000000000        5.7000000476837158     
 ************************
 volume=   23615699.859944161     
 /Users/sgayen/DATA/TRECS_Inputs/AbundanceMatch/results_LSFR/L2mh_z5.60.txt                                                                                                                              
 /Users/sgayen/DATA/TRECS_Inputs/results_SFR_Mstar/SFR2mstar_z5.60.txt                                                                                                                                   
 /Users/sgayen/DATA/TRECS_Inputs/SFRF/SFRF_z5.60.dat                                                                                                                                                     
 number of UVgal     galaxies for Mpc**3   5.3728071471579537E-128
 number of spheroids galaxies for Mpc**3   1.1206222274960163E-009
 number of lens_sphergalaxies for Mpc**3   3.8607833844826999E-009
 ************************
 AGNs: Processing redshift   5.8000001907348633       Range   5.7000000476837158        5.9000000953674316     
 ************************
 /Users/sgayen/DATA/TRECS_Inputs/AbundanceMatch/results_AGNs/AGNprob_LERG_z5.80.txt                                                                                                                      
 /Users/sgayen/DATA/TRECS_Inputs/AbundanceMatch/results_AGNs/AGNprob_HERG_z5.80.txt                                                                                                                      
 resize final flux 
 /Users/sgayen/DATA/TRECS_Inputs/LF/AGN_sizes_new.dat                                                                                                                                                    
 sizes minmax   27.5446301       31.1314030    
 sizes ends
 dark mass starts
 dark mass ends
 coordinates
 -0.808493137       1.05663216    
  -1.34179723     -0.182314754    
 ************************
 SFGs: Processing redshift   5.8000001907348633       Range   5.7000000476837158        5.9000000953674316     
 ************************
 volume=   23089185.986282758     
 /Users/sgayen/DATA/TRECS_Inputs/AbundanceMatch/results_LSFR/L2mh_z5.80.txt                                                                                                                              
 /Users/sgayen/DATA/TRECS_Inputs/results_SFR_Mstar/SFR2mstar_z5.80.txt                                                                                                                                   
 /Users/sgayen/DATA/TRECS_Inputs/SFRF/SFRF_z5.80.dat                                                                                                                                                     
 number of UVgal     galaxies for Mpc**3   5.2906132969976763E-128
 number of spheroids galaxies for Mpc**3   3.4899837451644405E-010
 number of lens_sphergalaxies for Mpc**3   2.2881751112616070E-009
 done
 ************************
 AGNs: Processing redshift   6.0000000000000000       Range   5.9000000953674316        6.0999999046325684     
 ************************
 /Users/sgayen/DATA/TRECS_Inputs/AbundanceMatch/results_AGNs/AGNprob_LERG_z6.00.txt                                                                                                                      
 /Users/sgayen/DATA/TRECS_Inputs/AbundanceMatch/results_AGNs/AGNprob_HERG_z6.00.txt                                                                                                                      
 ************************
 SFGs: Processing redshift   6.0000000000000000       Range   5.9000000953674316        6.0999999046325684     
 ************************
 volume=   22576656.392682310     
 /Users/sgayen/DATA/TRECS_Inputs/AbundanceMatch/results_LSFR/L2mh_z6.00.txt                                                                                                                              
 /Users/sgayen/DATA/TRECS_Inputs/results_SFR_Mstar/SFR2mstar_z6.00.txt                                                                                                                                   
 /Users/sgayen/DATA/TRECS_Inputs/SFRF/SFRF_z6.00.dat                                                                                                                                                     
 number of UVgal     galaxies for Mpc**3   5.2906132969976763E-128
 number of spheroids galaxies for Mpc**3   2.1100718143532827E-010
 number of lens_sphergalaxies for Mpc**3   1.8013203661776928E-009
 ************************
 AGNs: Processing redshift   6.1999998092651367       Range   6.0999999046325684        6.2999999523162842     
 ************************
 /Users/sgayen/DATA/TRECS_Inputs/AbundanceMatch/results_AGNs/AGNprob_LERG_z6.20.txt                                                                                                                      
 /Users/sgayen/DATA/TRECS_Inputs/AbundanceMatch/results_AGNs/AGNprob_HERG_z6.20.txt                                                                                                                      
 resize final flux 
 /Users/sgayen/DATA/TRECS_Inputs/LF/AGN_sizes_new.dat                                                                                                                                                    
 sizes minmax   4.13209534       28.3123226    
 sizes ends
 dark mass starts
 dark mass ends
 coordinates
 -0.154772401       1.32646894    
  -1.02387941      0.302059650    
 ************************
 SFGs: Processing redshift   6.1999998092651367       Range   6.0999999046325684        6.2999999523162842     
 ************************
 volume=   22078404.650322348     
 /Users/sgayen/DATA/TRECS_Inputs/AbundanceMatch/results_LSFR/L2mh_z6.20.txt                                                                                                                              
 /Users/sgayen/DATA/TRECS_Inputs/results_SFR_Mstar/SFR2mstar_z6.20.txt                                                                                                                                   
 /Users/sgayen/DATA/TRECS_Inputs/SFRF/SFRF_z6.20.dat                                                                                                                                                     
 number of UVgal     galaxies for Mpc**3   5.2083313926869698E-128
 number of spheroids galaxies for Mpc**3   1.3801042842915098E-010
 number of lens_sphergalaxies for Mpc**3   1.0490893561931215E-009
 done
 ************************
 AGNs: Processing redshift   6.4000000953674316       Range   6.2999999523162842        6.5000000000000000     
 ************************
 /Users/sgayen/DATA/TRECS_Inputs/AbundanceMatch/results_AGNs/AGNprob_LERG_z6.40.txt                                                                                                                      
 /Users/sgayen/DATA/TRECS_Inputs/AbundanceMatch/results_AGNs/AGNprob_HERG_z6.40.txt                                                                                                                      
 ************************
 SFGs: Processing redshift   6.4000000953674316       Range   6.2999999523162842        6.5000000000000000     
 ************************
 volume=   21594402.405430250     
 /Users/sgayen/DATA/TRECS_Inputs/AbundanceMatch/results_LSFR/L2mh_z6.40.txt                                                                                                                              
 /Users/sgayen/DATA/TRECS_Inputs/results_SFR_Mstar/SFR2mstar_z6.40.txt                                                                                                                                   
 /Users/sgayen/DATA/TRECS_Inputs/SFRF/SFRF_z6.40.dat                                                                                                                                                     
 number of UVgal     galaxies for Mpc**3   5.2083313926869698E-128
 number of spheroids galaxies for Mpc**3   4.2623908861675160E-011
 number of lens_sphergalaxies for Mpc**3   8.4961687030203210E-010
 ************************
 AGNs: Processing redshift   6.5999999046325684       Range   6.5000000000000000        6.7000000476837158     
 ************************
 /Users/sgayen/DATA/TRECS_Inputs/AbundanceMatch/results_AGNs/AGNprob_LERG_z6.60.txt                                                                                                                      
 /Users/sgayen/DATA/TRECS_Inputs/AbundanceMatch/results_AGNs/AGNprob_HERG_z6.60.txt                                                                                                                      
 resize final flux 
 /Users/sgayen/DATA/TRECS_Inputs/LF/AGN_sizes_new.dat                                                                                                                                                    
 sizes minmax   18.1220360       18.1220360    
 sizes ends
 dark mass starts
 dark mass ends
 coordinates
  0.979661942      0.979661942    
   1.18169594       1.18169594    
 ************************
 SFGs: Processing redshift   6.5999999046325684       Range   6.5000000000000000        6.7000000476837158     
 ************************
 volume=   21124605.894031446     
 /Users/sgayen/DATA/TRECS_Inputs/AbundanceMatch/results_LSFR/L2mh_z6.60.txt                                                                                                                              
 /Users/sgayen/DATA/TRECS_Inputs/results_SFR_Mstar/SFR2mstar_z6.60.txt                                                                                                                                   
 /Users/sgayen/DATA/TRECS_Inputs/SFRF/SFRF_z6.60.dat                                                                                                                                                     
 number of UVgal     galaxies for Mpc**3   5.2083313926869698E-128
 number of spheroids galaxies for Mpc**3   2.7339480128108314E-011
 number of lens_sphergalaxies for Mpc**3   6.8212822969354796E-010
 done
 ************************
 AGNs: Processing redshift   6.8000001907348633       Range   6.7000000476837158        6.9000000953674316     
 ************************
 /Users/sgayen/DATA/TRECS_Inputs/AbundanceMatch/results_AGNs/AGNprob_LERG_z6.80.txt                                                                                                                      
 /Users/sgayen/DATA/TRECS_Inputs/AbundanceMatch/results_AGNs/AGNprob_HERG_z6.80.txt                                                                                                                      
 ************************
 SFGs: Processing redshift   6.8000001907348633       Range   6.7000000476837158        6.9000000953674316     
 ************************
 volume=   20668849.635293100     
 /Users/sgayen/DATA/TRECS_Inputs/AbundanceMatch/results_LSFR/L2mh_z6.80.txt                                                                                                                              
 /Users/sgayen/DATA/TRECS_Inputs/results_SFR_Mstar/SFR2mstar_z6.80.txt                                                                                                                                   
 /Users/sgayen/DATA/TRECS_Inputs/SFRF/SFRF_z6.80.dat                                                                                                                                                     
 number of UVgal     galaxies for Mpc**3   5.1259611919554577E-128
 number of spheroids galaxies for Mpc**3   7.5188992193201827E-012
 number of lens_sphergalaxies for Mpc**3   5.4128276721849171E-010
 ************************
 AGNs: Processing redshift   7.0000000000000000       Range   6.9000000953674316        7.0999999046325684     
 ************************
 /Users/sgayen/DATA/TRECS_Inputs/AbundanceMatch/results_AGNs/AGNprob_LERG_z7.00.txt                                                                                                                      
 /Users/sgayen/DATA/TRECS_Inputs/AbundanceMatch/results_AGNs/AGNprob_HERG_z7.00.txt                                                                                                                      
 ************************
 SFGs: Processing redshift   7.0000000000000000       Range   6.9000000953674316        7.0999999046325684     
 ************************
 volume=   20226872.901359402     
 /Users/sgayen/DATA/TRECS_Inputs/AbundanceMatch/results_LSFR/L2mh_z7.00.txt                                                                                                                              
 /Users/sgayen/DATA/TRECS_Inputs/results_SFR_Mstar/SFR2mstar_z7.00.txt                                                                                                                                   
 /Users/sgayen/DATA/TRECS_Inputs/SFRF/SFRF_z7.00.dat                                                                                                                                                     
 number of UVgal     galaxies for Mpc**3   5.1259611919554577E-128
 number of spheroids galaxies for Mpc**3   4.5453502939089320E-012
 number of lens_sphergalaxies for Mpc**3   3.0225655528384429E-010
 ************************
 AGNs: Processing redshift   7.1999998092651367       Range   7.0999999046325684        7.2999999523162842     
 ************************
 /Users/sgayen/DATA/TRECS_Inputs/AbundanceMatch/results_AGNs/AGNprob_LERG_z7.20.txt                                                                                                                      
 /Users/sgayen/DATA/TRECS_Inputs/AbundanceMatch/results_AGNs/AGNprob_HERG_z7.20.txt                                                                                                                      
 resize final flux 
 /Users/sgayen/DATA/TRECS_Inputs/LF/AGN_sizes_new.dat                                                                                                                                                    
 sizes minmax   25.2519627       25.2519627    
 sizes ends
 dark mass starts
 dark mass ends
 coordinates
   1.26259565       1.26259565    
  -5.08831739E-02  -5.08831739E-02
 ************************
 SFGs: Processing redshift   7.1999998092651367       Range   7.0999999046325684        7.2999999523162842     
 ************************
 volume=   19798457.812824693     
 /Users/sgayen/DATA/TRECS_Inputs/AbundanceMatch/results_LSFR/L2mh_z7.20.txt                                                                                                                              
 /Users/sgayen/DATA/TRECS_Inputs/results_SFR_Mstar/SFR2mstar_z7.20.txt                                                                                                                                   
 /Users/sgayen/DATA/TRECS_Inputs/SFRF/SFRF_z7.20.dat                                                                                                                                                     
 number of UVgal     galaxies for Mpc**3   5.1259611919554577E-128
 number of spheroids galaxies for Mpc**3   2.7130155385069586E-012
 number of lens_sphergalaxies for Mpc**3   2.3386585122278714E-010
 done
 ************************
 AGNs: Processing redshift   7.4000000953674316       Range   7.2999999523162842        7.5000000000000000     
 ************************
 /Users/sgayen/DATA/TRECS_Inputs/AbundanceMatch/results_AGNs/AGNprob_LERG_z7.40.txt                                                                                                                      
 /Users/sgayen/DATA/TRECS_Inputs/AbundanceMatch/results_AGNs/AGNprob_HERG_z7.40.txt                                                                                                                      
 resize final flux 
 /Users/sgayen/DATA/TRECS_Inputs/LF/AGN_sizes_new.dat                                                                                                                                                    
 sizes minmax   33.7569389       33.7569389    
 sizes ends
 dark mass starts
 dark mass ends
 coordinates
  0.622552633      0.622552633    
   1.74335849       1.74335849    
 ************************
 SFGs: Processing redshift   7.4000000953674316       Range   7.2999999523162842        7.5000000000000000     
 ************************
 volume=   19383203.291014429     
 /Users/sgayen/DATA/TRECS_Inputs/AbundanceMatch/results_LSFR/L2mh_z7.40.txt                                                                                                                              
 /Users/sgayen/DATA/TRECS_Inputs/results_SFR_Mstar/SFR2mstar_z7.40.txt                                                                                                                                   
 /Users/sgayen/DATA/TRECS_Inputs/SFRF/SFRF_z7.40.dat                                                                                                                                                     
 number of UVgal     galaxies for Mpc**3   5.0435035835625444E-128
 number of spheroids galaxies for Mpc**3   1.5821618157104562E-012
 number of lens_sphergalaxies for Mpc**3   1.7886238703035513E-010
 done
 ************************
 AGNs: Processing redshift   7.5999999046325684       Range   7.5000000000000000        7.7000000476837158     
 ************************
 /Users/sgayen/DATA/TRECS_Inputs/AbundanceMatch/results_AGNs/AGNprob_LERG_z7.60.txt                                                                                                                      
 /Users/sgayen/DATA/TRECS_Inputs/AbundanceMatch/results_AGNs/AGNprob_HERG_z7.60.txt                                                                                                                      
 ************************
 SFGs: Processing redshift   7.5999999046325684       Range   7.5000000000000000        7.7000000476837158     
 ************************
 volume=   18980778.165335458     
 /Users/sgayen/DATA/TRECS_Inputs/AbundanceMatch/results_LSFR/L2mh_z7.60.txt                                                                                                                              
 /Users/sgayen/DATA/TRECS_Inputs/results_SFR_Mstar/SFR2mstar_z7.60.txt                                                                                                                                   
 /Users/sgayen/DATA/TRECS_Inputs/SFRF/SFRF_z7.60.dat                                                                                                                                                     
 number of UVgal     galaxies for Mpc**3   5.0435035835625444E-128
 number of spheroids galaxies for Mpc**3   3.5795423030629595E-013
 number of lens_sphergalaxies for Mpc**3   9.3974378343614090E-011
 ************************
 AGNs: Processing redshift   7.8000001907348633       Range   7.7000000476837158        7.9000000953674316     
 ************************
 /Users/sgayen/DATA/TRECS_Inputs/AbundanceMatch/results_AGNs/AGNprob_LERG_z7.80.txt                                                                                                                      
 /Users/sgayen/DATA/TRECS_Inputs/AbundanceMatch/results_AGNs/AGNprob_HERG_z7.80.txt                                                                                                                      
 ************************
 SFGs: Processing redshift   7.8000001907348633       Range   7.7000000476837158        7.9000000953674316     
 ************************
 volume=   18590808.934816997     
 /Users/sgayen/DATA/TRECS_Inputs/AbundanceMatch/results_LSFR/L2mh_z7.80.txt                                                                                                                              
 /Users/sgayen/DATA/TRECS_Inputs/results_SFR_Mstar/SFR2mstar_z7.80.txt                                                                                                                                   
 /Users/sgayen/DATA/TRECS_Inputs/SFRF/SFRF_z7.80.dat                                                                                                                                                     
 number of UVgal     galaxies for Mpc**3   5.1259611919554577E-128
 number of spheroids galaxies for Mpc**3   5.2070534769268384E-013
 number of lens_sphergalaxies for Mpc**3   7.0351558570973841E-011
 ************************
 AGNs: Processing redshift   8.0000000000000000       Range   7.9000000953674316        8.0999999046325684     
 ************************
 /Users/sgayen/DATA/TRECS_Inputs/AbundanceMatch/results_AGNs/AGNprob_LERG_z8.00.txt                                                                                                                      
 /Users/sgayen/DATA/TRECS_Inputs/AbundanceMatch/results_AGNs/AGNprob_HERG_z8.00.txt                                                                                                                      
 ************************
 SFGs: Processing redshift   8.0000000000000000       Range   7.9000000953674316        8.0999999046325684     
 ************************
 volume=   18212889.818865974     
 /Users/sgayen/DATA/TRECS_Inputs/AbundanceMatch/results_LSFR/L2mh_z8.00.txt                                                                                                                              
 /Users/sgayen/DATA/TRECS_Inputs/results_SFR_Mstar/SFR2mstar_z8.00.txt                                                                                                                                   
 /Users/sgayen/DATA/TRECS_Inputs/SFRF/SFRF_z8.00.dat                                                                                                                                                     
 number of UVgal     galaxies for Mpc**3   5.1259611919554577E-128
 number of spheroids galaxies for Mpc**3   1.0958860015096698E-013
 number of lens_sphergalaxies for Mpc**3   7.6206298323463081E-011
 Total clock time [m]:   5.63333370E-02
                T-RECS > Normal completion


2026-09-16 19:19:54,188 [INFO] Running wrapper: /opt/homebrew/bin/trecs -w continuum -p /Users/sgayen/Documents/Work/PSModel/workdir/trecs_tmp_1789566590/parameter_file.ini
=== WRAPPER OUTPUT ===
 Number of files =           49
 number of columns in file          32
 total number of rows                40622
 copying catalogue/Users/sgayen/Documents/Work/PSModel/workdir/trecs_tmp_1789566590/output/raw_continuum/catalogue_continuum_z0.01.fits
 copying catalogue/Users/sgayen/Documents/Work/PSModel/workdir/trecs_tmp_1789566590/output/raw_continuum/catalogue_continuum_z0.02.fits
 copying catalogue/Users/sgayen/Documents/Work/PSModel/workdir/trecs_tmp_1789566590/output/raw_continuum/catalogue_continuum_z0.05.fits
 copying catalogue/Users/sgayen/Documents/Work/PSModel/workdir/trecs_tmp_1789566590/output/raw_continuum/catalogue_continuum_z0.10.fits
 copying catalogue/Users/sgayen/Documents/Work/PSModel/workdir/trecs_tmp_1789566590/output/raw_continuum/catalogue_continuum_z0.15.fits
 copying catalogue/Users/sgayen/Documents/Work/PSModel/workdir/trecs_tmp_1789566590/output/raw_continuum/catalogue_continuum_z0.20.fits
 copying catalogue/Users/sgayen/Documents/Work/PSModel/workdir/trecs_tmp_1789566590/output/raw_continuum/catalogue_continuum_z0.25.fits
 copying catalogue/Users/sgayen/Documents/Work/PSModel/workdir/trecs_tmp_1789566590/output/raw_continuum/catalogue_continuum_z0.30.fits
 copying catalogue/Users/sgayen/Documents/Work/PSModel/workdir/trecs_tmp_1789566590/output/raw_continuum/catalogue_continuum_z0.35.fits
 copying catalogue/Users/sgayen/Documents/Work/PSModel/workdir/trecs_tmp_1789566590/output/raw_continuum/catalogue_continuum_z0.40.fits
 copying catalogue/Users/sgayen/Documents/Work/PSModel/workdir/trecs_tmp_1789566590/output/raw_continuum/catalogue_continuum_z0.45.fits
 copying catalogue/Users/sgayen/Documents/Work/PSModel/workdir/trecs_tmp_1789566590/output/raw_continuum/catalogue_continuum_z0.50.fits
 copying catalogue/Users/sgayen/Documents/Work/PSModel/workdir/trecs_tmp_1789566590/output/raw_continuum/catalogue_continuum_z0.55.fits
 copying catalogue/Users/sgayen/Documents/Work/PSModel/workdir/trecs_tmp_1789566590/output/raw_continuum/catalogue_continuum_z0.60.fits
 copying catalogue/Users/sgayen/Documents/Work/PSModel/workdir/trecs_tmp_1789566590/output/raw_continuum/catalogue_continuum_z0.65.fits
 copying catalogue/Users/sgayen/Documents/Work/PSModel/workdir/trecs_tmp_1789566590/output/raw_continuum/catalogue_continuum_z0.70.fits
 copying catalogue/Users/sgayen/Documents/Work/PSModel/workdir/trecs_tmp_1789566590/output/raw_continuum/catalogue_continuum_z0.75.fits
 copying catalogue/Users/sgayen/Documents/Work/PSModel/workdir/trecs_tmp_1789566590/output/raw_continuum/catalogue_continuum_z0.80.fits
 copying catalogue/Users/sgayen/Documents/Work/PSModel/workdir/trecs_tmp_1789566590/output/raw_continuum/catalogue_continuum_z0.85.fits
 copying catalogue/Users/sgayen/Documents/Work/PSModel/workdir/trecs_tmp_1789566590/output/raw_continuum/catalogue_continuum_z0.90.fits
 copying catalogue/Users/sgayen/Documents/Work/PSModel/workdir/trecs_tmp_1789566590/output/raw_continuum/catalogue_continuum_z0.95.fits
 copying catalogue/Users/sgayen/Documents/Work/PSModel/workdir/trecs_tmp_1789566590/output/raw_continuum/catalogue_continuum_z1.00.fits
 copying catalogue/Users/sgayen/Documents/Work/PSModel/workdir/trecs_tmp_1789566590/output/raw_continuum/catalogue_continuum_z1.20.fits
 copying catalogue/Users/sgayen/Documents/Work/PSModel/workdir/trecs_tmp_1789566590/output/raw_continuum/catalogue_continuum_z1.40.fits
 copying catalogue/Users/sgayen/Documents/Work/PSModel/workdir/trecs_tmp_1789566590/output/raw_continuum/catalogue_continuum_z1.60.fits
 copying catalogue/Users/sgayen/Documents/Work/PSModel/workdir/trecs_tmp_1789566590/output/raw_continuum/catalogue_continuum_z1.80.fits
 copying catalogue/Users/sgayen/Documents/Work/PSModel/workdir/trecs_tmp_1789566590/output/raw_continuum/catalogue_continuum_z2.00.fits
 copying catalogue/Users/sgayen/Documents/Work/PSModel/workdir/trecs_tmp_1789566590/output/raw_continuum/catalogue_continuum_z2.20.fits
 copying catalogue/Users/sgayen/Documents/Work/PSModel/workdir/trecs_tmp_1789566590/output/raw_continuum/catalogue_continuum_z2.40.fits
 copying catalogue/Users/sgayen/Documents/Work/PSModel/workdir/trecs_tmp_1789566590/output/raw_continuum/catalogue_continuum_z2.60.fits
 copying catalogue/Users/sgayen/Documents/Work/PSModel/workdir/trecs_tmp_1789566590/output/raw_continuum/catalogue_continuum_z2.80.fits
 copying catalogue/Users/sgayen/Documents/Work/PSModel/workdir/trecs_tmp_1789566590/output/raw_continuum/catalogue_continuum_z3.00.fits
 copying catalogue/Users/sgayen/Documents/Work/PSModel/workdir/trecs_tmp_1789566590/output/raw_continuum/catalogue_continuum_z3.20.fits
 copying catalogue/Users/sgayen/Documents/Work/PSModel/workdir/trecs_tmp_1789566590/output/raw_continuum/catalogue_continuum_z3.40.fits
 copying catalogue/Users/sgayen/Documents/Work/PSModel/workdir/trecs_tmp_1789566590/output/raw_continuum/catalogue_continuum_z3.60.fits
 copying catalogue/Users/sgayen/Documents/Work/PSModel/workdir/trecs_tmp_1789566590/output/raw_continuum/catalogue_continuum_z3.80.fits
 copying catalogue/Users/sgayen/Documents/Work/PSModel/workdir/trecs_tmp_1789566590/output/raw_continuum/catalogue_continuum_z4.00.fits
 copying catalogue/Users/sgayen/Documents/Work/PSModel/workdir/trecs_tmp_1789566590/output/raw_continuum/catalogue_continuum_z4.20.fits
 copying catalogue/Users/sgayen/Documents/Work/PSModel/workdir/trecs_tmp_1789566590/output/raw_continuum/catalogue_continuum_z4.40.fits
 copying catalogue/Users/sgayen/Documents/Work/PSModel/workdir/trecs_tmp_1789566590/output/raw_continuum/catalogue_continuum_z4.60.fits
 copying catalogue/Users/sgayen/Documents/Work/PSModel/workdir/trecs_tmp_1789566590/output/raw_continuum/catalogue_continuum_z4.80.fits
 copying catalogue/Users/sgayen/Documents/Work/PSModel/workdir/trecs_tmp_1789566590/output/raw_continuum/catalogue_continuum_z5.00.fits
 copying catalogue/Users/sgayen/Documents/Work/PSModel/workdir/trecs_tmp_1789566590/output/raw_continuum/catalogue_continuum_z5.20.fits
 copying catalogue/Users/sgayen/Documents/Work/PSModel/workdir/trecs_tmp_1789566590/output/raw_continuum/catalogue_continuum_z5.40.fits
 copying catalogue/Users/sgayen/Documents/Work/PSModel/workdir/trecs_tmp_1789566590/output/raw_continuum/catalogue_continuum_z5.80.fits
 copying catalogue/Users/sgayen/Documents/Work/PSModel/workdir/trecs_tmp_1789566590/output/raw_continuum/catalogue_continuum_z6.20.fits
 copying catalogue/Users/sgayen/Documents/Work/PSModel/workdir/trecs_tmp_1789566590/output/raw_continuum/catalogue_continuum_z6.60.fits
 copying catalogue/Users/sgayen/Documents/Work/PSModel/workdir/trecs_tmp_1789566590/output/raw_continuum/catalogue_continuum_z7.20.fits
 copying catalogue/Users/sgayen/Documents/Work/PSModel/workdir/trecs_tmp_1789566590/output/raw_continuum/catalogue_continuum_z7.40.fits
 Total clock time [m]:   2.63333344E-03
                Wrapper > Normal completion


2026-09-16 19:19:54,365 [INFO] T-RECS single master simulation finished in 3.57 seconds.
2026-09-16 19:19:54,366 [INFO] Processing master simulation catalogue...
2026-09-16 19:19:54,387 [INFO] Master simulation produced 40,622 sources across bounding box.
2026-09-16 19:19:54,390 [INFO] Sources within maximum 100.00 arcmin radius: 28,909
2026-09-16 19:19:54,398 [INFO] Saved 400.0 MHz catalogue: trecs-400-fov-46-mf-0.11-pbeffect_400MHz.csv (1,109 sources, FOV=46.00', min-flux=0.1100 mJy)
2026-09-16 19:19:54,413 [INFO] Saved 610.0 MHz catalogue: trecs-400-fov-46-mf-0.11-pbeffect_610MHz.csv (2,648 sources, FOV=100.00', min-flux=0.1400 mJy)
2026-09-16 19:19:54,416 [INFO] Cleaned up temporary simulation directory.
