2026-09-16 19:40:16,377 [INFO] Starting T-RECS simulation pipeline...
2026-09-16 19:40:16,377 [INFO] Execution run directory: /Users/sgayen/Documents/Work/PSModel/workdir/trecs_tmp_1789567816
2026-09-16 19:40:16,377 [INFO] Execution log written to: /Users/sgayen/Documents/Work/PSModel/workdir/logs/trecs-400-fov-46-mf-0.11-pbeffect_1789567816.log
2026-09-16 19:40:16,378 [INFO] Using T-RECS executable: /opt/homebrew/bin/trecs
2026-09-16 19:40:16,378 [INFO] Running sampler: /opt/homebrew/bin/trecs -c -p /Users/sgayen/Documents/Work/PSModel/workdir/trecs_tmp_1789567816/parameter_file.ini
=== SAMPLER OUTPUT ===
  
                T-RECS
  
 simulation area [square degrees]=   12.250000000000000     
 /Users/sgayen/DATA/TRECS_Inputs/alphaeff/alphascaling_1.4_4.8.txt                                                                                                                                       
 /Users/sgayen/DATA/TRECS_Inputs/alphaeff/alphascaling_4.8_20.txt                                                                                                                                        
 /Users/sgayen/DATA/TRECS_Inputs/alphaeff/alphascaling_1.4_0.150.txt                                                                                                                                     
 /Users/sgayen/DATA/TRECS_Inputs/AGN_polafraction/Polfrac_AGNs_1e4_hales.dat                                                                                                                             
 /Users/sgayen/Documents/Work/PSModel/workdir/trecs_tmp_1789567816/frequency_list.dat                                                                                                                    
 coordinates   1.75000000      -1.75000000    
 /Users/sgayen/DATA/TRECS_Inputs/LF/CharLum/Characteristic_Luminosity/z_bins.dat                                                                                                                         
 /Users/sgayen/DATA/TRECS_Inputs/LF/CharLum/Characteristic_Luminosity/luminosity_0.01000.dat                                                                                                             
 /Users/sgayen/DATA/TRECS_Inputs/LF/SEDdust.dat                                                                                                                                                          
 ************************
 AGNs: Processing redshift   9.9999997764825821E-003  Range   0.0000000000000000        1.4999999664723873E-002
 ************************
 /Users/sgayen/DATA/TRECS_Inputs/AbundanceMatch/results_AGNs/AGNprob_LERG_z0.01.txt                                                                                                                      
 /Users/sgayen/DATA/TRECS_Inputs/AbundanceMatch/results_AGNs/AGNprob_HERG_z0.01.txt                                                                                                                      
 resize final flux 
 /Users/sgayen/DATA/TRECS_Inputs/LF/AGN_sizes_new.dat                                                                                                                                                    
 sizes minmax   393.972748       393.972748    
 sizes ends
 dark mass starts
 herg/lerg samples:                    1                    0                    1
 dark mass ends
 coordinates
   1.07767820       1.07767820    
   4.63545322E-02   4.63545322E-02
 ************************
 SFGs: Processing redshift   9.9999997764825821E-003  Range   0.0000000000000000        1.4999999664723873E-002
 ************************
 volume=   372.02050360717544     
 /Users/sgayen/DATA/TRECS_Inputs/AbundanceMatch/results_LSFR/L2mh_z0.01.txt                                                                                                                              
 /Users/sgayen/DATA/TRECS_Inputs/results_SFR_Mstar/SFR2mstar_z0.01.txt                                                                                                                                   
 /Users/sgayen/DATA/TRECS_Inputs/SFRF/SFRF_z0.01.dat                                                                                                                                                     
 number of UVgal     galaxies for Mpc**3   5.3266062560473885E-002
 resize buffer
 Number of galaxies above flux limit                   23
 resize final flux 
 SFRs and flux generated
 number of spheroids galaxies for Mpc**3   8.7749999999999929E-128
 number of lens_sphergalaxies for Mpc**3   8.7749999999999929E-128
 done
 ************************
 AGNs: Processing redshift   1.9999999552965164E-002  Range   1.4999999664723873E-002   3.5000000149011612E-002
 ************************
 /Users/sgayen/DATA/TRECS_Inputs/AbundanceMatch/results_AGNs/AGNprob_LERG_z0.02.txt                                                                                                                      
 /Users/sgayen/DATA/TRECS_Inputs/AbundanceMatch/results_AGNs/AGNprob_HERG_z0.02.txt                                                                                                                      
 resize final flux 
 /Users/sgayen/DATA/TRECS_Inputs/LF/AGN_sizes_new.dat                                                                                                                                                    
 sizes minmax   20.9573631       173.757721    
 sizes ends
 dark mass starts
 herg/lerg samples:                    3                    0                    3
 dark mass ends
 coordinates
  -1.73954916      -4.04790640E-02
  -1.32287741       1.70670044    
 ************************
 SFGs: Processing redshift   1.9999999552965164E-002  Range   1.4999999664723873E-002   3.5000000149011612E-002
 ************************
 volume=   4285.4491282955105     
 /Users/sgayen/DATA/TRECS_Inputs/AbundanceMatch/results_LSFR/L2mh_z0.02.txt                                                                                                                              
 /Users/sgayen/DATA/TRECS_Inputs/results_SFR_Mstar/SFR2mstar_z0.02.txt                                                                                                                                   
 /Users/sgayen/DATA/TRECS_Inputs/SFRF/SFRF_z0.02.dat                                                                                                                                                     
 number of UVgal     galaxies for Mpc**3   3.0739181116889499E-002
 resize buffer
 Number of galaxies above flux limit                  136
 resize final flux 
 SFRs and flux generated
 number of spheroids galaxies for Mpc**3   8.2749999999999896E-128
 number of lens_sphergalaxies for Mpc**3   8.2749999999999896E-128
 done
 ************************
 AGNs: Processing redshift   5.0000000745058060E-002  Range   3.5000000149011612E-002   7.5000001117587090E-002
 ************************
 /Users/sgayen/DATA/TRECS_Inputs/AbundanceMatch/results_AGNs/AGNprob_LERG_z0.05.txt                                                                                                                      
 /Users/sgayen/DATA/TRECS_Inputs/AbundanceMatch/results_AGNs/AGNprob_HERG_z0.05.txt                                                                                                                      
 resize final flux 
 /Users/sgayen/DATA/TRECS_Inputs/LF/AGN_sizes_new.dat                                                                                                                                                    
 sizes minmax   18.9182644       18.9182644    
 sizes ends
 dark mass starts
 dark mass ends
 coordinates
  -1.69200718      -1.69200718    
  -5.89891672E-02  -5.89891672E-02
 resize final flux 
 /Users/sgayen/DATA/TRECS_Inputs/LF/AGN_sizes_new.dat                                                                                                                                                    
 sizes minmax   2.15248585       587.825195    
 sizes ends
 dark mass starts
 herg/lerg samples:                   16                    0                   16
 dark mass ends
 coordinates
  -1.56161118       1.73034251    
  -1.35394537       1.44304621    
 ************************
 SFGs: Processing redshift   5.0000000745058060E-002  Range   3.5000000149011612E-002   7.5000001117587090E-002
 ************************
 volume=   39828.612167346553     
 /Users/sgayen/DATA/TRECS_Inputs/AbundanceMatch/results_LSFR/L2mh_z0.05.txt                                                                                                                              
 /Users/sgayen/DATA/TRECS_Inputs/results_SFR_Mstar/SFR2mstar_z0.05.txt                                                                                                                                   
 /Users/sgayen/DATA/TRECS_Inputs/SFRF/SFRF_z0.05.dat                                                                                                                                                     
 number of UVgal     galaxies for Mpc**3   1.4419892115128832E-002
 resize buffer
 Number of galaxies above flux limit                  541
 resize final flux 
 SFRs and flux generated
 number of spheroids galaxies for Mpc**3   7.5249999999999852E-128
 number of lens_sphergalaxies for Mpc**3   7.5249999999999852E-128
 done
 ************************
 AGNs: Processing redshift  0.10000000149011612       Range   7.5000001117587090E-002  0.12500000372529030     
 ************************
 /Users/sgayen/DATA/TRECS_Inputs/AbundanceMatch/results_AGNs/AGNprob_LERG_z0.10.txt                                                                                                                      
 /Users/sgayen/DATA/TRECS_Inputs/AbundanceMatch/results_AGNs/AGNprob_HERG_z0.10.txt                                                                                                                      
 resize final flux 
 /Users/sgayen/DATA/TRECS_Inputs/LF/AGN_sizes_new.dat                                                                                                                                                    
 sizes minmax   1.77960515       1.77960515    
 sizes ends
 dark mass starts
 dark mass ends
 coordinates
 -0.272903442     -0.272903442    
  -1.67480469      -1.67480469    
 resize final flux 
 /Users/sgayen/DATA/TRECS_Inputs/LF/AGN_sizes_new.dat                                                                                                                                                    
 sizes minmax   5.78213310       5.78213310    
 sizes ends
 dark mass starts
 dark mass ends
 coordinates
  0.985181093      0.985181093    
 -0.553373814     -0.553373814    
 resize final flux 
 /Users/sgayen/DATA/TRECS_Inputs/LF/AGN_sizes_new.dat                                                                                                                                                    
 sizes minmax   0.00000000       1293.69812    
 sizes ends
 dark mass starts
 herg/lerg samples:                   31                    0                   31
 dark mass ends
 coordinates
  -1.69054270       1.71009421    
  -1.67089605       1.70636582    
 ************************
 SFGs: Processing redshift  0.10000000149011612       Range   7.5000001117587090E-002  0.12500000372529030     
 ************************
 volume=   153791.86922697446     
 /Users/sgayen/DATA/TRECS_Inputs/AbundanceMatch/results_LSFR/L2mh_z0.10.txt                                                                                                                              
 /Users/sgayen/DATA/TRECS_Inputs/results_SFR_Mstar/SFR2mstar_z0.10.txt                                                                                                                                   
 /Users/sgayen/DATA/TRECS_Inputs/SFRF/SFRF_z0.10.dat                                                                                                                                                     
 number of UVgal     galaxies for Mpc**3   7.1403248091039357E-003
 resize buffer
 Number of galaxies above flux limit                 1061
 resize final flux 
 SFRs and flux generated
 number of spheroids galaxies for Mpc**3   6.9249999999999857E-128
 number of lens_sphergalaxies for Mpc**3   6.9249999999999857E-128
 done
 ************************
 AGNs: Processing redshift  0.15000000596046448       Range  0.12500000372529030       0.17500000447034836     
 ************************
 /Users/sgayen/DATA/TRECS_Inputs/AbundanceMatch/results_AGNs/AGNprob_LERG_z0.15.txt                                                                                                                      
 /Users/sgayen/DATA/TRECS_Inputs/AbundanceMatch/results_AGNs/AGNprob_HERG_z0.15.txt                                                                                                                      
 resize final flux 
 /Users/sgayen/DATA/TRECS_Inputs/LF/AGN_sizes_new.dat                                                                                                                                                    
 sizes minmax   6.51729679       23.8220329    
 sizes ends
 dark mass starts
 dark mass ends
 coordinates
  -1.55476773      0.868275881    
 -0.602473736       1.61491263    
 resize final flux 
 /Users/sgayen/DATA/TRECS_Inputs/LF/AGN_sizes_new.dat                                                                                                                                                    
 sizes minmax   0.00000000       27.8209896    
 sizes ends
 dark mass starts
 dark mass ends
 coordinates
  -1.43640804       1.60143268    
  -1.42634857       1.29298353    
 resize final flux 
 /Users/sgayen/DATA/TRECS_Inputs/LF/AGN_sizes_new.dat                                                                                                                                                    
 sizes minmax   1.07301354       1173.31763    
 sizes ends
 dark mass starts
 herg/lerg samples:                   55                    1                   54
 dark mass ends
 coordinates
  -1.69134796       1.68563271    
  -1.66899765       1.72127938    
 ************************
 SFGs: Processing redshift  0.15000000596046448       Range  0.12500000372529030       0.17500000447034836     
 ************************
 volume=   325084.61886699841     
 /Users/sgayen/DATA/TRECS_Inputs/AbundanceMatch/results_LSFR/L2mh_z0.15.txt                                                                                                                              
 /Users/sgayen/DATA/TRECS_Inputs/results_SFR_Mstar/SFR2mstar_z0.15.txt                                                                                                                                   
 /Users/sgayen/DATA/TRECS_Inputs/SFRF/SFRF_z0.15.dat                                                                                                                                                     
 number of UVgal     galaxies for Mpc**3   4.4320472159777554E-003
 resize buffer
 Number of galaxies above flux limit                 1393
 resize final flux 
 SFRs and flux generated
 number of spheroids galaxies for Mpc**3   6.5749999999999864E-128
 number of lens_sphergalaxies for Mpc**3   6.5749999999999864E-128
 done
 ************************
 AGNs: Processing redshift  0.20000000298023224       Range  0.17500000447034836       0.22500000149011612     
 ************************
 /Users/sgayen/DATA/TRECS_Inputs/AbundanceMatch/results_AGNs/AGNprob_LERG_z0.20.txt                                                                                                                      
 /Users/sgayen/DATA/TRECS_Inputs/AbundanceMatch/results_AGNs/AGNprob_HERG_z0.20.txt                                                                                                                      
 resize final flux 
 /Users/sgayen/DATA/TRECS_Inputs/LF/AGN_sizes_new.dat                                                                                                                                                    
 sizes minmax   1.36793017       28.1582298    
 sizes ends
 dark mass starts
 dark mass ends
 coordinates
  -1.23849046       1.49895787    
  -1.39942288       1.65052176    
 resize final flux 
 /Users/sgayen/DATA/TRECS_Inputs/LF/AGN_sizes_new.dat                                                                                                                                                    
 sizes minmax   2.47234464       151.023529    
 sizes ends
 dark mass starts
 dark mass ends
 coordinates
  -1.43644726       1.05390179    
  -1.67571926      0.643648744    
 resize final flux 
 /Users/sgayen/DATA/TRECS_Inputs/LF/AGN_sizes_new.dat                                                                                                                                                    
 sizes minmax   5.00956917       1202.52832    
 sizes ends
 dark mass starts
 herg/lerg samples:                   53                    2                   51
 dark mass ends
 coordinates
  -1.64084864       1.71954787    
  -1.73652005       1.73825490    
 ************************
 SFGs: Processing redshift  0.20000000298023224       Range  0.17500000447034836       0.22500000149011612     
 ************************
 volume=   545858.10231192154     
 /Users/sgayen/DATA/TRECS_Inputs/AbundanceMatch/results_LSFR/L2mh_z0.20.txt                                                                                                                              
 /Users/sgayen/DATA/TRECS_Inputs/results_SFR_Mstar/SFR2mstar_z0.20.txt                                                                                                                                   
 /Users/sgayen/DATA/TRECS_Inputs/SFRF/SFRF_z0.20.dat                                                                                                                                                     
 number of UVgal     galaxies for Mpc**3   3.0297589138146004E-003
 resize buffer
 Number of galaxies above flux limit                 1559
 resize final flux 
 SFRs and flux generated
 number of spheroids galaxies for Mpc**3   6.3249999999999873E-128
 number of lens_sphergalaxies for Mpc**3   6.3249999999999873E-128
 done
 ************************
 AGNs: Processing redshift  0.25000000000000000       Range  0.22500000149011612       0.27500000596046448     
 ************************
 /Users/sgayen/DATA/TRECS_Inputs/AbundanceMatch/results_AGNs/AGNprob_LERG_z0.25.txt                                                                                                                      
 /Users/sgayen/DATA/TRECS_Inputs/AbundanceMatch/results_AGNs/AGNprob_HERG_z0.25.txt                                                                                                                      
 resize final flux 
 /Users/sgayen/DATA/TRECS_Inputs/LF/AGN_sizes_new.dat                                                                                                                                                    
 sizes minmax   10.2941027       17.4835949    
 sizes ends
 dark mass starts
 dark mass ends
 coordinates
 -0.912444115      0.755337715    
  -1.65306604       1.55571485    
 resize final flux 
 /Users/sgayen/DATA/TRECS_Inputs/LF/AGN_sizes_new.dat                                                                                                                                                    
 sizes minmax   29.2404900       29.2404900    
 sizes ends
 dark mass starts
 dark mass ends
 coordinates
  0.215826869      0.215826869    
   1.40614700       1.40614700    
 resize final flux 
 /Users/sgayen/DATA/TRECS_Inputs/LF/AGN_sizes_new.dat                                                                                                                                                    
 sizes minmax   0.00000000       890.630737    
 sizes ends
 dark mass starts
 herg/lerg samples:                   80                    4                   76
 dark mass ends
 coordinates
  -1.69802868       1.72149050    
  -1.62547612       1.74401855    
 ************************
 SFGs: Processing redshift  0.25000000000000000       Range  0.22500000149011612       0.27500000596046448     
 ************************
 volume=   806127.55780793156     
 /Users/sgayen/DATA/TRECS_Inputs/AbundanceMatch/results_LSFR/L2mh_z0.25.txt                                                                                                                              
 /Users/sgayen/DATA/TRECS_Inputs/results_SFR_Mstar/SFR2mstar_z0.25.txt                                                                                                                                   
 /Users/sgayen/DATA/TRECS_Inputs/SFRF/SFRF_z0.25.dat                                                                                                                                                     
 number of UVgal     galaxies for Mpc**3   2.1710781771964410E-003
 resize buffer
 Number of galaxies above flux limit                 1592
 resize final flux 
 SFRs and flux generated
 number of spheroids galaxies for Mpc**3   6.1249999999999878E-128
 number of lens_sphergalaxies for Mpc**3   6.1249999999999878E-128
 done
 ************************
 AGNs: Processing redshift  0.30000001192092896       Range  0.27500000596046448       0.32500000298023224     
 ************************
 /Users/sgayen/DATA/TRECS_Inputs/AbundanceMatch/results_AGNs/AGNprob_LERG_z0.30.txt                                                                                                                      
 /Users/sgayen/DATA/TRECS_Inputs/AbundanceMatch/results_AGNs/AGNprob_HERG_z0.30.txt                                                                                                                      
 resize final flux 
 /Users/sgayen/DATA/TRECS_Inputs/LF/AGN_sizes_new.dat                                                                                                                                                    
 sizes minmax   2.12726831       31.1743031    
 sizes ends
 dark mass starts
 dark mass ends
 coordinates
  -1.37352943       1.68537486    
 -0.775440812       1.26463175    
 resize final flux 
 /Users/sgayen/DATA/TRECS_Inputs/LF/AGN_sizes_new.dat                                                                                                                                                    
 sizes minmax   4.99039268       31.0602646    
 sizes ends
 dark mass starts
 dark mass ends
 coordinates
 -0.447345853       1.60467124    
  -1.27765357       1.57518876    
 resize final flux 
 /Users/sgayen/DATA/TRECS_Inputs/LF/AGN_sizes_new.dat                                                                                                                                                    
 sizes minmax   2.63875365       1088.59167    
 sizes ends
 dark mass starts
 herg/lerg samples:                   78                    6                   72
 dark mass ends
 coordinates
  -1.74184394       1.66719520    
  -1.63849545       1.74992406    
 ************************
 SFGs: Processing redshift  0.30000001192092896       Range  0.27500000596046448       0.32500000298023224     
 ************************
 volume=   1096825.9276870464     
 /Users/sgayen/DATA/TRECS_Inputs/AbundanceMatch/results_LSFR/L2mh_z0.30.txt                                                                                                                              
 /Users/sgayen/DATA/TRECS_Inputs/results_SFR_Mstar/SFR2mstar_z0.30.txt                                                                                                                                   
 /Users/sgayen/DATA/TRECS_Inputs/SFRF/SFRF_z0.30.dat                                                                                                                                                     
 number of UVgal     galaxies for Mpc**3   1.6818198789588096E-003
 resize buffer
 Number of galaxies above flux limit                 1721
 resize final flux 
 SFRs and flux generated
 number of spheroids galaxies for Mpc**3   5.9249999999999883E-128
 number of lens_sphergalaxies for Mpc**3   5.9249999999999883E-128
 done
 ************************
 AGNs: Processing redshift  0.34999999403953552       Range  0.32500000298023224       0.37500000000000000     
 ************************
 /Users/sgayen/DATA/TRECS_Inputs/AbundanceMatch/results_AGNs/AGNprob_LERG_z0.35.txt                                                                                                                      
 /Users/sgayen/DATA/TRECS_Inputs/AbundanceMatch/results_AGNs/AGNprob_HERG_z0.35.txt                                                                                                                      
 resize final flux 
 /Users/sgayen/DATA/TRECS_Inputs/LF/AGN_sizes_new.dat                                                                                                                                                    
 sizes minmax  0.670409203       33.9558258    
 sizes ends
 dark mass starts
 dark mass ends
 coordinates
  -1.69502711       1.70388162    
  -1.70741558       1.69139218    
 resize final flux 
 /Users/sgayen/DATA/TRECS_Inputs/LF/AGN_sizes_new.dat                                                                                                                                                    
 sizes minmax   2.00093865       33.5001755    
 sizes ends
 dark mass starts
 dark mass ends
 coordinates
  -1.70296371       1.27385509    
  -1.47067034       1.30084419    
 resize final flux 
 /Users/sgayen/DATA/TRECS_Inputs/LF/AGN_sizes_new.dat                                                                                                                                                    
 sizes minmax   0.00000000       1392.78674    
 sizes ends
 dark mass starts
 herg/lerg samples:                   99                    2                   97
 dark mass ends
 coordinates
  -1.70068979       1.74582851    
  -1.70929480       1.72951055    
 ************************
 SFGs: Processing redshift  0.34999999403953552       Range  0.32500000298023224       0.37500000000000000     
 ************************
 volume=   1409860.9499483982     
 /Users/sgayen/DATA/TRECS_Inputs/AbundanceMatch/results_LSFR/L2mh_z0.35.txt                                                                                                                              
 /Users/sgayen/DATA/TRECS_Inputs/results_SFR_Mstar/SFR2mstar_z0.35.txt                                                                                                                                   
 /Users/sgayen/DATA/TRECS_Inputs/SFRF/SFRF_z0.35.dat                                                                                                                                                     
 number of UVgal     galaxies for Mpc**3   1.2633235009877322E-003
 resize buffer
 Number of galaxies above flux limit                 1693
 resize final flux 
 SFRs and flux generated
 number of spheroids galaxies for Mpc**3   5.8249999999999891E-128
 number of lens_sphergalaxies for Mpc**3   5.8249999999999891E-128
 done
 ************************
 AGNs: Processing redshift  0.40000000596046448       Range  0.37500000000000000       0.42499999701976776     
 ************************
 /Users/sgayen/DATA/TRECS_Inputs/AbundanceMatch/results_AGNs/AGNprob_LERG_z0.40.txt                                                                                                                      
 /Users/sgayen/DATA/TRECS_Inputs/AbundanceMatch/results_AGNs/AGNprob_HERG_z0.40.txt                                                                                                                      
 resize final flux 
 /Users/sgayen/DATA/TRECS_Inputs/LF/AGN_sizes_new.dat                                                                                                                                                    
 sizes minmax   8.31604481       400.368774    
 sizes ends
 dark mass starts
 dark mass ends
 coordinates
  0.185845375       1.04566228    
  -1.42851067       1.53940356    
 resize final flux 
 /Users/sgayen/DATA/TRECS_Inputs/LF/AGN_sizes_new.dat                                                                                                                                                    
 sizes minmax   8.96052742       29.3370609    
 sizes ends
 dark mass starts
 dark mass ends
 coordinates
  -1.30419123       1.35114992    
  -1.16357303       1.66363537    
 resize final flux 
 /Users/sgayen/DATA/TRECS_Inputs/LF/AGN_sizes_new.dat                                                                                                                                                    
 sizes minmax   1.29757643       729.388733    
 sizes ends
 dark mass starts
 herg/lerg samples:                   98                    7                   91
 dark mass ends
 coordinates
  -1.72818792       1.74706519    
  -1.67088521       1.69846427    
 ************************
 SFGs: Processing redshift  0.40000000596046448       Range  0.37500000000000000       0.42499999701976776     
 ************************
 volume=   1738126.3640959971     
 /Users/sgayen/DATA/TRECS_Inputs/AbundanceMatch/results_LSFR/L2mh_z0.40.txt                                                                                                                              
 /Users/sgayen/DATA/TRECS_Inputs/results_SFR_Mstar/SFR2mstar_z0.40.txt                                                                                                                                   
 /Users/sgayen/DATA/TRECS_Inputs/SFRF/SFRF_z0.40.dat                                                                                                                                                     
 number of UVgal     galaxies for Mpc**3   9.1584607058405000E-004
 resize buffer
 Number of galaxies above flux limit                 1627
 resize final flux 
 SFRs and flux generated
 number of spheroids galaxies for Mpc**3   5.6749999999999893E-128
 number of lens_sphergalaxies for Mpc**3   5.6749999999999893E-128
 done
 ************************
 AGNs: Processing redshift  0.44999998807907104       Range  0.42499999701976776       0.47499999403953552     
 ************************
 /Users/sgayen/DATA/TRECS_Inputs/AbundanceMatch/results_AGNs/AGNprob_LERG_z0.45.txt                                                                                                                      
 /Users/sgayen/DATA/TRECS_Inputs/AbundanceMatch/results_AGNs/AGNprob_HERG_z0.45.txt                                                                                                                      
 resize final flux 
 /Users/sgayen/DATA/TRECS_Inputs/LF/AGN_sizes_new.dat                                                                                                                                                    
 sizes minmax   5.86622238       33.7979622    
 sizes ends
 dark mass starts
 dark mass ends
 coordinates
  -1.50990021       1.40580487    
  -1.48263907       1.61828220    
 resize final flux 
 /Users/sgayen/DATA/TRECS_Inputs/LF/AGN_sizes_new.dat                                                                                                                                                    
 sizes minmax   14.7099581       530.987122    
 sizes ends
 dark mass starts
 dark mass ends
 coordinates
  -1.66291606      0.196526527    
  -1.12152600       1.03997707    
 resize final flux 
 /Users/sgayen/DATA/TRECS_Inputs/LF/AGN_sizes_new.dat                                                                                                                                                    
 sizes minmax   1.05009079       837.861938    
 sizes ends
 dark mass starts
 herg/lerg samples:                  104                    6                   98
 dark mass ends
 coordinates
  -1.68742764       1.74514592    
  -1.74587691       1.74554312    
 ************************
 SFGs: Processing redshift  0.44999998807907104       Range  0.42499999701976776       0.47499999403953552     
 ************************
 volume=   2075480.1685956703     
 /Users/sgayen/DATA/TRECS_Inputs/AbundanceMatch/results_LSFR/L2mh_z0.45.txt                                                                                                                              
 /Users/sgayen/DATA/TRECS_Inputs/results_SFR_Mstar/SFR2mstar_z0.45.txt                                                                                                                                   
 /Users/sgayen/DATA/TRECS_Inputs/SFRF/SFRF_z0.45.dat                                                                                                                                                     
 number of UVgal     galaxies for Mpc**3   7.5517842727216048E-004
 resize buffer
 Number of galaxies above flux limit                 1494
 resize final flux 
 SFRs and flux generated
 number of spheroids galaxies for Mpc**3   5.5749999999999900E-128
 number of lens_sphergalaxies for Mpc**3   5.5749999999999900E-128
 done
 ************************
 AGNs: Processing redshift  0.50000000000000000       Range  0.47499999403953552       0.52500000596046448     
 ************************
 /Users/sgayen/DATA/TRECS_Inputs/AbundanceMatch/results_AGNs/AGNprob_LERG_z0.50.txt                                                                                                                      
 /Users/sgayen/DATA/TRECS_Inputs/AbundanceMatch/results_AGNs/AGNprob_HERG_z0.50.txt                                                                                                                      
 resize final flux 
 /Users/sgayen/DATA/TRECS_Inputs/LF/AGN_sizes_new.dat                                                                                                                                                    
 sizes minmax   1.80542350       33.8521118    
 sizes ends
 dark mass starts
 dark mass ends
 coordinates
  -1.69812047       1.54941213    
  -1.57724738       1.61293411    
 resize final flux 
 /Users/sgayen/DATA/TRECS_Inputs/LF/AGN_sizes_new.dat                                                                                                                                                    
 sizes minmax   11.4381876       88.9544678    
 sizes ends
 dark mass starts
 dark mass ends
 coordinates
 -0.623530626       1.60766196    
 -0.665942311       1.43324625    
 resize final flux 
 /Users/sgayen/DATA/TRECS_Inputs/LF/AGN_sizes_new.dat                                                                                                                                                    
 sizes minmax   1.75738335E-02   750.204224    
 sizes ends
 dark mass starts
 herg/lerg samples:                  108                    8                  100
 dark mass ends
 coordinates
  -1.71086526       1.73923290    
  -1.74354541       1.73263979    
 ************************
 SFGs: Processing redshift  0.50000000000000000       Range  0.47499999403953552       0.52500000596046448     
 ************************
 volume=   2416697.1372565916     
 /Users/sgayen/DATA/TRECS_Inputs/AbundanceMatch/results_LSFR/L2mh_z0.50.txt                                                                                                                              
 /Users/sgayen/DATA/TRECS_Inputs/results_SFR_Mstar/SFR2mstar_z0.50.txt                                                                                                                                   
 /Users/sgayen/DATA/TRECS_Inputs/SFRF/SFRF_z0.50.dat                                                                                                                                                     
 number of UVgal     galaxies for Mpc**3   6.1235774724613509E-004
 resize buffer
 Number of galaxies above flux limit                 1380
 resize final flux 
 SFRs and flux generated
 number of spheroids galaxies for Mpc**3   5.4749999999999898E-128
 number of lens_sphergalaxies for Mpc**3   5.4749999999999898E-128
 done
 ************************
 AGNs: Processing redshift  0.55000001192092896       Range  0.52500000596046448       0.57500001788139343     
 ************************
 /Users/sgayen/DATA/TRECS_Inputs/AbundanceMatch/results_AGNs/AGNprob_LERG_z0.55.txt                                                                                                                      
 /Users/sgayen/DATA/TRECS_Inputs/AbundanceMatch/results_AGNs/AGNprob_HERG_z0.55.txt                                                                                                                      
 resize final flux 
 /Users/sgayen/DATA/TRECS_Inputs/LF/AGN_sizes_new.dat                                                                                                                                                    
 sizes minmax   7.98841715       128.594421    
 sizes ends
 dark mass starts
 dark mass ends
 coordinates
  -1.64768791       1.72699463    
  -1.59918797      0.776756763    
 resize final flux 
 /Users/sgayen/DATA/TRECS_Inputs/LF/AGN_sizes_new.dat                                                                                                                                                    
 sizes minmax   1.08224273       27.5782185    
 sizes ends
 dark mass starts
 dark mass ends
 coordinates
  -1.71126246      0.297703743    
  -1.67922902       1.53094208    
 resize final flux 
 /Users/sgayen/DATA/TRECS_Inputs/LF/AGN_sizes_new.dat                                                                                                                                                    
 sizes minmax   0.00000000       1187.21277    
 sizes ends
 dark mass starts
 herg/lerg samples:                  145                    8                  137
 dark mass ends
 coordinates
  -1.70312226       1.74917972    
  -1.74120057       1.68287897    
 ************************
 SFGs: Processing redshift  0.55000001192092896       Range  0.52500000596046448       0.57500001788139343     
 ************************
 volume=   2757399.9950185209     
 /Users/sgayen/DATA/TRECS_Inputs/AbundanceMatch/results_LSFR/L2mh_z0.55.txt                                                                                                                              
 /Users/sgayen/DATA/TRECS_Inputs/results_SFR_Mstar/SFR2mstar_z0.55.txt                                                                                                                                   
 /Users/sgayen/DATA/TRECS_Inputs/SFRF/SFRF_z0.55.dat                                                                                                                                                     
 number of UVgal     galaxies for Mpc**3   4.8764328348710484E-004
 resize buffer
 Number of galaxies above flux limit                 1317
 resize final flux 
 SFRs and flux generated
 number of spheroids galaxies for Mpc**3   5.3749999999999906E-128
 number of lens_sphergalaxies for Mpc**3   5.3749999999999906E-128
 done
 ************************
 AGNs: Processing redshift  0.60000002384185791       Range  0.57500001788139343       0.62500000000000000     
 ************************
 /Users/sgayen/DATA/TRECS_Inputs/AbundanceMatch/results_AGNs/AGNprob_LERG_z0.60.txt                                                                                                                      
 /Users/sgayen/DATA/TRECS_Inputs/AbundanceMatch/results_AGNs/AGNprob_HERG_z0.60.txt                                                                                                                      
 resize final flux 
 /Users/sgayen/DATA/TRECS_Inputs/LF/AGN_sizes_new.dat                                                                                                                                                    
 sizes minmax   12.7462282       33.3790855    
 sizes ends
 dark mass starts
 dark mass ends
 coordinates
  -1.59228194       1.38640606    
  -1.66276670       1.71962714    
 resize final flux 
 /Users/sgayen/DATA/TRECS_Inputs/LF/AGN_sizes_new.dat                                                                                                                                                    
 sizes minmax   3.60395432       26.8585758    
 sizes ends
 dark mass starts
 dark mass ends
 coordinates
  -1.36711907      0.207318664    
  -1.58917940       1.70545793    
 resize final flux 
 /Users/sgayen/DATA/TRECS_Inputs/LF/AGN_sizes_new.dat                                                                                                                                                    
 sizes minmax  0.589741468       432.848724    
 sizes ends
 dark mass starts
 herg/lerg samples:                  109                    7                  102
 dark mass ends
 coordinates
  -1.72622943       1.71311498    
  -1.74071157       1.74192739    
 ************************
 SFGs: Processing redshift  0.60000002384185791       Range  0.57500001788139343       0.62500000000000000     
 ************************
 volume=   3093984.7481515701     
 /Users/sgayen/DATA/TRECS_Inputs/AbundanceMatch/results_LSFR/L2mh_z0.60.txt                                                                                                                              
 /Users/sgayen/DATA/TRECS_Inputs/results_SFR_Mstar/SFR2mstar_z0.60.txt                                                                                                                                   
 /Users/sgayen/DATA/TRECS_Inputs/SFRF/SFRF_z0.60.dat                                                                                                                                                     
 number of UVgal     galaxies for Mpc**3   3.8081405214663710E-004
 resize buffer
 Number of galaxies above flux limit                 1086
 resize final flux 
 SFRs and flux generated
 number of spheroids galaxies for Mpc**3   5.2749999999999913E-128
 number of lens_sphergalaxies for Mpc**3   5.2749999999999913E-128
 done
 ************************
 AGNs: Processing redshift  0.64999997615814209       Range  0.62500000000000000       0.67499998211860657     
 ************************
 /Users/sgayen/DATA/TRECS_Inputs/AbundanceMatch/results_AGNs/AGNprob_LERG_z0.65.txt                                                                                                                      
 /Users/sgayen/DATA/TRECS_Inputs/AbundanceMatch/results_AGNs/AGNprob_HERG_z0.65.txt                                                                                                                      
 resize final flux 
 /Users/sgayen/DATA/TRECS_Inputs/LF/AGN_sizes_new.dat                                                                                                                                                    
 sizes minmax  0.735672712       32.7773590    
 sizes ends
 dark mass starts
 dark mass ends
 coordinates
  -1.36210644       1.54884052    
  -1.62624216       1.29612112    
 resize final flux 
 /Users/sgayen/DATA/TRECS_Inputs/LF/AGN_sizes_new.dat                                                                                                                                                    
 sizes minmax   3.12256813       20.7234554    
 sizes ends
 dark mass starts
 dark mass ends
 coordinates
 -0.495591283       1.01426220    
  -1.62004542       1.71088779    
 resize final flux 
 /Users/sgayen/DATA/TRECS_Inputs/LF/AGN_sizes_new.dat                                                                                                                                                    
 sizes minmax  0.485132933       1396.46057    
 sizes ends
 dark mass starts
 herg/lerg samples:                  152                   12                  140
 dark mass ends
 coordinates
  -1.71518862       1.74735725    
  -1.69440794       1.71781886    
 ************************
 SFGs: Processing redshift  0.64999997615814209       Range  0.62500000000000000       0.67499998211860657     
 ************************
 volume=   3423543.7594622523     
 /Users/sgayen/DATA/TRECS_Inputs/AbundanceMatch/results_LSFR/L2mh_z0.65.txt                                                                                                                              
 /Users/sgayen/DATA/TRECS_Inputs/results_SFR_Mstar/SFR2mstar_z0.65.txt                                                                                                                                   
 /Users/sgayen/DATA/TRECS_Inputs/SFRF/SFRF_z0.65.dat                                                                                                                                                     
 number of UVgal     galaxies for Mpc**3   2.9119574232723755E-004
 resize buffer
 Number of galaxies above flux limit                  952
 resize final flux 
 SFRs and flux generated
 number of spheroids galaxies for Mpc**3   5.1749999999999911E-128
 number of lens_sphergalaxies for Mpc**3   5.2249999999999917E-128
 done
 ************************
 AGNs: Processing redshift  0.69999998807907104       Range  0.67499998211860657       0.72499999403953552     
 ************************
 /Users/sgayen/DATA/TRECS_Inputs/AbundanceMatch/results_AGNs/AGNprob_LERG_z0.70.txt                                                                                                                      
 /Users/sgayen/DATA/TRECS_Inputs/AbundanceMatch/results_AGNs/AGNprob_HERG_z0.70.txt                                                                                                                      
 resize final flux 
 /Users/sgayen/DATA/TRECS_Inputs/LF/AGN_sizes_new.dat                                                                                                                                                    
 sizes minmax   2.27215648       81.0719147    
 sizes ends
 dark mass starts
 dark mass ends
 coordinates
  -1.69385135       1.68125761    
  -1.58260298       1.61933529    
 resize final flux 
 /Users/sgayen/DATA/TRECS_Inputs/LF/AGN_sizes_new.dat                                                                                                                                                    
 sizes minmax   5.96724272       85.6790161    
 sizes ends
 dark mass starts
 dark mass ends
 coordinates
  -1.41807902      0.832724333    
  -1.37701583       1.35653722    
 resize final flux 
 /Users/sgayen/DATA/TRECS_Inputs/LF/AGN_sizes_new.dat                                                                                                                                                    
 sizes minmax   2.22469211       879.183960    
 sizes ends
 dark mass starts
 herg/lerg samples:                  150                   17                  133
 dark mass ends
 coordinates
  -1.74504995       1.73025322    
  -1.73658180       1.74936664    
 ************************
 SFGs: Processing redshift  0.69999998807907104       Range  0.67499998211860657       0.72499999403953552     
 ************************
 volume=   3743775.6365147196     
 /Users/sgayen/DATA/TRECS_Inputs/AbundanceMatch/results_LSFR/L2mh_z0.70.txt                                                                                                                              
 /Users/sgayen/DATA/TRECS_Inputs/results_SFR_Mstar/SFR2mstar_z0.70.txt                                                                                                                                   
 /Users/sgayen/DATA/TRECS_Inputs/SFRF/SFRF_z0.70.dat                                                                                                                                                     
 number of UVgal     galaxies for Mpc**3   2.7143389107620101E-004
 resize buffer
 Number of galaxies above flux limit                 1018
 resize final flux 
 SFRs and flux generated
 number of spheroids galaxies for Mpc**3   5.1249999999999915E-128
 number of lens_sphergalaxies for Mpc**3   5.1749999999999911E-128
 done
 ************************
 AGNs: Processing redshift  0.75000000000000000       Range  0.72499999403953552       0.77500000596046448     
 ************************
 /Users/sgayen/DATA/TRECS_Inputs/AbundanceMatch/results_AGNs/AGNprob_LERG_z0.75.txt                                                                                                                      
 /Users/sgayen/DATA/TRECS_Inputs/AbundanceMatch/results_AGNs/AGNprob_HERG_z0.75.txt                                                                                                                      
 resize final flux 
 /Users/sgayen/DATA/TRECS_Inputs/LF/AGN_sizes_new.dat                                                                                                                                                    
 sizes minmax   0.00000000       24.0308075    
 sizes ends
 dark mass starts
 dark mass ends
 coordinates
  -1.61533821       1.42056656    
  -1.53738332      0.899939656    
 resize final flux 
 /Users/sgayen/DATA/TRECS_Inputs/LF/AGN_sizes_new.dat                                                                                                                                                    
 sizes minmax   3.30139399       32.3735123    
 sizes ends
 dark mass starts
 dark mass ends
 coordinates
  -1.56443918       1.64828956    
  -1.62907934      0.634855986    
 resize final flux 
 /Users/sgayen/DATA/TRECS_Inputs/LF/AGN_sizes_new.dat                                                                                                                                                    
 sizes minmax  0.920882225       1233.04919    
 sizes ends
 dark mass starts
 herg/lerg samples:                  124                   18                  106
 dark mass ends
 coordinates
  -1.74604130       1.71217620    
  -1.74319160       1.73742211    
 ************************
 SFGs: Processing redshift  0.75000000000000000       Range  0.72499999403953552       0.77500000596046448     
 ************************
 volume=   4052902.8754730723     
 /Users/sgayen/DATA/TRECS_Inputs/AbundanceMatch/results_LSFR/L2mh_z0.75.txt                                                                                                                              
 /Users/sgayen/DATA/TRECS_Inputs/results_SFR_Mstar/SFR2mstar_z0.75.txt                                                                                                                                   
 /Users/sgayen/DATA/TRECS_Inputs/SFRF/SFRF_z0.75.dat                                                                                                                                                     
 number of UVgal     galaxies for Mpc**3   2.5155964877020227E-004
 resize buffer
 Number of galaxies above flux limit                  877
 resize final flux 
 SFRs and flux generated
 number of spheroids galaxies for Mpc**3   5.0749999999999919E-128
 number of lens_sphergalaxies for Mpc**3   5.0749999999999919E-128
 done
 ************************
 AGNs: Processing redshift  0.80000001192092896       Range  0.77500000596046448       0.82500001788139343     
 ************************
 /Users/sgayen/DATA/TRECS_Inputs/AbundanceMatch/results_AGNs/AGNprob_LERG_z0.80.txt                                                                                                                      
 /Users/sgayen/DATA/TRECS_Inputs/AbundanceMatch/results_AGNs/AGNprob_HERG_z0.80.txt                                                                                                                      
 resize final flux 
 /Users/sgayen/DATA/TRECS_Inputs/LF/AGN_sizes_new.dat                                                                                                                                                    
 sizes minmax   0.00000000       310.916443    
 sizes ends
 dark mass starts
 dark mass ends
 coordinates
  -1.72857761       1.55472183    
  -1.73855615       1.67209101    
 resize final flux 
 /Users/sgayen/DATA/TRECS_Inputs/LF/AGN_sizes_new.dat                                                                                                                                                    
 sizes minmax   11.1969681       32.4747505    
 sizes ends
 dark mass starts
 dark mass ends
 coordinates
 -0.882729650     -0.222133756    
 -0.810798764       1.10345817    
 resize final flux 
 /Users/sgayen/DATA/TRECS_Inputs/LF/AGN_sizes_new.dat                                                                                                                                                    
 sizes minmax  0.703988075       573.559692    
 sizes ends
 dark mass starts
 herg/lerg samples:                  139                   19                  120
 dark mass ends
 coordinates
  -1.73468757       1.68104315    
  -1.74045539       1.74099195    
 ************************
 SFGs: Processing redshift  0.80000001192092896       Range  0.77500000596046448       0.82500001788139343     
 ************************
 volume=   4349607.8915798105     
 /Users/sgayen/DATA/TRECS_Inputs/AbundanceMatch/results_LSFR/L2mh_z0.80.txt                                                                                                                              
 /Users/sgayen/DATA/TRECS_Inputs/results_SFR_Mstar/SFR2mstar_z0.80.txt                                                                                                                                   
 /Users/sgayen/DATA/TRECS_Inputs/SFRF/SFRF_z0.80.dat                                                                                                                                                     
 number of UVgal     galaxies for Mpc**3   1.8439639592327301E-004
 resize buffer
 Number of galaxies above flux limit                  779
 resize final flux 
 SFRs and flux generated
 number of spheroids galaxies for Mpc**3   4.9749999999999926E-128
 number of lens_sphergalaxies for Mpc**3   5.0249999999999923E-128
 done
 ************************
 AGNs: Processing redshift  0.85000002384185791       Range  0.82500001788139343       0.87500000000000000     
 ************************
 /Users/sgayen/DATA/TRECS_Inputs/AbundanceMatch/results_AGNs/AGNprob_LERG_z0.85.txt                                                                                                                      
 /Users/sgayen/DATA/TRECS_Inputs/AbundanceMatch/results_AGNs/AGNprob_HERG_z0.85.txt                                                                                                                      
 resize final flux 
 /Users/sgayen/DATA/TRECS_Inputs/LF/AGN_sizes_new.dat                                                                                                                                                    
 sizes minmax   3.27036023       41.4132690    
 sizes ends
 dark mass starts
 dark mass ends
 coordinates
  -1.62336659       1.74637675    
  -1.53364325       1.67967129    
 resize final flux 
 /Users/sgayen/DATA/TRECS_Inputs/LF/AGN_sizes_new.dat                                                                                                                                                    
 sizes minmax  0.766072273       31.9862881    
 sizes ends
 dark mass starts
 dark mass ends
 coordinates
  -1.61691618       1.53960550    
  -1.70333672       1.47255456    
 resize final flux 
 /Users/sgayen/DATA/TRECS_Inputs/LF/AGN_sizes_new.dat                                                                                                                                                    
 sizes minmax  0.152164698       578.956238    
 sizes ends
 dark mass starts
 herg/lerg samples:                  141                   20                  121
 dark mass ends
 coordinates
  -1.74237716       1.74529696    
  -1.71033454       1.74744070    
 ************************
 SFGs: Processing redshift  0.85000002384185791       Range  0.82500001788139343       0.87500000000000000     
 ************************
 volume=   4632952.8180574309     
 /Users/sgayen/DATA/TRECS_Inputs/AbundanceMatch/results_LSFR/L2mh_z0.85.txt                                                                                                                              
 /Users/sgayen/DATA/TRECS_Inputs/results_SFR_Mstar/SFR2mstar_z0.85.txt                                                                                                                                   
 /Users/sgayen/DATA/TRECS_Inputs/SFRF/SFRF_z0.85.dat                                                                                                                                                     
 number of UVgal     galaxies for Mpc**3   1.6814740089007407E-004
 resize buffer
 Number of galaxies above flux limit                  829
 resize final flux 
 SFRs and flux generated
 number of spheroids galaxies for Mpc**3   4.9249999999999920E-128
 number of lens_sphergalaxies for Mpc**3   4.9249999999999920E-128
 done
 ************************
 AGNs: Processing redshift  0.89999997615814209       Range  0.87500000000000000       0.92499998211860657     
 ************************
 /Users/sgayen/DATA/TRECS_Inputs/AbundanceMatch/results_AGNs/AGNprob_LERG_z0.90.txt                                                                                                                      
 /Users/sgayen/DATA/TRECS_Inputs/AbundanceMatch/results_AGNs/AGNprob_HERG_z0.90.txt                                                                                                                      
 resize final flux 
 /Users/sgayen/DATA/TRECS_Inputs/LF/AGN_sizes_new.dat                                                                                                                                                    
 sizes minmax   1.27436161       60.0960579    
 sizes ends
 dark mass starts
 dark mass ends
 coordinates
  -1.70210421       1.68761456    
  -1.72679353       1.74222529    
 resize final flux 
 /Users/sgayen/DATA/TRECS_Inputs/LF/AGN_sizes_new.dat                                                                                                                                                    
 sizes minmax  0.589774847       33.8383064    
 sizes ends
 dark mass starts
 dark mass ends
 coordinates
  -1.58793938       1.47360599    
  -1.15787697       1.02501345    
 resize final flux 
 /Users/sgayen/DATA/TRECS_Inputs/LF/AGN_sizes_new.dat                                                                                                                                                    
 sizes minmax  0.107128620       1521.68640    
 sizes ends
 dark mass starts
 herg/lerg samples:                  127                   20                  107
 dark mass ends
 coordinates
  -1.67269099       1.74301469    
  -1.74507833       1.74168789    
 ************************
 SFGs: Processing redshift  0.89999997615814209       Range  0.87500000000000000       0.92499998211860657     
 ************************
 volume=   4902330.1048001852     
 /Users/sgayen/DATA/TRECS_Inputs/AbundanceMatch/results_LSFR/L2mh_z0.90.txt                                                                                                                              
 /Users/sgayen/DATA/TRECS_Inputs/results_SFR_Mstar/SFR2mstar_z0.90.txt                                                                                                                                   
 /Users/sgayen/DATA/TRECS_Inputs/SFRF/SFRF_z0.90.dat                                                                                                                                                     
 number of UVgal     galaxies for Mpc**3   1.5234607529871847E-004
 resize buffer
 Number of galaxies above flux limit                  709
 resize final flux 
 SFRs and flux generated
 number of spheroids galaxies for Mpc**3   4.8749999999999924E-128
 number of lens_sphergalaxies for Mpc**3   4.8749999999999924E-128
 done
 ************************
 AGNs: Processing redshift  0.94999998807907104       Range  0.92499998211860657       0.97499999403953552     
 ************************
 /Users/sgayen/DATA/TRECS_Inputs/AbundanceMatch/results_AGNs/AGNprob_LERG_z0.95.txt                                                                                                                      
 /Users/sgayen/DATA/TRECS_Inputs/AbundanceMatch/results_AGNs/AGNprob_HERG_z0.95.txt                                                                                                                      
 resize final flux 
 /Users/sgayen/DATA/TRECS_Inputs/LF/AGN_sizes_new.dat                                                                                                                                                    
 sizes minmax  0.657341480       33.8709030    
 sizes ends
 dark mass starts
 dark mass ends
 coordinates
 -0.831456780       1.65533662    
  -1.55090082       1.21682775    
 resize final flux 
 /Users/sgayen/DATA/TRECS_Inputs/LF/AGN_sizes_new.dat                                                                                                                                                    
 sizes minmax  0.485399961       32.1067085    
 sizes ends
 dark mass starts
 dark mass ends
 coordinates
  -1.59086001       1.72190940    
  -1.36413085       1.10983181    
 resize final flux 
 /Users/sgayen/DATA/TRECS_Inputs/LF/AGN_sizes_new.dat                                                                                                                                                    
 sizes minmax  0.131912231       617.174255    
 sizes ends
 dark mass starts
 herg/lerg samples:                   93                   13                   80
 dark mass ends
 coordinates
  -1.71356809       1.60979235    
  -1.72002935       1.69929290    
 ************************
 SFGs: Processing redshift  0.94999998807907104       Range  0.92499998211860657       0.97499999403953552     
 ************************
 volume=   5157394.1639694609     
 /Users/sgayen/DATA/TRECS_Inputs/AbundanceMatch/results_LSFR/L2mh_z0.95.txt                                                                                                                              
 /Users/sgayen/DATA/TRECS_Inputs/results_SFR_Mstar/SFR2mstar_z0.95.txt                                                                                                                                   
 /Users/sgayen/DATA/TRECS_Inputs/SFRF/SFRF_z0.95.dat                                                                                                                                                     
 number of UVgal     galaxies for Mpc**3   1.3710098559526398E-004
 resize buffer
 Number of galaxies above flux limit                  682
 resize final flux 
 SFRs and flux generated
 number of spheroids galaxies for Mpc**3   4.8249999999999928E-128
 number of lens_sphergalaxies for Mpc**3   4.8249999999999928E-128
 done
 ************************
 AGNs: Processing redshift   1.0000000000000000       Range  0.97499999403953552        1.1000000238418579     
 ************************
 /Users/sgayen/DATA/TRECS_Inputs/AbundanceMatch/results_AGNs/AGNprob_LERG_z1.00.txt                                                                                                                      
 /Users/sgayen/DATA/TRECS_Inputs/AbundanceMatch/results_AGNs/AGNprob_HERG_z1.00.txt                                                                                                                      
 resize final flux 
 /Users/sgayen/DATA/TRECS_Inputs/LF/AGN_sizes_new.dat                                                                                                                                                    
 sizes minmax   1.32432103       33.8701439    
 sizes ends
 dark mass starts
 dark mass ends
 coordinates
  -1.74742568       1.74589860    
  -1.71192920       1.71769285    
 resize final flux 
 /Users/sgayen/DATA/TRECS_Inputs/LF/AGN_sizes_new.dat                                                                                                                                                    
 sizes minmax   1.02338791       542.114136    
 sizes ends
 dark mass starts
 dark mass ends
 coordinates
  -1.46886373       1.27038288    
  -1.68685603       1.45365810    
 resize final flux 
 /Users/sgayen/DATA/TRECS_Inputs/LF/AGN_sizes_new.dat                                                                                                                                                    
 sizes minmax  0.100661516       1679.03210    
 sizes ends
 dark mass starts
 herg/lerg samples:                  287                   47                  240
 dark mass ends
 coordinates
  -1.73800206       1.72645807    
  -1.73622882       1.73449481    
 ************************
 SFGs: Processing redshift   1.0000000000000000       Range  0.97499999403953552        1.1000000238418579     
 ************************
 volume=   13914739.741595792     
 /Users/sgayen/DATA/TRECS_Inputs/AbundanceMatch/results_LSFR/L2mh_z1.00.txt                                                                                                                              
 /Users/sgayen/DATA/TRECS_Inputs/results_SFR_Mstar/SFR2mstar_z1.00.txt                                                                                                                                   
 /Users/sgayen/DATA/TRECS_Inputs/SFRF/SFRF_z1.00.dat                                                                                                                                                     
 number of UVgal     galaxies for Mpc**3   1.5698523429488932E-004
 resize buffer
 Number of galaxies above flux limit                 1612
 resize final flux 
 SFRs and flux generated
 number of spheroids galaxies for Mpc**3   3.3083613133270497E-007
 resize buffer
 Number of galaxies above flux limit                    7
 resize final flux 
 SFRs and flux generated
 number of lens_sphergalaxies for Mpc**3   2.0615292074930146E-008
 done
 ************************
 AGNs: Processing redshift   1.2000000476837158       Range   1.1000000238418579        1.3000000119209290     
 ************************
 /Users/sgayen/DATA/TRECS_Inputs/AbundanceMatch/results_AGNs/AGNprob_LERG_z1.20.txt                                                                                                                      
 /Users/sgayen/DATA/TRECS_Inputs/AbundanceMatch/results_AGNs/AGNprob_HERG_z1.20.txt                                                                                                                      
 resize final flux 
 /Users/sgayen/DATA/TRECS_Inputs/LF/AGN_sizes_new.dat                                                                                                                                                    
 sizes minmax  0.197359324       365.982788    
 sizes ends
 dark mass starts
 dark mass ends
 coordinates
  -1.58776665       1.68356574    
  -1.72541583       1.69227922    
 resize final flux 
 /Users/sgayen/DATA/TRECS_Inputs/LF/AGN_sizes_new.dat                                                                                                                                                    
 sizes minmax   1.15862966       790.752319    
 sizes ends
 dark mass starts
 dark mass ends
 coordinates
  -1.66510570       1.74604380    
  -1.73741043       1.59323323    
 resize final flux 
 /Users/sgayen/DATA/TRECS_Inputs/LF/AGN_sizes_new.dat                                                                                                                                                    
 sizes minmax   4.44602966E-02   1164.95911    
 sizes ends
 dark mass starts
 herg/lerg samples:                  493                  129                  364
 dark mass ends
 coordinates
  -1.74901199       1.73367536    
  -1.74431896       1.74720955    
 ************************
 SFGs: Processing redshift   1.2000000476837158       Range   1.1000000238418579        1.3000000119209290     
 ************************
 volume=   24842957.207430314     
 /Users/sgayen/DATA/TRECS_Inputs/AbundanceMatch/results_LSFR/L2mh_z1.20.txt                                                                                                                              
 /Users/sgayen/DATA/TRECS_Inputs/results_SFR_Mstar/SFR2mstar_z1.20.txt                                                                                                                                   
 /Users/sgayen/DATA/TRECS_Inputs/SFRF/SFRF_z1.20.dat                                                                                                                                                     
 number of UVgal     galaxies for Mpc**3   3.8629908172911764E-005
 resize buffer
 Number of galaxies above flux limit                  936
 resize final flux 
 SFRs and flux generated
 number of spheroids galaxies for Mpc**3   1.1469452162646062E-007
 resize buffer
 Number of galaxies above flux limit                    4
 resize final flux 
 SFRs and flux generated
 number of lens_sphergalaxies for Mpc**3   3.8554862931044678E-008
 resize buffer
 Number of galaxies above flux limit                    2
 resize final flux 
 SFRs and flux generated
 done
 ************************
 AGNs: Processing redshift   1.3999999761581421       Range   1.3000000119209290        1.5000000000000000     
 ************************
 /Users/sgayen/DATA/TRECS_Inputs/AbundanceMatch/results_AGNs/AGNprob_LERG_z1.40.txt                                                                                                                      
 /Users/sgayen/DATA/TRECS_Inputs/AbundanceMatch/results_AGNs/AGNprob_HERG_z1.40.txt                                                                                                                      
 resize final flux 
 /Users/sgayen/DATA/TRECS_Inputs/LF/AGN_sizes_new.dat                                                                                                                                                    
 sizes minmax  0.287631750       386.608459    
 sizes ends
 dark mass starts
 dark mass ends
 coordinates
  -1.73089826       1.70532191    
  -1.71281791       1.71136427    
 resize final flux 
 /Users/sgayen/DATA/TRECS_Inputs/LF/AGN_sizes_new.dat                                                                                                                                                    
 sizes minmax   1.57925010       41.4470177    
 sizes ends
 dark mass starts
 dark mass ends
 coordinates
  -1.65504456       1.68758035    
  -1.52101362       1.68779480    
 resize final flux 
 /Users/sgayen/DATA/TRECS_Inputs/LF/AGN_sizes_new.dat                                                                                                                                                    
 sizes minmax   1.81412697E-02   1384.33508    
 sizes ends
 dark mass starts
 herg/lerg samples:                  418                  110                  308
 dark mass ends
 coordinates
  -1.74883592       1.74842036    
  -1.74816251       1.74948764    
 ************************
 SFGs: Processing redshift   1.3999999761581421       Range   1.3000000119209290        1.5000000000000000     
 ************************
 volume=   27297995.775089994     
 /Users/sgayen/DATA/TRECS_Inputs/AbundanceMatch/results_LSFR/L2mh_z1.40.txt                                                                                                                              
 /Users/sgayen/DATA/TRECS_Inputs/results_SFR_Mstar/SFR2mstar_z1.40.txt                                                                                                                                   
 /Users/sgayen/DATA/TRECS_Inputs/SFRF/SFRF_z1.40.dat                                                                                                                                                     
 number of UVgal     galaxies for Mpc**3   1.2386300169667866E-005
 resize buffer
 Number of galaxies above flux limit                  342
 resize final flux 
 SFRs and flux generated
 number of spheroids galaxies for Mpc**3   5.7014759211742336E-005
 resize buffer
 Number of galaxies above flux limit                 1518
 resize final flux 
 SFRs and flux generated
 number of lens_sphergalaxies for Mpc**3   2.1370199638722289E-007
 resize buffer
 Number of galaxies above flux limit                    4
 resize final flux 
 SFRs and flux generated
 done
 ************************
 AGNs: Processing redshift   1.6000000238418579       Range   1.5000000000000000        1.6999999880790710     
 ************************
 /Users/sgayen/DATA/TRECS_Inputs/AbundanceMatch/results_AGNs/AGNprob_LERG_z1.60.txt                                                                                                                      
 /Users/sgayen/DATA/TRECS_Inputs/AbundanceMatch/results_AGNs/AGNprob_HERG_z1.60.txt                                                                                                                      
 resize final flux 
 /Users/sgayen/DATA/TRECS_Inputs/LF/AGN_sizes_new.dat                                                                                                                                                    
 sizes minmax   0.00000000       335.270782    
 sizes ends
 dark mass starts
 dark mass ends
 coordinates
  -1.74629414       1.68539739    
  -1.72268963       1.71820271    
 resize final flux 
 /Users/sgayen/DATA/TRECS_Inputs/LF/AGN_sizes_new.dat                                                                                                                                                    
 sizes minmax   3.69945049       54.6499100    
 sizes ends
 dark mass starts
 dark mass ends
 coordinates
  -1.59383655       1.72822297    
 -0.999173403       1.72928941    
 resize final flux 
 /Users/sgayen/DATA/TRECS_Inputs/LF/AGN_sizes_new.dat                                                                                                                                                    
 sizes minmax  0.179026127       863.241028    
 sizes ends
 dark mass starts
 herg/lerg samples:                  361                  126                  235
 dark mass ends
 coordinates
  -1.74421716       1.73895085    
  -1.74677479       1.74126482    
 ************************
 SFGs: Processing redshift   1.6000000238418579       Range   1.5000000000000000        1.6999999880790710     
 ************************
 volume=   29049425.095781866     
 /Users/sgayen/DATA/TRECS_Inputs/AbundanceMatch/results_LSFR/L2mh_z1.60.txt                                                                                                                              
 /Users/sgayen/DATA/TRECS_Inputs/results_SFR_Mstar/SFR2mstar_z1.60.txt                                                                                                                                   
 /Users/sgayen/DATA/TRECS_Inputs/SFRF/SFRF_z1.60.dat                                                                                                                                                     
 number of UVgal     galaxies for Mpc**3   2.4791442392735533E-006
 resize buffer
 Number of galaxies above flux limit                   73
 resize final flux 
 SFRs and flux generated
 number of spheroids galaxies for Mpc**3   5.7883987644191760E-005
 resize buffer
 Number of galaxies above flux limit                 1605
 resize final flux 
 SFRs and flux generated
 number of lens_sphergalaxies for Mpc**3   3.5182331148316350E-007
 resize buffer
 Number of galaxies above flux limit                    3
 resize final flux 
 SFRs and flux generated
 done
 ************************
 AGNs: Processing redshift   1.7999999523162842       Range   1.6999999880790710        1.8999999761581421     
 ************************
 /Users/sgayen/DATA/TRECS_Inputs/AbundanceMatch/results_AGNs/AGNprob_LERG_z1.80.txt                                                                                                                      
 /Users/sgayen/DATA/TRECS_Inputs/AbundanceMatch/results_AGNs/AGNprob_HERG_z1.80.txt                                                                                                                      
 resize final flux 
 /Users/sgayen/DATA/TRECS_Inputs/LF/AGN_sizes_new.dat                                                                                                                                                    
 sizes minmax  0.588581562       50.3781166    
 sizes ends
 dark mass starts
 dark mass ends
 coordinates
  -1.73307204       1.73873138    
  -1.73628891       1.60027611    
 resize final flux 
 /Users/sgayen/DATA/TRECS_Inputs/LF/AGN_sizes_new.dat                                                                                                                                                    
 sizes minmax   1.36005282       35.2474823    
 sizes ends
 dark mass starts
 dark mass ends
 coordinates
  -1.69296932       1.20979321    
  -1.55895174       1.60168386    
 resize final flux 
 /Users/sgayen/DATA/TRECS_Inputs/LF/AGN_sizes_new.dat                                                                                                                                                    
 sizes minmax  0.199662447       944.543579    
 sizes ends
 dark mass starts
 herg/lerg samples:                  312                  141                  171
 dark mass ends
 coordinates
  -1.74149013       1.74258828    
  -1.74829769       1.74530947    
 ************************
 SFGs: Processing redshift   1.7999999523162842       Range   1.6999999880790710        1.8999999761581421     
 ************************
 volume=   30231705.644190058     
 /Users/sgayen/DATA/TRECS_Inputs/AbundanceMatch/results_LSFR/L2mh_z1.80.txt                                                                                                                              
 /Users/sgayen/DATA/TRECS_Inputs/results_SFR_Mstar/SFR2mstar_z1.80.txt                                                                                                                                   
 /Users/sgayen/DATA/TRECS_Inputs/SFRF/SFRF_z1.80.dat                                                                                                                                                     
 number of UVgal     galaxies for Mpc**3   3.2888071002566277E-007
 resize buffer
 Number of galaxies above flux limit                    8
 resize final flux 
 SFRs and flux generated
 number of spheroids galaxies for Mpc**3   5.1806267003454413E-005
 resize buffer
 Number of galaxies above flux limit                 1499
 resize final flux 
 SFRs and flux generated
 number of lens_sphergalaxies for Mpc**3   3.6412555742600521E-007
 resize buffer
 Number of galaxies above flux limit                    9
 resize final flux 
 SFRs and flux generated
 done
 ************************
 AGNs: Processing redshift   2.0000000000000000       Range   1.8999999761581421        2.1000000238418579     
 ************************
 /Users/sgayen/DATA/TRECS_Inputs/AbundanceMatch/results_AGNs/AGNprob_LERG_z2.00.txt                                                                                                                      
 /Users/sgayen/DATA/TRECS_Inputs/AbundanceMatch/results_AGNs/AGNprob_HERG_z2.00.txt                                                                                                                      
 resize final flux 
 /Users/sgayen/DATA/TRECS_Inputs/LF/AGN_sizes_new.dat                                                                                                                                                    
 sizes minmax   1.06060505E-02   52.6008339    
 sizes ends
 dark mass starts
 dark mass ends
 coordinates
  -1.70457172       1.68406975    
  -1.68922424       1.68531144    
 resize final flux 
 /Users/sgayen/DATA/TRECS_Inputs/LF/AGN_sizes_new.dat                                                                                                                                                    
 sizes minmax   2.86634564       38.2843475    
 sizes ends
 dark mass starts
 dark mass ends
 coordinates
  -1.63965118       1.72867942    
  -1.64666736       1.69278073    
 resize final flux 
 /Users/sgayen/DATA/TRECS_Inputs/LF/AGN_sizes_new.dat                                                                                                                                                    
 sizes minmax   3.03745270E-03   1109.83093    
 sizes ends
 dark mass starts
 herg/lerg samples:                  256                  111                  145
 dark mass ends
 coordinates
  -1.71491241       1.74079585    
  -1.73749471       1.74424553    
 ************************
 SFGs: Processing redshift   2.0000000000000000       Range   1.8999999761581421        2.1000000238418579     
 ************************
 volume=   30965399.457125120     
 /Users/sgayen/DATA/TRECS_Inputs/AbundanceMatch/results_LSFR/L2mh_z2.00.txt                                                                                                                              
 /Users/sgayen/DATA/TRECS_Inputs/results_SFR_Mstar/SFR2mstar_z2.00.txt                                                                                                                                   
 /Users/sgayen/DATA/TRECS_Inputs/SFRF/SFRF_z2.00.dat                                                                                                                                                     
 number of UVgal     galaxies for Mpc**3   1.1328496250460320E-008
 resize buffer
 Number of galaxies above flux limit                    1
 resize final flux 
 SFRs and flux generated
 number of spheroids galaxies for Mpc**3   4.2102732732452117E-005
 resize buffer
 Number of galaxies above flux limit                 1184
 resize final flux 
 SFRs and flux generated
 number of lens_sphergalaxies for Mpc**3   3.8596901232318121E-007
 resize buffer
 Number of galaxies above flux limit                   13
 resize final flux 
 SFRs and flux generated
 done
 ************************
 AGNs: Processing redshift   2.2000000476837158       Range   2.1000000238418579        2.3000000715255737     
 ************************
 /Users/sgayen/DATA/TRECS_Inputs/AbundanceMatch/results_AGNs/AGNprob_LERG_z2.20.txt                                                                                                                      
 /Users/sgayen/DATA/TRECS_Inputs/AbundanceMatch/results_AGNs/AGNprob_HERG_z2.20.txt                                                                                                                      
 resize final flux 
 /Users/sgayen/DATA/TRECS_Inputs/LF/AGN_sizes_new.dat                                                                                                                                                    
 sizes minmax  0.699356794       167.586334    
 sizes ends
 dark mass starts
 dark mass ends
 coordinates
  -1.69199717       1.74195325    
  -1.62507808       1.68791497    
 resize final flux 
 /Users/sgayen/DATA/TRECS_Inputs/LF/AGN_sizes_new.dat                                                                                                                                                    
 sizes minmax   1.32532239       57.5032272    
 sizes ends
 dark mass starts
 dark mass ends
 coordinates
 -0.869085312       1.50264454    
  -1.21620023       1.56921649    
 resize final flux 
 /Users/sgayen/DATA/TRECS_Inputs/LF/AGN_sizes_new.dat                                                                                                                                                    
 sizes minmax   3.24022770E-02   844.919495    
 sizes ends
 dark mass starts
 herg/lerg samples:                  171                   89                   82
 dark mass ends
 coordinates
  -1.72018790       1.74785125    
  -1.70058131       1.72949219    
 ************************
 SFGs: Processing redshift   2.2000000476837158       Range   2.1000000238418579        2.3000000715255737     
 ************************
 volume=   31351234.769267291     
 /Users/sgayen/DATA/TRECS_Inputs/AbundanceMatch/results_LSFR/L2mh_z2.20.txt                                                                                                                              
 /Users/sgayen/DATA/TRECS_Inputs/results_SFR_Mstar/SFR2mstar_z2.20.txt                                                                                                                                   
 /Users/sgayen/DATA/TRECS_Inputs/SFRF/SFRF_z2.20.dat                                                                                                                                                     
 number of UVgal     galaxies for Mpc**3   8.6390479014892919E-011
 number of spheroids galaxies for Mpc**3   3.1077224497176228E-005
 resize buffer
 Number of galaxies above flux limit                  928
 resize final flux 
 SFRs and flux generated
 number of lens_sphergalaxies for Mpc**3   3.7482799576317458E-007
 resize buffer
 Number of galaxies above flux limit                   12
 resize final flux 
 SFRs and flux generated
 done
 ************************
 AGNs: Processing redshift   2.4000000953674316       Range   2.3000000715255737        2.5000000000000000     
 ************************
 /Users/sgayen/DATA/TRECS_Inputs/AbundanceMatch/results_AGNs/AGNprob_LERG_z2.40.txt                                                                                                                      
 /Users/sgayen/DATA/TRECS_Inputs/AbundanceMatch/results_AGNs/AGNprob_HERG_z2.40.txt                                                                                                                      
 resize final flux 
 /Users/sgayen/DATA/TRECS_Inputs/LF/AGN_sizes_new.dat                                                                                                                                                    
 sizes minmax   0.00000000       591.187378    
 sizes ends
 dark mass starts
 dark mass ends
 coordinates
  -1.58599174       1.70383906    
  -1.71551239       1.55485117    
 resize final flux 
 /Users/sgayen/DATA/TRECS_Inputs/LF/AGN_sizes_new.dat                                                                                                                                                    
 sizes minmax   6.90723419       37.2929535    
 sizes ends
 dark mass starts
 dark mass ends
 coordinates
  -1.53715801      0.939568400    
  -1.51198637      0.774277568    
 resize final flux 
 /Users/sgayen/DATA/TRECS_Inputs/LF/AGN_sizes_new.dat                                                                                                                                                    
 sizes minmax   0.00000000       1292.65234    
 sizes ends
 dark mass starts
 herg/lerg samples:                  124                   71                   53
 dark mass ends
 coordinates
  -1.69879472       1.73560131    
  -1.74505913       1.69429111    
 ************************
 SFGs: Processing redshift   2.4000000953674316       Range   2.3000000715255737        2.5000000000000000     
 ************************
 volume=   31470398.249422580     
 /Users/sgayen/DATA/TRECS_Inputs/AbundanceMatch/results_LSFR/L2mh_z2.40.txt                                                                                                                              
 /Users/sgayen/DATA/TRECS_Inputs/results_SFR_Mstar/SFR2mstar_z2.40.txt                                                                                                                                   
 /Users/sgayen/DATA/TRECS_Inputs/SFRF/SFRF_z2.40.dat                                                                                                                                                     
 number of UVgal     galaxies for Mpc**3   1.4020241400789324E-014
 number of spheroids galaxies for Mpc**3   2.5665029701784834E-005
 resize buffer
 Number of galaxies above flux limit                  730
 resize final flux 
 SFRs and flux generated
 number of lens_sphergalaxies for Mpc**3   3.8358484419036906E-007
 resize buffer
 Number of galaxies above flux limit                    6
 resize final flux 
 SFRs and flux generated
 done
 ************************
 AGNs: Processing redshift   2.5999999046325684       Range   2.5000000000000000        2.6999999284744263     
 ************************
 /Users/sgayen/DATA/TRECS_Inputs/AbundanceMatch/results_AGNs/AGNprob_LERG_z2.60.txt                                                                                                                      
 /Users/sgayen/DATA/TRECS_Inputs/AbundanceMatch/results_AGNs/AGNprob_HERG_z2.60.txt                                                                                                                      
 resize final flux 
 /Users/sgayen/DATA/TRECS_Inputs/LF/AGN_sizes_new.dat                                                                                                                                                    
 sizes minmax   2.34484673E-02   30.7504444    
 sizes ends
 dark mass starts
 dark mass ends
 coordinates
  -1.47554028       1.63463855    
  -1.61614847       1.68254018    
 resize final flux 
 /Users/sgayen/DATA/TRECS_Inputs/LF/AGN_sizes_new.dat                                                                                                                                                    
 sizes minmax   10.9682922       32.2833328    
 sizes ends
 dark mass starts
 dark mass ends
 coordinates
  -1.13514197       1.43941128    
 -0.722425580      0.186025620    
 resize final flux 
 /Users/sgayen/DATA/TRECS_Inputs/LF/AGN_sizes_new.dat                                                                                                                                                    
 sizes minmax  0.569363832       808.096069    
 sizes ends
 dark mass starts
 herg/lerg samples:                  118                   82                   36
 dark mass ends
 coordinates
  -1.74000478       1.74739480    
  -1.73934054       1.74624407    
 ************************
 SFGs: Processing redshift   2.5999999046325684       Range   2.5000000000000000        2.6999999284744263     
 ************************
 volume=   31387085.447670799     
 /Users/sgayen/DATA/TRECS_Inputs/AbundanceMatch/results_LSFR/L2mh_z2.60.txt                                                                                                                              
 /Users/sgayen/DATA/TRECS_Inputs/results_SFR_Mstar/SFR2mstar_z2.60.txt                                                                                                                                   
 /Users/sgayen/DATA/TRECS_Inputs/SFRF/SFRF_z2.60.dat                                                                                                                                                     
 number of UVgal     galaxies for Mpc**3   1.8267162883807314E-020
 number of spheroids galaxies for Mpc**3   1.2612095539486208E-005
 resize buffer
 Number of galaxies above flux limit                  426
 resize final flux 
 SFRs and flux generated
 number of lens_sphergalaxies for Mpc**3   3.2122616325831623E-007
 resize buffer
 Number of galaxies above flux limit                    9
 resize final flux 
 SFRs and flux generated
 done
 ************************
 AGNs: Processing redshift   2.7999999523162842       Range   2.6999999284744263        2.8999999761581421     
 ************************
 /Users/sgayen/DATA/TRECS_Inputs/AbundanceMatch/results_AGNs/AGNprob_LERG_z2.80.txt                                                                                                                      
 /Users/sgayen/DATA/TRECS_Inputs/AbundanceMatch/results_AGNs/AGNprob_HERG_z2.80.txt                                                                                                                      
 resize final flux 
 /Users/sgayen/DATA/TRECS_Inputs/LF/AGN_sizes_new.dat                                                                                                                                                    
 sizes minmax  0.282716751       233.490173    
 sizes ends
 dark mass starts
 dark mass ends
 coordinates
  -1.66190720       1.64019108    
  -1.73139393       1.74586940    
 resize final flux 
 /Users/sgayen/DATA/TRECS_Inputs/LF/AGN_sizes_new.dat                                                                                                                                                    
 sizes minmax   0.00000000       30.6286888    
 sizes ends
 dark mass starts
 dark mass ends
 coordinates
 -0.375932336       1.29302275    
  -1.32681692      0.870382071    
 resize final flux 
 /Users/sgayen/DATA/TRECS_Inputs/LF/AGN_sizes_new.dat                                                                                                                                                    
 sizes minmax   3.30364704E-02   1159.85718    
 sizes ends
 dark mass starts
 herg/lerg samples:                   85                   65                   20
 dark mass ends
 coordinates
  -1.70703256       1.73553538    
  -1.71818769       1.71763861    
 ************************
 SFGs: Processing redshift   2.7999999523162842       Range   2.6999999284744263        2.8999999761581421     
 ************************
 volume=   31151437.747912075     
 /Users/sgayen/DATA/TRECS_Inputs/AbundanceMatch/results_LSFR/L2mh_z2.80.txt                                                                                                                              
 /Users/sgayen/DATA/TRECS_Inputs/results_SFR_Mstar/SFR2mstar_z2.80.txt                                                                                                                                   
 /Users/sgayen/DATA/TRECS_Inputs/SFRF/SFRF_z2.80.dat                                                                                                                                                     
 number of UVgal     galaxies for Mpc**3   2.7125107943409774E-029
 number of spheroids galaxies for Mpc**3   1.1539355726419196E-005
 resize buffer
 Number of galaxies above flux limit                  293
 resize final flux 
 SFRs and flux generated
 number of lens_sphergalaxies for Mpc**3   2.5016195145436324E-007
 resize buffer
 Number of galaxies above flux limit                   14
 resize final flux 
 SFRs and flux generated
 done
 ************************
 AGNs: Processing redshift   3.0000000000000000       Range   2.8999999761581421        3.1000000238418579     
 ************************
 /Users/sgayen/DATA/TRECS_Inputs/AbundanceMatch/results_AGNs/AGNprob_LERG_z3.00.txt                                                                                                                      
 /Users/sgayen/DATA/TRECS_Inputs/AbundanceMatch/results_AGNs/AGNprob_HERG_z3.00.txt                                                                                                                      
 resize final flux 
 /Users/sgayen/DATA/TRECS_Inputs/LF/AGN_sizes_new.dat                                                                                                                                                    
 sizes minmax  0.180486441       828.638306    
 sizes ends
 dark mass starts
 dark mass ends
 coordinates
  -1.69227171       1.54667175    
  -1.71044970       1.62514234    
 resize final flux 
 /Users/sgayen/DATA/TRECS_Inputs/LF/AGN_sizes_new.dat                                                                                                                                                    
 sizes minmax   0.00000000       639.201599    
 sizes ends
 dark mass starts
 dark mass ends
 coordinates
  -1.53301072       1.53962636    
  -1.64998269       1.69861615    
 resize final flux 
 /Users/sgayen/DATA/TRECS_Inputs/LF/AGN_sizes_new.dat                                                                                                                                                    
 sizes minmax  0.813878775       723.560181    
 sizes ends
 dark mass starts
 herg/lerg samples:                   55                   37                   18
 dark mass ends
 coordinates
  -1.72829556       1.61957896    
  -1.67044795       1.60051227    
 ************************
 SFGs: Processing redshift   3.0000000000000000       Range   2.8999999761581421        3.1000000238418579     
 ************************
 volume=   30802370.082033303     
 /Users/sgayen/DATA/TRECS_Inputs/AbundanceMatch/results_LSFR/L2mh_z3.00.txt                                                                                                                              
 /Users/sgayen/DATA/TRECS_Inputs/results_SFR_Mstar/SFR2mstar_z3.00.txt                                                                                                                                   
 /Users/sgayen/DATA/TRECS_Inputs/SFRF/SFRF_z3.00.dat                                                                                                                                                     
 number of UVgal     galaxies for Mpc**3   9.5279869417221704E-041
 number of spheroids galaxies for Mpc**3   6.0089051543124747E-006
 resize buffer
 Number of galaxies above flux limit                  189
 resize final flux 
 SFRs and flux generated
 number of lens_sphergalaxies for Mpc**3   2.5362341741926445E-007
 resize buffer
 Number of galaxies above flux limit                   10
 resize final flux 
 SFRs and flux generated
 done
 ************************
 AGNs: Processing redshift   3.2000000476837158       Range   3.1000000238418579        3.3000000715255737     
 ************************
 /Users/sgayen/DATA/TRECS_Inputs/AbundanceMatch/results_AGNs/AGNprob_LERG_z3.20.txt                                                                                                                      
 /Users/sgayen/DATA/TRECS_Inputs/AbundanceMatch/results_AGNs/AGNprob_HERG_z3.20.txt                                                                                                                      
 resize final flux 
 /Users/sgayen/DATA/TRECS_Inputs/LF/AGN_sizes_new.dat                                                                                                                                                    
 sizes minmax   2.12044239       464.366943    
 sizes ends
 dark mass starts
 dark mass ends
 coordinates
  -1.71473050       1.61263621    
  -1.39477658       1.74726963    
 resize final flux 
 /Users/sgayen/DATA/TRECS_Inputs/LF/AGN_sizes_new.dat                                                                                                                                                    
 sizes minmax   2.07272768       34.1943474    
 sizes ends
 dark mass starts
 dark mass ends
 coordinates
  -1.54595828      0.453898907    
  -1.31188166       1.38371825    
 resize final flux 
 /Users/sgayen/DATA/TRECS_Inputs/LF/AGN_sizes_new.dat                                                                                                                                                    
 sizes minmax  0.860258341       649.023010    
 sizes ends
 dark mass starts
 herg/lerg samples:                   42                   38                    4
 dark mass ends
 coordinates
  -1.73111689       1.07258964    
  -1.55358529       1.70288444    
 ************************
 SFGs: Processing redshift   3.2000000476837158       Range   3.1000000238418579        3.3000000715255737     
 ************************
 volume=   30370064.095362812     
 /Users/sgayen/DATA/TRECS_Inputs/AbundanceMatch/results_LSFR/L2mh_z3.20.txt                                                                                                                              
 /Users/sgayen/DATA/TRECS_Inputs/results_SFR_Mstar/SFR2mstar_z3.20.txt                                                                                                                                   
 /Users/sgayen/DATA/TRECS_Inputs/SFRF/SFRF_z3.20.dat                                                                                                                                                     
 number of UVgal     galaxies for Mpc**3   6.1084590192685304E-128
 number of spheroids galaxies for Mpc**3   3.8137826379997744E-006
 resize buffer
 Number of galaxies above flux limit                   95
 resize final flux 
 SFRs and flux generated
 number of lens_sphergalaxies for Mpc**3   1.7737733050805051E-007
 resize buffer
 Number of galaxies above flux limit                    5
 resize final flux 
 SFRs and flux generated
 done
 ************************
 AGNs: Processing redshift   3.4000000953674316       Range   3.3000000715255737        3.5000000000000000     
 ************************
 /Users/sgayen/DATA/TRECS_Inputs/AbundanceMatch/results_AGNs/AGNprob_LERG_z3.40.txt                                                                                                                      
 /Users/sgayen/DATA/TRECS_Inputs/AbundanceMatch/results_AGNs/AGNprob_HERG_z3.40.txt                                                                                                                      
 resize final flux 
 /Users/sgayen/DATA/TRECS_Inputs/LF/AGN_sizes_new.dat                                                                                                                                                    
 sizes minmax   0.00000000       512.267029    
 sizes ends
 dark mass starts
 dark mass ends
 coordinates
  -1.71989918       1.59329665    
  -1.55136395       1.62397742    
 resize final flux 
 /Users/sgayen/DATA/TRECS_Inputs/LF/AGN_sizes_new.dat                                                                                                                                                    
 sizes minmax   25.9005089       25.9005089    
 sizes ends
 dark mass starts
 dark mass ends
 coordinates
   1.30750489       1.30750489    
  -1.25577307      -1.25577307    
 resize final flux 
 /Users/sgayen/DATA/TRECS_Inputs/LF/AGN_sizes_new.dat                                                                                                                                                    
 sizes minmax   3.85087252       821.480164    
 sizes ends
 dark mass starts
 herg/lerg samples:                   25                   20                    5
 dark mass ends
 coordinates
  -1.74609554       1.74514508    
  -1.73105097       1.73933887    
 ************************
 SFGs: Processing redshift   3.4000000953674316       Range   3.3000000715255737        3.5000000000000000     
 ************************
 volume=   29877818.736386824     
 /Users/sgayen/DATA/TRECS_Inputs/AbundanceMatch/results_LSFR/L2mh_z3.40.txt                                                                                                                              
 /Users/sgayen/DATA/TRECS_Inputs/results_SFR_Mstar/SFR2mstar_z3.40.txt                                                                                                                                   
 /Users/sgayen/DATA/TRECS_Inputs/SFRF/SFRF_z3.40.dat                                                                                                                                                     
 number of UVgal     galaxies for Mpc**3   6.0270918505601990E-128
 number of spheroids galaxies for Mpc**3   2.2893280759518454E-006
 resize buffer
 Number of galaxies above flux limit                   65
 resize final flux 
 SFRs and flux generated
 number of lens_sphergalaxies for Mpc**3   1.4071340648398305E-007
 resize buffer
 Number of galaxies above flux limit                    4
 resize final flux 
 SFRs and flux generated
 done
 ************************
 AGNs: Processing redshift   3.5999999046325684       Range   3.5000000000000000        3.6999999284744263     
 ************************
 /Users/sgayen/DATA/TRECS_Inputs/AbundanceMatch/results_AGNs/AGNprob_LERG_z3.60.txt                                                                                                                      
 /Users/sgayen/DATA/TRECS_Inputs/AbundanceMatch/results_AGNs/AGNprob_HERG_z3.60.txt                                                                                                                      
 resize final flux 
 /Users/sgayen/DATA/TRECS_Inputs/LF/AGN_sizes_new.dat                                                                                                                                                    
 sizes minmax   2.97069550E-02   368.799561    
 sizes ends
 dark mass starts
 dark mass ends
 coordinates
  -1.67316663       1.64707124    
  -1.74221444       1.63373315    
 resize final flux 
 /Users/sgayen/DATA/TRECS_Inputs/LF/AGN_sizes_new.dat                                                                                                                                                    
 sizes minmax   2.46435046       488.832001    
 sizes ends
 dark mass starts
 herg/lerg samples:                   23                   20                    3
 dark mass ends
 coordinates
  -1.17448282       1.74716282    
  -1.71070421       1.73788524    
 ************************
 SFGs: Processing redshift   3.5999999046325684       Range   3.5000000000000000        3.6999999284744263     
 ************************
 volume=   29343675.284464706     
 /Users/sgayen/DATA/TRECS_Inputs/AbundanceMatch/results_LSFR/L2mh_z3.60.txt                                                                                                                              
 /Users/sgayen/DATA/TRECS_Inputs/results_SFR_Mstar/SFR2mstar_z3.60.txt                                                                                                                                   
 /Users/sgayen/DATA/TRECS_Inputs/SFRF/SFRF_z3.60.dat                                                                                                                                                     
 number of UVgal     galaxies for Mpc**3   5.9456298625741905E-128
 number of spheroids galaxies for Mpc**3   1.2977698982298760E-006
 resize buffer
 Number of galaxies above flux limit                   37
 resize final flux 
 SFRs and flux generated
 number of lens_sphergalaxies for Mpc**3   1.0775875684411573E-007
 resize buffer
 Number of galaxies above flux limit                    3
 resize final flux 
 SFRs and flux generated
 done
 ************************
 AGNs: Processing redshift   3.7999999523162842       Range   3.6999999284744263        3.8999999761581421     
 ************************
 /Users/sgayen/DATA/TRECS_Inputs/AbundanceMatch/results_AGNs/AGNprob_LERG_z3.80.txt                                                                                                                      
 /Users/sgayen/DATA/TRECS_Inputs/AbundanceMatch/results_AGNs/AGNprob_HERG_z3.80.txt                                                                                                                      
 resize final flux 
 /Users/sgayen/DATA/TRECS_Inputs/LF/AGN_sizes_new.dat                                                                                                                                                    
 sizes minmax   6.14295578       142.678192    
 sizes ends
 dark mass starts
 dark mass ends
 coordinates
  -1.72807527       1.34563160    
  -1.65210474       1.54731512    
 resize final flux 
 /Users/sgayen/DATA/TRECS_Inputs/LF/AGN_sizes_new.dat                                                                                                                                                    
 sizes minmax   5.40602303       398.755157    
 sizes ends
 dark mass starts
 herg/lerg samples:                   20                   17                    3
 dark mass ends
 coordinates
  -1.62542772       1.70520926    
  -1.53219879       1.62123871    
 ************************
 SFGs: Processing redshift   3.7999999523162842       Range   3.6999999284744263        3.8999999761581421     
 ************************
 volume=   28781522.932952810     
 /Users/sgayen/DATA/TRECS_Inputs/AbundanceMatch/results_LSFR/L2mh_z3.80.txt                                                                                                                              
 /Users/sgayen/DATA/TRECS_Inputs/results_SFR_Mstar/SFR2mstar_z3.80.txt                                                                                                                                   
 /Users/sgayen/DATA/TRECS_Inputs/SFRF/SFRF_z3.80.dat                                                                                                                                                     
 number of UVgal     galaxies for Mpc**3   5.7824256833579824E-128
 number of spheroids galaxies for Mpc**3   6.9455808860317787E-007
 resize buffer
 Number of galaxies above flux limit                   19
 resize final flux 
 SFRs and flux generated
 number of lens_sphergalaxies for Mpc**3   7.9883954902099520E-008
 Number of galaxies above flux limit                    0
 done
 ************************
 AGNs: Processing redshift   4.0000000000000000       Range   3.8999999761581421        4.0999999046325684     
 ************************
 /Users/sgayen/DATA/TRECS_Inputs/AbundanceMatch/results_AGNs/AGNprob_LERG_z4.00.txt                                                                                                                      
 /Users/sgayen/DATA/TRECS_Inputs/AbundanceMatch/results_AGNs/AGNprob_HERG_z4.00.txt                                                                                                                      
 resize final flux 
 /Users/sgayen/DATA/TRECS_Inputs/LF/AGN_sizes_new.dat                                                                                                                                                    
 sizes minmax  0.521407127       34.6220970    
 sizes ends
 dark mass starts
 dark mass ends
 coordinates
  -1.28449869       1.67277861    
  -1.39776564       1.58589077    
 resize final flux 
 /Users/sgayen/DATA/TRECS_Inputs/LF/AGN_sizes_new.dat                                                                                                                                                    
 sizes minmax   69.9722977       583.001404    
 sizes ends
 dark mass starts
 herg/lerg samples:                    6                    6                    0
 dark mass ends
 coordinates
  -1.60281205      0.617072701    
  -1.29181361       1.04606450    
 ************************
 SFGs: Processing redshift   4.0000000000000000       Range   3.8999999761581421        4.0999999046325684     
 ************************
 volume=   28202012.209335856     
 /Users/sgayen/DATA/TRECS_Inputs/AbundanceMatch/results_LSFR/L2mh_z4.00.txt                                                                                                                              
 /Users/sgayen/DATA/TRECS_Inputs/results_SFR_Mstar/SFR2mstar_z4.00.txt                                                                                                                                   
 /Users/sgayen/DATA/TRECS_Inputs/SFRF/SFRF_z4.00.dat                                                                                                                                                     
 number of UVgal     galaxies for Mpc**3   5.7824256833579824E-128
 number of spheroids galaxies for Mpc**3   3.5119484382008391E-007
 resize buffer
 Number of galaxies above flux limit                    8
 resize final flux 
 SFRs and flux generated
 number of lens_sphergalaxies for Mpc**3   5.7468483363997004E-008
 resize buffer
 Number of galaxies above flux limit                    1
 resize final flux 
 SFRs and flux generated
 done
 ************************
 AGNs: Processing redshift   4.1999998092651367       Range   4.0999999046325684        4.2999999523162842     
 ************************
 /Users/sgayen/DATA/TRECS_Inputs/AbundanceMatch/results_AGNs/AGNprob_LERG_z4.20.txt                                                                                                                      
 /Users/sgayen/DATA/TRECS_Inputs/AbundanceMatch/results_AGNs/AGNprob_HERG_z4.20.txt                                                                                                                      
 resize final flux 
 /Users/sgayen/DATA/TRECS_Inputs/LF/AGN_sizes_new.dat                                                                                                                                                    
 sizes minmax   0.00000000       102.060814    
 sizes ends
 dark mass starts
 dark mass ends
 coordinates
  -1.70627904       1.48874152    
  -1.13171065       1.58212733    
 resize final flux 
 /Users/sgayen/DATA/TRECS_Inputs/LF/AGN_sizes_new.dat                                                                                                                                                    
 sizes minmax   28.4905128       28.4905128    
 sizes ends
 dark mass starts
 dark mass ends
 coordinates
  0.234810114      0.234810114    
  -1.53259432      -1.53259432    
 resize final flux 
 /Users/sgayen/DATA/TRECS_Inputs/LF/AGN_sizes_new.dat                                                                                                                                                    
 sizes minmax   1.30760670E-02   325.306366    
 sizes ends
 dark mass starts
 herg/lerg samples:                    5                    5                    0
 dark mass ends
 coordinates
  -1.64364159      0.823107123    
  -1.65481091      0.826791286    
 ************************
 SFGs: Processing redshift   4.1999998092651367       Range   4.0999999046325684        4.2999999523162842     
 ************************
 volume=   27613439.171193052     
 /Users/sgayen/DATA/TRECS_Inputs/AbundanceMatch/results_LSFR/L2mh_z4.20.txt                                                                                                                              
 /Users/sgayen/DATA/TRECS_Inputs/results_SFR_Mstar/SFR2mstar_z4.20.txt                                                                                                                                   
 /Users/sgayen/DATA/TRECS_Inputs/SFRF/SFRF_z4.20.dat                                                                                                                                                     
 number of UVgal     galaxies for Mpc**3   5.7824256833579824E-128
 number of spheroids galaxies for Mpc**3   1.6724836171110891E-007
 resize buffer
 Number of galaxies above flux limit                    4
 resize final flux 
 SFRs and flux generated
 number of lens_sphergalaxies for Mpc**3   4.0128366723405423E-008
 resize buffer
 Number of galaxies above flux limit                    3
 resize final flux 
 SFRs and flux generated
 done
 ************************
 AGNs: Processing redshift   4.4000000953674316       Range   4.2999999523162842        4.5000000000000000     
 ************************
 /Users/sgayen/DATA/TRECS_Inputs/AbundanceMatch/results_AGNs/AGNprob_LERG_z4.40.txt                                                                                                                      
 /Users/sgayen/DATA/TRECS_Inputs/AbundanceMatch/results_AGNs/AGNprob_HERG_z4.40.txt                                                                                                                      
 resize final flux 
 /Users/sgayen/DATA/TRECS_Inputs/LF/AGN_sizes_new.dat                                                                                                                                                    
 sizes minmax   15.6722050       759.504822    
 sizes ends
 dark mass starts
 dark mass ends
 coordinates
  -1.58075213       1.70825839    
 -0.532830954       1.41258574    
 resize final flux 
 /Users/sgayen/DATA/TRECS_Inputs/LF/AGN_sizes_new.dat                                                                                                                                                    
 sizes minmax   209.668503       209.668503    
 sizes ends
 dark mass starts
 herg/lerg samples:                    1                    1                    0
 dark mass ends
 coordinates
  0.592615366      0.592615366    
 -0.902678370     -0.902678370    
 ************************
 SFGs: Processing redshift   4.4000000953674316       Range   4.2999999523162842        4.5000000000000000     
 ************************
 volume=   27022059.209308762     
 /Users/sgayen/DATA/TRECS_Inputs/AbundanceMatch/results_LSFR/L2mh_z4.40.txt                                                                                                                              
 /Users/sgayen/DATA/TRECS_Inputs/results_SFR_Mstar/SFR2mstar_z4.40.txt                                                                                                                                   
 /Users/sgayen/DATA/TRECS_Inputs/SFRF/SFRF_z4.40.dat                                                                                                                                                     
 number of UVgal     galaxies for Mpc**3   5.7006841736925614E-128
 number of spheroids galaxies for Mpc**3   7.4862548418462296E-008
 resize buffer
 Number of galaxies above flux limit                    1
 resize final flux 
 SFRs and flux generated
 number of lens_sphergalaxies for Mpc**3   3.4540777133518177E-008
 resize buffer
 Number of galaxies above flux limit                    2
 resize final flux 
 SFRs and flux generated
 done
 ************************
 AGNs: Processing redshift   4.5999999046325684       Range   4.5000000000000000        4.7000000476837158     
 ************************
 /Users/sgayen/DATA/TRECS_Inputs/AbundanceMatch/results_AGNs/AGNprob_LERG_z4.60.txt                                                                                                                      
 /Users/sgayen/DATA/TRECS_Inputs/AbundanceMatch/results_AGNs/AGNprob_HERG_z4.60.txt                                                                                                                      
 resize final flux 
 /Users/sgayen/DATA/TRECS_Inputs/LF/AGN_sizes_new.dat                                                                                                                                                    
 sizes minmax   9.41025352       25.7989540    
 sizes ends
 dark mass starts
 dark mass ends
 coordinates
  -1.74074161       1.49123824    
  -1.45739985       1.71578944    
 ************************
 SFGs: Processing redshift   4.5999999046325684       Range   4.5000000000000000        4.7000000476837158     
 ************************
 volume=   26432699.100294232     
 /Users/sgayen/DATA/TRECS_Inputs/AbundanceMatch/results_LSFR/L2mh_z4.60.txt                                                                                                                              
 /Users/sgayen/DATA/TRECS_Inputs/results_SFR_Mstar/SFR2mstar_z4.60.txt                                                                                                                                   
 /Users/sgayen/DATA/TRECS_Inputs/SFRF/SFRF_z4.60.dat                                                                                                                                                     
 number of UVgal     galaxies for Mpc**3   5.6188510546778229E-128
 number of spheroids galaxies for Mpc**3   3.1213905161270888E-008
 resize buffer
 Number of galaxies above flux limit                    1
 resize final flux 
 SFRs and flux generated
 number of lens_sphergalaxies for Mpc**3   1.8067174143245009E-008
 resize buffer
 Number of galaxies above flux limit                    1
 resize final flux 
 SFRs and flux generated
 done
 ************************
 AGNs: Processing redshift   4.8000001907348633       Range   4.7000000476837158        4.9000000953674316     
 ************************
 /Users/sgayen/DATA/TRECS_Inputs/AbundanceMatch/results_AGNs/AGNprob_LERG_z4.80.txt                                                                                                                      
 /Users/sgayen/DATA/TRECS_Inputs/AbundanceMatch/results_AGNs/AGNprob_HERG_z4.80.txt                                                                                                                      
 resize final flux 
 /Users/sgayen/DATA/TRECS_Inputs/LF/AGN_sizes_new.dat                                                                                                                                                    
 sizes minmax  0.975965261       34.3169823    
 sizes ends
 dark mass starts
 dark mass ends
 coordinates
  -1.63828766       1.72350073    
 -0.200102210       1.62146401    
 ************************
 SFGs: Processing redshift   4.8000001907348633       Range   4.7000000476837158        4.9000000953674316     
 ************************
 volume=   25849001.991710685     
 /Users/sgayen/DATA/TRECS_Inputs/AbundanceMatch/results_LSFR/L2mh_z4.80.txt                                                                                                                              
 /Users/sgayen/DATA/TRECS_Inputs/results_SFR_Mstar/SFR2mstar_z4.80.txt                                                                                                                                   
 /Users/sgayen/DATA/TRECS_Inputs/SFRF/SFRF_z4.80.dat                                                                                                                                                     
 number of UVgal     galaxies for Mpc**3   5.5369270932660115E-128
 number of spheroids galaxies for Mpc**3   2.1089365365767761E-008
 number of lens_sphergalaxies for Mpc**3   1.5097845351240076E-008
 done
 ************************
 AGNs: Processing redshift   5.0000000000000000       Range   4.9000000953674316        5.0999999046325684     
 ************************
 /Users/sgayen/DATA/TRECS_Inputs/AbundanceMatch/results_AGNs/AGNprob_LERG_z5.00.txt                                                                                                                      
 /Users/sgayen/DATA/TRECS_Inputs/AbundanceMatch/results_AGNs/AGNprob_HERG_z5.00.txt                                                                                                                      
 resize final flux 
 /Users/sgayen/DATA/TRECS_Inputs/LF/AGN_sizes_new.dat                                                                                                                                                    
 sizes minmax   2.78163910       194.274796    
 sizes ends
 dark mass starts
 dark mass ends
 coordinates
 -0.560177207       1.67685914    
  -1.56097281       1.18289006    
 ************************
 SFGs: Processing redshift   5.0000000000000000       Range   4.9000000953674316        5.0999999046325684     
 ************************
 volume=   25273670.213302929     
 /Users/sgayen/DATA/TRECS_Inputs/AbundanceMatch/results_LSFR/L2mh_z5.00.txt                                                                                                                              
 /Users/sgayen/DATA/TRECS_Inputs/results_SFR_Mstar/SFR2mstar_z5.00.txt                                                                                                                                   
 /Users/sgayen/DATA/TRECS_Inputs/SFRF/SFRF_z5.00.dat                                                                                                                                                     
 number of UVgal     galaxies for Mpc**3   5.4549122528213175E-128
 number of spheroids galaxies for Mpc**3   1.4090035398379074E-008
 resize buffer
 Number of galaxies above flux limit                    1
 resize final flux 
 SFRs and flux generated
 number of lens_sphergalaxies for Mpc**3   9.6034932870591350E-009
 resize buffer
 Number of galaxies above flux limit                    1
 resize final flux 
 SFRs and flux generated
 done
 ************************
 AGNs: Processing redshift   5.1999998092651367       Range   5.0999999046325684        5.2999999523162842     
 ************************
 /Users/sgayen/DATA/TRECS_Inputs/AbundanceMatch/results_AGNs/AGNprob_LERG_z5.20.txt                                                                                                                      
 /Users/sgayen/DATA/TRECS_Inputs/AbundanceMatch/results_AGNs/AGNprob_HERG_z5.20.txt                                                                                                                      
 resize final flux 
 /Users/sgayen/DATA/TRECS_Inputs/LF/AGN_sizes_new.dat                                                                                                                                                    
 sizes minmax  0.909808874       14.8066559    
 sizes ends
 dark mass starts
 dark mass ends
 coordinates
  -1.31574023       1.55746722    
 -0.819336176     -0.136948228    
 ************************
 SFGs: Processing redshift   5.1999998092651367       Range   5.0999999046325684        5.2999999523162842     
 ************************
 volume=   24708813.698492505     
 /Users/sgayen/DATA/TRECS_Inputs/AbundanceMatch/results_LSFR/L2mh_z5.20.txt                                                                                                                              
 /Users/sgayen/DATA/TRECS_Inputs/results_SFR_Mstar/SFR2mstar_z5.20.txt                                                                                                                                   
 /Users/sgayen/DATA/TRECS_Inputs/SFRF/SFRF_z5.20.dat                                                                                                                                                     
 number of UVgal     galaxies for Mpc**3   5.4549122528213175E-128
 number of spheroids galaxies for Mpc**3   2.8381317265025117E-009
 number of lens_sphergalaxies for Mpc**3   5.9696387577711200E-009
 done
 ************************
 AGNs: Processing redshift   5.4000000953674316       Range   5.2999999523162842        5.5000000000000000     
 ************************
 /Users/sgayen/DATA/TRECS_Inputs/AbundanceMatch/results_AGNs/AGNprob_LERG_z5.40.txt                                                                                                                      
 /Users/sgayen/DATA/TRECS_Inputs/AbundanceMatch/results_AGNs/AGNprob_HERG_z5.40.txt                                                                                                                      
 resize final flux 
 /Users/sgayen/DATA/TRECS_Inputs/LF/AGN_sizes_new.dat                                                                                                                                                    
 sizes minmax   7.78070211       7.78070211    
 sizes ends
 dark mass starts
 dark mass ends
 coordinates
 -0.116228461     -0.116228461    
 -0.439874887     -0.439874887    
 ************************
 SFGs: Processing redshift   5.4000000953674316       Range   5.2999999523162842        5.5000000000000000     
 ************************
 volume=   24155804.469028641     
 /Users/sgayen/DATA/TRECS_Inputs/AbundanceMatch/results_LSFR/L2mh_z5.40.txt                                                                                                                              
 /Users/sgayen/DATA/TRECS_Inputs/results_SFR_Mstar/SFR2mstar_z5.40.txt                                                                                                                                   
 /Users/sgayen/DATA/TRECS_Inputs/SFRF/SFRF_z5.40.dat                                                                                                                                                     
 number of UVgal     galaxies for Mpc**3   5.3728071471579537E-128
 number of spheroids galaxies for Mpc**3   3.3430677142756971E-009
 number of lens_sphergalaxies for Mpc**3   4.8184022188312494E-009
 resize buffer
 Number of galaxies above flux limit                    1
 resize final flux 
 SFRs and flux generated
 done
 ************************
 AGNs: Processing redshift   5.5999999046325684       Range   5.5000000000000000        5.7000000476837158     
 ************************
 /Users/sgayen/DATA/TRECS_Inputs/AbundanceMatch/results_AGNs/AGNprob_LERG_z5.60.txt                                                                                                                      
 /Users/sgayen/DATA/TRECS_Inputs/AbundanceMatch/results_AGNs/AGNprob_HERG_z5.60.txt                                                                                                                      
 resize final flux 
 /Users/sgayen/DATA/TRECS_Inputs/LF/AGN_sizes_new.dat                                                                                                                                                    
 sizes minmax   11.5515327       42.9431419    
 sizes ends
 dark mass starts
 dark mass ends
 coordinates
  -1.69605434      0.290324569    
  -1.57884538      0.496848822    
 ************************
 SFGs: Processing redshift   5.5999999046325684       Range   5.5000000000000000        5.7000000476837158     
 ************************
 volume=   23615699.859944161     
 /Users/sgayen/DATA/TRECS_Inputs/AbundanceMatch/results_LSFR/L2mh_z5.60.txt                                                                                                                              
 /Users/sgayen/DATA/TRECS_Inputs/results_SFR_Mstar/SFR2mstar_z5.60.txt                                                                                                                                   
 /Users/sgayen/DATA/TRECS_Inputs/SFRF/SFRF_z5.60.dat                                                                                                                                                     
 number of UVgal     galaxies for Mpc**3   5.3728071471579537E-128
 number of spheroids galaxies for Mpc**3   1.1206222274960163E-009
 number of lens_sphergalaxies for Mpc**3   3.8607833844826999E-009
 done
 ************************
 AGNs: Processing redshift   5.8000001907348633       Range   5.7000000476837158        5.9000000953674316     
 ************************
 /Users/sgayen/DATA/TRECS_Inputs/AbundanceMatch/results_AGNs/AGNprob_LERG_z5.80.txt                                                                                                                      
 /Users/sgayen/DATA/TRECS_Inputs/AbundanceMatch/results_AGNs/AGNprob_HERG_z5.80.txt                                                                                                                      
 resize final flux 
 /Users/sgayen/DATA/TRECS_Inputs/LF/AGN_sizes_new.dat                                                                                                                                                    
 sizes minmax   14.6759872       14.6759872    
 sizes ends
 dark mass starts
 dark mass ends
 coordinates
   1.01123643       1.01123643    
 -0.146108150     -0.146108150    
 ************************
 SFGs: Processing redshift   5.8000001907348633       Range   5.7000000476837158        5.9000000953674316     
 ************************
 volume=   23089185.986282758     
 /Users/sgayen/DATA/TRECS_Inputs/AbundanceMatch/results_LSFR/L2mh_z5.80.txt                                                                                                                              
 /Users/sgayen/DATA/TRECS_Inputs/results_SFR_Mstar/SFR2mstar_z5.80.txt                                                                                                                                   
 /Users/sgayen/DATA/TRECS_Inputs/SFRF/SFRF_z5.80.dat                                                                                                                                                     
 number of UVgal     galaxies for Mpc**3   5.2906132969976763E-128
 number of spheroids galaxies for Mpc**3   6.9246730229439094E-010
 number of lens_sphergalaxies for Mpc**3   2.2881751112616070E-009
 done
 ************************
 AGNs: Processing redshift   6.0000000000000000       Range   5.9000000953674316        6.0999999046325684     
 ************************
 /Users/sgayen/DATA/TRECS_Inputs/AbundanceMatch/results_AGNs/AGNprob_LERG_z6.00.txt                                                                                                                      
 /Users/sgayen/DATA/TRECS_Inputs/AbundanceMatch/results_AGNs/AGNprob_HERG_z6.00.txt                                                                                                                      
 resize final flux 
 /Users/sgayen/DATA/TRECS_Inputs/LF/AGN_sizes_new.dat                                                                                                                                                    
 sizes minmax   29.7295933       29.7295933    
 sizes ends
 dark mass starts
 dark mass ends
 coordinates
   1.15625978       1.15625978    
   1.26302123       1.26302123    
 ************************
 SFGs: Processing redshift   6.0000000000000000       Range   5.9000000953674316        6.0999999046325684     
 ************************
 volume=   22576656.392682310     
 /Users/sgayen/DATA/TRECS_Inputs/AbundanceMatch/results_LSFR/L2mh_z6.00.txt                                                                                                                              
 /Users/sgayen/DATA/TRECS_Inputs/results_SFR_Mstar/SFR2mstar_z6.00.txt                                                                                                                                   
 /Users/sgayen/DATA/TRECS_Inputs/SFRF/SFRF_z6.00.dat                                                                                                                                                     
 number of UVgal     galaxies for Mpc**3   5.2906132969976763E-128
 number of spheroids galaxies for Mpc**3   2.1100718143532827E-010
 number of lens_sphergalaxies for Mpc**3   1.8013203661776928E-009
 done
 ************************
 AGNs: Processing redshift   6.1999998092651367       Range   6.0999999046325684        6.2999999523162842     
 ************************
 /Users/sgayen/DATA/TRECS_Inputs/AbundanceMatch/results_AGNs/AGNprob_LERG_z6.20.txt                                                                                                                      
 /Users/sgayen/DATA/TRECS_Inputs/AbundanceMatch/results_AGNs/AGNprob_HERG_z6.20.txt                                                                                                                      
 resize final flux 
 /Users/sgayen/DATA/TRECS_Inputs/LF/AGN_sizes_new.dat                                                                                                                                                    
 sizes minmax   56.4126587       56.4126587    
 sizes ends
 dark mass starts
 dark mass ends
 coordinates
  0.875347972      0.875347972    
   1.47401404       1.47401404    
 ************************
 SFGs: Processing redshift   6.1999998092651367       Range   6.0999999046325684        6.2999999523162842     
 ************************
 volume=   22078404.650322348     
 /Users/sgayen/DATA/TRECS_Inputs/AbundanceMatch/results_LSFR/L2mh_z6.20.txt                                                                                                                              
 /Users/sgayen/DATA/TRECS_Inputs/results_SFR_Mstar/SFR2mstar_z6.20.txt                                                                                                                                   
 /Users/sgayen/DATA/TRECS_Inputs/SFRF/SFRF_z6.20.dat                                                                                                                                                     
 number of UVgal     galaxies for Mpc**3   5.2906132969976763E-128
 number of spheroids galaxies for Mpc**3   6.5490281665134378E-011
 number of lens_sphergalaxies for Mpc**3   1.4337645970087993E-009
 done
 ************************
 AGNs: Processing redshift   6.4000000953674316       Range   6.2999999523162842        6.5000000000000000     
 ************************
 /Users/sgayen/DATA/TRECS_Inputs/AbundanceMatch/results_AGNs/AGNprob_LERG_z6.40.txt                                                                                                                      
 /Users/sgayen/DATA/TRECS_Inputs/AbundanceMatch/results_AGNs/AGNprob_HERG_z6.40.txt                                                                                                                      
 resize final flux 
 /Users/sgayen/DATA/TRECS_Inputs/LF/AGN_sizes_new.dat                                                                                                                                                    
 sizes minmax   33.6707458       33.6707458    
 sizes ends
 dark mass starts
 dark mass ends
 coordinates
 -0.596317053     -0.596317053    
   1.71217620       1.71217620    
 ************************
 SFGs: Processing redshift   6.4000000953674316       Range   6.2999999523162842        6.5000000000000000     
 ************************
 volume=   21594402.405430250     
 /Users/sgayen/DATA/TRECS_Inputs/AbundanceMatch/results_LSFR/L2mh_z6.40.txt                                                                                                                              
 /Users/sgayen/DATA/TRECS_Inputs/results_SFR_Mstar/SFR2mstar_z6.40.txt                                                                                                                                   
 /Users/sgayen/DATA/TRECS_Inputs/SFRF/SFRF_z6.40.dat                                                                                                                                                     
 number of UVgal     galaxies for Mpc**3   5.2083313926869698E-128
 number of spheroids galaxies for Mpc**3   4.2623908861675160E-011
 number of lens_sphergalaxies for Mpc**3   8.4961687030203210E-010
 done
 ************************
 AGNs: Processing redshift   6.5999999046325684       Range   6.5000000000000000        6.7000000476837158     
 ************************
 /Users/sgayen/DATA/TRECS_Inputs/AbundanceMatch/results_AGNs/AGNprob_LERG_z6.60.txt                                                                                                                      
 /Users/sgayen/DATA/TRECS_Inputs/AbundanceMatch/results_AGNs/AGNprob_HERG_z6.60.txt                                                                                                                      
 ************************
 SFGs: Processing redshift   6.5999999046325684       Range   6.5000000000000000        6.7000000476837158     
 ************************
 volume=   21124605.894031446     
 /Users/sgayen/DATA/TRECS_Inputs/AbundanceMatch/results_LSFR/L2mh_z6.60.txt                                                                                                                              
 /Users/sgayen/DATA/TRECS_Inputs/results_SFR_Mstar/SFR2mstar_z6.60.txt                                                                                                                                   
 /Users/sgayen/DATA/TRECS_Inputs/SFRF/SFRF_z6.60.dat                                                                                                                                                     
 number of UVgal     galaxies for Mpc**3   5.2083313926869698E-128
 number of spheroids galaxies for Mpc**3   2.7339480128108314E-011
 number of lens_sphergalaxies for Mpc**3   6.8212822969354796E-010
 ************************
 AGNs: Processing redshift   6.8000001907348633       Range   6.7000000476837158        6.9000000953674316     
 ************************
 /Users/sgayen/DATA/TRECS_Inputs/AbundanceMatch/results_AGNs/AGNprob_LERG_z6.80.txt                                                                                                                      
 /Users/sgayen/DATA/TRECS_Inputs/AbundanceMatch/results_AGNs/AGNprob_HERG_z6.80.txt                                                                                                                      
 resize final flux 
 /Users/sgayen/DATA/TRECS_Inputs/LF/AGN_sizes_new.dat                                                                                                                                                    
 sizes minmax   12.7218618       12.7218618    
 sizes ends
 dark mass starts
 dark mass ends
 coordinates
   1.14959824       1.14959824    
   1.30850375       1.30850375    
 ************************
 SFGs: Processing redshift   6.8000001907348633       Range   6.7000000476837158        6.9000000953674316     
 ************************
 volume=   20668849.635293100     
 /Users/sgayen/DATA/TRECS_Inputs/AbundanceMatch/results_LSFR/L2mh_z6.80.txt                                                                                                                              
 /Users/sgayen/DATA/TRECS_Inputs/results_SFR_Mstar/SFR2mstar_z6.80.txt                                                                                                                                   
 /Users/sgayen/DATA/TRECS_Inputs/SFRF/SFRF_z6.80.dat                                                                                                                                                     
 number of UVgal     galaxies for Mpc**3   5.2083313926869698E-128
 number of spheroids galaxies for Mpc**3   1.7149156156352142E-011
 number of lens_sphergalaxies for Mpc**3   3.8724063396013986E-010
 done
 ************************
 AGNs: Processing redshift   7.0000000000000000       Range   6.9000000953674316        7.0999999046325684     
 ************************
 /Users/sgayen/DATA/TRECS_Inputs/AbundanceMatch/results_AGNs/AGNprob_LERG_z7.00.txt                                                                                                                      
 /Users/sgayen/DATA/TRECS_Inputs/AbundanceMatch/results_AGNs/AGNprob_HERG_z7.00.txt                                                                                                                      
 ************************
 SFGs: Processing redshift   7.0000000000000000       Range   6.9000000953674316        7.0999999046325684     
 ************************
 volume=   20226872.901359402     
 /Users/sgayen/DATA/TRECS_Inputs/AbundanceMatch/results_LSFR/L2mh_z7.00.txt                                                                                                                              
 /Users/sgayen/DATA/TRECS_Inputs/results_SFR_Mstar/SFR2mstar_z7.00.txt                                                                                                                                   
 /Users/sgayen/DATA/TRECS_Inputs/SFRF/SFRF_z7.00.dat                                                                                                                                                     
 number of UVgal     galaxies for Mpc**3   5.1259611919554577E-128
 number of spheroids galaxies for Mpc**3   4.5453502939089320E-012
 number of lens_sphergalaxies for Mpc**3   3.0225655528384429E-010
 ************************
 AGNs: Processing redshift   7.1999998092651367       Range   7.0999999046325684        7.2999999523162842     
 ************************
 /Users/sgayen/DATA/TRECS_Inputs/AbundanceMatch/results_AGNs/AGNprob_LERG_z7.20.txt                                                                                                                      
 /Users/sgayen/DATA/TRECS_Inputs/AbundanceMatch/results_AGNs/AGNprob_HERG_z7.20.txt                                                                                                                      
 ************************
 SFGs: Processing redshift   7.1999998092651367       Range   7.0999999046325684        7.2999999523162842     
 ************************
 volume=   19798457.812824693     
 /Users/sgayen/DATA/TRECS_Inputs/AbundanceMatch/results_LSFR/L2mh_z7.20.txt                                                                                                                              
 /Users/sgayen/DATA/TRECS_Inputs/results_SFR_Mstar/SFR2mstar_z7.20.txt                                                                                                                                   
 /Users/sgayen/DATA/TRECS_Inputs/SFRF/SFRF_z7.20.dat                                                                                                                                                     
 number of UVgal     galaxies for Mpc**3   5.1259611919554577E-128
 number of spheroids galaxies for Mpc**3   2.7130155385069586E-012
 number of lens_sphergalaxies for Mpc**3   2.3386585122278714E-010
 ************************
 AGNs: Processing redshift   7.4000000953674316       Range   7.2999999523162842        7.5000000000000000     
 ************************
 /Users/sgayen/DATA/TRECS_Inputs/AbundanceMatch/results_AGNs/AGNprob_LERG_z7.40.txt                                                                                                                      
 /Users/sgayen/DATA/TRECS_Inputs/AbundanceMatch/results_AGNs/AGNprob_HERG_z7.40.txt                                                                                                                      
 ************************
 SFGs: Processing redshift   7.4000000953674316       Range   7.2999999523162842        7.5000000000000000     
 ************************
 volume=   19383203.291014429     
 /Users/sgayen/DATA/TRECS_Inputs/AbundanceMatch/results_LSFR/L2mh_z7.40.txt                                                                                                                              
 /Users/sgayen/DATA/TRECS_Inputs/results_SFR_Mstar/SFR2mstar_z7.40.txt                                                                                                                                   
 /Users/sgayen/DATA/TRECS_Inputs/SFRF/SFRF_z7.40.dat                                                                                                                                                     
 number of UVgal     galaxies for Mpc**3   5.1259611919554577E-128
 number of spheroids galaxies for Mpc**3   6.3441445355889659E-013
 number of lens_sphergalaxies for Mpc**3   1.7886238703035513E-010
 ************************
 AGNs: Processing redshift   7.5999999046325684       Range   7.5000000000000000        7.7000000476837158     
 ************************
 /Users/sgayen/DATA/TRECS_Inputs/AbundanceMatch/results_AGNs/AGNprob_LERG_z7.60.txt                                                                                                                      
 /Users/sgayen/DATA/TRECS_Inputs/AbundanceMatch/results_AGNs/AGNprob_HERG_z7.60.txt                                                                                                                      
 ************************
 SFGs: Processing redshift   7.5999999046325684       Range   7.5000000000000000        7.7000000476837158     
 ************************
 volume=   18980778.165335458     
 /Users/sgayen/DATA/TRECS_Inputs/AbundanceMatch/results_LSFR/L2mh_z7.60.txt                                                                                                                              
 /Users/sgayen/DATA/TRECS_Inputs/results_SFR_Mstar/SFR2mstar_z7.60.txt                                                                                                                                   
 /Users/sgayen/DATA/TRECS_Inputs/SFRF/SFRF_z7.60.dat                                                                                                                                                     
 number of UVgal     galaxies for Mpc**3   5.1259611919554577E-128
 number of spheroids galaxies for Mpc**3   3.5795423030629595E-013
 number of lens_sphergalaxies for Mpc**3   9.3974378343614090E-011
 ************************
 AGNs: Processing redshift   7.8000001907348633       Range   7.7000000476837158        7.9000000953674316     
 ************************
 /Users/sgayen/DATA/TRECS_Inputs/AbundanceMatch/results_AGNs/AGNprob_LERG_z7.80.txt                                                                                                                      
 /Users/sgayen/DATA/TRECS_Inputs/AbundanceMatch/results_AGNs/AGNprob_HERG_z7.80.txt                                                                                                                      
 resize final flux 
 /Users/sgayen/DATA/TRECS_Inputs/LF/AGN_sizes_new.dat                                                                                                                                                    
 sizes minmax   22.7957897       22.7957897    
 sizes ends
 dark mass starts
 dark mass ends
 coordinates
   1.04001546       1.04001546    
  0.544306517      0.544306517    
 ************************
 SFGs: Processing redshift   7.8000001907348633       Range   7.7000000476837158        7.9000000953674316     
 ************************
 volume=   18590808.934816997     
 /Users/sgayen/DATA/TRECS_Inputs/AbundanceMatch/results_LSFR/L2mh_z7.80.txt                                                                                                                              
 /Users/sgayen/DATA/TRECS_Inputs/results_SFR_Mstar/SFR2mstar_z7.80.txt                                                                                                                                   
 /Users/sgayen/DATA/TRECS_Inputs/SFRF/SFRF_z7.80.dat                                                                                                                                                     
 number of UVgal     galaxies for Mpc**3   5.0435035835625444E-128
 number of spheroids galaxies for Mpc**3   5.2070534769268384E-013
 number of lens_sphergalaxies for Mpc**3   1.0213773095433123E-010
 done
 ************************
 AGNs: Processing redshift   8.0000000000000000       Range   7.9000000953674316        8.0999999046325684     
 ************************
 /Users/sgayen/DATA/TRECS_Inputs/AbundanceMatch/results_AGNs/AGNprob_LERG_z8.00.txt                                                                                                                      
 /Users/sgayen/DATA/TRECS_Inputs/AbundanceMatch/results_AGNs/AGNprob_HERG_z8.00.txt                                                                                                                      
 ************************
 SFGs: Processing redshift   8.0000000000000000       Range   7.9000000953674316        8.0999999046325684     
 ************************
 volume=   18212889.818865974     
 /Users/sgayen/DATA/TRECS_Inputs/AbundanceMatch/results_LSFR/L2mh_z8.00.txt                                                                                                                              
 /Users/sgayen/DATA/TRECS_Inputs/results_SFR_Mstar/SFR2mstar_z8.00.txt                                                                                                                                   
 /Users/sgayen/DATA/TRECS_Inputs/SFRF/SFRF_z8.00.dat                                                                                                                                                     
 number of UVgal     galaxies for Mpc**3   5.1259611919554577E-128
 number of spheroids galaxies for Mpc**3   2.9346641087510629E-013
 number of lens_sphergalaxies for Mpc**3   7.6206298323463081E-011
 Total clock time [m]:   5.60833327E-02
                T-RECS > Normal completion


2026-09-16 19:40:19,756 [INFO] Running wrapper: /opt/homebrew/bin/trecs -w continuum -p /Users/sgayen/Documents/Work/PSModel/workdir/trecs_tmp_1789567816/parameter_file.ini
=== WRAPPER OUTPUT ===
 Number of files =           51
 number of columns in file          32
 total number of rows                40106
 copying catalogue/Users/sgayen/Documents/Work/PSModel/workdir/trecs_tmp_1789567816/output/raw_continuum/catalogue_continuum_z0.01.fits
 copying catalogue/Users/sgayen/Documents/Work/PSModel/workdir/trecs_tmp_1789567816/output/raw_continuum/catalogue_continuum_z0.02.fits
 copying catalogue/Users/sgayen/Documents/Work/PSModel/workdir/trecs_tmp_1789567816/output/raw_continuum/catalogue_continuum_z0.05.fits
 copying catalogue/Users/sgayen/Documents/Work/PSModel/workdir/trecs_tmp_1789567816/output/raw_continuum/catalogue_continuum_z0.10.fits
 copying catalogue/Users/sgayen/Documents/Work/PSModel/workdir/trecs_tmp_1789567816/output/raw_continuum/catalogue_continuum_z0.15.fits
 copying catalogue/Users/sgayen/Documents/Work/PSModel/workdir/trecs_tmp_1789567816/output/raw_continuum/catalogue_continuum_z0.20.fits
 copying catalogue/Users/sgayen/Documents/Work/PSModel/workdir/trecs_tmp_1789567816/output/raw_continuum/catalogue_continuum_z0.25.fits
 copying catalogue/Users/sgayen/Documents/Work/PSModel/workdir/trecs_tmp_1789567816/output/raw_continuum/catalogue_continuum_z0.30.fits
 copying catalogue/Users/sgayen/Documents/Work/PSModel/workdir/trecs_tmp_1789567816/output/raw_continuum/catalogue_continuum_z0.35.fits
 copying catalogue/Users/sgayen/Documents/Work/PSModel/workdir/trecs_tmp_1789567816/output/raw_continuum/catalogue_continuum_z0.40.fits
 copying catalogue/Users/sgayen/Documents/Work/PSModel/workdir/trecs_tmp_1789567816/output/raw_continuum/catalogue_continuum_z0.45.fits
 copying catalogue/Users/sgayen/Documents/Work/PSModel/workdir/trecs_tmp_1789567816/output/raw_continuum/catalogue_continuum_z0.50.fits
 copying catalogue/Users/sgayen/Documents/Work/PSModel/workdir/trecs_tmp_1789567816/output/raw_continuum/catalogue_continuum_z0.55.fits
 copying catalogue/Users/sgayen/Documents/Work/PSModel/workdir/trecs_tmp_1789567816/output/raw_continuum/catalogue_continuum_z0.60.fits
 copying catalogue/Users/sgayen/Documents/Work/PSModel/workdir/trecs_tmp_1789567816/output/raw_continuum/catalogue_continuum_z0.65.fits
 copying catalogue/Users/sgayen/Documents/Work/PSModel/workdir/trecs_tmp_1789567816/output/raw_continuum/catalogue_continuum_z0.70.fits
 copying catalogue/Users/sgayen/Documents/Work/PSModel/workdir/trecs_tmp_1789567816/output/raw_continuum/catalogue_continuum_z0.75.fits
 copying catalogue/Users/sgayen/Documents/Work/PSModel/workdir/trecs_tmp_1789567816/output/raw_continuum/catalogue_continuum_z0.80.fits
 copying catalogue/Users/sgayen/Documents/Work/PSModel/workdir/trecs_tmp_1789567816/output/raw_continuum/catalogue_continuum_z0.85.fits
 copying catalogue/Users/sgayen/Documents/Work/PSModel/workdir/trecs_tmp_1789567816/output/raw_continuum/catalogue_continuum_z0.90.fits
 copying catalogue/Users/sgayen/Documents/Work/PSModel/workdir/trecs_tmp_1789567816/output/raw_continuum/catalogue_continuum_z0.95.fits
 copying catalogue/Users/sgayen/Documents/Work/PSModel/workdir/trecs_tmp_1789567816/output/raw_continuum/catalogue_continuum_z1.00.fits
 copying catalogue/Users/sgayen/Documents/Work/PSModel/workdir/trecs_tmp_1789567816/output/raw_continuum/catalogue_continuum_z1.20.fits
 copying catalogue/Users/sgayen/Documents/Work/PSModel/workdir/trecs_tmp_1789567816/output/raw_continuum/catalogue_continuum_z1.40.fits
 copying catalogue/Users/sgayen/Documents/Work/PSModel/workdir/trecs_tmp_1789567816/output/raw_continuum/catalogue_continuum_z1.60.fits
 copying catalogue/Users/sgayen/Documents/Work/PSModel/workdir/trecs_tmp_1789567816/output/raw_continuum/catalogue_continuum_z1.80.fits
 copying catalogue/Users/sgayen/Documents/Work/PSModel/workdir/trecs_tmp_1789567816/output/raw_continuum/catalogue_continuum_z2.00.fits
 copying catalogue/Users/sgayen/Documents/Work/PSModel/workdir/trecs_tmp_1789567816/output/raw_continuum/catalogue_continuum_z2.20.fits
 copying catalogue/Users/sgayen/Documents/Work/PSModel/workdir/trecs_tmp_1789567816/output/raw_continuum/catalogue_continuum_z2.40.fits
 copying catalogue/Users/sgayen/Documents/Work/PSModel/workdir/trecs_tmp_1789567816/output/raw_continuum/catalogue_continuum_z2.60.fits
 copying catalogue/Users/sgayen/Documents/Work/PSModel/workdir/trecs_tmp_1789567816/output/raw_continuum/catalogue_continuum_z2.80.fits
 copying catalogue/Users/sgayen/Documents/Work/PSModel/workdir/trecs_tmp_1789567816/output/raw_continuum/catalogue_continuum_z3.00.fits
 copying catalogue/Users/sgayen/Documents/Work/PSModel/workdir/trecs_tmp_1789567816/output/raw_continuum/catalogue_continuum_z3.20.fits
 copying catalogue/Users/sgayen/Documents/Work/PSModel/workdir/trecs_tmp_1789567816/output/raw_continuum/catalogue_continuum_z3.40.fits
 copying catalogue/Users/sgayen/Documents/Work/PSModel/workdir/trecs_tmp_1789567816/output/raw_continuum/catalogue_continuum_z3.60.fits
 copying catalogue/Users/sgayen/Documents/Work/PSModel/workdir/trecs_tmp_1789567816/output/raw_continuum/catalogue_continuum_z3.80.fits
 copying catalogue/Users/sgayen/Documents/Work/PSModel/workdir/trecs_tmp_1789567816/output/raw_continuum/catalogue_continuum_z4.00.fits
 copying catalogue/Users/sgayen/Documents/Work/PSModel/workdir/trecs_tmp_1789567816/output/raw_continuum/catalogue_continuum_z4.20.fits
 copying catalogue/Users/sgayen/Documents/Work/PSModel/workdir/trecs_tmp_1789567816/output/raw_continuum/catalogue_continuum_z4.40.fits
 copying catalogue/Users/sgayen/Documents/Work/PSModel/workdir/trecs_tmp_1789567816/output/raw_continuum/catalogue_continuum_z4.60.fits
 copying catalogue/Users/sgayen/Documents/Work/PSModel/workdir/trecs_tmp_1789567816/output/raw_continuum/catalogue_continuum_z4.80.fits
 copying catalogue/Users/sgayen/Documents/Work/PSModel/workdir/trecs_tmp_1789567816/output/raw_continuum/catalogue_continuum_z5.00.fits
 copying catalogue/Users/sgayen/Documents/Work/PSModel/workdir/trecs_tmp_1789567816/output/raw_continuum/catalogue_continuum_z5.20.fits
 copying catalogue/Users/sgayen/Documents/Work/PSModel/workdir/trecs_tmp_1789567816/output/raw_continuum/catalogue_continuum_z5.40.fits
 copying catalogue/Users/sgayen/Documents/Work/PSModel/workdir/trecs_tmp_1789567816/output/raw_continuum/catalogue_continuum_z5.60.fits
 copying catalogue/Users/sgayen/Documents/Work/PSModel/workdir/trecs_tmp_1789567816/output/raw_continuum/catalogue_continuum_z5.80.fits
 copying catalogue/Users/sgayen/Documents/Work/PSModel/workdir/trecs_tmp_1789567816/output/raw_continuum/catalogue_continuum_z6.00.fits
 copying catalogue/Users/sgayen/Documents/Work/PSModel/workdir/trecs_tmp_1789567816/output/raw_continuum/catalogue_continuum_z6.20.fits
 copying catalogue/Users/sgayen/Documents/Work/PSModel/workdir/trecs_tmp_1789567816/output/raw_continuum/catalogue_continuum_z6.40.fits
 copying catalogue/Users/sgayen/Documents/Work/PSModel/workdir/trecs_tmp_1789567816/output/raw_continuum/catalogue_continuum_z6.80.fits
 copying catalogue/Users/sgayen/Documents/Work/PSModel/workdir/trecs_tmp_1789567816/output/raw_continuum/catalogue_continuum_z7.80.fits
 Total clock time [m]:   2.63333344E-03
                Wrapper > Normal completion


2026-09-16 19:40:19,925 [INFO] T-RECS single master simulation finished in 3.55 seconds.
2026-09-16 19:40:19,925 [INFO] Processing master simulation catalogue...
2026-09-16 19:40:19,942 [INFO] Master simulation produced 40,106 sources across bounding box.
2026-09-16 19:40:19,945 [INFO] Sources within maximum 100.00 arcmin radius: 28,611
2026-09-16 19:40:19,958 [INFO] Saved 400.0 MHz catalogue: trecs-400-fov-46-mf-0.11-pbeffect_400MHz.csv (2,295 sources, FOV=46.00', min-flux=0.1100 mJy)
2026-09-16 19:40:19,964 [INFO] Saved 610.0 MHz catalogue: trecs-400-fov-46-mf-0.11-pbeffect_610MHz.csv (616 sources, FOV=100.00', min-flux=0.1400 mJy)
2026-09-16 19:40:19,966 [INFO] Cleaned up temporary simulation directory.
